<?xml version="1.0" encoding="UTF-8"?>
<teamworks>
    <process id="1.012e1a27-1a81-4e0e-97d9-8a2d8976dda7" name="SQL Execute Multiple Statements (SQLResult)">
        <lastModified>1361372673512</lastModified>
        <lastModifiedBy>Internal TW Admin user</lastModifiedBy>
        <processId>1.012e1a27-1a81-4e0e-97d9-8a2d8976dda7</processId>
        <image isNull="true" />
        <tabGroup isNull="true" />
        <startingProcessItemId>2025.7c356392-dfd8-495f-8b9e-80bc7a22e271</startingProcessItemId>
        <isRootProcess>false</isRootProcess>
        <processType>4</processType>
        <isErrorHandlerEnabled>false</isErrorHandlerEnabled>
        <errorHandlerItemId isNull="true" />
        <isLoggingVariables>false</isLoggingVariables>
        <isTransactional>false</isTransactional>
        <processTimingLevel isNull="true" />
        <participantRef isNull="true" />
        <exposedType isNull="true" />
        <isTrackingEnabled>true</isTrackingEnabled>
        <xmlData isNull="true" />
        <cachingType>false</cachingType>
        <itemLabel isNull="true" />
        <cacheLength>43200</cacheLength>
        <mobileReady>false</mobileReady>
        <sboSyncEnabled>true</sboSyncEnabled>
        <externalId isNull="true" />
        <isSecured>false</isSecured>
        <isAjaxExposed>false</isAjaxExposed>
        <description>Executes multiple SQL statements and returns the results based on the supplied return type.</description>
        <guid>guid:b5ffa6577ed3a684:-4e3a2174:115951f71d3:-7fe9</guid>
        <versionId>86c13dce-e34d-45ac-9196-8b1ca656db9c</versionId>
        <dependencySummary isNull="true" />
        <jsonData isNull="true" />
        <field1 isNull="true" />
        <field2 isNull="true" />
        <field3>0</field3>
        <field4 isNull="true" />
        <field5>false</field5>
        <clobField1 isNull="true" />
        <blobField1 isNull="true" />
        <processParameter name="sqlStatements">
            <lastModified isNull="true" />
            <lastModifiedBy isNull="true" />
            <processParameterId>2055.9695b715-db44-410b-8a74-65cf1d31d8ab</processParameterId>
            <processId>1.012e1a27-1a81-4e0e-97d9-8a2d8976dda7</processId>
            <parameterType>1</parameterType>
            <isArrayOf>true</isArrayOf>
            <classId>/12.3990d8b4-983d-4250-bd06-3600f527fed0</classId>
            <seq>1</seq>
            <hasDefault>false</hasDefault>
            <defaultValue isNull="true" />
            <isLocked>false</isLocked>
            <description isNull="true" />
            <guid>guid:197d4ddc90fc5427:-1c619ffe:11def1582ed:-79c9</guid>
            <versionId>f559508f-e31d-4e06-aee9-f5231dc1de88</versionId>
        </processParameter>
        <processParameter name="dataSourceName">
            <lastModified isNull="true" />
            <lastModifiedBy isNull="true" />
            <processParameterId>2055.a634f531-c979-476c-91db-a17bf5e55c90</processParameterId>
            <processId>1.012e1a27-1a81-4e0e-97d9-8a2d8976dda7</processId>
            <parameterType>1</parameterType>
            <isArrayOf>false</isArrayOf>
            <classId>/12.db884a3c-c533-44b7-bb2d-47bec8ad4022</classId>
            <seq>2</seq>
            <hasDefault>true</hasDefault>
            <defaultValue>"jdbc/TeamWorksDB"</defaultValue>
            <isLocked>false</isLocked>
            <description isNull="true" />
            <guid>guid:197d4ddc90fc5427:-1c619ffe:11def1582ed:-79c7</guid>
            <versionId>473bd895-d085-430c-af26-71770ec6cf29</versionId>
        </processParameter>
        <processParameter name="results">
            <lastModified isNull="true" />
            <lastModifiedBy isNull="true" />
            <processParameterId>2055.921cdfd7-ed55-4dca-a71d-e4401a90c57e</processParameterId>
            <processId>1.012e1a27-1a81-4e0e-97d9-8a2d8976dda7</processId>
            <parameterType>2</parameterType>
            <isArrayOf>true</isArrayOf>
            <classId>/12.3b1e3757-a1f4-4c3f-bbb8-16fecd4d65c1</classId>
            <seq>3</seq>
            <hasDefault>false</hasDefault>
            <defaultValue isNull="true" />
            <isLocked>false</isLocked>
            <description isNull="true" />
            <guid>guid:197d4ddc90fc5427:-1c619ffe:11def1582ed:-79c5</guid>
            <versionId>c4662e44-af95-4d4f-841d-57a4ab34a69c</versionId>
        </processParameter>
        <processVariable name="returnType">
            <lastModified isNull="true" />
            <lastModifiedBy isNull="true" />
            <processVariableId>2056.d66c4c68-3962-4b15-9627-17c80da89037</processVariableId>
            <description isNull="true" />
            <processId>1.012e1a27-1a81-4e0e-97d9-8a2d8976dda7</processId>
            <namespace>2</namespace>
            <seq>1</seq>
            <isArrayOf>false</isArrayOf>
            <isTransient>false</isTransient>
            <classId>/12.db884a3c-c533-44b7-bb2d-47bec8ad4022</classId>
            <hasDefault>true</hasDefault>
            <defaultValue>"SQLResult"</defaultValue>
            <guid>guid:197d4ddc90fc5427:-1c619ffe:11def1582ed:-79bf</guid>
            <versionId>ec0a428a-d0e8-4cec-9866-9d69893973eb</versionId>
        </processVariable>
        <item>
            <lastModified isNull="true" />
            <lastModifiedBy isNull="true" />
            <processItemId>2025.7c356392-dfd8-495f-8b9e-80bc7a22e271</processItemId>
            <processId>1.012e1a27-1a81-4e0e-97d9-8a2d8976dda7</processId>
            <name>SQL Execute Multiple Statements</name>
            <tWComponentName>SubProcess</tWComponentName>
            <tWComponentId>3012.b0d4c106-f092-4842-bb0c-bfd4b0c1d85f</tWComponentId>
            <isLogEnabled>false</isLogEnabled>
            <isTraceEnabled>false</isTraceEnabled>
            <traceCategory isNull="true" />
            <traceLevel isNull="true" />
            <traceMessage isNull="true" />
            <traceSymbolTable isNull="true" />
            <isExecutionContextTraced>false</isExecutionContextTraced>
            <saveExecutionContext>false</saveExecutionContext>
            <documentation isNull="true" />
            <isErrorHandlerEnabled>false</isErrorHandlerEnabled>
            <errorHandlerItemId isNull="true" />
            <guid>guid:12be50909032b80c:18f81ea7:11f41c537ad:-7abe</guid>
            <versionId>8aab0929-ac00-4af5-90a4-5a4d495193ff</versionId>
            <externalServiceRef isNull="true" />
            <externalServiceOp isNull="true" />
            <nodeColor isNull="true" />
            <layoutData x="138" y="85">
                <errorLink>
                    <controlPoints />
                    <showEndState>false</showEndState>
                    <showName>false</showName>
                </errorLink>
            </layoutData>
            <TWComponent>
                <lastModified isNull="true" />
                <lastModifiedBy isNull="true" />
                <subProcessId>3012.b0d4c106-f092-4842-bb0c-bfd4b0c1d85f</subProcessId>
                <attachedProcessRef>/1.89ee1e72-5c6b-44ed-9e55-158a6cb613af</attachedProcessRef>
                <guid>guid:12be50909032b80c:18f81ea7:11f41c537ad:-7abd</guid>
                <versionId>f7f9e630-5bc2-43ab-8002-959e79846068</versionId>
                <parameterMapping name="returnType">
                    <lastModified isNull="true" />
                    <lastModifiedBy isNull="true" />
                    <parameterMappingId>2054.99392ed7-52bb-49b3-b40a-4f92f8bd3f12</parameterMappingId>
                    <processParameterId>2055.628ceac6-aa42-426b-97c7-540674f12f38</processParameterId>
                    <parameterMappingParentId>3012.b0d4c106-f092-4842-bb0c-bfd4b0c1d85f</parameterMappingParentId>
                    <useDefault>false</useDefault>
                    <value>"SQLResult"</value>
                    <classRef>/12.db884a3c-c533-44b7-bb2d-47bec8ad4022</classRef>
                    <isList>false</isList>
                    <isInput>true</isInput>
                    <guid>guid:12be50909032b80c:18f81ea7:11f41c537ad:-7aa6</guid>
                    <versionId>1178cc01-5453-43cc-a877-2730f7b64009</versionId>
                    <description isNull="true" />
                </parameterMapping>
                <parameterMapping name="results">
                    <lastModified isNull="true" />
                    <lastModifiedBy isNull="true" />
                    <parameterMappingId>2054.752cb99e-ef40-4f38-9cfd-10d95f954b36</parameterMappingId>
                    <processParameterId>2055.24961b69-3b9b-4311-8707-6b6dfffaf207</processParameterId>
                    <parameterMappingParentId>3012.b0d4c106-f092-4842-bb0c-bfd4b0c1d85f</parameterMappingParentId>
                    <useDefault>false</useDefault>
                    <value>tw.local.results</value>
                    <classRef>/12.c09c9b6e-aabd-4897-bef2-ed61db106297</classRef>
                    <isList>false</isList>
                    <isInput>false</isInput>
                    <guid>guid:12be50909032b80c:18f81ea7:11f41c537ad:-7aa4</guid>
                    <versionId>227ba541-03cb-412c-8abc-4a1da1ca60af</versionId>
                    <description isNull="true" />
                </parameterMapping>
                <parameterMapping name="sqlStatements">
                    <lastModified isNull="true" />
                    <lastModifiedBy isNull="true" />
                    <parameterMappingId>2054.36a1b471-2b12-474f-a71f-9cc02e2271d7</parameterMappingId>
                    <processParameterId>2055.c023a0b3-e6e5-47a6-a920-04d6b2f8dc26</processParameterId>
                    <parameterMappingParentId>3012.b0d4c106-f092-4842-bb0c-bfd4b0c1d85f</parameterMappingParentId>
                    <useDefault>false</useDefault>
                    <value>tw.local.sqlStatements</value>
                    <classRef>/12.3990d8b4-983d-4250-bd06-3600f527fed0</classRef>
                    <isList>true</isList>
                    <isInput>true</isInput>
                    <guid>guid:12be50909032b80c:18f81ea7:11f41c537ad:-7aa7</guid>
                    <versionId>9536b7c9-bac5-4b41-a478-bf7f0acd3b40</versionId>
                    <description isNull="true" />
                </parameterMapping>
                <parameterMapping name="dataSourceName">
                    <lastModified isNull="true" />
                    <lastModifiedBy isNull="true" />
                    <parameterMappingId>2054.02a50fd5-0e5d-46a3-abc7-4f0392dcfc36</parameterMappingId>
                    <processParameterId>2055.c007e1f5-b9cb-4b02-bf74-bc982112aade</processParameterId>
                    <parameterMappingParentId>3012.b0d4c106-f092-4842-bb0c-bfd4b0c1d85f</parameterMappingParentId>
                    <useDefault>false</useDefault>
                    <value>tw.local.dataSourceName</value>
                    <classRef>/12.db884a3c-c533-44b7-bb2d-47bec8ad4022</classRef>
                    <isList>false</isList>
                    <isInput>true</isInput>
                    <guid>guid:12be50909032b80c:18f81ea7:11f41c537ad:-7aa5</guid>
                    <versionId>d5a569f3-4d92-415d-9c34-597267e937d8</versionId>
                    <description isNull="true" />
                </parameterMapping>
            </TWComponent>
        </item>
        <item>
            <lastModified isNull="true" />
            <lastModifiedBy isNull="true" />
            <processItemId>2025.7d30a817-5b4c-40e7-9fc6-51822f2327ca</processItemId>
            <processId>1.012e1a27-1a81-4e0e-97d9-8a2d8976dda7</processId>
            <name>End</name>
            <tWComponentName>ExitPoint</tWComponentName>
            <tWComponentId>3008.68c6f08b-162a-4531-9073-da46bbe2cea2</tWComponentId>
            <isLogEnabled>false</isLogEnabled>
            <isTraceEnabled>false</isTraceEnabled>
            <traceCategory isNull="true" />
            <traceLevel isNull="true" />
            <traceMessage isNull="true" />
            <traceSymbolTable isNull="true" />
            <isExecutionContextTraced>false</isExecutionContextTraced>
            <saveExecutionContext>true</saveExecutionContext>
            <documentation isNull="true" />
            <isErrorHandlerEnabled>false</isErrorHandlerEnabled>
            <errorHandlerItemId isNull="true" />
            <guid>guid:b5ffa6577ed3a684:-4e3a2174:115951f71d3:-7fe8</guid>
            <versionId>b5ae1d7b-f5e2-429b-ae41-47c6a8fdf563</versionId>
            <externalServiceRef isNull="true" />
            <externalServiceOp isNull="true" />
            <nodeColor isNull="true" />
            <layoutData x="281" y="100">
                <errorLink>
                    <controlPoints />
                    <showEndState>false</showEndState>
                    <showName>false</showName>
                </errorLink>
            </layoutData>
            <TWComponent>
                <lastModified isNull="true" />
                <lastModifiedBy isNull="true" />
                <exitPointId>3008.68c6f08b-162a-4531-9073-da46bbe2cea2</exitPointId>
                <haltProcess>false</haltProcess>
                <guid>guid:197d4ddc90fc5427:-1c619ffe:11def1582ed:-79c1</guid>
                <versionId>ef7ab9d2-1a91-4a05-9f09-ac73316d7cff</versionId>
            </TWComponent>
        </item>
        <startingProcessItemId>2025.7c356392-dfd8-495f-8b9e-80bc7a22e271</startingProcessItemId>
        <errorHandlerItemId isNull="true" />
        <layoutData noConversion="true">
            <errorLink>
                <controlPoints />
                <showEndState>false</showEndState>
                <showName>false</showName>
            </errorLink>
        </layoutData>
        <startPoint>
            <layoutData x="20" y="100">
                <errorLink>
                    <controlPoints />
                    <showEndState>false</showEndState>
                    <showName>false</showName>
                </errorLink>
            </layoutData>
        </startPoint>
        <startLink>
            <fromPort locationId="rightCenter" portType="1" />
            <toPort locationId="leftCenter" portType="2" />
            <layoutData>
                <controlPoints />
                <showEndState>false</showEndState>
                <showName>false</showName>
            </layoutData>
        </startLink>
        <link name="Untitled">
            <lastModified isNull="true" />
            <lastModifiedBy isNull="true" />
            <processLinkId>2027.ab7890c0-b593-4e15-a386-7bd3d8ea64af</processLinkId>
            <processId>1.012e1a27-1a81-4e0e-97d9-8a2d8976dda7</processId>
            <description isNull="true" />
            <fromProcessItemId>2025.7c356392-dfd8-495f-8b9e-80bc7a22e271</fromProcessItemId>
            <endStateId>guid:a93dd992dce2d4cc:-381cc70d:115a5e00b05:-7fdb</endStateId>
            <toProcessItemId>2025.7d30a817-5b4c-40e7-9fc6-51822f2327ca</toProcessItemId>
            <guid>guid:12be50909032b80c:18f81ea7:11f41c537ad:-7a97</guid>
            <versionId>b8d094b0-c3bf-4fd5-b52a-18e0ca272abb</versionId>
            <layoutData>
                <controlPoints />
                <showEndState>false</showEndState>
                <showName>false</showName>
            </layoutData>
            <fromItemPort locationId="rightCenter" portType="1" />
            <toItemPort locationId="leftCenter" portType="2" />
            <fromProcessItemId>2025.7c356392-dfd8-495f-8b9e-80bc7a22e271</fromProcessItemId>
            <toProcessItemId>2025.7d30a817-5b4c-40e7-9fc6-51822f2327ca</toProcessItemId>
        </link>
    </process>
</teamworks>

