<?xml version="1.0" encoding="UTF-8"?>
<teamworks>
    <process id="1.08fb5950-1ab1-4a11-82d4-07a1913561a1" name="Email Get System Default Properties">
        <lastModified>1361372673512</lastModified>
        <lastModifiedBy>Internal TW Admin user</lastModifiedBy>
        <processId>1.08fb5950-1ab1-4a11-82d4-07a1913561a1</processId>
        <image isNull="true" />
        <tabGroup isNull="true" />
        <startingProcessItemId>2025.539cdd7d-87b0-4b79-90a1-ea78b85deada</startingProcessItemId>
        <isRootProcess>false</isRootProcess>
        <processType>4</processType>
        <isErrorHandlerEnabled>false</isErrorHandlerEnabled>
        <errorHandlerItemId isNull="true" />
        <isLoggingVariables>false</isLoggingVariables>
        <isTransactional>false</isTransactional>
        <processTimingLevel isNull="true" />
        <participantRef isNull="true" />
        <exposedType isNull="true" />
        <isTrackingEnabled>true</isTrackingEnabled>
        <xmlData isNull="true" />
        <cachingType>false</cachingType>
        <itemLabel isNull="true" />
        <cacheLength>43200</cacheLength>
        <mobileReady>false</mobileReady>
        <sboSyncEnabled>true</sboSyncEnabled>
        <externalId isNull="true" />
        <isSecured>false</isSecured>
        <isAjaxExposed>false</isAjaxExposed>
        <description isNull="true" />
        <guid>guid:6d7d6833d25d646c:143c423:11226a15f86:-7de0</guid>
        <versionId>2d4cede5-a751-4857-bc28-8e29319d77cb</versionId>
        <dependencySummary isNull="true" />
        <jsonData isNull="true" />
        <field1 isNull="true" />
        <field2 isNull="true" />
        <field3>0</field3>
        <field4 isNull="true" />
        <field5>false</field5>
        <clobField1 isNull="true" />
        <blobField1 isNull="true" />
        <processParameter name="smtpHost">
            <lastModified isNull="true" />
            <lastModifiedBy isNull="true" />
            <processParameterId>2055.5823fb4e-75c4-4356-8da1-44a7da322d3d</processParameterId>
            <processId>1.08fb5950-1ab1-4a11-82d4-07a1913561a1</processId>
            <parameterType>2</parameterType>
            <isArrayOf>false</isArrayOf>
            <classId>/12.db884a3c-c533-44b7-bb2d-47bec8ad4022</classId>
            <seq>1</seq>
            <hasDefault>false</hasDefault>
            <defaultValue isNull="true" />
            <isLocked>false</isLocked>
            <description isNull="true" />
            <guid>guid:197d4ddc90fc5427:-1c619ffe:11def1582ed:-7b05</guid>
            <versionId>c098a707-c040-4ba1-a460-be600289e253</versionId>
        </processParameter>
        <processParameter name="defaultFromAddress">
            <lastModified isNull="true" />
            <lastModifiedBy isNull="true" />
            <processParameterId>2055.d6c03d04-afba-4574-bec6-285f02dde6fa</processParameterId>
            <processId>1.08fb5950-1ab1-4a11-82d4-07a1913561a1</processId>
            <parameterType>2</parameterType>
            <isArrayOf>false</isArrayOf>
            <classId>/12.db884a3c-c533-44b7-bb2d-47bec8ad4022</classId>
            <seq>2</seq>
            <hasDefault>false</hasDefault>
            <defaultValue isNull="true" />
            <isLocked>false</isLocked>
            <description isNull="true" />
            <guid>guid:197d4ddc90fc5427:-1c619ffe:11def1582ed:-7b03</guid>
            <versionId>8daa31a0-03af-42aa-b49a-9c733c9bd5a3</versionId>
        </processParameter>
        <item>
            <lastModified isNull="true" />
            <lastModifiedBy isNull="true" />
            <processItemId>2025.b04151d9-221e-4ad2-b6c2-410f4d87d26c</processItemId>
            <processId>1.08fb5950-1ab1-4a11-82d4-07a1913561a1</processId>
            <name>End</name>
            <tWComponentName>ExitPoint</tWComponentName>
            <tWComponentId>3008.f527e760-2326-4b3d-b2e1-77bd757048f5</tWComponentId>
            <isLogEnabled>false</isLogEnabled>
            <isTraceEnabled>false</isTraceEnabled>
            <traceCategory isNull="true" />
            <traceLevel isNull="true" />
            <traceMessage isNull="true" />
            <traceSymbolTable isNull="true" />
            <isExecutionContextTraced>false</isExecutionContextTraced>
            <saveExecutionContext>true</saveExecutionContext>
            <documentation isNull="true" />
            <isErrorHandlerEnabled>false</isErrorHandlerEnabled>
            <errorHandlerItemId isNull="true" />
            <guid>guid:6d7d6833d25d646c:143c423:11226a15f86:-7ddf</guid>
            <versionId>16114e01-965a-46f4-8742-f1cc1a561442</versionId>
            <externalServiceRef isNull="true" />
            <externalServiceOp isNull="true" />
            <nodeColor isNull="true" />
            <layoutData x="388" y="102">
                <errorLink>
                    <controlPoints />
                    <showEndState>false</showEndState>
                    <showName>false</showName>
                </errorLink>
            </layoutData>
            <TWComponent>
                <lastModified isNull="true" />
                <lastModifiedBy isNull="true" />
                <exitPointId>3008.f527e760-2326-4b3d-b2e1-77bd757048f5</exitPointId>
                <haltProcess>false</haltProcess>
                <guid>guid:197d4ddc90fc5427:-1c619ffe:11def1582ed:-7aff</guid>
                <versionId>9e18fb76-8f07-4111-a88a-c02b3649d668</versionId>
            </TWComponent>
        </item>
        <item>
            <lastModified isNull="true" />
            <lastModifiedBy isNull="true" />
            <processItemId>2025.539cdd7d-87b0-4b79-90a1-ea78b85deada</processItemId>
            <processId>1.08fb5950-1ab1-4a11-82d4-07a1913561a1</processId>
            <name>Get Default Email Properties from TW Env Config</name>
            <tWComponentName>Script</tWComponentName>
            <tWComponentId>3011.6fd96a7b-5eff-4e84-a6e8-5edcfeacfb6d</tWComponentId>
            <isLogEnabled>false</isLogEnabled>
            <isTraceEnabled>false</isTraceEnabled>
            <traceCategory isNull="true" />
            <traceLevel isNull="true" />
            <traceMessage isNull="true" />
            <traceSymbolTable isNull="true" />
            <isExecutionContextTraced>false</isExecutionContextTraced>
            <saveExecutionContext>false</saveExecutionContext>
            <documentation isNull="true" />
            <isErrorHandlerEnabled>false</isErrorHandlerEnabled>
            <errorHandlerItemId isNull="true" />
            <guid>guid:6d7d6833d25d646c:143c423:11226a15f86:-7dd4</guid>
            <versionId>46df1abc-d48f-42b8-862a-8f7877897614</versionId>
            <externalServiceRef isNull="true" />
            <externalServiceOp isNull="true" />
            <nodeColor isNull="true" />
            <layoutData x="182" y="87">
                <errorLink>
                    <controlPoints />
                    <showEndState>false</showEndState>
                    <showName>false</showName>
                </errorLink>
            </layoutData>
            <TWComponent>
                <lastModified isNull="true" />
                <lastModifiedBy isNull="true" />
                <scriptId>3011.6fd96a7b-5eff-4e84-a6e8-5edcfeacfb6d</scriptId>
                <scriptTypeId>2</scriptTypeId>
                <isActive>true</isActive>
                <script>var twConfig = Packages.com.lombardisoftware.core.config.TWConfiguration.getInstance(); 
var envConfig = twConfig.getServer().getEmail();
tw.local.smtpHost = envConfig.getSmtpServer();
tw.local.defaultFromAddress = envConfig.getDefaultFromAddress();</script>
                <isRule>false</isRule>
                <guid>guid:197d4ddc90fc5427:-1c619ffe:11def1582ed:-7afb</guid>
                <versionId>b24eeaf2-e376-4846-81aa-60513268c267</versionId>
            </TWComponent>
        </item>
        <startingProcessItemId>2025.539cdd7d-87b0-4b79-90a1-ea78b85deada</startingProcessItemId>
        <errorHandlerItemId isNull="true" />
        <layoutData noConversion="true">
            <errorLink>
                <controlPoints />
                <showEndState>false</showEndState>
                <showName>false</showName>
            </errorLink>
        </layoutData>
        <startPoint>
            <layoutData x="20" y="102">
                <errorLink>
                    <controlPoints />
                    <showEndState>false</showEndState>
                    <showName>false</showName>
                </errorLink>
            </layoutData>
        </startPoint>
        <startLink>
            <fromPort locationId="rightCenter" portType="1" />
            <toPort locationId="leftCenter" portType="2" />
            <layoutData>
                <controlPoints />
                <showEndState>false</showEndState>
                <showName>false</showName>
            </layoutData>
        </startLink>
        <link name="Untitled">
            <lastModified isNull="true" />
            <lastModifiedBy isNull="true" />
            <processLinkId>2027.34f29d5b-a4db-4dbd-bc4b-acc12b27a2e9</processLinkId>
            <processId>1.08fb5950-1ab1-4a11-82d4-07a1913561a1</processId>
            <description isNull="true" />
            <fromProcessItemId>2025.539cdd7d-87b0-4b79-90a1-ea78b85deada</fromProcessItemId>
            <endStateId>Out</endStateId>
            <toProcessItemId>2025.b04151d9-221e-4ad2-b6c2-410f4d87d26c</toProcessItemId>
            <guid>guid:197d4ddc90fc5427:-1c619ffe:11def1582ed:-7af9</guid>
            <versionId>88b7359d-48b4-4df1-ba1f-f987dcc9e4a7</versionId>
            <layoutData>
                <controlPoints />
                <showEndState>false</showEndState>
                <showName>false</showName>
            </layoutData>
            <fromItemPort locationId="rightCenter" portType="1" />
            <toItemPort locationId="leftCenter" portType="2" />
            <fromProcessItemId>2025.539cdd7d-87b0-4b79-90a1-ea78b85deada</fromProcessItemId>
            <toProcessItemId>2025.b04151d9-221e-4ad2-b6c2-410f4d87d26c</toProcessItemId>
        </link>
        <link name="Untitled">
            <lastModified isNull="true" />
            <lastModifiedBy isNull="true" />
            <processLinkId>2027.e425d6fb-bef2-45a3-bd28-6bef37f540d5</processLinkId>
            <processId>1.08fb5950-1ab1-4a11-82d4-07a1913561a1</processId>
            <description isNull="true" />
            <fromProcessItemId>2025.539cdd7d-87b0-4b79-90a1-ea78b85deada</fromProcessItemId>
            <endStateId>Out</endStateId>
            <toProcessItemId>2025.b04151d9-221e-4ad2-b6c2-410f4d87d26c</toProcessItemId>
            <guid>guid:197d4ddc90fc5427:-1c619ffe:11def1582ed:-7af9</guid>
            <versionId>a0d3c8d6-57a5-425d-a80d-be77035ef460</versionId>
            <layoutData>
                <controlPoints />
                <showEndState>false</showEndState>
                <showName>false</showName>
            </layoutData>
            <fromItemPort locationId="rightCenter" portType="1" />
            <toItemPort locationId="leftCenter" portType="2" />
            <fromProcessItemId>2025.539cdd7d-87b0-4b79-90a1-ea78b85deada</fromProcessItemId>
            <toProcessItemId>2025.b04151d9-221e-4ad2-b6c2-410f4d87d26c</toProcessItemId>
        </link>
    </process>
</teamworks>

