<?xml version="1.0" encoding="UTF-8"?>
<teamworks>
    <process id="1.10bc573c-8696-4342-b22b-73f01ecacaf6" name="Extract XML Validation Results">
        <lastModified>1361372673512</lastModified>
        <lastModifiedBy>Internal TW Admin user</lastModifiedBy>
        <processId>1.10bc573c-8696-4342-b22b-73f01ecacaf6</processId>
        <image isNull="true" />
        <tabGroup isNull="true" />
        <startingProcessItemId>2025.39a10674-aef2-4808-ae33-5f4dfda553d3</startingProcessItemId>
        <isRootProcess>false</isRootProcess>
        <processType>6</processType>
        <isErrorHandlerEnabled>false</isErrorHandlerEnabled>
        <errorHandlerItemId isNull="true" />
        <isLoggingVariables>false</isLoggingVariables>
        <isTransactional>false</isTransactional>
        <processTimingLevel isNull="true" />
        <participantRef isNull="true" />
        <exposedType isNull="true" />
        <isTrackingEnabled>true</isTrackingEnabled>
        <xmlData isNull="true" />
        <cachingType>false</cachingType>
        <itemLabel isNull="true" />
        <cacheLength>43200</cacheLength>
        <mobileReady>false</mobileReady>
        <sboSyncEnabled>true</sboSyncEnabled>
        <externalId isNull="true" />
        <isSecured>false</isSecured>
        <isAjaxExposed>false</isAjaxExposed>
        <description>Extracts the results of the XML Validation from the map.</description>
        <guid>guid:12be50909032b80c:18f81ea7:11f41c537ad:-5d64</guid>
        <versionId>fe41182e-79f2-4192-9cdc-1a6797cb98c0</versionId>
        <dependencySummary isNull="true" />
        <jsonData isNull="true" />
        <field1 isNull="true" />
        <field2 isNull="true" />
        <field3>0</field3>
        <field4 isNull="true" />
        <field5>false</field5>
        <clobField1 isNull="true" />
        <blobField1 isNull="true" />
        <processParameter name="results">
            <lastModified isNull="true" />
            <lastModifiedBy isNull="true" />
            <processParameterId>2055.70bf4cef-a511-41ae-b6ad-2142118c11c8</processParameterId>
            <processId>1.10bc573c-8696-4342-b22b-73f01ecacaf6</processId>
            <parameterType>1</parameterType>
            <isArrayOf>false</isArrayOf>
            <classId>/12.90c5b1d3-3fa1-4b3b-ab27-220b0652dc55</classId>
            <seq>1</seq>
            <hasDefault>false</hasDefault>
            <defaultValue isNull="true" />
            <isLocked>false</isLocked>
            <description isNull="true" />
            <guid>guid:12be50909032b80c:18f81ea7:11f41c537ad:-5d36</guid>
            <versionId>680815ab-8bab-4d05-801e-26cb90a6e9eb</versionId>
        </processParameter>
        <processParameter name="isValid">
            <lastModified isNull="true" />
            <lastModifiedBy isNull="true" />
            <processParameterId>2055.a4f8e847-12e0-468f-a18d-0a80cabc7f8a</processParameterId>
            <processId>1.10bc573c-8696-4342-b22b-73f01ecacaf6</processId>
            <parameterType>2</parameterType>
            <isArrayOf>false</isArrayOf>
            <classId>/12.83ff975e-8dbc-42e5-b738-fa8bc08274a2</classId>
            <seq>2</seq>
            <hasDefault>false</hasDefault>
            <defaultValue isNull="true" />
            <isLocked>false</isLocked>
            <description isNull="true" />
            <guid>guid:12be50909032b80c:18f81ea7:11f41c537ad:-5d29</guid>
            <versionId>f41362c1-3a6a-40ab-b112-7dfae33aeee0</versionId>
        </processParameter>
        <processParameter name="errorMessage">
            <lastModified isNull="true" />
            <lastModifiedBy isNull="true" />
            <processParameterId>2055.5bf2c6e3-3908-4ae5-a55c-cb682e990c47</processParameterId>
            <processId>1.10bc573c-8696-4342-b22b-73f01ecacaf6</processId>
            <parameterType>2</parameterType>
            <isArrayOf>false</isArrayOf>
            <classId>/12.db884a3c-c533-44b7-bb2d-47bec8ad4022</classId>
            <seq>3</seq>
            <hasDefault>false</hasDefault>
            <defaultValue isNull="true" />
            <isLocked>false</isLocked>
            <description isNull="true" />
            <guid>guid:12be50909032b80c:18f81ea7:11f41c537ad:-5d28</guid>
            <versionId>6c7b9680-d11c-43f8-ae08-6b18940f5c71</versionId>
        </processParameter>
        <item>
            <lastModified isNull="true" />
            <lastModifiedBy isNull="true" />
            <processItemId>2025.2c71b03e-8336-4dd5-8708-ca85196a77a3</processItemId>
            <processId>1.10bc573c-8696-4342-b22b-73f01ecacaf6</processId>
            <name>End</name>
            <tWComponentName>ExitPoint</tWComponentName>
            <tWComponentId>3008.2d797617-5e1d-40ad-8aea-c920dcc45bf9</tWComponentId>
            <isLogEnabled>false</isLogEnabled>
            <isTraceEnabled>false</isTraceEnabled>
            <traceCategory isNull="true" />
            <traceLevel isNull="true" />
            <traceMessage isNull="true" />
            <traceSymbolTable isNull="true" />
            <isExecutionContextTraced>false</isExecutionContextTraced>
            <saveExecutionContext>true</saveExecutionContext>
            <documentation isNull="true" />
            <isErrorHandlerEnabled>false</isErrorHandlerEnabled>
            <errorHandlerItemId isNull="true" />
            <guid>guid:12be50909032b80c:18f81ea7:11f41c537ad:-5d62</guid>
            <versionId>7d970132-b7b4-4c6b-bab7-1ca492dc8a2e</versionId>
            <externalServiceRef isNull="true" />
            <externalServiceOp isNull="true" />
            <nodeColor isNull="true" />
            <layoutData x="264" y="100">
                <errorLink>
                    <controlPoints />
                    <showEndState>false</showEndState>
                    <showName>false</showName>
                </errorLink>
            </layoutData>
            <TWComponent>
                <lastModified isNull="true" />
                <lastModifiedBy isNull="true" />
                <exitPointId>3008.2d797617-5e1d-40ad-8aea-c920dcc45bf9</exitPointId>
                <haltProcess>false</haltProcess>
                <guid>guid:12be50909032b80c:18f81ea7:11f41c537ad:-5d61</guid>
                <versionId>04f76e41-0376-44a9-b23e-959f31ba7afa</versionId>
            </TWComponent>
        </item>
        <item>
            <lastModified isNull="true" />
            <lastModifiedBy isNull="true" />
            <processItemId>2025.39a10674-aef2-4808-ae33-5f4dfda553d3</processItemId>
            <processId>1.10bc573c-8696-4342-b22b-73f01ecacaf6</processId>
            <name>Extract results</name>
            <tWComponentName>Script</tWComponentName>
            <tWComponentId>3011.47a8c221-7877-4ab4-a6e0-6889960c2cf1</tWComponentId>
            <isLogEnabled>false</isLogEnabled>
            <isTraceEnabled>false</isTraceEnabled>
            <traceCategory isNull="true" />
            <traceLevel isNull="true" />
            <traceMessage isNull="true" />
            <traceSymbolTable isNull="true" />
            <isExecutionContextTraced>false</isExecutionContextTraced>
            <saveExecutionContext>false</saveExecutionContext>
            <documentation isNull="true" />
            <isErrorHandlerEnabled>false</isErrorHandlerEnabled>
            <errorHandlerItemId isNull="true" />
            <guid>guid:12be50909032b80c:18f81ea7:11f41c537ad:-5d3a</guid>
            <versionId>cd87a040-9521-4913-b332-ea3a023d8d9f</versionId>
            <externalServiceRef isNull="true" />
            <externalServiceOp isNull="true" />
            <nodeColor isNull="true" />
            <layoutData x="119" y="85">
                <errorLink>
                    <controlPoints />
                    <showEndState>false</showEndState>
                    <showName>false</showName>
                </errorLink>
            </layoutData>
            <TWComponent>
                <lastModified isNull="true" />
                <lastModifiedBy isNull="true" />
                <scriptId>3011.47a8c221-7877-4ab4-a6e0-6889960c2cf1</scriptId>
                <scriptTypeId>2</scriptTypeId>
                <isActive>true</isActive>
                <script>if(tw.local.results != null) {
  tw.local.isValid = tw.local.results.get("isValid");
  if(!tw.local.isValid) {
    tw.local.errorMessage = tw.local.results.get("error");
  }
}
</script>
                <isRule>false</isRule>
                <guid>guid:12be50909032b80c:18f81ea7:11f41c537ad:-5d3b</guid>
                <versionId>561f8884-ca6a-435d-abee-ef3689b9415d</versionId>
            </TWComponent>
        </item>
        <startingProcessItemId>2025.39a10674-aef2-4808-ae33-5f4dfda553d3</startingProcessItemId>
        <errorHandlerItemId isNull="true" />
        <layoutData noConversion="true">
            <errorLink>
                <controlPoints />
                <showEndState>false</showEndState>
                <showName>false</showName>
            </errorLink>
        </layoutData>
        <startPoint>
            <layoutData x="20" y="100">
                <errorLink>
                    <controlPoints />
                    <showEndState>false</showEndState>
                    <showName>false</showName>
                </errorLink>
            </layoutData>
        </startPoint>
        <startLink>
            <fromPort locationId="rightCenter" portType="1" />
            <toPort locationId="leftCenter" portType="2" />
            <layoutData>
                <controlPoints />
                <showEndState>false</showEndState>
                <showName>false</showName>
            </layoutData>
        </startLink>
        <link name="Untitled">
            <lastModified isNull="true" />
            <lastModifiedBy isNull="true" />
            <processLinkId>2027.f32f080b-5f23-4e52-a761-53550a91ee2b</processLinkId>
            <processId>1.10bc573c-8696-4342-b22b-73f01ecacaf6</processId>
            <description isNull="true" />
            <fromProcessItemId>2025.39a10674-aef2-4808-ae33-5f4dfda553d3</fromProcessItemId>
            <endStateId>Out</endStateId>
            <toProcessItemId>2025.2c71b03e-8336-4dd5-8708-ca85196a77a3</toProcessItemId>
            <guid>guid:12be50909032b80c:18f81ea7:11f41c537ad:-5d1b</guid>
            <versionId>75bc1e3b-c4b9-4acd-88b6-4fd7b0063900</versionId>
            <layoutData>
                <controlPoints />
                <showEndState>false</showEndState>
                <showName>false</showName>
            </layoutData>
            <fromItemPort locationId="rightCenter" portType="1" />
            <toItemPort locationId="leftCenter" portType="2" />
            <fromProcessItemId>2025.39a10674-aef2-4808-ae33-5f4dfda553d3</fromProcessItemId>
            <toProcessItemId>2025.2c71b03e-8336-4dd5-8708-ca85196a77a3</toProcessItemId>
        </link>
    </process>
</teamworks>

