<?xml version="1.0" encoding="UTF-8"?>
<teamworks>
    <process id="1.13cc4635-1e1b-4165-9afa-6f411d4b4f62" name="Email Send IBM BPM Email">
        <lastModified>1361372673512</lastModified>
        <lastModifiedBy>Internal TW Admin user</lastModifiedBy>
        <processId>1.13cc4635-1e1b-4165-9afa-6f411d4b4f62</processId>
        <image isNull="true" />
        <tabGroup isNull="true" />
        <startingProcessItemId>2025.c751f89f-2b49-43d1-9e9d-e432e369663a</startingProcessItemId>
        <isRootProcess>false</isRootProcess>
        <processType>4</processType>
        <isErrorHandlerEnabled>false</isErrorHandlerEnabled>
        <errorHandlerItemId isNull="true" />
        <isLoggingVariables>false</isLoggingVariables>
        <isTransactional>false</isTransactional>
        <processTimingLevel isNull="true" />
        <participantRef isNull="true" />
        <exposedType isNull="true" />
        <isTrackingEnabled>true</isTrackingEnabled>
        <xmlData isNull="true" />
        <cachingType>false</cachingType>
        <itemLabel isNull="true" />
        <cacheLength>43200</cacheLength>
        <mobileReady>false</mobileReady>
        <sboSyncEnabled>true</sboSyncEnabled>
        <externalId isNull="true" />
        <isSecured>false</isSecured>
        <isAjaxExposed>false</isAjaxExposed>
        <description isNull="true" />
        <guid>guid:6d7d6833d25d646c:143c423:11226a15f86:-7d8c</guid>
        <versionId>7f81bea5-133b-4648-bfd0-b75f36642bf2</versionId>
        <dependencySummary isNull="true" />
        <jsonData isNull="true" />
        <field1 isNull="true" />
        <field2 isNull="true" />
        <field3>0</field3>
        <field4 isNull="true" />
        <field5>false</field5>
        <clobField1 isNull="true" />
        <blobField1 isNull="true" />
        <processParameter name="to">
            <lastModified isNull="true" />
            <lastModifiedBy isNull="true" />
            <processParameterId>2055.e4a8f4de-e03d-4a22-aac3-ced21eeb6f26</processParameterId>
            <processId>1.13cc4635-1e1b-4165-9afa-6f411d4b4f62</processId>
            <parameterType>1</parameterType>
            <isArrayOf>false</isArrayOf>
            <classId>/12.db884a3c-c533-44b7-bb2d-47bec8ad4022</classId>
            <seq>1</seq>
            <hasDefault>false</hasDefault>
            <defaultValue isNull="true" />
            <isLocked>false</isLocked>
            <description isNull="true" />
            <guid>guid:197d4ddc90fc5427:-1c619ffe:11def1582ed:-7ad5</guid>
            <versionId>a14d6fa9-6bd5-4866-b5aa-f46418565f38</versionId>
        </processParameter>
        <processParameter name="from">
            <lastModified isNull="true" />
            <lastModifiedBy isNull="true" />
            <processParameterId>2055.51fca2c0-8a77-45f5-9e68-542b26e07ea3</processParameterId>
            <processId>1.13cc4635-1e1b-4165-9afa-6f411d4b4f62</processId>
            <parameterType>1</parameterType>
            <isArrayOf>false</isArrayOf>
            <classId>/12.db884a3c-c533-44b7-bb2d-47bec8ad4022</classId>
            <seq>2</seq>
            <hasDefault>false</hasDefault>
            <defaultValue isNull="true" />
            <isLocked>false</isLocked>
            <description isNull="true" />
            <guid>guid:197d4ddc90fc5427:-1c619ffe:11def1582ed:-7ad3</guid>
            <versionId>f98e44f1-090a-4585-a392-df7935add684</versionId>
        </processParameter>
        <processParameter name="subject">
            <lastModified isNull="true" />
            <lastModifiedBy isNull="true" />
            <processParameterId>2055.bb90bf7b-d066-47c7-96fd-1b8984a5246d</processParameterId>
            <processId>1.13cc4635-1e1b-4165-9afa-6f411d4b4f62</processId>
            <parameterType>1</parameterType>
            <isArrayOf>false</isArrayOf>
            <classId>/12.db884a3c-c533-44b7-bb2d-47bec8ad4022</classId>
            <seq>3</seq>
            <hasDefault>false</hasDefault>
            <defaultValue isNull="true" />
            <isLocked>false</isLocked>
            <description isNull="true" />
            <guid>guid:197d4ddc90fc5427:-1c619ffe:11def1582ed:-7ad1</guid>
            <versionId>a1bcd20f-aec3-4df4-b4f9-6baa4d8da954</versionId>
        </processParameter>
        <processParameter name="messageText">
            <lastModified isNull="true" />
            <lastModifiedBy isNull="true" />
            <processParameterId>2055.e8912baa-d516-4758-be53-20c3d6c61326</processParameterId>
            <processId>1.13cc4635-1e1b-4165-9afa-6f411d4b4f62</processId>
            <parameterType>1</parameterType>
            <isArrayOf>false</isArrayOf>
            <classId>/12.db884a3c-c533-44b7-bb2d-47bec8ad4022</classId>
            <seq>4</seq>
            <hasDefault>false</hasDefault>
            <defaultValue isNull="true" />
            <isLocked>false</isLocked>
            <description isNull="true" />
            <guid>guid:197d4ddc90fc5427:-1c619ffe:11def1582ed:-7acf</guid>
            <versionId>24fcce49-4277-4e85-8f50-1aa31c1b822d</versionId>
        </processParameter>
        <processParameter name="contentType">
            <lastModified isNull="true" />
            <lastModifiedBy isNull="true" />
            <processParameterId>2055.3e811662-d427-4537-b2f6-fa9907d9677c</processParameterId>
            <processId>1.13cc4635-1e1b-4165-9afa-6f411d4b4f62</processId>
            <parameterType>1</parameterType>
            <isArrayOf>false</isArrayOf>
            <classId>/12.db884a3c-c533-44b7-bb2d-47bec8ad4022</classId>
            <seq>5</seq>
            <hasDefault>true</hasDefault>
            <defaultValue>"text/html"</defaultValue>
            <isLocked>false</isLocked>
            <description>text/plain text/html</description>
            <guid>guid:197d4ddc90fc5427:-1c619ffe:11def1582ed:-7acd</guid>
            <versionId>3f061b63-188c-4ba5-b92c-97b761596b63</versionId>
        </processParameter>
        <processParameter name="smtpHost">
            <lastModified isNull="true" />
            <lastModifiedBy isNull="true" />
            <processParameterId>2055.941ed838-3fbe-42f5-b8b4-57064fc0f743</processParameterId>
            <processId>1.13cc4635-1e1b-4165-9afa-6f411d4b4f62</processId>
            <parameterType>1</parameterType>
            <isArrayOf>false</isArrayOf>
            <classId>/12.db884a3c-c533-44b7-bb2d-47bec8ad4022</classId>
            <seq>6</seq>
            <hasDefault>true</hasDefault>
            <defaultValue>null</defaultValue>
            <isLocked>false</isLocked>
            <description isNull="true" />
            <guid>guid:197d4ddc90fc5427:-1c619ffe:11def1582ed:-7acb</guid>
            <versionId>04e3b9f3-dd40-489e-8520-e2b719477b87</versionId>
        </processParameter>
        <processParameter name="cc">
            <lastModified isNull="true" />
            <lastModifiedBy isNull="true" />
            <processParameterId>2055.50e8c0fd-6bc1-4da9-9cb2-d084644dd6de</processParameterId>
            <processId>1.13cc4635-1e1b-4165-9afa-6f411d4b4f62</processId>
            <parameterType>1</parameterType>
            <isArrayOf>false</isArrayOf>
            <classId>/12.db884a3c-c533-44b7-bb2d-47bec8ad4022</classId>
            <seq>7</seq>
            <hasDefault>true</hasDefault>
            <defaultValue>null</defaultValue>
            <isLocked>false</isLocked>
            <description isNull="true" />
            <guid>guid:197d4ddc90fc5427:-1c619ffe:11def1582ed:-7ac9</guid>
            <versionId>ba2ac21e-1415-42c6-a89b-f864cd38cbc8</versionId>
        </processParameter>
        <processParameter name="bcc">
            <lastModified isNull="true" />
            <lastModifiedBy isNull="true" />
            <processParameterId>2055.7190c535-7820-4319-9b19-3bd1bfb74112</processParameterId>
            <processId>1.13cc4635-1e1b-4165-9afa-6f411d4b4f62</processId>
            <parameterType>1</parameterType>
            <isArrayOf>false</isArrayOf>
            <classId>/12.db884a3c-c533-44b7-bb2d-47bec8ad4022</classId>
            <seq>8</seq>
            <hasDefault>true</hasDefault>
            <defaultValue>null</defaultValue>
            <isLocked>false</isLocked>
            <description isNull="true" />
            <guid>guid:197d4ddc90fc5427:-1c619ffe:11def1582ed:-7ac7</guid>
            <versionId>e1404e72-dcc9-40ac-b626-8999fdb0c0e4</versionId>
        </processParameter>
        <processParameter name="replyTo">
            <lastModified isNull="true" />
            <lastModifiedBy isNull="true" />
            <processParameterId>2055.406ae771-5c04-4a03-9860-7a5d51f80757</processParameterId>
            <processId>1.13cc4635-1e1b-4165-9afa-6f411d4b4f62</processId>
            <parameterType>1</parameterType>
            <isArrayOf>false</isArrayOf>
            <classId>/12.db884a3c-c533-44b7-bb2d-47bec8ad4022</classId>
            <seq>9</seq>
            <hasDefault>true</hasDefault>
            <defaultValue>null</defaultValue>
            <isLocked>false</isLocked>
            <description isNull="true" />
            <guid>guid:197d4ddc90fc5427:-1c619ffe:11def1582ed:-7ac5</guid>
            <versionId>f5d63d7d-e208-43fd-9fb1-a43d6d55b648</versionId>
        </processParameter>
        <processParameter name="importance">
            <lastModified isNull="true" />
            <lastModifiedBy isNull="true" />
            <processParameterId>2055.39892d28-b0cb-4907-a4cc-ceae9d67bd8f</processParameterId>
            <processId>1.13cc4635-1e1b-4165-9afa-6f411d4b4f62</processId>
            <parameterType>1</parameterType>
            <isArrayOf>false</isArrayOf>
            <classId>/12.db884a3c-c533-44b7-bb2d-47bec8ad4022</classId>
            <seq>10</seq>
            <hasDefault>true</hasDefault>
            <defaultValue>null</defaultValue>
            <isLocked>false</isLocked>
            <description isNull="true" />
            <guid>guid:197d4ddc90fc5427:-1c619ffe:11def1582ed:-7ac3</guid>
            <versionId>f59cbea6-cfef-417e-a454-dcdc6a8fbcf9</versionId>
        </processParameter>
        <processParameter name="attachmentFileNames">
            <lastModified isNull="true" />
            <lastModifiedBy isNull="true" />
            <processParameterId>2055.5309394e-b0d6-44c1-83be-be3b5b9ba8b1</processParameterId>
            <processId>1.13cc4635-1e1b-4165-9afa-6f411d4b4f62</processId>
            <parameterType>1</parameterType>
            <isArrayOf>false</isArrayOf>
            <classId>/12.db884a3c-c533-44b7-bb2d-47bec8ad4022</classId>
            <seq>11</seq>
            <hasDefault>true</hasDefault>
            <defaultValue>null</defaultValue>
            <isLocked>false</isLocked>
            <description isNull="true" />
            <guid>guid:197d4ddc90fc5427:-1c619ffe:11def1582ed:-7ac1</guid>
            <versionId>dcf9c686-17b5-4388-bbf2-10a60c150efc</versionId>
        </processParameter>
        <processVariable name="m_smtpHost">
            <lastModified isNull="true" />
            <lastModifiedBy isNull="true" />
            <processVariableId>2056.2826c6bd-e14a-4cc3-8c02-7086d8fe6e24</processVariableId>
            <description isNull="true" />
            <processId>1.13cc4635-1e1b-4165-9afa-6f411d4b4f62</processId>
            <namespace>2</namespace>
            <seq>1</seq>
            <isArrayOf>false</isArrayOf>
            <isTransient>false</isTransient>
            <classId>/12.db884a3c-c533-44b7-bb2d-47bec8ad4022</classId>
            <hasDefault>false</hasDefault>
            <defaultValue isNull="true" />
            <guid>guid:197d4ddc90fc5427:-1c619ffe:11def1582ed:-7abb</guid>
            <versionId>e6941311-9d47-4c4c-b12b-c8b7a8650975</versionId>
        </processVariable>
        <processVariable name="m_defaultFromAddress">
            <lastModified isNull="true" />
            <lastModifiedBy isNull="true" />
            <processVariableId>2056.be62054d-4397-4aa7-a99e-9f4670011f4a</processVariableId>
            <description isNull="true" />
            <processId>1.13cc4635-1e1b-4165-9afa-6f411d4b4f62</processId>
            <namespace>2</namespace>
            <seq>2</seq>
            <isArrayOf>false</isArrayOf>
            <isTransient>false</isTransient>
            <classId>/12.db884a3c-c533-44b7-bb2d-47bec8ad4022</classId>
            <hasDefault>false</hasDefault>
            <defaultValue isNull="true" />
            <guid>guid:197d4ddc90fc5427:-1c619ffe:11def1582ed:-7ab9</guid>
            <versionId>70bcb37d-8de5-4060-86d3-7e8b49d5e896</versionId>
        </processVariable>
        <item>
            <lastModified isNull="true" />
            <lastModifiedBy isNull="true" />
            <processItemId>2025.45d1f51b-8567-4d26-a9cb-538f42727725</processItemId>
            <processId>1.13cc4635-1e1b-4165-9afa-6f411d4b4f62</processId>
            <name>End</name>
            <tWComponentName>ExitPoint</tWComponentName>
            <tWComponentId>3008.4206532e-cbda-4dd7-8e65-b3bb0b8df04b</tWComponentId>
            <isLogEnabled>false</isLogEnabled>
            <isTraceEnabled>false</isTraceEnabled>
            <traceCategory isNull="true" />
            <traceLevel isNull="true" />
            <traceMessage isNull="true" />
            <traceSymbolTable isNull="true" />
            <isExecutionContextTraced>false</isExecutionContextTraced>
            <saveExecutionContext>true</saveExecutionContext>
            <documentation isNull="true" />
            <isErrorHandlerEnabled>false</isErrorHandlerEnabled>
            <errorHandlerItemId isNull="true" />
            <guid>guid:6d7d6833d25d646c:143c423:11226a15f86:-7d8b</guid>
            <versionId>3cb0e1bf-f496-435c-ad70-7d684155c330</versionId>
            <externalServiceRef isNull="true" />
            <externalServiceOp isNull="true" />
            <nodeColor isNull="true" />
            <layoutData x="609" y="100">
                <errorLink>
                    <controlPoints />
                    <showEndState>false</showEndState>
                    <showName>false</showName>
                </errorLink>
            </layoutData>
            <TWComponent>
                <lastModified isNull="true" />
                <lastModifiedBy isNull="true" />
                <exitPointId>3008.4206532e-cbda-4dd7-8e65-b3bb0b8df04b</exitPointId>
                <haltProcess>false</haltProcess>
                <guid>guid:197d4ddc90fc5427:-1c619ffe:11def1582ed:-7abd</guid>
                <versionId>1d2fca03-5140-4e04-8aa4-5ec1f714a6a7</versionId>
            </TWComponent>
        </item>
        <item>
            <lastModified isNull="true" />
            <lastModifiedBy isNull="true" />
            <processItemId>2025.23926d8a-e98b-409f-8c7a-44cf5bd86ca5</processItemId>
            <processId>1.13cc4635-1e1b-4165-9afa-6f411d4b4f62</processId>
            <name>lsw SMTP Send Email</name>
            <tWComponentName>SubProcess</tWComponentName>
            <tWComponentId>3012.46132449-99a5-4380-9e86-90bc2ed6cc37</tWComponentId>
            <isLogEnabled>false</isLogEnabled>
            <isTraceEnabled>false</isTraceEnabled>
            <traceCategory isNull="true" />
            <traceLevel isNull="true" />
            <traceMessage isNull="true" />
            <traceSymbolTable isNull="true" />
            <isExecutionContextTraced>false</isExecutionContextTraced>
            <saveExecutionContext>false</saveExecutionContext>
            <documentation isNull="true" />
            <isErrorHandlerEnabled>false</isErrorHandlerEnabled>
            <errorHandlerItemId isNull="true" />
            <guid>guid:6d7d6833d25d646c:143c423:11226a15f86:-7d84</guid>
            <versionId>a95a0114-c539-460a-9fa0-1fd406b00b11</versionId>
            <externalServiceRef isNull="true" />
            <externalServiceOp isNull="true" />
            <nodeColor isNull="true" />
            <layoutData x="434" y="86">
                <errorLink>
                    <controlPoints />
                    <showEndState>false</showEndState>
                    <showName>false</showName>
                </errorLink>
            </layoutData>
            <TWComponent>
                <lastModified isNull="true" />
                <lastModifiedBy isNull="true" />
                <subProcessId>3012.46132449-99a5-4380-9e86-90bc2ed6cc37</subProcessId>
                <attachedProcessRef>/1.9139023c-2d6d-4809-becb-b10a64f45dce</attachedProcessRef>
                <guid>guid:197d4ddc90fc5427:-1c619ffe:11def1582ed:-7ab5</guid>
                <versionId>e74fae88-4c5e-4a92-b8f2-7a5c912ccf74</versionId>
                <parameterMapping name="to">
                    <lastModified isNull="true" />
                    <lastModifiedBy isNull="true" />
                    <parameterMappingId>2054.69c2b31f-7528-47de-a2b5-a47832806c97</parameterMappingId>
                    <processParameterId>2055.5daf4c0c-975e-4110-90bf-2a5968903b20</processParameterId>
                    <parameterMappingParentId>3012.46132449-99a5-4380-9e86-90bc2ed6cc37</parameterMappingParentId>
                    <useDefault>false</useDefault>
                    <value>tw.local.to</value>
                    <classRef>/12.db884a3c-c533-44b7-bb2d-47bec8ad4022</classRef>
                    <isList>false</isList>
                    <isInput>true</isInput>
                    <guid>guid:197d4ddc90fc5427:-1c619ffe:11def1582ed:-7a9d</guid>
                    <versionId>20da1437-6fc9-4be0-84ce-15c6d89719bd</versionId>
                    <description isNull="true" />
                </parameterMapping>
                <parameterMapping name="contentType">
                    <lastModified isNull="true" />
                    <lastModifiedBy isNull="true" />
                    <parameterMappingId>2054.d1c023a0-a4b2-454f-a382-e7b56e29b52d</parameterMappingId>
                    <processParameterId>2055.9ded0b56-4df9-430a-9241-0ab36e00741c</processParameterId>
                    <parameterMappingParentId>3012.46132449-99a5-4380-9e86-90bc2ed6cc37</parameterMappingParentId>
                    <useDefault>false</useDefault>
                    <value>tw.local.contentType</value>
                    <classRef>/12.db884a3c-c533-44b7-bb2d-47bec8ad4022</classRef>
                    <isList>false</isList>
                    <isInput>true</isInput>
                    <guid>guid:197d4ddc90fc5427:-1c619ffe:11def1582ed:-7a99</guid>
                    <versionId>39361455-279e-471d-a96e-786607d6d8d8</versionId>
                    <description isNull="true" />
                </parameterMapping>
                <parameterMapping name="subject">
                    <lastModified isNull="true" />
                    <lastModifiedBy isNull="true" />
                    <parameterMappingId>2054.7b41e26e-0f47-421c-b2fc-c080351eec44</parameterMappingId>
                    <processParameterId>2055.5fadfc5c-39cc-4dd1-96b4-b051273d4b32</processParameterId>
                    <parameterMappingParentId>3012.46132449-99a5-4380-9e86-90bc2ed6cc37</parameterMappingParentId>
                    <useDefault>false</useDefault>
                    <value>tw.local.subject</value>
                    <classRef>/12.db884a3c-c533-44b7-bb2d-47bec8ad4022</classRef>
                    <isList>false</isList>
                    <isInput>true</isInput>
                    <guid>guid:197d4ddc90fc5427:-1c619ffe:11def1582ed:-7a9b</guid>
                    <versionId>4726ba51-acb3-4a37-a8c2-187b21d72fa0</versionId>
                    <description isNull="true" />
                </parameterMapping>
                <parameterMapping name="replyTo">
                    <lastModified isNull="true" />
                    <lastModifiedBy isNull="true" />
                    <parameterMappingId>2054.3f5dbfa6-d9eb-41d8-b3b4-4c0c8502b0c7</parameterMappingId>
                    <processParameterId>2055.0073bba2-48c9-42b5-a581-d8dfc3f37dc1</processParameterId>
                    <parameterMappingParentId>3012.46132449-99a5-4380-9e86-90bc2ed6cc37</parameterMappingParentId>
                    <useDefault>false</useDefault>
                    <value>tw.local.replyTo</value>
                    <classRef>/12.db884a3c-c533-44b7-bb2d-47bec8ad4022</classRef>
                    <isList>false</isList>
                    <isInput>true</isInput>
                    <guid>guid:197d4ddc90fc5427:-1c619ffe:11def1582ed:-7a98</guid>
                    <versionId>4df72f0f-b142-47cd-a836-71d46e6cd77d</versionId>
                    <description isNull="true" />
                </parameterMapping>
                <parameterMapping name="from">
                    <lastModified isNull="true" />
                    <lastModifiedBy isNull="true" />
                    <parameterMappingId>2054.af4d97cd-9fd6-47bd-95c3-94ec1ac9a6c8</parameterMappingId>
                    <processParameterId>2055.3d2c8c31-083e-4668-832c-c59482ee1a19</processParameterId>
                    <parameterMappingParentId>3012.46132449-99a5-4380-9e86-90bc2ed6cc37</parameterMappingParentId>
                    <useDefault>false</useDefault>
                    <value>tw.local.from</value>
                    <classRef>/12.db884a3c-c533-44b7-bb2d-47bec8ad4022</classRef>
                    <isList>false</isList>
                    <isInput>true</isInput>
                    <guid>guid:197d4ddc90fc5427:-1c619ffe:11def1582ed:-7a9c</guid>
                    <versionId>6af840b9-8244-4a6e-892c-91fb78942a51</versionId>
                    <description isNull="true" />
                </parameterMapping>
                <parameterMapping name="smtpHost">
                    <lastModified isNull="true" />
                    <lastModifiedBy isNull="true" />
                    <parameterMappingId>2054.1c8229ad-ac52-42c2-b717-51387bd7f320</parameterMappingId>
                    <processParameterId>2055.d36b25d4-f4e6-4938-bfbb-2b3fd4335d85</processParameterId>
                    <parameterMappingParentId>3012.46132449-99a5-4380-9e86-90bc2ed6cc37</parameterMappingParentId>
                    <useDefault>false</useDefault>
                    <value>tw.local.smtpHost</value>
                    <classRef>/12.db884a3c-c533-44b7-bb2d-47bec8ad4022</classRef>
                    <isList>false</isList>
                    <isInput>true</isInput>
                    <guid>guid:197d4ddc90fc5427:-1c619ffe:11def1582ed:-7a9e</guid>
                    <versionId>70689ac5-7270-4e9c-8146-e42a215d0e73</versionId>
                    <description isNull="true" />
                </parameterMapping>
                <parameterMapping name="importance">
                    <lastModified isNull="true" />
                    <lastModifiedBy isNull="true" />
                    <parameterMappingId>2054.a2c39753-33dc-4d8c-a6f9-aa9382249d5e</parameterMappingId>
                    <processParameterId>2055.cfd54346-7a28-4a4e-88bd-e79e63c28c08</processParameterId>
                    <parameterMappingParentId>3012.46132449-99a5-4380-9e86-90bc2ed6cc37</parameterMappingParentId>
                    <useDefault>false</useDefault>
                    <value>tw.local.importance</value>
                    <classRef>/12.db884a3c-c533-44b7-bb2d-47bec8ad4022</classRef>
                    <isList>false</isList>
                    <isInput>true</isInput>
                    <guid>guid:197d4ddc90fc5427:-1c619ffe:11def1582ed:-7a95</guid>
                    <versionId>9b8adf6c-3a8b-4ce6-9260-13976f7f8522</versionId>
                    <description isNull="true" />
                </parameterMapping>
                <parameterMapping name="bcc">
                    <lastModified isNull="true" />
                    <lastModifiedBy isNull="true" />
                    <parameterMappingId>2054.aaa69ead-429c-41c2-811c-f3b2dbd05663</parameterMappingId>
                    <processParameterId>2055.c899c0dd-0733-4c1f-8fb1-3bfc234ba5e4</processParameterId>
                    <parameterMappingParentId>3012.46132449-99a5-4380-9e86-90bc2ed6cc37</parameterMappingParentId>
                    <useDefault>false</useDefault>
                    <value>tw.local.bcc</value>
                    <classRef>/12.db884a3c-c533-44b7-bb2d-47bec8ad4022</classRef>
                    <isList>false</isList>
                    <isInput>true</isInput>
                    <guid>guid:197d4ddc90fc5427:-1c619ffe:11def1582ed:-7a96</guid>
                    <versionId>c8bc6736-646c-4a2d-b768-b0c748ec3ab8</versionId>
                    <description isNull="true" />
                </parameterMapping>
                <parameterMapping name="cc">
                    <lastModified isNull="true" />
                    <lastModifiedBy isNull="true" />
                    <parameterMappingId>2054.c61f900a-8752-432c-aba9-485e0e8944d9</parameterMappingId>
                    <processParameterId>2055.2724b942-ea01-4acf-aabc-391eb18c2770</processParameterId>
                    <parameterMappingParentId>3012.46132449-99a5-4380-9e86-90bc2ed6cc37</parameterMappingParentId>
                    <useDefault>false</useDefault>
                    <value>tw.local.cc</value>
                    <classRef>/12.db884a3c-c533-44b7-bb2d-47bec8ad4022</classRef>
                    <isList>false</isList>
                    <isInput>true</isInput>
                    <guid>guid:197d4ddc90fc5427:-1c619ffe:11def1582ed:-7a97</guid>
                    <versionId>d0301173-ac20-4562-ac15-d37e91b927a2</versionId>
                    <description isNull="true" />
                </parameterMapping>
                <parameterMapping name="attachmentFileNames">
                    <lastModified isNull="true" />
                    <lastModifiedBy isNull="true" />
                    <parameterMappingId>2054.500d4be0-946b-4c80-996c-837e6df0c16d</parameterMappingId>
                    <processParameterId>2055.65d24aa0-b699-4d77-bb5a-49c91876a45f</processParameterId>
                    <parameterMappingParentId>3012.46132449-99a5-4380-9e86-90bc2ed6cc37</parameterMappingParentId>
                    <useDefault>false</useDefault>
                    <value>tw.local.attachmentFileNames</value>
                    <classRef>/12.db884a3c-c533-44b7-bb2d-47bec8ad4022</classRef>
                    <isList>false</isList>
                    <isInput>true</isInput>
                    <guid>guid:197d4ddc90fc5427:-1c619ffe:11def1582ed:-7a94</guid>
                    <versionId>d5e066a4-ad6b-4467-9a1c-e2e1d33dcd38</versionId>
                    <description isNull="true" />
                </parameterMapping>
                <parameterMapping name="messageText">
                    <lastModified isNull="true" />
                    <lastModifiedBy isNull="true" />
                    <parameterMappingId>2054.966c24b3-1a8b-428c-8452-4a8b4e707a7a</parameterMappingId>
                    <processParameterId>2055.b8da176e-8ecf-4b15-ab8f-23984776059e</processParameterId>
                    <parameterMappingParentId>3012.46132449-99a5-4380-9e86-90bc2ed6cc37</parameterMappingParentId>
                    <useDefault>false</useDefault>
                    <value>tw.local.messageText</value>
                    <classRef>/12.db884a3c-c533-44b7-bb2d-47bec8ad4022</classRef>
                    <isList>false</isList>
                    <isInput>true</isInput>
                    <guid>guid:197d4ddc90fc5427:-1c619ffe:11def1582ed:-7a9a</guid>
                    <versionId>e7ae38b1-3d89-4c2a-8181-b5d6f7fe6c75</versionId>
                    <description isNull="true" />
                </parameterMapping>
            </TWComponent>
        </item>
        <item>
            <lastModified isNull="true" />
            <lastModifiedBy isNull="true" />
            <processItemId>2025.b88a9690-da6e-4825-9ec1-e9461cc1ff72</processItemId>
            <processId>1.13cc4635-1e1b-4165-9afa-6f411d4b4f62</processId>
            <name>Use Defaults If Necessary</name>
            <tWComponentName>Script</tWComponentName>
            <tWComponentId>3011.a4fc334d-01a6-4b1c-b24c-230e631d60d4</tWComponentId>
            <isLogEnabled>false</isLogEnabled>
            <isTraceEnabled>false</isTraceEnabled>
            <traceCategory isNull="true" />
            <traceLevel isNull="true" />
            <traceMessage isNull="true" />
            <traceSymbolTable isNull="true" />
            <isExecutionContextTraced>false</isExecutionContextTraced>
            <saveExecutionContext>false</saveExecutionContext>
            <documentation isNull="true" />
            <isErrorHandlerEnabled>false</isErrorHandlerEnabled>
            <errorHandlerItemId isNull="true" />
            <guid>guid:6d7d6833d25d646c:101acff:11228b8f1e8:-7ed4</guid>
            <versionId>d656fa35-66bb-4bb3-a030-be609159489a</versionId>
            <externalServiceRef isNull="true" />
            <externalServiceOp isNull="true" />
            <nodeColor isNull="true" />
            <layoutData x="285" y="86">
                <errorLink>
                    <controlPoints />
                    <showEndState>false</showEndState>
                    <showName>false</showName>
                </errorLink>
            </layoutData>
            <TWComponent>
                <lastModified isNull="true" />
                <lastModifiedBy isNull="true" />
                <scriptId>3011.a4fc334d-01a6-4b1c-b24c-230e631d60d4</scriptId>
                <scriptTypeId>2</scriptTypeId>
                <isActive>true</isActive>
                <script>function isNullOrEmpty(val) {
  return (val == null || val == "");
}
if (isNullOrEmpty(tw.local.smtpHost)) { tw.local.smtpHost = tw.local.m_smtpHost; }
if (isNullOrEmpty(tw.local.from)) { tw.local.from = tw.local.m_defaultFromAddress; }
if (isNullOrEmpty(tw.local.to)) { tw.local.to = tw.local.m_defaultFromAddress; }</script>
                <isRule>false</isRule>
                <guid>guid:197d4ddc90fc5427:-1c619ffe:11def1582ed:-7a86</guid>
                <versionId>84eecaea-ea5c-4000-a1f6-ebcfef0df924</versionId>
            </TWComponent>
        </item>
        <item>
            <lastModified isNull="true" />
            <lastModifiedBy isNull="true" />
            <processItemId>2025.c751f89f-2b49-43d1-9e9d-e432e369663a</processItemId>
            <processId>1.13cc4635-1e1b-4165-9afa-6f411d4b4f62</processId>
            <name>Get Email Env Defaults</name>
            <tWComponentName>SubProcess</tWComponentName>
            <tWComponentId>3012.c37f5580-c316-4f44-8ffe-1370d794c989</tWComponentId>
            <isLogEnabled>false</isLogEnabled>
            <isTraceEnabled>false</isTraceEnabled>
            <traceCategory isNull="true" />
            <traceLevel isNull="true" />
            <traceMessage isNull="true" />
            <traceSymbolTable isNull="true" />
            <isExecutionContextTraced>false</isExecutionContextTraced>
            <saveExecutionContext>false</saveExecutionContext>
            <documentation isNull="true" />
            <isErrorHandlerEnabled>false</isErrorHandlerEnabled>
            <errorHandlerItemId isNull="true" />
            <guid>guid:6d7d6833d25d646c:143c423:11226a15f86:-7d70</guid>
            <versionId>ff1b5ff3-b845-4456-8359-54398bd3adbb</versionId>
            <externalServiceRef isNull="true" />
            <externalServiceOp isNull="true" />
            <nodeColor isNull="true" />
            <layoutData x="120" y="85">
                <errorLink>
                    <controlPoints />
                    <showEndState>false</showEndState>
                    <showName>false</showName>
                </errorLink>
            </layoutData>
            <TWComponent>
                <lastModified isNull="true" />
                <lastModifiedBy isNull="true" />
                <subProcessId>3012.c37f5580-c316-4f44-8ffe-1370d794c989</subProcessId>
                <attachedProcessRef>/1.08fb5950-1ab1-4a11-82d4-07a1913561a1</attachedProcessRef>
                <guid>guid:197d4ddc90fc5427:-1c619ffe:11def1582ed:-7a90</guid>
                <versionId>3573d0db-a7d4-4ddb-ad6f-7938eb1e1913</versionId>
                <parameterMapping name="defaultFromAddress">
                    <lastModified isNull="true" />
                    <lastModifiedBy isNull="true" />
                    <parameterMappingId>2054.80226038-25ff-4cf7-904b-cdb7fc16efa1</parameterMappingId>
                    <processParameterId>2055.d6c03d04-afba-4574-bec6-285f02dde6fa</processParameterId>
                    <parameterMappingParentId>3012.c37f5580-c316-4f44-8ffe-1370d794c989</parameterMappingParentId>
                    <useDefault>true</useDefault>
                    <value>tw.local.m_defaultFromAddress</value>
                    <classRef>/12.db884a3c-c533-44b7-bb2d-47bec8ad4022</classRef>
                    <isList>false</isList>
                    <isInput>false</isInput>
                    <guid>guid:197d4ddc90fc5427:-1c619ffe:11def1582ed:-7a8a</guid>
                    <versionId>1668ab88-f0ca-44d8-be9c-3bbf71cf1c30</versionId>
                    <description isNull="true" />
                </parameterMapping>
                <parameterMapping name="smtpHost">
                    <lastModified isNull="true" />
                    <lastModifiedBy isNull="true" />
                    <parameterMappingId>2054.535f2537-2bb5-487e-bf9c-c028a00f9b4d</parameterMappingId>
                    <processParameterId>2055.5823fb4e-75c4-4356-8da1-44a7da322d3d</processParameterId>
                    <parameterMappingParentId>3012.c37f5580-c316-4f44-8ffe-1370d794c989</parameterMappingParentId>
                    <useDefault>false</useDefault>
                    <value>tw.local.m_smtpHost</value>
                    <classRef>/12.db884a3c-c533-44b7-bb2d-47bec8ad4022</classRef>
                    <isList>false</isList>
                    <isInput>false</isInput>
                    <guid>guid:197d4ddc90fc5427:-1c619ffe:11def1582ed:-7a8b</guid>
                    <versionId>492706d5-2b44-4f0b-b7b8-87034941afd6</versionId>
                    <description isNull="true" />
                </parameterMapping>
            </TWComponent>
        </item>
        <startingProcessItemId>2025.c751f89f-2b49-43d1-9e9d-e432e369663a</startingProcessItemId>
        <errorHandlerItemId isNull="true" />
        <layoutData noConversion="true">
            <errorLink>
                <controlPoints />
                <showEndState>false</showEndState>
                <showName>false</showName>
            </errorLink>
        </layoutData>
        <startPoint>
            <layoutData x="20" y="100">
                <errorLink>
                    <controlPoints />
                    <showEndState>false</showEndState>
                    <showName>false</showName>
                </errorLink>
            </layoutData>
        </startPoint>
        <startLink>
            <fromPort locationId="rightCenter" portType="1" />
            <toPort locationId="leftCenter" portType="2" />
            <layoutData>
                <controlPoints />
                <showEndState>false</showEndState>
                <showName>false</showName>
            </layoutData>
        </startLink>
        <link name="Untitled">
            <lastModified isNull="true" />
            <lastModifiedBy isNull="true" />
            <processLinkId>2027.78760243-0e7d-461a-92f3-b697e5b7f7ae</processLinkId>
            <processId>1.13cc4635-1e1b-4165-9afa-6f411d4b4f62</processId>
            <description isNull="true" />
            <fromProcessItemId>2025.b88a9690-da6e-4825-9ec1-e9461cc1ff72</fromProcessItemId>
            <endStateId>Out</endStateId>
            <toProcessItemId>2025.23926d8a-e98b-409f-8c7a-44cf5bd86ca5</toProcessItemId>
            <guid>guid:197d4ddc90fc5427:-1c619ffe:11def1582ed:-7a80</guid>
            <versionId>0ea31134-03e8-48cf-8316-bd1180f64e60</versionId>
            <layoutData>
                <controlPoints />
                <showEndState>false</showEndState>
                <showName>false</showName>
            </layoutData>
            <fromItemPort locationId="rightCenter" portType="1" />
            <toItemPort locationId="leftCenter" portType="2" />
            <fromProcessItemId>2025.b88a9690-da6e-4825-9ec1-e9461cc1ff72</fromProcessItemId>
            <toProcessItemId>2025.23926d8a-e98b-409f-8c7a-44cf5bd86ca5</toProcessItemId>
        </link>
        <link name="Untitled">
            <lastModified isNull="true" />
            <lastModifiedBy isNull="true" />
            <processLinkId>2027.42821c6d-c68b-4f28-b0ca-08840a796a6b</processLinkId>
            <processId>1.13cc4635-1e1b-4165-9afa-6f411d4b4f62</processId>
            <description isNull="true" />
            <fromProcessItemId>2025.c751f89f-2b49-43d1-9e9d-e432e369663a</fromProcessItemId>
            <endStateId>guid:6d7d6833d25d646c:143c423:11226a15f86:-7ddf</endStateId>
            <toProcessItemId>2025.b88a9690-da6e-4825-9ec1-e9461cc1ff72</toProcessItemId>
            <guid>guid:197d4ddc90fc5427:-1c619ffe:11def1582ed:-7a82</guid>
            <versionId>6b4d2b89-491b-480d-9013-cf9c1e1662eb</versionId>
            <layoutData>
                <controlPoints />
                <showEndState>true</showEndState>
                <showName>false</showName>
            </layoutData>
            <fromItemPort locationId="rightCenter" portType="1" />
            <toItemPort locationId="leftCenter" portType="2" />
            <fromProcessItemId>2025.c751f89f-2b49-43d1-9e9d-e432e369663a</fromProcessItemId>
            <toProcessItemId>2025.b88a9690-da6e-4825-9ec1-e9461cc1ff72</toProcessItemId>
        </link>
        <link name="Untitled">
            <lastModified isNull="true" />
            <lastModifiedBy isNull="true" />
            <processLinkId>2027.0709c9b1-585b-474f-a7ee-3f435a5bf79e</processLinkId>
            <processId>1.13cc4635-1e1b-4165-9afa-6f411d4b4f62</processId>
            <description isNull="true" />
            <fromProcessItemId>2025.23926d8a-e98b-409f-8c7a-44cf5bd86ca5</fromProcessItemId>
            <endStateId>guid:6d7d6833d25d646c:143c423:11226a15f86:-7d9f</endStateId>
            <toProcessItemId>2025.45d1f51b-8567-4d26-a9cb-538f42727725</toProcessItemId>
            <guid>guid:197d4ddc90fc5427:-1c619ffe:11def1582ed:-7a84</guid>
            <versionId>6ea7c242-b352-4213-bcb2-5588822ae74b</versionId>
            <layoutData>
                <controlPoints />
                <showEndState>true</showEndState>
                <showName>false</showName>
            </layoutData>
            <fromItemPort locationId="rightCenter" portType="1" />
            <toItemPort locationId="leftCenter" portType="2" />
            <fromProcessItemId>2025.23926d8a-e98b-409f-8c7a-44cf5bd86ca5</fromProcessItemId>
            <toProcessItemId>2025.45d1f51b-8567-4d26-a9cb-538f42727725</toProcessItemId>
        </link>
        <link name="Untitled">
            <lastModified isNull="true" />
            <lastModifiedBy isNull="true" />
            <processLinkId>2027.6ac2eec3-a5dd-40b7-9660-9b11715a5068</processLinkId>
            <processId>1.13cc4635-1e1b-4165-9afa-6f411d4b4f62</processId>
            <description isNull="true" />
            <fromProcessItemId>2025.b88a9690-da6e-4825-9ec1-e9461cc1ff72</fromProcessItemId>
            <endStateId>Out</endStateId>
            <toProcessItemId>2025.23926d8a-e98b-409f-8c7a-44cf5bd86ca5</toProcessItemId>
            <guid>guid:197d4ddc90fc5427:-1c619ffe:11def1582ed:-7a80</guid>
            <versionId>783ebed0-daaa-4e95-9f4a-bf07ade0b219</versionId>
            <layoutData>
                <controlPoints />
                <showEndState>false</showEndState>
                <showName>false</showName>
            </layoutData>
            <fromItemPort locationId="rightCenter" portType="1" />
            <toItemPort locationId="leftCenter" portType="2" />
            <fromProcessItemId>2025.b88a9690-da6e-4825-9ec1-e9461cc1ff72</fromProcessItemId>
            <toProcessItemId>2025.23926d8a-e98b-409f-8c7a-44cf5bd86ca5</toProcessItemId>
        </link>
    </process>
</teamworks>

