<?xml version="1.0" encoding="UTF-8"?>
<teamworks>
    <process id="1.170cc716-b74b-4dcf-a730-bada14eb1ad9" name="lsw Create Insert CA Template Statement">
        <lastModified>1361372673512</lastModified>
        <lastModifiedBy>Internal TW Admin user</lastModifiedBy>
        <processId>1.170cc716-b74b-4dcf-a730-bada14eb1ad9</processId>
        <image isNull="true" />
        <tabGroup isNull="true" />
        <startingProcessItemId>2025.a0791195-f076-495d-92fa-951c301dff61</startingProcessItemId>
        <isRootProcess>false</isRootProcess>
        <processType>6</processType>
        <isErrorHandlerEnabled>false</isErrorHandlerEnabled>
        <errorHandlerItemId isNull="true" />
        <isLoggingVariables>false</isLoggingVariables>
        <isTransactional>false</isTransactional>
        <processTimingLevel isNull="true" />
        <participantRef isNull="true" />
        <exposedType isNull="true" />
        <isTrackingEnabled>true</isTrackingEnabled>
        <xmlData isNull="true" />
        <cachingType>false</cachingType>
        <itemLabel isNull="true" />
        <cacheLength>43200</cacheLength>
        <mobileReady>false</mobileReady>
        <sboSyncEnabled>true</sboSyncEnabled>
        <externalId isNull="true" />
        <isSecured>false</isSecured>
        <isAjaxExposed>false</isAjaxExposed>
        <description isNull="true" />
        <guid>guid:5a54f1704f1c1577:-6b56085f:12370558356:-7fee</guid>
        <versionId>656e61e6-c108-4454-8e06-93ae20d7bc69</versionId>
        <dependencySummary isNull="true" />
        <jsonData isNull="true" />
        <field1 isNull="true" />
        <field2 isNull="true" />
        <field3>0</field3>
        <field4 isNull="true" />
        <field5>false</field5>
        <clobField1 isNull="true" />
        <blobField1 isNull="true" />
        <processParameter name="templateName">
            <lastModified isNull="true" />
            <lastModifiedBy isNull="true" />
            <processParameterId>2055.cadb13bb-31a3-447c-b63c-61b46be648ca</processParameterId>
            <processId>1.170cc716-b74b-4dcf-a730-bada14eb1ad9</processId>
            <parameterType>1</parameterType>
            <isArrayOf>false</isArrayOf>
            <classId>/12.db884a3c-c533-44b7-bb2d-47bec8ad4022</classId>
            <seq>1</seq>
            <hasDefault>false</hasDefault>
            <defaultValue isNull="true" />
            <isLocked>false</isLocked>
            <description isNull="true" />
            <guid>guid:5a54f1704f1c1577:-6b56085f:12370558356:-7fea</guid>
            <versionId>681de148-ebbd-4a9c-b0ef-1ddfdfe17bbc</versionId>
        </processParameter>
        <processParameter name="bpdGUID">
            <lastModified isNull="true" />
            <lastModifiedBy isNull="true" />
            <processParameterId>2055.a6c57ccc-e4ed-47aa-ae5f-6db3e10ab950</processParameterId>
            <processId>1.170cc716-b74b-4dcf-a730-bada14eb1ad9</processId>
            <parameterType>1</parameterType>
            <isArrayOf>false</isArrayOf>
            <classId>/12.db884a3c-c533-44b7-bb2d-47bec8ad4022</classId>
            <seq>2</seq>
            <hasDefault>false</hasDefault>
            <defaultValue isNull="true" />
            <isLocked>false</isLocked>
            <description>The GUID of the top-level BPD for which to retrieve templates</description>
            <guid>guid:5a54f1704f1c1577:-6b56085f:12370558356:-7fe9</guid>
            <versionId>10109b6f-4fac-47ab-b793-37ee262f7b4e</versionId>
        </processParameter>
        <processParameter name="sqlStatement">
            <lastModified isNull="true" />
            <lastModifiedBy isNull="true" />
            <processParameterId>2055.717626df-42d4-477a-939d-97197208249e</processParameterId>
            <processId>1.170cc716-b74b-4dcf-a730-bada14eb1ad9</processId>
            <parameterType>2</parameterType>
            <isArrayOf>false</isArrayOf>
            <classId>/12.3990d8b4-983d-4250-bd06-3600f527fed0</classId>
            <seq>3</seq>
            <hasDefault>false</hasDefault>
            <defaultValue isNull="true" />
            <isLocked>false</isLocked>
            <description isNull="true" />
            <guid>guid:5a54f1704f1c1577:-6b56085f:12370558356:-7fe8</guid>
            <versionId>afc5ceaf-7baf-45fa-a18c-37cff680a7e9</versionId>
        </processParameter>
        <processParameter name="templateID">
            <lastModified isNull="true" />
            <lastModifiedBy isNull="true" />
            <processParameterId>2055.cba59e9a-2538-4fe0-9573-c08f01239e60</processParameterId>
            <processId>1.170cc716-b74b-4dcf-a730-bada14eb1ad9</processId>
            <parameterType>2</parameterType>
            <isArrayOf>false</isArrayOf>
            <classId>/12.db884a3c-c533-44b7-bb2d-47bec8ad4022</classId>
            <seq>4</seq>
            <hasDefault>false</hasDefault>
            <defaultValue isNull="true" />
            <isLocked>false</isLocked>
            <description isNull="true" />
            <guid>guid:5a54f1704f1c1577:-6b56085f:12370558356:-7fe7</guid>
            <versionId>5a442c33-e9c7-4c09-acd0-2e0181705db7</versionId>
        </processParameter>
        <processVariable name="sql">
            <lastModified isNull="true" />
            <lastModifiedBy isNull="true" />
            <processVariableId>2056.2320edac-fcbd-4790-adf1-c3fed6d39a9f</processVariableId>
            <description isNull="true" />
            <processId>1.170cc716-b74b-4dcf-a730-bada14eb1ad9</processId>
            <namespace>2</namespace>
            <seq>1</seq>
            <isArrayOf>false</isArrayOf>
            <isTransient>false</isTransient>
            <classId>/12.db884a3c-c533-44b7-bb2d-47bec8ad4022</classId>
            <hasDefault>false</hasDefault>
            <defaultValue isNull="true" />
            <guid>guid:5a54f1704f1c1577:-6b56085f:12370558356:-7fe6</guid>
            <versionId>11d14c1a-4dd9-4e7a-8b45-ea41151987a0</versionId>
        </processVariable>
        <item>
            <lastModified isNull="true" />
            <lastModifiedBy isNull="true" />
            <processItemId>2025.4cf1f837-e5eb-45fb-b2dd-2ceae6a4f824</processItemId>
            <processId>1.170cc716-b74b-4dcf-a730-bada14eb1ad9</processId>
            <name>Create Statement</name>
            <tWComponentName>Script</tWComponentName>
            <tWComponentId>3011.52eb8e44-3431-48de-ab39-406f7d50f387</tWComponentId>
            <isLogEnabled>false</isLogEnabled>
            <isTraceEnabled>false</isTraceEnabled>
            <traceCategory isNull="true" />
            <traceLevel isNull="true" />
            <traceMessage isNull="true" />
            <traceSymbolTable isNull="true" />
            <isExecutionContextTraced>false</isExecutionContextTraced>
            <saveExecutionContext>false</saveExecutionContext>
            <documentation isNull="true" />
            <isErrorHandlerEnabled>false</isErrorHandlerEnabled>
            <errorHandlerItemId isNull="true" />
            <guid>guid:5a54f1704f1c1577:-6b56085f:12370558356:-7fda</guid>
            <versionId>5ac70e2b-e71b-489b-9035-c8491afefde7</versionId>
            <externalServiceRef isNull="true" />
            <externalServiceOp isNull="true" />
            <nodeColor isNull="true" />
            <layoutData x="449" y="92">
                <errorLink>
                    <controlPoints />
                    <showEndState>false</showEndState>
                    <showName>false</showName>
                </errorLink>
            </layoutData>
            <TWComponent>
                <lastModified isNull="true" />
                <lastModifiedBy isNull="true" />
                <scriptId>3011.52eb8e44-3431-48de-ab39-406f7d50f387</scriptId>
                <scriptTypeId>2</scriptTypeId>
                <isActive>true</isActive>
                <script>tw.local.sqlStatement = newSQLStatement(tw.local.sql);
addSQLParameter(tw.local.sqlStatement, tw.local.templateID);
addSQLParameter(tw.local.sqlStatement, tw.local.templateName);
addSQLParameter(tw.local.sqlStatement, tw.local.bpdGUID);
</script>
                <isRule>false</isRule>
                <guid>guid:5a54f1704f1c1577:-6b56085f:12370558356:-7fdb</guid>
                <versionId>3232567e-92e7-428d-a20c-60cb8699f131</versionId>
            </TWComponent>
        </item>
        <item>
            <lastModified isNull="true" />
            <lastModifiedBy isNull="true" />
            <processItemId>2025.267faf71-30c8-4ed0-a02f-6ea640e64775</processItemId>
            <processId>1.170cc716-b74b-4dcf-a730-bada14eb1ad9</processId>
            <name>Build Insert SQL</name>
            <tWComponentName>Script</tWComponentName>
            <tWComponentId>3011.dabdbd82-1962-413f-be35-15716001fffa</tWComponentId>
            <isLogEnabled>false</isLogEnabled>
            <isTraceEnabled>false</isTraceEnabled>
            <traceCategory isNull="true" />
            <traceLevel isNull="true" />
            <traceMessage isNull="true" />
            <traceSymbolTable isNull="true" />
            <isExecutionContextTraced>false</isExecutionContextTraced>
            <saveExecutionContext>false</saveExecutionContext>
            <documentation isNull="true" />
            <isErrorHandlerEnabled>false</isErrorHandlerEnabled>
            <errorHandlerItemId isNull="true" />
            <guid>guid:5a54f1704f1c1577:-6b56085f:12370558356:-7fde</guid>
            <versionId>6b21d39e-151c-418a-9967-27afa11e2561</versionId>
            <externalServiceRef isNull="true" />
            <externalServiceOp isNull="true" />
            <nodeColor isNull="true" />
            <layoutData x="299" y="86">
                <errorLink>
                    <controlPoints />
                    <showEndState>false</showEndState>
                    <showName>false</showName>
                </errorLink>
            </layoutData>
            <TWComponent>
                <lastModified isNull="true" />
                <lastModifiedBy isNull="true" />
                <scriptId>3011.dabdbd82-1962-413f-be35-15716001fffa</scriptId>
                <scriptTypeId>128</scriptTypeId>
                <isActive>true</isActive>
                <script>tw.local.sql
INSERT INTO lsw_ca_template (id, name, bpd_guid) VALUES (?, ?, ?)</script>
                <isRule>false</isRule>
                <guid>guid:5a54f1704f1c1577:-6b56085f:12370558356:-7fdf</guid>
                <versionId>a1a1db60-9686-4622-890a-8f7745cdf7e1</versionId>
            </TWComponent>
        </item>
        <item>
            <lastModified isNull="true" />
            <lastModifiedBy isNull="true" />
            <processItemId>2025.a0791195-f076-495d-92fa-951c301dff61</processItemId>
            <processId>1.170cc716-b74b-4dcf-a730-bada14eb1ad9</processId>
            <name>Get Next Template ID</name>
            <tWComponentName>SubProcess</tWComponentName>
            <tWComponentId>3012.68072b8b-6759-4f98-8d53-4ef698e11d35</tWComponentId>
            <isLogEnabled>false</isLogEnabled>
            <isTraceEnabled>false</isTraceEnabled>
            <traceCategory isNull="true" />
            <traceLevel isNull="true" />
            <traceMessage isNull="true" />
            <traceSymbolTable isNull="true" />
            <isExecutionContextTraced>false</isExecutionContextTraced>
            <saveExecutionContext>false</saveExecutionContext>
            <documentation isNull="true" />
            <isErrorHandlerEnabled>false</isErrorHandlerEnabled>
            <errorHandlerItemId isNull="true" />
            <guid>guid:5a54f1704f1c1577:-6b56085f:12370558356:-7fe4</guid>
            <versionId>a6547e86-2e8d-4cd3-bcf0-197c77d6c3f6</versionId>
            <externalServiceRef isNull="true" />
            <externalServiceOp isNull="true" />
            <nodeColor isNull="true" />
            <layoutData x="148" y="89">
                <errorLink>
                    <controlPoints />
                    <showEndState>false</showEndState>
                    <showName>false</showName>
                </errorLink>
            </layoutData>
            <TWComponent>
                <lastModified isNull="true" />
                <lastModifiedBy isNull="true" />
                <subProcessId>3012.68072b8b-6759-4f98-8d53-4ef698e11d35</subProcessId>
                <attachedProcessRef>/1.e6d03d0c-1717-4844-a6ad-49c3bb8fa204</attachedProcessRef>
                <guid>guid:5a54f1704f1c1577:-6b56085f:12370558356:-7fe3</guid>
                <versionId>e3171bec-3ec5-4e5d-a939-55ec11fee279</versionId>
                <parameterMapping name="primaryKey">
                    <lastModified isNull="true" />
                    <lastModifiedBy isNull="true" />
                    <parameterMappingId>2054.fb617cb9-c6d3-43d6-914b-4c5aa034c1e8</parameterMappingId>
                    <processParameterId>2055.7788aa03-0200-46bb-b776-803195ddb618</processParameterId>
                    <parameterMappingParentId>3012.68072b8b-6759-4f98-8d53-4ef698e11d35</parameterMappingParentId>
                    <useDefault>false</useDefault>
                    <value>tw.local.templateID</value>
                    <classRef>/12.db884a3c-c533-44b7-bb2d-47bec8ad4022</classRef>
                    <isList>false</isList>
                    <isInput>false</isInput>
                    <guid>guid:5a54f1704f1c1577:-6b56085f:12370558356:-7fe2</guid>
                    <versionId>066dda8a-da04-466a-a77a-a11a0ac4d394</versionId>
                    <description isNull="true" />
                </parameterMapping>
            </TWComponent>
        </item>
        <item>
            <lastModified isNull="true" />
            <lastModifiedBy isNull="true" />
            <processItemId>2025.19b0261f-405b-4666-90d2-49005eae904f</processItemId>
            <processId>1.170cc716-b74b-4dcf-a730-bada14eb1ad9</processId>
            <name>End</name>
            <tWComponentName>ExitPoint</tWComponentName>
            <tWComponentId>3008.d10ab651-0c98-43f9-98b0-61124a20fbe3</tWComponentId>
            <isLogEnabled>false</isLogEnabled>
            <isTraceEnabled>false</isTraceEnabled>
            <traceCategory isNull="true" />
            <traceLevel isNull="true" />
            <traceMessage isNull="true" />
            <traceSymbolTable isNull="true" />
            <isExecutionContextTraced>false</isExecutionContextTraced>
            <saveExecutionContext>true</saveExecutionContext>
            <documentation isNull="true" />
            <isErrorHandlerEnabled>false</isErrorHandlerEnabled>
            <errorHandlerItemId isNull="true" />
            <guid>guid:5a54f1704f1c1577:-6b56085f:12370558356:-7fec</guid>
            <versionId>e196a812-e222-4133-88b7-005d5401963b</versionId>
            <externalServiceRef isNull="true" />
            <externalServiceOp isNull="true" />
            <nodeColor isNull="true" />
            <layoutData x="581" y="99">
                <errorLink>
                    <controlPoints />
                    <showEndState>false</showEndState>
                    <showName>false</showName>
                </errorLink>
            </layoutData>
            <TWComponent>
                <lastModified isNull="true" />
                <lastModifiedBy isNull="true" />
                <exitPointId>3008.d10ab651-0c98-43f9-98b0-61124a20fbe3</exitPointId>
                <haltProcess>false</haltProcess>
                <guid>guid:5a54f1704f1c1577:-6b56085f:12370558356:-7feb</guid>
                <versionId>128410f9-dcec-4aba-970d-ce70384801ef</versionId>
            </TWComponent>
        </item>
        <startingProcessItemId>2025.a0791195-f076-495d-92fa-951c301dff61</startingProcessItemId>
        <errorHandlerItemId isNull="true" />
        <layoutData noConversion="true">
            <errorLink>
                <controlPoints />
                <showEndState>false</showEndState>
                <showName>false</showName>
            </errorLink>
        </layoutData>
        <startPoint>
            <layoutData x="20" y="100">
                <errorLink>
                    <controlPoints />
                    <showEndState>false</showEndState>
                    <showName>false</showName>
                </errorLink>
            </layoutData>
        </startPoint>
        <startLink>
            <fromPort locationId="rightCenter" portType="1" />
            <toPort locationId="leftCenter" portType="2" />
            <layoutData>
                <controlPoints />
                <showEndState>false</showEndState>
                <showName>false</showName>
            </layoutData>
        </startLink>
        <link name="Untitled">
            <lastModified isNull="true" />
            <lastModifiedBy isNull="true" />
            <processLinkId>2027.aee5a860-4f79-4ebd-9762-13266d18039e</processLinkId>
            <processId>1.170cc716-b74b-4dcf-a730-bada14eb1ad9</processId>
            <description isNull="true" />
            <fromProcessItemId>2025.a0791195-f076-495d-92fa-951c301dff61</fromProcessItemId>
            <endStateId>guid:5a54f1704f1c1577:-6b56085f:12370558356:-7ff8</endStateId>
            <toProcessItemId>2025.267faf71-30c8-4ed0-a02f-6ea640e64775</toProcessItemId>
            <guid>guid:5a54f1704f1c1577:-6b56085f:12370558356:-7fd9</guid>
            <versionId>105f2747-3a09-42a1-93f8-dd82fe420fa9</versionId>
            <layoutData>
                <controlPoints />
                <showEndState>false</showEndState>
                <showName>false</showName>
            </layoutData>
            <fromItemPort locationId="rightCenter" portType="1" />
            <toItemPort locationId="leftCenter" portType="2" />
            <fromProcessItemId>2025.a0791195-f076-495d-92fa-951c301dff61</fromProcessItemId>
            <toProcessItemId>2025.267faf71-30c8-4ed0-a02f-6ea640e64775</toProcessItemId>
        </link>
        <link name="Untitled">
            <lastModified isNull="true" />
            <lastModifiedBy isNull="true" />
            <processLinkId>2027.2b95b70d-7ff0-4ab6-b909-c28c348f999a</processLinkId>
            <processId>1.170cc716-b74b-4dcf-a730-bada14eb1ad9</processId>
            <description isNull="true" />
            <fromProcessItemId>2025.4cf1f837-e5eb-45fb-b2dd-2ceae6a4f824</fromProcessItemId>
            <endStateId>Out</endStateId>
            <toProcessItemId>2025.19b0261f-405b-4666-90d2-49005eae904f</toProcessItemId>
            <guid>guid:5a54f1704f1c1577:-6b56085f:12370558356:-7fd7</guid>
            <versionId>8bcc464d-a9a1-451a-9e76-ce6d4a1e6006</versionId>
            <layoutData>
                <controlPoints />
                <showEndState>false</showEndState>
                <showName>false</showName>
            </layoutData>
            <fromItemPort locationId="rightCenter" portType="1" />
            <toItemPort locationId="leftCenter" portType="2" />
            <fromProcessItemId>2025.4cf1f837-e5eb-45fb-b2dd-2ceae6a4f824</fromProcessItemId>
            <toProcessItemId>2025.19b0261f-405b-4666-90d2-49005eae904f</toProcessItemId>
        </link>
        <link name="Untitled">
            <lastModified isNull="true" />
            <lastModifiedBy isNull="true" />
            <processLinkId>2027.749e3506-b414-4ede-937c-081fb7f80d80</processLinkId>
            <processId>1.170cc716-b74b-4dcf-a730-bada14eb1ad9</processId>
            <description isNull="true" />
            <fromProcessItemId>2025.267faf71-30c8-4ed0-a02f-6ea640e64775</fromProcessItemId>
            <endStateId>Out</endStateId>
            <toProcessItemId>2025.4cf1f837-e5eb-45fb-b2dd-2ceae6a4f824</toProcessItemId>
            <guid>guid:5a54f1704f1c1577:-6b56085f:12370558356:-7fd8</guid>
            <versionId>a4138323-18a2-49e6-b9e8-a07a9001d00d</versionId>
            <layoutData>
                <controlPoints />
                <showEndState>false</showEndState>
                <showName>false</showName>
            </layoutData>
            <fromItemPort locationId="rightCenter" portType="1" />
            <toItemPort locationId="leftCenter" portType="2" />
            <fromProcessItemId>2025.267faf71-30c8-4ed0-a02f-6ea640e64775</fromProcessItemId>
            <toProcessItemId>2025.4cf1f837-e5eb-45fb-b2dd-2ceae6a4f824</toProcessItemId>
        </link>
    </process>
</teamworks>

