<?xml version="1.0" encoding="UTF-8"?>
<teamworks>
    <process id="1.1de5212f-7336-4924-b448-6163c0f29aac" name="SimpleXMLValidator">
        <lastModified>1469214897386</lastModified>
        <lastModifiedBy>tw_admin</lastModifiedBy>
        <processId>1.1de5212f-7336-4924-b448-6163c0f29aac</processId>
        <image isNull="true" />
        <tabGroup isNull="true" />
        <startingProcessItemId isNull="true" />
        <isRootProcess>false</isRootProcess>
        <processType>11</processType>
        <isErrorHandlerEnabled>false</isErrorHandlerEnabled>
        <errorHandlerItemId isNull="true" />
        <isLoggingVariables>false</isLoggingVariables>
        <isTransactional>false</isTransactional>
        <processTimingLevel isNull="true" />
        <participantRef isNull="true" />
        <exposedType isNull="true" />
        <isTrackingEnabled>true</isTrackingEnabled>
        <xmlData isNull="true" />
        <cachingType>false</cachingType>
        <itemLabel isNull="true" />
        <cacheLength isNull="true" />
        <mobileReady>false</mobileReady>
        <sboSyncEnabled>true</sboSyncEnabled>
        <externalId>{teamworks}_5d859299-0d1e-463c-9f50-0ec476a69d00</externalId>
        <isSecured>false</isSecured>
        <isAjaxExposed>false</isAjaxExposed>
        <description isNull="true" />
        <guid>guid:367ee477494e97ef:-7d75d2f1:15613495bba:-7b53</guid>
        <versionId>8392e537-d60d-4b08-a60b-9adadbff4160</versionId>
        <dependencySummary isNull="true" />
        <jsonData isNull="true" />
        <field1 isNull="true" />
        <field2 isNull="true" />
        <field3>0</field3>
        <field4 isNull="true" />
        <field5>false</field5>
        <clobField1 isNull="true" />
        <blobField1 isNull="true" />
        <item>
            <lastModified isNull="true" />
            <lastModifiedBy isNull="true" />
            <processItemId>2025.afcce326-a32e-45c5-b53a-fb7d8ed729dd</processItemId>
            <processId>1.1de5212f-7336-4924-b448-6163c0f29aac</processId>
            <name>End</name>
            <tWComponentName>ExitPoint</tWComponentName>
            <tWComponentId>3008.35a11db3-6d63-4fbf-a2d4-829d3e3e7a4f</tWComponentId>
            <isLogEnabled>false</isLogEnabled>
            <isTraceEnabled>false</isTraceEnabled>
            <traceCategory isNull="true" />
            <traceLevel isNull="true" />
            <traceMessage isNull="true" />
            <traceSymbolTable isNull="true" />
            <isExecutionContextTraced>false</isExecutionContextTraced>
            <saveExecutionContext>true</saveExecutionContext>
            <documentation isNull="true" />
            <isErrorHandlerEnabled>false</isErrorHandlerEnabled>
            <errorHandlerItemId isNull="true" />
            <guid>guid:367ee477494e97ef:-7d75d2f1:15613495bba:-7b52</guid>
            <versionId>7c9019e7-895c-432e-b98b-9d052c558ce9</versionId>
            <externalServiceRef isNull="true" />
            <externalServiceOp isNull="true" />
            <nodeColor isNull="true" />
            <layoutData x="0" y="0">
                <errorLink>
                    <controlPoints />
                    <showEndState>false</showEndState>
                    <showName>false</showName>
                </errorLink>
            </layoutData>
            <TWComponent>
                <lastModified isNull="true" />
                <lastModifiedBy isNull="true" />
                <exitPointId>3008.35a11db3-6d63-4fbf-a2d4-829d3e3e7a4f</exitPointId>
                <haltProcess>false</haltProcess>
                <guid>cfa80a7d-ec6a-4789-a86f-6b55aeca35cc</guid>
                <versionId>a1c445c1-dd84-4c3f-986b-3b557fe840da</versionId>
            </TWComponent>
        </item>
        <startingProcessItemId isNull="true" />
        <errorHandlerItemId isNull="true" />
        <layoutData noConversion="true">
            <errorLink>
                <controlPoints />
                <showEndState>false</showEndState>
                <showName>false</showName>
            </errorLink>
        </layoutData>
        <startPoint>
            <layoutData x="0" y="0">
                <errorLink>
                    <controlPoints />
                    <showEndState>false</showEndState>
                    <showName>false</showName>
                </errorLink>
            </layoutData>
        </startPoint>
        <startLink>
            <fromPort locationId="rightCenter" portType="1" />
            <toPort locationId="rightCenter" portType="2" />
            <layoutData>
                <controlPoints />
                <showEndState>false</showEndState>
                <showName>false</showName>
            </layoutData>
        </startLink>
        <bpmn2Model>
            <ns13:definitions xmlns:ns13="http://www.omg.org/spec/BPMN/20100524/MODEL" xmlns:ns2="http://www.ibm.com/xmlns/prod/bpm/bpmn/ext/trackinggroup" xmlns:ns3="http://www.ibm.com/xmlns/prod/bpm/bpmn/ext/process" xmlns:ns4="http://www.ibm.com/xmlns/prod/bpm/bpmn/ext/process/wle" xmlns:ns5="http://www.ibm.com/xmlns/prod/bpm/bpmn/ext/process/case" xmlns:ns6="http://www.ibm.com/bpm/Extensions" xmlns:ns7="http://www.ibm.com/xmlns/prod/bpm/bpmn/ext/team" xmlns:ns8="http://www.ibm.com/xmlns/bpmnx/20100524/v1/BusinessVocabulary" xmlns:ns9="http://www.omg.org/spec/DD/20100524/DI" xmlns:ns10="http://www.omg.org/spec/DD/20100524/DC" xmlns:ns11="http://www.omg.org/spec/BPMN/20100524/BPMNDI" xmlns:ns12="http://www.ibm.com/xmlns/prod/bpm/graph" xmlns:ns14="http://www.ibm.com/xmlns/prod/bpm/bpmn/ext/extservice" xmlns:ns15="http://www.ibm.com/xmlns/prod/bpm/bpmn/ext/process/auth" xmlns:ns16="http://www.ibm.com/xmlns/links" xmlns:ns17="http://www.ibm.com/bpm/uitheme" xmlns:ns18="http://www.ibm.com/xmlns/tagging" id="_6f6876ec-0f1e-4dac-9a0c-12a6d87b2aff" targetNamespace="teamworks" expressionLanguage="http://www.ibm.com/xmlns/prod/bpm/expression-lang/javascript">
                
                
                <ns13:interface name="SimpleXMLValidator" id="_1a34f978-7f76-4d5f-9d22-fafa04aad5d5">
                    
                    
                    <ns13:documentation />
                    
                    
                    <ns13:operation name="validate" id="_5bea1b2a-bca4-4c7c-89be-07f04972438a">
                        
                        
                        <ns13:extensionElements>
                            
                            
                            <ns15:businessSignature>
                                
                                
                                <ns15:input id="_d24d1f40-56ac-4ba3-acc2-6cd406705f53">
                                    
                                    
                                    <ns15:name>file</ns15:name>
                                    
                                    
                                    <ns15:description>*File (File)</ns15:description>
                                    
                                    
                                    <ns15:typeRefPO>itm.12.8a176cc2-eebb-4310-a9c7-9bc62b3a8002</ns15:typeRefPO>
                                    
                                    
                                    <ns15:path>Parameter 1</ns15:path>
                                    
                                    
                                    <ns15:isCollection>false</ns15:isCollection>
                                    
                                
                                </ns15:input>
                                
                                
                                <ns15:output id="_f74e4ba5-9953-40f6-9a63-5111b5626b8a">
                                    
                                    
                                    <ns15:name>results</ns15:name>
                                    
                                    
                                    <ns15:description />
                                    
                                    
                                    <ns15:typeRefPO>itm.12.90c5b1d3-3fa1-4b3b-ab27-220b0652dc55</ns15:typeRefPO>
                                    
                                    
                                    <ns15:path>Return Value</ns15:path>
                                    
                                    
                                    <ns15:isCollection>false</ns15:isCollection>
                                    
                                
                                </ns15:output>
                                
                            
                            </ns15:businessSignature>
                            
                        
                        </ns13:extensionElements>
                        
                    
                    </ns13:operation>
                    
                    
                    <ns13:operation name="validate" id="_b4e3a7c3-ae76-4548-a4d7-d894b9e3c069">
                        
                        
                        <ns13:extensionElements>
                            
                            
                            <ns15:businessSignature>
                                
                                
                                <ns15:input id="_71f61117-d134-48cc-95d4-a6541c314339">
                                    
                                    
                                    <ns15:name>url</ns15:name>
                                    
                                    
                                    <ns15:description>*URL (URL)</ns15:description>
                                    
                                    
                                    <ns15:typeRefPO>itm.12.010f99b3-dd03-4f3d-938f-55f109a8bbb7</ns15:typeRefPO>
                                    
                                    
                                    <ns15:path>Parameter 1</ns15:path>
                                    
                                    
                                    <ns15:isCollection>false</ns15:isCollection>
                                    
                                
                                </ns15:input>
                                
                                
                                <ns15:output id="_69962ddd-169c-4c7d-9efa-d280b8b79c7a">
                                    
                                    
                                    <ns15:name>results</ns15:name>
                                    
                                    
                                    <ns15:description />
                                    
                                    
                                    <ns15:typeRefPO>itm.12.90c5b1d3-3fa1-4b3b-ab27-220b0652dc55</ns15:typeRefPO>
                                    
                                    
                                    <ns15:path>Return Value</ns15:path>
                                    
                                    
                                    <ns15:isCollection>false</ns15:isCollection>
                                    
                                
                                </ns15:output>
                                
                            
                            </ns15:businessSignature>
                            
                        
                        </ns13:extensionElements>
                        
                    
                    </ns13:operation>
                    
                    
                    <ns13:operation name="validate" id="_734746ba-f434-4572-b3a5-68cff5a79ccf">
                        
                        
                        <ns13:extensionElements>
                            
                            
                            <ns15:businessSignature>
                                
                                
                                <ns15:input id="_31767eaa-fac9-4d5d-abcf-008562bfcaff">
                                    
                                    
                                    <ns15:name>xml</ns15:name>
                                    
                                    
                                    <ns15:description>*XML (String)</ns15:description>
                                    
                                    
                                    <ns15:typeRef>{http://www.w3.org/2001/XMLSchema}string</ns15:typeRef>
                                    
                                    
                                    <ns15:typeRefPO>itm.12.db884a3c-c533-44b7-bb2d-47bec8ad4022</ns15:typeRefPO>
                                    
                                    
                                    <ns15:path>Parameter 1</ns15:path>
                                    
                                    
                                    <ns15:isCollection>false</ns15:isCollection>
                                    
                                
                                </ns15:input>
                                
                                
                                <ns15:output id="_7b8d66a3-74de-48a6-96c1-3afa5b525156">
                                    
                                    
                                    <ns15:name>results</ns15:name>
                                    
                                    
                                    <ns15:description />
                                    
                                    
                                    <ns15:typeRefPO>itm.12.90c5b1d3-3fa1-4b3b-ab27-220b0652dc55</ns15:typeRefPO>
                                    
                                    
                                    <ns15:path>Return Value</ns15:path>
                                    
                                    
                                    <ns15:isCollection>false</ns15:isCollection>
                                    
                                
                                </ns15:output>
                                
                            
                            </ns15:businessSignature>
                            
                        
                        </ns13:extensionElements>
                        
                    
                    </ns13:operation>
                    
                
                </ns13:interface>
                
                
                <ns13:endPoint>
                    
                    
                    <ns13:extensionElements>
                        
                        
                        <ns14:externalService interfaceRef="_1a34f978-7f76-4d5f-9d22-fafa04aad5d5" name="SimpleXMLValidator" id="_5d859299-0d1e-463c-9f50-0ec476a69d00">
                            
                            
                            <ns14:javaBinding className="teamworks.SimpleXMLValidator">
                                
                                
                                <ns14:methodBindings name="validate">
                                    
                                    
                                    <ns14:inputParameter name="file" type="java.io.File" />
                                    
                                    
                                    <ns14:outputParameter name="results" type="java.util.HashMap" />
                                    
                                
                                </ns14:methodBindings>
                                
                                
                                <ns14:methodBindings name="validate">
                                    
                                    
                                    <ns14:inputParameter name="url" type="java.net.URL" />
                                    
                                    
                                    <ns14:outputParameter name="results" type="java.util.HashMap" />
                                    
                                
                                </ns14:methodBindings>
                                
                                
                                <ns14:methodBindings name="validate">
                                    
                                    
                                    <ns14:inputParameter name="xml" type="java.lang.String" />
                                    
                                    
                                    <ns14:outputParameter name="results" type="java.util.HashMap" />
                                    
                                
                                </ns14:methodBindings>
                                
                                
                                <ns14:endpoints>
                                    
                                    
                                    <ns14:jarFileRef>61.21055fe7-1372-40e0-bb0e-b887403bb7d1</ns14:jarFileRef>
                                    
                                
                                </ns14:endpoints>
                                
                            
                            </ns14:javaBinding>
                            
                        
                        </ns14:externalService>
                        
                    
                    </ns13:extensionElements>
                    
                
                </ns13:endPoint>
                
            
            </ns13:definitions>
        </bpmn2Model>
    </process>
</teamworks>

