<?xml version="1.0" encoding="UTF-8"?>
<teamworks>
    <process id="1.2ea47fff-c2b2-4eed-a03c-b88f945bbc33" name="Transform XML Document to Document using XSL File">
        <lastModified>1361372673512</lastModified>
        <lastModifiedBy>Internal TW Admin user</lastModifiedBy>
        <processId>1.2ea47fff-c2b2-4eed-a03c-b88f945bbc33</processId>
        <image isNull="true" />
        <tabGroup isNull="true" />
        <startingProcessItemId>2025.a1ceca08-9aa4-4736-94f5-26fd5c1b406c</startingProcessItemId>
        <isRootProcess>false</isRootProcess>
        <processType>4</processType>
        <isErrorHandlerEnabled>false</isErrorHandlerEnabled>
        <errorHandlerItemId isNull="true" />
        <isLoggingVariables>false</isLoggingVariables>
        <isTransactional>false</isTransactional>
        <processTimingLevel isNull="true" />
        <participantRef isNull="true" />
        <exposedType isNull="true" />
        <isTrackingEnabled>true</isTrackingEnabled>
        <xmlData isNull="true" />
        <cachingType>false</cachingType>
        <itemLabel isNull="true" />
        <cacheLength>43200</cacheLength>
        <mobileReady>false</mobileReady>
        <sboSyncEnabled>true</sboSyncEnabled>
        <externalId isNull="true" />
        <isSecured>false</isSecured>
        <isAjaxExposed>false</isAjaxExposed>
        <description>Transforms an XML DOM Document using the specified XSL file and returns the result as an XML DOM Document. This connector also accepts parameters.</description>
        <guid>guid:ac70c5102155843b:-c98e6e4:123fff4ea56:-5a3d</guid>
        <versionId>02661d3f-b639-4ab6-a378-ed83d9c9dfa8</versionId>
        <dependencySummary isNull="true" />
        <jsonData isNull="true" />
        <field1 isNull="true" />
        <field2 isNull="true" />
        <field3>0</field3>
        <field4 isNull="true" />
        <field5>false</field5>
        <clobField1 isNull="true" />
        <blobField1 isNull="true" />
        <processParameter name="xmlDocument">
            <lastModified isNull="true" />
            <lastModifiedBy isNull="true" />
            <processParameterId>2055.52b10f3c-e8e8-4f84-8291-8bc7d9578175</processParameterId>
            <processId>1.2ea47fff-c2b2-4eed-a03c-b88f945bbc33</processId>
            <parameterType>1</parameterType>
            <isArrayOf>false</isArrayOf>
            <classId>/12.4715ae70-6fe9-4d51-a010-20ddb068bcdb</classId>
            <seq>1</seq>
            <hasDefault>false</hasDefault>
            <defaultValue isNull="true" />
            <isLocked>false</isLocked>
            <description>XML document to transform</description>
            <guid>guid:ac70c5102155843b:-c98e6e4:123fff4ea56:-5a3b</guid>
            <versionId>607f586c-6fe0-447c-bc40-ddc37c88b135</versionId>
        </processParameter>
        <processParameter name="xslFile">
            <lastModified isNull="true" />
            <lastModifiedBy isNull="true" />
            <processParameterId>2055.804233a0-0165-452a-ac85-28939305cdd3</processParameterId>
            <processId>1.2ea47fff-c2b2-4eed-a03c-b88f945bbc33</processId>
            <parameterType>1</parameterType>
            <isArrayOf>false</isArrayOf>
            <classId>/12.db884a3c-c533-44b7-bb2d-47bec8ad4022</classId>
            <seq>2</seq>
            <hasDefault>false</hasDefault>
            <defaultValue isNull="true" />
            <isLocked>false</isLocked>
            <description>Path to XSL file used to transform XML</description>
            <guid>guid:ac70c5102155843b:-c98e6e4:123fff4ea56:-5a39</guid>
            <versionId>59f54ee4-954a-47b8-b30d-f36162a72a61</versionId>
        </processParameter>
        <processParameter name="params">
            <lastModified isNull="true" />
            <lastModifiedBy isNull="true" />
            <processParameterId>2055.22e1fd04-4ffa-4127-baec-97f0251a4f21</processParameterId>
            <processId>1.2ea47fff-c2b2-4eed-a03c-b88f945bbc33</processId>
            <parameterType>1</parameterType>
            <isArrayOf>false</isArrayOf>
            <classId>/12.90c5b1d3-3fa1-4b3b-ab27-220b0652dc55</classId>
            <seq>3</seq>
            <hasDefault>true</hasDefault>
            <defaultValue isNull="true" />
            <isLocked>false</isLocked>
            <description>Parameters to be used during transformation.</description>
            <guid>guid:ac70c5102155843b:-c98e6e4:123fff4ea56:-5a37</guid>
            <versionId>f3cd378d-6ee5-4194-b6a8-c843b17d7014</versionId>
        </processParameter>
        <processParameter name="results">
            <lastModified isNull="true" />
            <lastModifiedBy isNull="true" />
            <processParameterId>2055.595a1930-2793-4d47-b100-88473c2c9437</processParameterId>
            <processId>1.2ea47fff-c2b2-4eed-a03c-b88f945bbc33</processId>
            <parameterType>2</parameterType>
            <isArrayOf>false</isArrayOf>
            <classId>/12.4715ae70-6fe9-4d51-a010-20ddb068bcdb</classId>
            <seq>4</seq>
            <hasDefault>false</hasDefault>
            <defaultValue isNull="true" />
            <isLocked>false</isLocked>
            <description isNull="true" />
            <guid>guid:ac70c5102155843b:-c98e6e4:123fff4ea56:-5a35</guid>
            <versionId>c5c27ae3-39d4-498e-b57e-d65b2f1bc0f0</versionId>
        </processParameter>
        <item>
            <lastModified isNull="true" />
            <lastModifiedBy isNull="true" />
            <processItemId>2025.a1ceca08-9aa4-4736-94f5-26fd5c1b406c</processItemId>
            <processId>1.2ea47fff-c2b2-4eed-a03c-b88f945bbc33</processId>
            <name>Transform XML</name>
            <tWComponentName>JavaConnector</tWComponentName>
            <tWComponentId>3022.1c08c6e6-9081-46c5-be18-0f1c6abb70cc</tWComponentId>
            <isLogEnabled>false</isLogEnabled>
            <isTraceEnabled>false</isTraceEnabled>
            <traceCategory isNull="true" />
            <traceLevel isNull="true" />
            <traceMessage isNull="true" />
            <traceSymbolTable isNull="true" />
            <isExecutionContextTraced>false</isExecutionContextTraced>
            <saveExecutionContext>false</saveExecutionContext>
            <documentation isNull="true" />
            <isErrorHandlerEnabled>false</isErrorHandlerEnabled>
            <errorHandlerItemId isNull="true" />
            <guid>guid:ac70c5102155843b:-c98e6e4:123fff4ea56:-5a29</guid>
            <versionId>1851d7ec-17a3-4ed4-a21e-d4ff4953c4a4</versionId>
            <externalServiceRef isNull="true" />
            <externalServiceOp isNull="true" />
            <nodeColor isNull="true" />
            <layoutData x="145" y="85">
                <errorLink>
                    <controlPoints />
                    <showEndState>false</showEndState>
                    <showName>false</showName>
                </errorLink>
            </layoutData>
            <TWComponent>
                <lastModified isNull="true" />
                <lastModifiedBy isNull="true" />
                <javaConnectorId>3022.1c08c6e6-9081-46c5-be18-0f1c6abb70cc</javaConnectorId>
                <definition>&lt;connector&gt;
  &lt;javaClassName&gt;teamworks.XSLConnector&lt;/javaClassName&gt;
  &lt;isCompatible&gt;false&lt;/isCompatible&gt;
  &lt;methodName&gt;transformToXML&lt;/methodName&gt;
  &lt;inputRecord&gt;
    &lt;element type="org.jdom.Document" nativeType="org.jdom.Document" parameter="Parameter 0" argument="tw.local.xmlDocument" description="XML Document" /&gt;
    &lt;element type="java.lang.String" nativeType="java.lang.String" parameter="Parameter 1" argument="tw.local.xslFile" description="XSL File Path" /&gt;
    &lt;element type="java.util.HashMap" nativeType="java.util.HashMap" parameter="Parameter 2" argument="tw.local.params" description="Parameters" /&gt;
  &lt;/inputRecord&gt;
  &lt;outputRecord&gt;
    &lt;element type="org.jdom.Document" nativeType="org.jdom.Document" parameter="Return Value" argument="tw.local.results" description="" /&gt;
  &lt;/outputRecord&gt;
&lt;/connector&gt;</definition>
                <guid>guid:ac70c5102155843b:-c98e6e4:123fff4ea56:-5a2c</guid>
                <versionId>3f6cf20a-4193-43a7-81c9-f8b6ec539d64</versionId>
            </TWComponent>
        </item>
        <item>
            <lastModified isNull="true" />
            <lastModifiedBy isNull="true" />
            <processItemId>2025.9b0a6f0d-2ca7-459a-ad15-634521b0744e</processItemId>
            <processId>1.2ea47fff-c2b2-4eed-a03c-b88f945bbc33</processId>
            <name>End</name>
            <tWComponentName>ExitPoint</tWComponentName>
            <tWComponentId>3008.9d61238c-99a2-4f5c-be0e-776f3e2211a2</tWComponentId>
            <isLogEnabled>false</isLogEnabled>
            <isTraceEnabled>false</isTraceEnabled>
            <traceCategory isNull="true" />
            <traceLevel isNull="true" />
            <traceMessage isNull="true" />
            <traceSymbolTable isNull="true" />
            <isExecutionContextTraced>false</isExecutionContextTraced>
            <saveExecutionContext>true</saveExecutionContext>
            <documentation isNull="true" />
            <isErrorHandlerEnabled>false</isErrorHandlerEnabled>
            <errorHandlerItemId isNull="true" />
            <guid>guid:ac70c5102155843b:-c98e6e4:123fff4ea56:-5a2a</guid>
            <versionId>bed609c1-be8a-4ded-890e-ecd0364ff496</versionId>
            <externalServiceRef isNull="true" />
            <externalServiceOp isNull="true" />
            <nodeColor isNull="true" />
            <layoutData x="293" y="100">
                <errorLink>
                    <controlPoints />
                    <showEndState>false</showEndState>
                    <showName>false</showName>
                </errorLink>
            </layoutData>
            <TWComponent>
                <lastModified isNull="true" />
                <lastModifiedBy isNull="true" />
                <exitPointId>3008.9d61238c-99a2-4f5c-be0e-776f3e2211a2</exitPointId>
                <haltProcess>false</haltProcess>
                <guid>guid:ac70c5102155843b:-c98e6e4:123fff4ea56:-5a31</guid>
                <versionId>f0777ba5-d6c5-4a88-9f31-776be65c3b9f</versionId>
            </TWComponent>
        </item>
        <startingProcessItemId>2025.a1ceca08-9aa4-4736-94f5-26fd5c1b406c</startingProcessItemId>
        <errorHandlerItemId isNull="true" />
        <layoutData noConversion="true">
            <errorLink>
                <controlPoints />
                <showEndState>false</showEndState>
                <showName>false</showName>
            </errorLink>
        </layoutData>
        <startPoint>
            <layoutData x="20" y="100">
                <errorLink>
                    <controlPoints />
                    <showEndState>false</showEndState>
                    <showName>false</showName>
                </errorLink>
            </layoutData>
        </startPoint>
        <startLink>
            <fromPort locationId="rightCenter" portType="1" />
            <toPort locationId="leftCenter" portType="2" />
            <layoutData>
                <controlPoints />
                <showEndState>false</showEndState>
                <showName>false</showName>
            </layoutData>
        </startLink>
        <link name="Untitled">
            <lastModified isNull="true" />
            <lastModifiedBy isNull="true" />
            <processLinkId>2027.697adc72-d5ec-487e-8450-cbad0614a558</processLinkId>
            <processId>1.2ea47fff-c2b2-4eed-a03c-b88f945bbc33</processId>
            <description isNull="true" />
            <fromProcessItemId>2025.a1ceca08-9aa4-4736-94f5-26fd5c1b406c</fromProcessItemId>
            <endStateId>Out</endStateId>
            <toProcessItemId>2025.9b0a6f0d-2ca7-459a-ad15-634521b0744e</toProcessItemId>
            <guid>guid:ac70c5102155843b:-c98e6e4:123fff4ea56:-5a27</guid>
            <versionId>d7208fde-7851-4066-aaea-5fbeb6bff43d</versionId>
            <layoutData>
                <controlPoints />
                <showEndState>false</showEndState>
                <showName>false</showName>
            </layoutData>
            <fromItemPort locationId="rightCenter" portType="1" />
            <toItemPort locationId="leftCenter" portType="2" />
            <fromProcessItemId>2025.a1ceca08-9aa4-4736-94f5-26fd5c1b406c</fromProcessItemId>
            <toProcessItemId>2025.9b0a6f0d-2ca7-459a-ad15-634521b0744e</toProcessItemId>
        </link>
    </process>
</teamworks>

