<?xml version="1.0" encoding="UTF-8"?>
<teamworks>
    <process id="1.36841ef6-754a-43cd-8da8-73429737a99d" name="lsw Save Conditional Activity Template">
        <lastModified>1361372673512</lastModified>
        <lastModifiedBy>Internal TW Admin user</lastModifiedBy>
        <processId>1.36841ef6-754a-43cd-8da8-73429737a99d</processId>
        <image isNull="true" />
        <tabGroup isNull="true" />
        <startingProcessItemId>2025.6d51b082-47ce-454e-824d-a4e8e8602237</startingProcessItemId>
        <isRootProcess>false</isRootProcess>
        <processType>6</processType>
        <isErrorHandlerEnabled>false</isErrorHandlerEnabled>
        <errorHandlerItemId isNull="true" />
        <isLoggingVariables>false</isLoggingVariables>
        <isTransactional>false</isTransactional>
        <processTimingLevel isNull="true" />
        <participantRef isNull="true" />
        <exposedType isNull="true" />
        <isTrackingEnabled>true</isTrackingEnabled>
        <xmlData isNull="true" />
        <cachingType>false</cachingType>
        <itemLabel isNull="true" />
        <cacheLength>43200</cacheLength>
        <mobileReady>false</mobileReady>
        <sboSyncEnabled>true</sboSyncEnabled>
        <externalId isNull="true" />
        <isSecured>false</isSecured>
        <isAjaxExposed>false</isAjaxExposed>
        <description isNull="true" />
        <guid>guid:5a54f1704f1c1577:-6b56085f:12370558356:-7f84</guid>
        <versionId>489c5f69-2508-4d6b-9164-f71fc99f13c2</versionId>
        <dependencySummary isNull="true" />
        <jsonData isNull="true" />
        <field1 isNull="true" />
        <field2 isNull="true" />
        <field3>0</field3>
        <field4 isNull="true" />
        <field5>false</field5>
        <clobField1 isNull="true" />
        <blobField1 isNull="true" />
        <processParameter name="templateID">
            <lastModified isNull="true" />
            <lastModifiedBy isNull="true" />
            <processParameterId>2055.c96fa454-3b43-450b-8668-34e3263238e0</processParameterId>
            <processId>1.36841ef6-754a-43cd-8da8-73429737a99d</processId>
            <parameterType>1</parameterType>
            <isArrayOf>false</isArrayOf>
            <classId>/12.db884a3c-c533-44b7-bb2d-47bec8ad4022</classId>
            <seq>1</seq>
            <hasDefault>true</hasDefault>
            <defaultValue>""</defaultValue>
            <isLocked>false</isLocked>
            <description>The template ID (if any)</description>
            <guid>guid:5a54f1704f1c1577:-6b56085f:12370558356:-7f80</guid>
            <versionId>ad293c75-a3a5-435c-821e-623f8d40d032</versionId>
        </processParameter>
        <processParameter name="templateName">
            <lastModified isNull="true" />
            <lastModifiedBy isNull="true" />
            <processParameterId>2055.4a53e946-34d3-48f3-976d-656822584aef</processParameterId>
            <processId>1.36841ef6-754a-43cd-8da8-73429737a99d</processId>
            <parameterType>1</parameterType>
            <isArrayOf>false</isArrayOf>
            <classId>/12.db884a3c-c533-44b7-bb2d-47bec8ad4022</classId>
            <seq>2</seq>
            <hasDefault>false</hasDefault>
            <defaultValue isNull="true" />
            <isLocked>false</isLocked>
            <description>The template name</description>
            <guid>guid:5a54f1704f1c1577:-6b56085f:12370558356:-7f7f</guid>
            <versionId>8bf89b5c-f647-4759-9986-72a228c968a8</versionId>
        </processParameter>
        <processParameter name="bpdGUID">
            <lastModified isNull="true" />
            <lastModifiedBy isNull="true" />
            <processParameterId>2055.0c8b09c0-2b28-49e1-be8d-b178ded2be09</processParameterId>
            <processId>1.36841ef6-754a-43cd-8da8-73429737a99d</processId>
            <parameterType>1</parameterType>
            <isArrayOf>false</isArrayOf>
            <classId>/12.db884a3c-c533-44b7-bb2d-47bec8ad4022</classId>
            <seq>3</seq>
            <hasDefault>false</hasDefault>
            <defaultValue isNull="true" />
            <isLocked>false</isLocked>
            <description isNull="true" />
            <guid>guid:5a54f1704f1c1577:-6b56085f:12370558356:-7f7e</guid>
            <versionId>7e47f641-3021-427a-a19b-8ddbcccf4d43</versionId>
        </processParameter>
        <processParameter name="selectedConditionalActivities">
            <lastModified isNull="true" />
            <lastModifiedBy isNull="true" />
            <processParameterId>2055.01d29e81-2b95-4725-96e6-f211606652b1</processParameterId>
            <processId>1.36841ef6-754a-43cd-8da8-73429737a99d</processId>
            <parameterType>1</parameterType>
            <isArrayOf>true</isArrayOf>
            <classId>/12.db884a3c-c533-44b7-bb2d-47bec8ad4022</classId>
            <seq>4</seq>
            <hasDefault>false</hasDefault>
            <defaultValue isNull="true" />
            <isLocked>false</isLocked>
            <description>The GUIDs of the selected conditional activities to save in the template</description>
            <guid>guid:5a54f1704f1c1577:-6b56085f:12370558356:-7f7d</guid>
            <versionId>60206912-00da-433d-978d-c2aa03274b06</versionId>
        </processParameter>
        <processParameter name="templateID">
            <lastModified isNull="true" />
            <lastModifiedBy isNull="true" />
            <processParameterId>2055.65430e7d-2164-4c1d-bc82-6f62f25ce6ab</processParameterId>
            <processId>1.36841ef6-754a-43cd-8da8-73429737a99d</processId>
            <parameterType>2</parameterType>
            <isArrayOf>false</isArrayOf>
            <classId>/12.db884a3c-c533-44b7-bb2d-47bec8ad4022</classId>
            <seq>5</seq>
            <hasDefault>false</hasDefault>
            <defaultValue isNull="true" />
            <isLocked>false</isLocked>
            <description>The (new) template ID</description>
            <guid>guid:5a54f1704f1c1577:-6b56085f:12370558356:-7f7c</guid>
            <versionId>99b85720-2974-448c-92d1-8c8b212a1375</versionId>
        </processParameter>
        <processVariable name="deleteDataSQL">
            <lastModified isNull="true" />
            <lastModifiedBy isNull="true" />
            <processVariableId>2056.b9f91d6a-6d4f-4166-b8de-dfb2e7c42b21</processVariableId>
            <description isNull="true" />
            <processId>1.36841ef6-754a-43cd-8da8-73429737a99d</processId>
            <namespace>2</namespace>
            <seq>1</seq>
            <isArrayOf>false</isArrayOf>
            <isTransient>false</isTransient>
            <classId>/12.db884a3c-c533-44b7-bb2d-47bec8ad4022</classId>
            <hasDefault>false</hasDefault>
            <defaultValue isNull="true" />
            <guid>guid:5a54f1704f1c1577:-6b56085f:12370558356:-7f7b</guid>
            <versionId>b9618887-1aa0-4ba4-942a-a49f940f389b</versionId>
        </processVariable>
        <processVariable name="insertDataSQL">
            <lastModified isNull="true" />
            <lastModifiedBy isNull="true" />
            <processVariableId>2056.5d139235-5cb1-4b95-8a6c-f270a71514a3</processVariableId>
            <description isNull="true" />
            <processId>1.36841ef6-754a-43cd-8da8-73429737a99d</processId>
            <namespace>2</namespace>
            <seq>2</seq>
            <isArrayOf>false</isArrayOf>
            <isTransient>false</isTransient>
            <classId>/12.db884a3c-c533-44b7-bb2d-47bec8ad4022</classId>
            <hasDefault>false</hasDefault>
            <defaultValue isNull="true" />
            <guid>guid:5a54f1704f1c1577:-6b56085f:12370558356:-7f7a</guid>
            <versionId>510564cd-9f05-4250-8cef-eb34b50eeb7e</versionId>
        </processVariable>
        <processVariable name="sqlStatements">
            <lastModified isNull="true" />
            <lastModifiedBy isNull="true" />
            <processVariableId>2056.2fa0fdf4-2dcb-470a-8209-57eecfbc65b6</processVariableId>
            <description isNull="true" />
            <processId>1.36841ef6-754a-43cd-8da8-73429737a99d</processId>
            <namespace>2</namespace>
            <seq>3</seq>
            <isArrayOf>true</isArrayOf>
            <isTransient>false</isTransient>
            <classId>/12.3990d8b4-983d-4250-bd06-3600f527fed0</classId>
            <hasDefault>false</hasDefault>
            <defaultValue isNull="true" />
            <guid>guid:5a54f1704f1c1577:-6b56085f:12370558356:-7f79</guid>
            <versionId>7d6c1826-f3c5-4c7f-bd49-3e8dc3590fd0</versionId>
        </processVariable>
        <processVariable name="templateSQLStatement">
            <lastModified isNull="true" />
            <lastModifiedBy isNull="true" />
            <processVariableId>2056.1bf8a200-46b6-4727-9a85-23701115c370</processVariableId>
            <description isNull="true" />
            <processId>1.36841ef6-754a-43cd-8da8-73429737a99d</processId>
            <namespace>2</namespace>
            <seq>4</seq>
            <isArrayOf>false</isArrayOf>
            <isTransient>false</isTransient>
            <classId>/12.3990d8b4-983d-4250-bd06-3600f527fed0</classId>
            <hasDefault>false</hasDefault>
            <defaultValue isNull="true" />
            <guid>guid:5a54f1704f1c1577:-6b56085f:12370558356:-7f78</guid>
            <versionId>37104f19-88b9-4f30-ab9b-7fd1ac2c643c</versionId>
        </processVariable>
        <item>
            <lastModified isNull="true" />
            <lastModifiedBy isNull="true" />
            <processItemId>2025.15ab708e-8590-4f46-a297-4c7750ab7e6b</processItemId>
            <processId>1.36841ef6-754a-43cd-8da8-73429737a99d</processId>
            <name>Create Update Template Statement</name>
            <tWComponentName>SubProcess</tWComponentName>
            <tWComponentId>3012.51e95614-a05d-439a-9b46-57883758aab2</tWComponentId>
            <isLogEnabled>false</isLogEnabled>
            <isTraceEnabled>false</isTraceEnabled>
            <traceCategory isNull="true" />
            <traceLevel isNull="true" />
            <traceMessage isNull="true" />
            <traceSymbolTable isNull="true" />
            <isExecutionContextTraced>false</isExecutionContextTraced>
            <saveExecutionContext>false</saveExecutionContext>
            <documentation isNull="true" />
            <isErrorHandlerEnabled>false</isErrorHandlerEnabled>
            <errorHandlerItemId isNull="true" />
            <guid>guid:5a54f1704f1c1577:-6b56085f:12370558356:-7f6f</guid>
            <versionId>0012ffe0-04db-4097-84bf-f518d7ae713d</versionId>
            <externalServiceRef isNull="true" />
            <externalServiceOp isNull="true" />
            <nodeColor isNull="true" />
            <layoutData x="215" y="135">
                <errorLink>
                    <controlPoints />
                    <showEndState>false</showEndState>
                    <showName>false</showName>
                </errorLink>
            </layoutData>
            <TWComponent>
                <lastModified isNull="true" />
                <lastModifiedBy isNull="true" />
                <subProcessId>3012.51e95614-a05d-439a-9b46-57883758aab2</subProcessId>
                <attachedProcessRef>/1.5a9202c7-6f7b-440a-8d6c-f9fd24ed3b92</attachedProcessRef>
                <guid>guid:5a54f1704f1c1577:-6b56085f:12370558356:-7f6e</guid>
                <versionId>8dffb004-956d-416f-9139-efb1cbb01c82</versionId>
                <parameterMapping name="sqlStatement">
                    <lastModified isNull="true" />
                    <lastModifiedBy isNull="true" />
                    <parameterMappingId>2054.f3438d9c-d6b5-46e6-951a-543035bd93ea</parameterMappingId>
                    <processParameterId>2055.e46fc0e7-7fad-46b2-95cd-e7d4dc4a0786</processParameterId>
                    <parameterMappingParentId>3012.51e95614-a05d-439a-9b46-57883758aab2</parameterMappingParentId>
                    <useDefault>false</useDefault>
                    <value>tw.local.templateSQLStatement</value>
                    <classRef>/12.3990d8b4-983d-4250-bd06-3600f527fed0</classRef>
                    <isList>false</isList>
                    <isInput>false</isInput>
                    <guid>guid:5a54f1704f1c1577:-6b56085f:12370558356:-7f63</guid>
                    <versionId>2d6dfad6-a5be-481b-a873-4cdb76f85bef</versionId>
                    <description isNull="true" />
                </parameterMapping>
                <parameterMapping name="templateID">
                    <lastModified isNull="true" />
                    <lastModifiedBy isNull="true" />
                    <parameterMappingId>2054.c4fbfe0b-933b-46aa-92dd-2616f1a951a4</parameterMappingId>
                    <processParameterId>2055.ac6f4f39-a36c-42d9-a7bc-34997ba5b559</processParameterId>
                    <parameterMappingParentId>3012.51e95614-a05d-439a-9b46-57883758aab2</parameterMappingParentId>
                    <useDefault>false</useDefault>
                    <value>tw.local.templateID</value>
                    <classRef>/12.db884a3c-c533-44b7-bb2d-47bec8ad4022</classRef>
                    <isList>false</isList>
                    <isInput>true</isInput>
                    <guid>guid:5a54f1704f1c1577:-6b56085f:12370558356:-7f65</guid>
                    <versionId>8e64504a-6e2f-45fd-bdb0-791ff49ba20d</versionId>
                    <description isNull="true" />
                </parameterMapping>
                <parameterMapping name="templateName">
                    <lastModified isNull="true" />
                    <lastModifiedBy isNull="true" />
                    <parameterMappingId>2054.c48eb0ff-739d-4f1f-b5f3-62b2d2df6a08</parameterMappingId>
                    <processParameterId>2055.11fe473c-e696-4529-a40d-8005b490f40d</processParameterId>
                    <parameterMappingParentId>3012.51e95614-a05d-439a-9b46-57883758aab2</parameterMappingParentId>
                    <useDefault>false</useDefault>
                    <value>tw.local.templateName</value>
                    <classRef>/12.db884a3c-c533-44b7-bb2d-47bec8ad4022</classRef>
                    <isList>false</isList>
                    <isInput>true</isInput>
                    <guid>guid:5a54f1704f1c1577:-6b56085f:12370558356:-7f64</guid>
                    <versionId>9e0a4441-baf3-4302-9499-ad3669a604bf</versionId>
                    <description isNull="true" />
                </parameterMapping>
            </TWComponent>
        </item>
        <item>
            <lastModified isNull="true" />
            <lastModifiedBy isNull="true" />
            <processItemId>2025.238f2526-b1e7-4199-b333-5cb6845cffc3</processItemId>
            <processId>1.36841ef6-754a-43cd-8da8-73429737a99d</processId>
            <name>Build Insert Data SQL</name>
            <tWComponentName>Script</tWComponentName>
            <tWComponentId>3011.cb3502e4-aa96-4a64-806d-4bb4079bc055</tWComponentId>
            <isLogEnabled>false</isLogEnabled>
            <isTraceEnabled>false</isTraceEnabled>
            <traceCategory isNull="true" />
            <traceLevel isNull="true" />
            <traceMessage isNull="true" />
            <traceSymbolTable isNull="true" />
            <isExecutionContextTraced>false</isExecutionContextTraced>
            <saveExecutionContext>false</saveExecutionContext>
            <documentation isNull="true" />
            <isErrorHandlerEnabled>false</isErrorHandlerEnabled>
            <errorHandlerItemId isNull="true" />
            <guid>guid:5a54f1704f1c1577:-6b56085f:12370558356:-7f5b</guid>
            <versionId>051c1e2f-a216-490d-8e58-431ae3f6853d</versionId>
            <externalServiceRef isNull="true" />
            <externalServiceOp isNull="true" />
            <nodeColor isNull="true" />
            <layoutData x="475" y="89">
                <errorLink>
                    <controlPoints />
                    <showEndState>false</showEndState>
                    <showName>false</showName>
                </errorLink>
            </layoutData>
            <TWComponent>
                <lastModified isNull="true" />
                <lastModifiedBy isNull="true" />
                <scriptId>3011.cb3502e4-aa96-4a64-806d-4bb4079bc055</scriptId>
                <scriptTypeId>128</scriptTypeId>
                <isActive>true</isActive>
                <script>tw.local.insertDataSQL
INSERT INTO lsw_ca_template_data (id, ca_guid) VALUES (?, ?)</script>
                <isRule>false</isRule>
                <guid>guid:5a54f1704f1c1577:-6b56085f:12370558356:-7f5c</guid>
                <versionId>e7fb954e-9e26-402f-b3af-b3d16cd3d002</versionId>
            </TWComponent>
        </item>
        <item>
            <lastModified isNull="true" />
            <lastModifiedBy isNull="true" />
            <processItemId>2025.a5cab10c-f46b-4b4a-83f4-00006d331d19</processItemId>
            <processId>1.36841ef6-754a-43cd-8da8-73429737a99d</processId>
            <name>Execute Statements</name>
            <tWComponentName>SubProcess</tWComponentName>
            <tWComponentId>3012.1d3e7a10-308f-42d9-a59d-eb7dda9f09b0</tWComponentId>
            <isLogEnabled>false</isLogEnabled>
            <isTraceEnabled>false</isTraceEnabled>
            <traceCategory isNull="true" />
            <traceLevel isNull="true" />
            <traceMessage isNull="true" />
            <traceSymbolTable isNull="true" />
            <isExecutionContextTraced>false</isExecutionContextTraced>
            <saveExecutionContext>false</saveExecutionContext>
            <documentation isNull="true" />
            <isErrorHandlerEnabled>false</isErrorHandlerEnabled>
            <errorHandlerItemId isNull="true" />
            <guid>guid:5a54f1704f1c1577:-6b56085f:12370558356:-7f55</guid>
            <versionId>0bbbde39-6dc8-410f-a9cd-a620d5ad6c3f</versionId>
            <externalServiceRef isNull="true" />
            <externalServiceOp isNull="true" />
            <nodeColor isNull="true" />
            <layoutData x="729" y="87">
                <errorLink>
                    <controlPoints />
                    <showEndState>false</showEndState>
                    <showName>false</showName>
                </errorLink>
            </layoutData>
            <TWComponent>
                <lastModified isNull="true" />
                <lastModifiedBy isNull="true" />
                <subProcessId>3012.1d3e7a10-308f-42d9-a59d-eb7dda9f09b0</subProcessId>
                <attachedProcessRef>/1.89ee1e72-5c6b-44ed-9e55-158a6cb613af</attachedProcessRef>
                <guid>guid:5a54f1704f1c1577:-6b56085f:12370558356:-7f54</guid>
                <versionId>7709c3f9-5757-47b4-a98e-caa8ed8bfe83</versionId>
                <parameterMapping name="returnType">
                    <lastModified isNull="true" />
                    <lastModifiedBy isNull="true" />
                    <parameterMappingId>2054.c8837eb7-e07e-4e0f-965f-5f45ff03ce49</parameterMappingId>
                    <processParameterId>2055.628ceac6-aa42-426b-97c7-540674f12f38</processParameterId>
                    <parameterMappingParentId>3012.1d3e7a10-308f-42d9-a59d-eb7dda9f09b0</parameterMappingParentId>
                    <useDefault>false</useDefault>
                    <value>"SQLResult"</value>
                    <classRef>/12.db884a3c-c533-44b7-bb2d-47bec8ad4022</classRef>
                    <isList>false</isList>
                    <isInput>true</isInput>
                    <guid>guid:6adc1a108643720c:2b0b0584:12a1a840f89:-7ffc</guid>
                    <versionId>3144c274-a61f-47a0-bdfe-81b42c371c19</versionId>
                    <description isNull="true" />
                </parameterMapping>
                <parameterMapping name="sqlStatements">
                    <lastModified isNull="true" />
                    <lastModifiedBy isNull="true" />
                    <parameterMappingId>2054.f4aa2c6f-7232-43d5-a441-1bff81e80257</parameterMappingId>
                    <processParameterId>2055.c023a0b3-e6e5-47a6-a920-04d6b2f8dc26</processParameterId>
                    <parameterMappingParentId>3012.1d3e7a10-308f-42d9-a59d-eb7dda9f09b0</parameterMappingParentId>
                    <useDefault>false</useDefault>
                    <value>tw.local.sqlStatements</value>
                    <classRef>/12.3990d8b4-983d-4250-bd06-3600f527fed0</classRef>
                    <isList>true</isList>
                    <isInput>true</isInput>
                    <guid>guid:5a54f1704f1c1577:-6b56085f:12370558356:-7f53</guid>
                    <versionId>a9e16b76-fbe1-4d36-a46a-b451229428b7</versionId>
                    <description isNull="true" />
                </parameterMapping>
            </TWComponent>
        </item>
        <item>
            <lastModified isNull="true" />
            <lastModifiedBy isNull="true" />
            <processItemId>2025.6d51b082-47ce-454e-824d-a4e8e8602237</processItemId>
            <processId>1.36841ef6-754a-43cd-8da8-73429737a99d</processId>
            <name>Insert or Update?</name>
            <tWComponentName>Switch</tWComponentName>
            <tWComponentId>3013.32b78bf2-6699-4835-b7df-e3b346db179c</tWComponentId>
            <isLogEnabled>false</isLogEnabled>
            <isTraceEnabled>false</isTraceEnabled>
            <traceCategory isNull="true" />
            <traceLevel isNull="true" />
            <traceMessage isNull="true" />
            <traceSymbolTable isNull="true" />
            <isExecutionContextTraced>false</isExecutionContextTraced>
            <saveExecutionContext>false</saveExecutionContext>
            <documentation isNull="true" />
            <isErrorHandlerEnabled>false</isErrorHandlerEnabled>
            <errorHandlerItemId isNull="true" />
            <guid>guid:5a54f1704f1c1577:-6b56085f:12370558356:-7f74</guid>
            <versionId>4ce10678-7a37-4416-b3ab-e16a3472ddc9</versionId>
            <externalServiceRef isNull="true" />
            <externalServiceOp isNull="true" />
            <nodeColor isNull="true" />
            <layoutData x="104" y="92">
                <errorLink>
                    <controlPoints />
                    <showEndState>false</showEndState>
                    <showName>false</showName>
                </errorLink>
            </layoutData>
            <TWComponent>
                <lastModified isNull="true" />
                <lastModifiedBy isNull="true" />
                <switchId>3013.32b78bf2-6699-4835-b7df-e3b346db179c</switchId>
                <guid>guid:5a54f1704f1c1577:-6b56085f:12370558356:-7f75</guid>
                <versionId>7f4f66d8-293c-41bd-a00f-459e5a818538</versionId>
                <SwitchCondition>
                    <lastModified isNull="true" />
                    <lastModifiedBy isNull="true" />
                    <switchConditionId>3014.53918247-886f-489a-a7cc-a9a98f5f1156</switchConditionId>
                    <switchId>3013.32b78bf2-6699-4835-b7df-e3b346db179c</switchId>
                    <seq>1</seq>
                    <endStateId>guid:5a54f1704f1c1577:-6b56085f:12370558356:-7f67</endStateId>
                    <condition>tw.local.templateID != null &amp;&amp; tw.local.templateID.length &gt; 0</condition>
                    <guid>guid:5a54f1704f1c1577:-6b56085f:12370558356:-7f68</guid>
                    <versionId>aff37bbb-6e76-4e69-899f-be89dfa1a62a</versionId>
                </SwitchCondition>
            </TWComponent>
        </item>
        <item>
            <lastModified isNull="true" />
            <lastModifiedBy isNull="true" />
            <processItemId>2025.962ebf38-b9d0-4221-8a52-88eaf2cf9d47</processItemId>
            <processId>1.36841ef6-754a-43cd-8da8-73429737a99d</processId>
            <name>End</name>
            <tWComponentName>ExitPoint</tWComponentName>
            <tWComponentId>3008.61b3fcf0-7aed-4fb8-93e7-cf4d59d26b5e</tWComponentId>
            <isLogEnabled>false</isLogEnabled>
            <isTraceEnabled>false</isTraceEnabled>
            <traceCategory isNull="true" />
            <traceLevel isNull="true" />
            <traceMessage isNull="true" />
            <traceSymbolTable isNull="true" />
            <isExecutionContextTraced>false</isExecutionContextTraced>
            <saveExecutionContext>true</saveExecutionContext>
            <documentation isNull="true" />
            <isErrorHandlerEnabled>false</isErrorHandlerEnabled>
            <errorHandlerItemId isNull="true" />
            <guid>guid:5a54f1704f1c1577:-6b56085f:12370558356:-7f82</guid>
            <versionId>8d4c398f-6737-49f4-8524-72242bf82028</versionId>
            <externalServiceRef isNull="true" />
            <externalServiceOp isNull="true" />
            <nodeColor isNull="true" />
            <layoutData x="836" y="97">
                <errorLink>
                    <controlPoints />
                    <showEndState>false</showEndState>
                    <showName>false</showName>
                </errorLink>
            </layoutData>
            <TWComponent>
                <lastModified isNull="true" />
                <lastModifiedBy isNull="true" />
                <exitPointId>3008.61b3fcf0-7aed-4fb8-93e7-cf4d59d26b5e</exitPointId>
                <haltProcess>false</haltProcess>
                <guid>guid:5a54f1704f1c1577:-6b56085f:12370558356:-7f81</guid>
                <versionId>c2d0b055-9077-4870-8e87-53ab30ca3b93</versionId>
            </TWComponent>
        </item>
        <item>
            <lastModified isNull="true" />
            <lastModifiedBy isNull="true" />
            <processItemId>2025.74c29860-2f3b-4261-a6d1-24bef96f9bd1</processItemId>
            <processId>1.36841ef6-754a-43cd-8da8-73429737a99d</processId>
            <name>Create Insert Template Statement</name>
            <tWComponentName>SubProcess</tWComponentName>
            <tWComponentId>3012.391a908c-3a01-4e76-b7c6-9d71002005dd</tWComponentId>
            <isLogEnabled>false</isLogEnabled>
            <isTraceEnabled>false</isTraceEnabled>
            <traceCategory isNull="true" />
            <traceLevel isNull="true" />
            <traceMessage isNull="true" />
            <traceSymbolTable isNull="true" />
            <isExecutionContextTraced>false</isExecutionContextTraced>
            <saveExecutionContext>false</saveExecutionContext>
            <documentation isNull="true" />
            <isErrorHandlerEnabled>false</isErrorHandlerEnabled>
            <errorHandlerItemId isNull="true" />
            <guid>guid:5a54f1704f1c1577:-6b56085f:12370558356:-7f72</guid>
            <versionId>8ff59812-eb30-4d37-8e2f-525f961ca6e4</versionId>
            <externalServiceRef isNull="true" />
            <externalServiceOp isNull="true" />
            <nodeColor isNull="true" />
            <layoutData x="212" y="31">
                <errorLink>
                    <controlPoints />
                    <showEndState>false</showEndState>
                    <showName>false</showName>
                </errorLink>
            </layoutData>
            <TWComponent>
                <lastModified isNull="true" />
                <lastModifiedBy isNull="true" />
                <subProcessId>3012.391a908c-3a01-4e76-b7c6-9d71002005dd</subProcessId>
                <attachedProcessRef>/1.170cc716-b74b-4dcf-a730-bada14eb1ad9</attachedProcessRef>
                <guid>guid:5a54f1704f1c1577:-6b56085f:12370558356:-7f71</guid>
                <versionId>e5c458cf-f9dc-4090-8a7b-6cc0862b5400</versionId>
                <parameterMapping name="sqlStatement">
                    <lastModified isNull="true" />
                    <lastModifiedBy isNull="true" />
                    <parameterMappingId>2054.18245370-2fdf-41b4-ad80-143be9afbfd6</parameterMappingId>
                    <processParameterId>2055.717626df-42d4-477a-939d-97197208249e</processParameterId>
                    <parameterMappingParentId>3012.391a908c-3a01-4e76-b7c6-9d71002005dd</parameterMappingParentId>
                    <useDefault>false</useDefault>
                    <value>tw.local.templateSQLStatement</value>
                    <classRef>/12.3990d8b4-983d-4250-bd06-3600f527fed0</classRef>
                    <isList>false</isList>
                    <isInput>false</isInput>
                    <guid>guid:5a54f1704f1c1577:-6b56085f:12370558356:-7f6b</guid>
                    <versionId>6c77effc-0412-41b2-a2e0-20ed9bf9c7f1</versionId>
                    <description isNull="true" />
                </parameterMapping>
                <parameterMapping name="templateName">
                    <lastModified isNull="true" />
                    <lastModifiedBy isNull="true" />
                    <parameterMappingId>2054.831086fc-b3aa-411b-9873-c9e0726f8cec</parameterMappingId>
                    <processParameterId>2055.cadb13bb-31a3-447c-b63c-61b46be648ca</processParameterId>
                    <parameterMappingParentId>3012.391a908c-3a01-4e76-b7c6-9d71002005dd</parameterMappingParentId>
                    <useDefault>false</useDefault>
                    <value>tw.local.templateName</value>
                    <classRef>/12.db884a3c-c533-44b7-bb2d-47bec8ad4022</classRef>
                    <isList>false</isList>
                    <isInput>true</isInput>
                    <guid>guid:5a54f1704f1c1577:-6b56085f:12370558356:-7f6d</guid>
                    <versionId>9a7adc9c-e650-48ab-beb5-0c1b4b96464b</versionId>
                    <description isNull="true" />
                </parameterMapping>
                <parameterMapping name="bpdGUID">
                    <lastModified isNull="true" />
                    <lastModifiedBy isNull="true" />
                    <parameterMappingId>2054.88ecc62b-fd3f-40c4-9957-c5288abcd7ea</parameterMappingId>
                    <processParameterId>2055.a6c57ccc-e4ed-47aa-ae5f-6db3e10ab950</processParameterId>
                    <parameterMappingParentId>3012.391a908c-3a01-4e76-b7c6-9d71002005dd</parameterMappingParentId>
                    <useDefault>false</useDefault>
                    <value>tw.local.bpdGUID</value>
                    <classRef>/12.db884a3c-c533-44b7-bb2d-47bec8ad4022</classRef>
                    <isList>false</isList>
                    <isInput>true</isInput>
                    <guid>guid:5a54f1704f1c1577:-6b56085f:12370558356:-7f6c</guid>
                    <versionId>9bd0aeb3-ffa8-43f7-b632-c228818cae62</versionId>
                    <description isNull="true" />
                </parameterMapping>
                <parameterMapping name="templateID">
                    <lastModified isNull="true" />
                    <lastModifiedBy isNull="true" />
                    <parameterMappingId>2054.3ec00fc7-7c45-419a-9c10-9fdcac01b1d7</parameterMappingId>
                    <processParameterId>2055.cba59e9a-2538-4fe0-9573-c08f01239e60</processParameterId>
                    <parameterMappingParentId>3012.391a908c-3a01-4e76-b7c6-9d71002005dd</parameterMappingParentId>
                    <useDefault>false</useDefault>
                    <value>tw.local.templateID</value>
                    <classRef>/12.db884a3c-c533-44b7-bb2d-47bec8ad4022</classRef>
                    <isList>false</isList>
                    <isInput>false</isInput>
                    <guid>guid:5a54f1704f1c1577:-6b56085f:12370558356:-7f6a</guid>
                    <versionId>cb29615d-5d38-44e0-8a24-947b796a5cdb</versionId>
                    <description isNull="true" />
                </parameterMapping>
            </TWComponent>
        </item>
        <item>
            <lastModified isNull="true" />
            <lastModifiedBy isNull="true" />
            <processItemId>2025.563e889b-5ff9-4f95-a9de-1dde9c868d25</processItemId>
            <processId>1.36841ef6-754a-43cd-8da8-73429737a99d</processId>
            <name>Create Statements</name>
            <tWComponentName>Script</tWComponentName>
            <tWComponentId>3011.71befc86-a4eb-4af4-8949-7e09896460a3</tWComponentId>
            <isLogEnabled>false</isLogEnabled>
            <isTraceEnabled>false</isTraceEnabled>
            <traceCategory isNull="true" />
            <traceLevel isNull="true" />
            <traceMessage isNull="true" />
            <traceSymbolTable isNull="true" />
            <isExecutionContextTraced>false</isExecutionContextTraced>
            <saveExecutionContext>false</saveExecutionContext>
            <documentation isNull="true" />
            <isErrorHandlerEnabled>false</isErrorHandlerEnabled>
            <errorHandlerItemId isNull="true" />
            <guid>guid:5a54f1704f1c1577:-6b56085f:12370558356:-7f57</guid>
            <versionId>c907f376-d0d4-4598-8812-4109b6a4a63e</versionId>
            <externalServiceRef isNull="true" />
            <externalServiceOp isNull="true" />
            <nodeColor isNull="true" />
            <layoutData x="603" y="88">
                <errorLink>
                    <controlPoints />
                    <showEndState>false</showEndState>
                    <showName>false</showName>
                </errorLink>
            </layoutData>
            <TWComponent>
                <lastModified isNull="true" />
                <lastModifiedBy isNull="true" />
                <scriptId>3011.71befc86-a4eb-4af4-8949-7e09896460a3</scriptId>
                <scriptTypeId>2</scriptTypeId>
                <isActive>true</isActive>
                <script>tw.local.sqlStatements = new tw.object.listOf.SQLStatement();

tw.local.sqlStatements[tw.local.sqlStatements.listLength] = tw.local.templateSQLStatement;

var deleteStatement = newSQLStatement(tw.local.deleteDataSQL);
addSQLParameter(deleteStatement, tw.local.templateID);
tw.local.sqlStatements[tw.local.sqlStatements.listLength] = deleteStatement;

for(var i = 0; i &lt; tw.local.selectedConditionalActivities.listLength; i++) {
  var insertStatement = newSQLStatement(tw.local.insertDataSQL);
  addSQLParameter(insertStatement, tw.local.templateID);
  addSQLParameter(insertStatement, tw.local.selectedConditionalActivities[i]);
  tw.local.sqlStatements[tw.local.sqlStatements.listLength] = insertStatement;
}

</script>
                <isRule>false</isRule>
                <guid>guid:5a54f1704f1c1577:-6b56085f:12370558356:-7f58</guid>
                <versionId>62895c47-ef34-475f-90e9-eb5fba91e2dd</versionId>
            </TWComponent>
        </item>
        <item>
            <lastModified isNull="true" />
            <lastModifiedBy isNull="true" />
            <processItemId>2025.04c70799-93b0-4e63-a0cb-5a23179e8533</processItemId>
            <processId>1.36841ef6-754a-43cd-8da8-73429737a99d</processId>
            <name>Build Delete Data SQL</name>
            <tWComponentName>Script</tWComponentName>
            <tWComponentId>3011.8bc30b8e-2e67-47e8-b42f-2468f3821bb1</tWComponentId>
            <isLogEnabled>false</isLogEnabled>
            <isTraceEnabled>false</isTraceEnabled>
            <traceCategory isNull="true" />
            <traceLevel isNull="true" />
            <traceMessage isNull="true" />
            <traceSymbolTable isNull="true" />
            <isExecutionContextTraced>false</isExecutionContextTraced>
            <saveExecutionContext>false</saveExecutionContext>
            <documentation isNull="true" />
            <isErrorHandlerEnabled>false</isErrorHandlerEnabled>
            <errorHandlerItemId isNull="true" />
            <guid>guid:5a54f1704f1c1577:-6b56085f:12370558356:-7f5f</guid>
            <versionId>f68b129d-1837-4417-a85c-6e8bab87e6e9</versionId>
            <externalServiceRef isNull="true" />
            <externalServiceOp isNull="true" />
            <nodeColor isNull="true" />
            <layoutData x="351" y="88">
                <errorLink>
                    <controlPoints />
                    <showEndState>false</showEndState>
                    <showName>false</showName>
                </errorLink>
            </layoutData>
            <TWComponent>
                <lastModified isNull="true" />
                <lastModifiedBy isNull="true" />
                <scriptId>3011.8bc30b8e-2e67-47e8-b42f-2468f3821bb1</scriptId>
                <scriptTypeId>128</scriptTypeId>
                <isActive>true</isActive>
                <script>tw.local.deleteDataSQL
DELETE FROM lsw_ca_template_data 
WHERE id = ?</script>
                <isRule>false</isRule>
                <guid>guid:5a54f1704f1c1577:-6b56085f:12370558356:-7f60</guid>
                <versionId>2eb57843-cd5c-4754-87da-8092730b0dac</versionId>
            </TWComponent>
        </item>
        <startingProcessItemId>2025.6d51b082-47ce-454e-824d-a4e8e8602237</startingProcessItemId>
        <errorHandlerItemId isNull="true" />
        <layoutData noConversion="true">
            <errorLink>
                <controlPoints />
                <showEndState>false</showEndState>
                <showName>false</showName>
            </errorLink>
        </layoutData>
        <startPoint>
            <layoutData x="20" y="100">
                <errorLink>
                    <controlPoints />
                    <showEndState>false</showEndState>
                    <showName>false</showName>
                </errorLink>
            </layoutData>
        </startPoint>
        <startLink>
            <fromPort locationId="rightCenter" portType="1" />
            <toPort locationId="leftCenter" portType="2" />
            <layoutData>
                <controlPoints />
                <showEndState>false</showEndState>
                <showName>false</showName>
            </layoutData>
        </startLink>
        <link name="Untitled">
            <lastModified isNull="true" />
            <lastModifiedBy isNull="true" />
            <processLinkId>2027.69024bf5-92dd-4aa7-8c52-fed37b3217b8</processLinkId>
            <processId>1.36841ef6-754a-43cd-8da8-73429737a99d</processId>
            <description isNull="true" />
            <fromProcessItemId>2025.04c70799-93b0-4e63-a0cb-5a23179e8533</fromProcessItemId>
            <endStateId>Out</endStateId>
            <toProcessItemId>2025.238f2526-b1e7-4199-b333-5cb6845cffc3</toProcessItemId>
            <guid>guid:5a54f1704f1c1577:-6b56085f:12370558356:-7f50</guid>
            <versionId>042c71ea-2c28-499d-a4c3-758fa8c1a75e</versionId>
            <layoutData>
                <controlPoints />
                <showEndState>false</showEndState>
                <showName>false</showName>
            </layoutData>
            <fromItemPort locationId="rightCenter" portType="1" />
            <toItemPort locationId="leftCenter" portType="2" />
            <fromProcessItemId>2025.04c70799-93b0-4e63-a0cb-5a23179e8533</fromProcessItemId>
            <toProcessItemId>2025.238f2526-b1e7-4199-b333-5cb6845cffc3</toProcessItemId>
        </link>
        <link name="Untitled">
            <lastModified isNull="true" />
            <lastModifiedBy isNull="true" />
            <processLinkId>2027.0e2f0a98-a1d0-46cf-8424-490cfaa263ee</processLinkId>
            <processId>1.36841ef6-754a-43cd-8da8-73429737a99d</processId>
            <description isNull="true" />
            <fromProcessItemId>2025.15ab708e-8590-4f46-a297-4c7750ab7e6b</fromProcessItemId>
            <endStateId>guid:5a54f1704f1c1577:-6b56085f:12370558356:-7fd3</endStateId>
            <toProcessItemId>2025.04c70799-93b0-4e63-a0cb-5a23179e8533</toProcessItemId>
            <guid>guid:5a54f1704f1c1577:-6b56085f:12370558356:-7f51</guid>
            <versionId>1d02f6ed-2f01-4f00-96cd-b53058556b33</versionId>
            <layoutData>
                <controlPoints />
                <showEndState>false</showEndState>
                <showName>false</showName>
            </layoutData>
            <fromItemPort locationId="rightCenter" portType="1" />
            <toItemPort locationId="leftCenter" portType="2" />
            <fromProcessItemId>2025.15ab708e-8590-4f46-a297-4c7750ab7e6b</fromProcessItemId>
            <toProcessItemId>2025.04c70799-93b0-4e63-a0cb-5a23179e8533</toProcessItemId>
        </link>
        <link name="Update">
            <lastModified isNull="true" />
            <lastModifiedBy isNull="true" />
            <processLinkId>2027.7ecf8559-8847-4825-a986-211ab7b6f32e</processLinkId>
            <processId>1.36841ef6-754a-43cd-8da8-73429737a99d</processId>
            <description isNull="true" />
            <fromProcessItemId>2025.6d51b082-47ce-454e-824d-a4e8e8602237</fromProcessItemId>
            <endStateId>guid:5a54f1704f1c1577:-6b56085f:12370558356:-7f67</endStateId>
            <toProcessItemId>2025.15ab708e-8590-4f46-a297-4c7750ab7e6b</toProcessItemId>
            <guid>guid:5a54f1704f1c1577:-6b56085f:12370558356:-7f66</guid>
            <versionId>93c950fc-3941-4a65-a821-d571df73c6b2</versionId>
            <layoutData>
                <controlPoints />
                <showEndState>false</showEndState>
                <showName>true</showName>
            </layoutData>
            <fromItemPort locationId="rightCenter" portType="1" />
            <toItemPort locationId="leftCenter" portType="2" />
            <fromProcessItemId>2025.6d51b082-47ce-454e-824d-a4e8e8602237</fromProcessItemId>
            <toProcessItemId>2025.15ab708e-8590-4f46-a297-4c7750ab7e6b</toProcessItemId>
        </link>
        <link name="Untitled">
            <lastModified isNull="true" />
            <lastModifiedBy isNull="true" />
            <processLinkId>2027.c2d4e64f-fd02-459d-811f-d0d84e15dcea</processLinkId>
            <processId>1.36841ef6-754a-43cd-8da8-73429737a99d</processId>
            <description isNull="true" />
            <fromProcessItemId>2025.563e889b-5ff9-4f95-a9de-1dde9c868d25</fromProcessItemId>
            <endStateId>Out</endStateId>
            <toProcessItemId>2025.a5cab10c-f46b-4b4a-83f4-00006d331d19</toProcessItemId>
            <guid>guid:5a54f1704f1c1577:-6b56085f:12370558356:-7f4e</guid>
            <versionId>af89e119-d946-43e4-9bd4-47ccfad6b1b6</versionId>
            <layoutData>
                <controlPoints />
                <showEndState>false</showEndState>
                <showName>false</showName>
            </layoutData>
            <fromItemPort locationId="rightCenter" portType="1" />
            <toItemPort locationId="leftCenter" portType="2" />
            <fromProcessItemId>2025.563e889b-5ff9-4f95-a9de-1dde9c868d25</fromProcessItemId>
            <toProcessItemId>2025.a5cab10c-f46b-4b4a-83f4-00006d331d19</toProcessItemId>
        </link>
        <link name="Untitled">
            <lastModified isNull="true" />
            <lastModifiedBy isNull="true" />
            <processLinkId>2027.8336f885-20f5-4544-a7cd-f444eceb0519</processLinkId>
            <processId>1.36841ef6-754a-43cd-8da8-73429737a99d</processId>
            <description isNull="true" />
            <fromProcessItemId>2025.74c29860-2f3b-4261-a6d1-24bef96f9bd1</fromProcessItemId>
            <endStateId>guid:5a54f1704f1c1577:-6b56085f:12370558356:-7fec</endStateId>
            <toProcessItemId>2025.04c70799-93b0-4e63-a0cb-5a23179e8533</toProcessItemId>
            <guid>guid:5a54f1704f1c1577:-6b56085f:12370558356:-7f52</guid>
            <versionId>b5241b11-b5f0-4b34-af67-3c10a76988af</versionId>
            <layoutData>
                <controlPoints />
                <showEndState>false</showEndState>
                <showName>false</showName>
            </layoutData>
            <fromItemPort locationId="rightCenter" portType="1" />
            <toItemPort locationId="leftCenter" portType="2" />
            <fromProcessItemId>2025.74c29860-2f3b-4261-a6d1-24bef96f9bd1</fromProcessItemId>
            <toProcessItemId>2025.04c70799-93b0-4e63-a0cb-5a23179e8533</toProcessItemId>
        </link>
        <link name="Untitled">
            <lastModified isNull="true" />
            <lastModifiedBy isNull="true" />
            <processLinkId>2027.cff6d475-040d-4e58-bd5d-75cb8d34d4fe</processLinkId>
            <processId>1.36841ef6-754a-43cd-8da8-73429737a99d</processId>
            <description isNull="true" />
            <fromProcessItemId>2025.238f2526-b1e7-4199-b333-5cb6845cffc3</fromProcessItemId>
            <endStateId>Out</endStateId>
            <toProcessItemId>2025.563e889b-5ff9-4f95-a9de-1dde9c868d25</toProcessItemId>
            <guid>guid:5a54f1704f1c1577:-6b56085f:12370558356:-7f4f</guid>
            <versionId>bb6045af-0fb3-4b56-8e3e-2210e1196426</versionId>
            <layoutData>
                <controlPoints />
                <showEndState>false</showEndState>
                <showName>false</showName>
            </layoutData>
            <fromItemPort locationId="rightCenter" portType="1" />
            <toItemPort locationId="leftCenter" portType="2" />
            <fromProcessItemId>2025.238f2526-b1e7-4199-b333-5cb6845cffc3</fromProcessItemId>
            <toProcessItemId>2025.563e889b-5ff9-4f95-a9de-1dde9c868d25</toProcessItemId>
        </link>
        <link name="Insert">
            <lastModified isNull="true" />
            <lastModifiedBy isNull="true" />
            <processLinkId>2027.ab34a494-838d-4a94-8386-9ab6119680b9</processLinkId>
            <processId>1.36841ef6-754a-43cd-8da8-73429737a99d</processId>
            <description isNull="true" />
            <fromProcessItemId>2025.6d51b082-47ce-454e-824d-a4e8e8602237</fromProcessItemId>
            <endStateId>DEFAULT</endStateId>
            <toProcessItemId>2025.74c29860-2f3b-4261-a6d1-24bef96f9bd1</toProcessItemId>
            <guid>guid:5a54f1704f1c1577:-6b56085f:12370558356:-7f69</guid>
            <versionId>d8dbca2e-2d4c-4595-93a5-3c4b46460812</versionId>
            <layoutData>
                <controlPoints />
                <showEndState>false</showEndState>
                <showName>true</showName>
            </layoutData>
            <fromItemPort locationId="rightCenter" portType="1" />
            <toItemPort locationId="leftCenter" portType="2" />
            <fromProcessItemId>2025.6d51b082-47ce-454e-824d-a4e8e8602237</fromProcessItemId>
            <toProcessItemId>2025.74c29860-2f3b-4261-a6d1-24bef96f9bd1</toProcessItemId>
        </link>
        <link name="Untitled">
            <lastModified isNull="true" />
            <lastModifiedBy isNull="true" />
            <processLinkId>2027.c2f70792-c4ac-4738-a026-fa71f0e05900</processLinkId>
            <processId>1.36841ef6-754a-43cd-8da8-73429737a99d</processId>
            <description isNull="true" />
            <fromProcessItemId>2025.a5cab10c-f46b-4b4a-83f4-00006d331d19</fromProcessItemId>
            <endStateId>guid:a93dd992dce2d4cc:-381cc70d:115a5e00b05:-7fdb</endStateId>
            <toProcessItemId>2025.962ebf38-b9d0-4221-8a52-88eaf2cf9d47</toProcessItemId>
            <guid>guid:5a54f1704f1c1577:-6b56085f:12370558356:-7f4d</guid>
            <versionId>e4e43cf2-4499-40e8-a866-b84c2894fec7</versionId>
            <layoutData>
                <controlPoints />
                <showEndState>false</showEndState>
                <showName>false</showName>
            </layoutData>
            <fromItemPort locationId="rightCenter" portType="1" />
            <toItemPort locationId="leftCenter" portType="2" />
            <fromProcessItemId>2025.a5cab10c-f46b-4b4a-83f4-00006d331d19</fromProcessItemId>
            <toProcessItemId>2025.962ebf38-b9d0-4221-8a52-88eaf2cf9d47</toProcessItemId>
        </link>
    </process>
</teamworks>

