<?xml version="1.0" encoding="UTF-8"?>
<teamworks>
    <process id="1.5a9202c7-6f7b-440a-8d6c-f9fd24ed3b92" name="lsw Create Update CA Template Statement">
        <lastModified>1361372673512</lastModified>
        <lastModifiedBy>Internal TW Admin user</lastModifiedBy>
        <processId>1.5a9202c7-6f7b-440a-8d6c-f9fd24ed3b92</processId>
        <image isNull="true" />
        <tabGroup isNull="true" />
        <startingProcessItemId>2025.c93e8798-1798-49f6-82ea-b06b36d6832c</startingProcessItemId>
        <isRootProcess>false</isRootProcess>
        <processType>6</processType>
        <isErrorHandlerEnabled>false</isErrorHandlerEnabled>
        <errorHandlerItemId isNull="true" />
        <isLoggingVariables>false</isLoggingVariables>
        <isTransactional>false</isTransactional>
        <processTimingLevel isNull="true" />
        <participantRef isNull="true" />
        <exposedType isNull="true" />
        <isTrackingEnabled>true</isTrackingEnabled>
        <xmlData isNull="true" />
        <cachingType>false</cachingType>
        <itemLabel isNull="true" />
        <cacheLength>43200</cacheLength>
        <mobileReady>false</mobileReady>
        <sboSyncEnabled>true</sboSyncEnabled>
        <externalId isNull="true" />
        <isSecured>false</isSecured>
        <isAjaxExposed>false</isAjaxExposed>
        <description isNull="true" />
        <guid>guid:5a54f1704f1c1577:-6b56085f:12370558356:-7fd5</guid>
        <versionId>e62cf8af-e7c9-4af2-a61d-ebd9acb2ce66</versionId>
        <dependencySummary isNull="true" />
        <jsonData isNull="true" />
        <field1 isNull="true" />
        <field2 isNull="true" />
        <field3>0</field3>
        <field4 isNull="true" />
        <field5>false</field5>
        <clobField1 isNull="true" />
        <blobField1 isNull="true" />
        <processParameter name="templateID">
            <lastModified isNull="true" />
            <lastModifiedBy isNull="true" />
            <processParameterId>2055.ac6f4f39-a36c-42d9-a7bc-34997ba5b559</processParameterId>
            <processId>1.5a9202c7-6f7b-440a-8d6c-f9fd24ed3b92</processId>
            <parameterType>1</parameterType>
            <isArrayOf>false</isArrayOf>
            <classId>/12.db884a3c-c533-44b7-bb2d-47bec8ad4022</classId>
            <seq>1</seq>
            <hasDefault>false</hasDefault>
            <defaultValue isNull="true" />
            <isLocked>false</isLocked>
            <description isNull="true" />
            <guid>guid:5a54f1704f1c1577:-6b56085f:12370558356:-7fd1</guid>
            <versionId>56818b82-f0ed-4c8f-93db-b3b7eaf5a264</versionId>
        </processParameter>
        <processParameter name="templateName">
            <lastModified isNull="true" />
            <lastModifiedBy isNull="true" />
            <processParameterId>2055.11fe473c-e696-4529-a40d-8005b490f40d</processParameterId>
            <processId>1.5a9202c7-6f7b-440a-8d6c-f9fd24ed3b92</processId>
            <parameterType>1</parameterType>
            <isArrayOf>false</isArrayOf>
            <classId>/12.db884a3c-c533-44b7-bb2d-47bec8ad4022</classId>
            <seq>2</seq>
            <hasDefault>false</hasDefault>
            <defaultValue isNull="true" />
            <isLocked>false</isLocked>
            <description isNull="true" />
            <guid>guid:5a54f1704f1c1577:-6b56085f:12370558356:-7fd0</guid>
            <versionId>90d2df7c-3420-4995-84d0-1b629aafa2a5</versionId>
        </processParameter>
        <processParameter name="sqlStatement">
            <lastModified isNull="true" />
            <lastModifiedBy isNull="true" />
            <processParameterId>2055.e46fc0e7-7fad-46b2-95cd-e7d4dc4a0786</processParameterId>
            <processId>1.5a9202c7-6f7b-440a-8d6c-f9fd24ed3b92</processId>
            <parameterType>2</parameterType>
            <isArrayOf>false</isArrayOf>
            <classId>/12.3990d8b4-983d-4250-bd06-3600f527fed0</classId>
            <seq>3</seq>
            <hasDefault>false</hasDefault>
            <defaultValue isNull="true" />
            <isLocked>false</isLocked>
            <description isNull="true" />
            <guid>guid:5a54f1704f1c1577:-6b56085f:12370558356:-7fcf</guid>
            <versionId>7563d3f9-ca45-4540-a762-6bc4cae2eb5d</versionId>
        </processParameter>
        <processVariable name="sql">
            <lastModified isNull="true" />
            <lastModifiedBy isNull="true" />
            <processVariableId>2056.83475108-69a9-4cdd-a421-96eadc5a123f</processVariableId>
            <description isNull="true" />
            <processId>1.5a9202c7-6f7b-440a-8d6c-f9fd24ed3b92</processId>
            <namespace>2</namespace>
            <seq>1</seq>
            <isArrayOf>false</isArrayOf>
            <isTransient>false</isTransient>
            <classId>/12.db884a3c-c533-44b7-bb2d-47bec8ad4022</classId>
            <hasDefault>false</hasDefault>
            <defaultValue isNull="true" />
            <guid>guid:5a54f1704f1c1577:-6b56085f:12370558356:-7fce</guid>
            <versionId>2583f33d-79f8-435e-8ebb-22c5967b2d06</versionId>
        </processVariable>
        <item>
            <lastModified isNull="true" />
            <lastModifiedBy isNull="true" />
            <processItemId>2025.2916d7d0-1d86-4405-84f1-ba1f07313a12</processItemId>
            <processId>1.5a9202c7-6f7b-440a-8d6c-f9fd24ed3b92</processId>
            <name>Create Statement</name>
            <tWComponentName>Script</tWComponentName>
            <tWComponentId>3011.c1a3b24e-af46-4eb7-8edc-01c0353dbe65</tWComponentId>
            <isLogEnabled>false</isLogEnabled>
            <isTraceEnabled>false</isTraceEnabled>
            <traceCategory isNull="true" />
            <traceLevel isNull="true" />
            <traceMessage isNull="true" />
            <traceSymbolTable isNull="true" />
            <isExecutionContextTraced>false</isExecutionContextTraced>
            <saveExecutionContext>false</saveExecutionContext>
            <documentation isNull="true" />
            <isErrorHandlerEnabled>false</isErrorHandlerEnabled>
            <errorHandlerItemId isNull="true" />
            <guid>guid:5a54f1704f1c1577:-6b56085f:12370558356:-7fc6</guid>
            <versionId>2e63ed8f-2095-42c7-aef4-366eb6f48aa8</versionId>
            <externalServiceRef isNull="true" />
            <externalServiceOp isNull="true" />
            <nodeColor isNull="true" />
            <layoutData x="279" y="90">
                <errorLink>
                    <controlPoints />
                    <showEndState>false</showEndState>
                    <showName>false</showName>
                </errorLink>
            </layoutData>
            <TWComponent>
                <lastModified isNull="true" />
                <lastModifiedBy isNull="true" />
                <scriptId>3011.c1a3b24e-af46-4eb7-8edc-01c0353dbe65</scriptId>
                <scriptTypeId>2</scriptTypeId>
                <isActive>true</isActive>
                <script>tw.local.sqlStatement = newSQLStatement(tw.local.sql);
addSQLParameter(tw.local.sqlStatement, tw.local.templateName);
addSQLParameter(tw.local.sqlStatement, tw.local.templateID);</script>
                <isRule>false</isRule>
                <guid>guid:5a54f1704f1c1577:-6b56085f:12370558356:-7fc7</guid>
                <versionId>64a2bb31-c1c7-40f6-9d83-1074630e9a11</versionId>
            </TWComponent>
        </item>
        <item>
            <lastModified isNull="true" />
            <lastModifiedBy isNull="true" />
            <processItemId>2025.cda648e2-78e4-48c0-974a-943589ca335b</processItemId>
            <processId>1.5a9202c7-6f7b-440a-8d6c-f9fd24ed3b92</processId>
            <name>End</name>
            <tWComponentName>ExitPoint</tWComponentName>
            <tWComponentId>3008.c8282751-772a-429c-b7c4-045df94860db</tWComponentId>
            <isLogEnabled>false</isLogEnabled>
            <isTraceEnabled>false</isTraceEnabled>
            <traceCategory isNull="true" />
            <traceLevel isNull="true" />
            <traceMessage isNull="true" />
            <traceSymbolTable isNull="true" />
            <isExecutionContextTraced>false</isExecutionContextTraced>
            <saveExecutionContext>true</saveExecutionContext>
            <documentation isNull="true" />
            <isErrorHandlerEnabled>false</isErrorHandlerEnabled>
            <errorHandlerItemId isNull="true" />
            <guid>guid:5a54f1704f1c1577:-6b56085f:12370558356:-7fd3</guid>
            <versionId>5eee6830-5691-4790-a9fd-14ae46db877f</versionId>
            <externalServiceRef isNull="true" />
            <externalServiceOp isNull="true" />
            <nodeColor isNull="true" />
            <layoutData x="414" y="98">
                <errorLink>
                    <controlPoints />
                    <showEndState>false</showEndState>
                    <showName>false</showName>
                </errorLink>
            </layoutData>
            <TWComponent>
                <lastModified isNull="true" />
                <lastModifiedBy isNull="true" />
                <exitPointId>3008.c8282751-772a-429c-b7c4-045df94860db</exitPointId>
                <haltProcess>false</haltProcess>
                <guid>guid:5a54f1704f1c1577:-6b56085f:12370558356:-7fd2</guid>
                <versionId>5de8c629-13cd-4d79-b791-390fb07f3c27</versionId>
            </TWComponent>
        </item>
        <item>
            <lastModified isNull="true" />
            <lastModifiedBy isNull="true" />
            <processItemId>2025.c93e8798-1798-49f6-82ea-b06b36d6832c</processItemId>
            <processId>1.5a9202c7-6f7b-440a-8d6c-f9fd24ed3b92</processId>
            <name>Build Update SQL</name>
            <tWComponentName>Script</tWComponentName>
            <tWComponentId>3011.8c99ea17-624e-40c8-97ec-e6bad8a19224</tWComponentId>
            <isLogEnabled>false</isLogEnabled>
            <isTraceEnabled>false</isTraceEnabled>
            <traceCategory isNull="true" />
            <traceLevel isNull="true" />
            <traceMessage isNull="true" />
            <traceSymbolTable isNull="true" />
            <isExecutionContextTraced>false</isExecutionContextTraced>
            <saveExecutionContext>false</saveExecutionContext>
            <documentation isNull="true" />
            <isErrorHandlerEnabled>false</isErrorHandlerEnabled>
            <errorHandlerItemId isNull="true" />
            <guid>guid:5a54f1704f1c1577:-6b56085f:12370558356:-7fca</guid>
            <versionId>fbe79393-9e00-4922-920d-be02c3c56b62</versionId>
            <externalServiceRef isNull="true" />
            <externalServiceOp isNull="true" />
            <nodeColor isNull="true" />
            <layoutData x="135" y="87">
                <errorLink>
                    <controlPoints />
                    <showEndState>false</showEndState>
                    <showName>false</showName>
                </errorLink>
            </layoutData>
            <TWComponent>
                <lastModified isNull="true" />
                <lastModifiedBy isNull="true" />
                <scriptId>3011.8c99ea17-624e-40c8-97ec-e6bad8a19224</scriptId>
                <scriptTypeId>128</scriptTypeId>
                <isActive>true</isActive>
                <script>tw.local.sql
UPDATE lsw_ca_template 
SET name = ?
WHERE id = ?</script>
                <isRule>false</isRule>
                <guid>guid:5a54f1704f1c1577:-6b56085f:12370558356:-7fcb</guid>
                <versionId>8f666f20-f303-41bf-95de-d96d1691c2a7</versionId>
            </TWComponent>
        </item>
        <startingProcessItemId>2025.c93e8798-1798-49f6-82ea-b06b36d6832c</startingProcessItemId>
        <errorHandlerItemId isNull="true" />
        <layoutData noConversion="true">
            <errorLink>
                <controlPoints />
                <showEndState>false</showEndState>
                <showName>false</showName>
            </errorLink>
        </layoutData>
        <startPoint>
            <layoutData x="20" y="100">
                <errorLink>
                    <controlPoints />
                    <showEndState>false</showEndState>
                    <showName>false</showName>
                </errorLink>
            </layoutData>
        </startPoint>
        <startLink>
            <fromPort locationId="rightCenter" portType="1" />
            <toPort locationId="leftCenter" portType="2" />
            <layoutData>
                <controlPoints />
                <showEndState>false</showEndState>
                <showName>false</showName>
            </layoutData>
        </startLink>
        <link name="Untitled">
            <lastModified isNull="true" />
            <lastModifiedBy isNull="true" />
            <processLinkId>2027.ca021706-07dc-4d70-b6c2-70eaa27cfc04</processLinkId>
            <processId>1.5a9202c7-6f7b-440a-8d6c-f9fd24ed3b92</processId>
            <description isNull="true" />
            <fromProcessItemId>2025.c93e8798-1798-49f6-82ea-b06b36d6832c</fromProcessItemId>
            <endStateId>Out</endStateId>
            <toProcessItemId>2025.2916d7d0-1d86-4405-84f1-ba1f07313a12</toProcessItemId>
            <guid>guid:5a54f1704f1c1577:-6b56085f:12370558356:-7fc5</guid>
            <versionId>099b3b09-d5c9-4368-ae2a-e661d9e58f5a</versionId>
            <layoutData>
                <controlPoints />
                <showEndState>false</showEndState>
                <showName>false</showName>
            </layoutData>
            <fromItemPort locationId="rightCenter" portType="1" />
            <toItemPort locationId="leftCenter" portType="2" />
            <fromProcessItemId>2025.c93e8798-1798-49f6-82ea-b06b36d6832c</fromProcessItemId>
            <toProcessItemId>2025.2916d7d0-1d86-4405-84f1-ba1f07313a12</toProcessItemId>
        </link>
        <link name="Untitled">
            <lastModified isNull="true" />
            <lastModifiedBy isNull="true" />
            <processLinkId>2027.e8639480-881b-491f-b3f1-0aae6f65f5d5</processLinkId>
            <processId>1.5a9202c7-6f7b-440a-8d6c-f9fd24ed3b92</processId>
            <description isNull="true" />
            <fromProcessItemId>2025.2916d7d0-1d86-4405-84f1-ba1f07313a12</fromProcessItemId>
            <endStateId>Out</endStateId>
            <toProcessItemId>2025.cda648e2-78e4-48c0-974a-943589ca335b</toProcessItemId>
            <guid>guid:5a54f1704f1c1577:-6b56085f:12370558356:-7fc4</guid>
            <versionId>3f39d2bc-1fde-4dd7-8411-164d6059d482</versionId>
            <layoutData>
                <controlPoints />
                <showEndState>false</showEndState>
                <showName>false</showName>
            </layoutData>
            <fromItemPort locationId="rightCenter" portType="1" />
            <toItemPort locationId="leftCenter" portType="2" />
            <fromProcessItemId>2025.2916d7d0-1d86-4405-84f1-ba1f07313a12</fromProcessItemId>
            <toProcessItemId>2025.cda648e2-78e4-48c0-974a-943589ca335b</toProcessItemId>
        </link>
    </process>
</teamworks>

