<?xml version="1.0" encoding="UTF-8"?>
<teamworks>
    <process id="1.5e4ffa97-98e6-4440-ba6a-efc8f1cef104" name="HTTPClient2">
        <lastModified>1469214742154</lastModified>
        <lastModifiedBy>tw_admin</lastModifiedBy>
        <processId>1.5e4ffa97-98e6-4440-ba6a-efc8f1cef104</processId>
        <image isNull="true" />
        <tabGroup isNull="true" />
        <startingProcessItemId isNull="true" />
        <isRootProcess>false</isRootProcess>
        <processType>11</processType>
        <isErrorHandlerEnabled>false</isErrorHandlerEnabled>
        <errorHandlerItemId isNull="true" />
        <isLoggingVariables>false</isLoggingVariables>
        <isTransactional>false</isTransactional>
        <processTimingLevel isNull="true" />
        <participantRef isNull="true" />
        <exposedType isNull="true" />
        <isTrackingEnabled>true</isTrackingEnabled>
        <xmlData isNull="true" />
        <cachingType>false</cachingType>
        <itemLabel isNull="true" />
        <cacheLength isNull="true" />
        <mobileReady>false</mobileReady>
        <sboSyncEnabled>true</sboSyncEnabled>
        <externalId>{teamworks}_d4397548-272c-446d-b735-1835ab25fc79</externalId>
        <isSecured>false</isSecured>
        <isAjaxExposed>false</isAjaxExposed>
        <description isNull="true" />
        <guid>guid:367ee477494e97ef:-7d75d2f1:15613495bba:-7b6d</guid>
        <versionId>7de14a29-abe2-441b-b701-ae246c89a2cd</versionId>
        <dependencySummary isNull="true" />
        <jsonData isNull="true" />
        <field1 isNull="true" />
        <field2 isNull="true" />
        <field3>0</field3>
        <field4 isNull="true" />
        <field5>false</field5>
        <clobField1 isNull="true" />
        <blobField1 isNull="true" />
        <item>
            <lastModified isNull="true" />
            <lastModifiedBy isNull="true" />
            <processItemId>2025.2814da75-3c43-4d57-9ee3-a540aceb26f6</processItemId>
            <processId>1.5e4ffa97-98e6-4440-ba6a-efc8f1cef104</processId>
            <name>End</name>
            <tWComponentName>ExitPoint</tWComponentName>
            <tWComponentId>3008.f8112747-cca8-4b81-b24b-613716278a99</tWComponentId>
            <isLogEnabled>false</isLogEnabled>
            <isTraceEnabled>false</isTraceEnabled>
            <traceCategory isNull="true" />
            <traceLevel isNull="true" />
            <traceMessage isNull="true" />
            <traceSymbolTable isNull="true" />
            <isExecutionContextTraced>false</isExecutionContextTraced>
            <saveExecutionContext>true</saveExecutionContext>
            <documentation isNull="true" />
            <isErrorHandlerEnabled>false</isErrorHandlerEnabled>
            <errorHandlerItemId isNull="true" />
            <guid>guid:367ee477494e97ef:-7d75d2f1:15613495bba:-7b6c</guid>
            <versionId>ce23ffa8-f15b-496b-bfba-32ffd0f5aac0</versionId>
            <externalServiceRef isNull="true" />
            <externalServiceOp isNull="true" />
            <nodeColor isNull="true" />
            <layoutData x="0" y="0">
                <errorLink>
                    <controlPoints />
                    <showEndState>false</showEndState>
                    <showName>false</showName>
                </errorLink>
            </layoutData>
            <TWComponent>
                <lastModified isNull="true" />
                <lastModifiedBy isNull="true" />
                <exitPointId>3008.f8112747-cca8-4b81-b24b-613716278a99</exitPointId>
                <haltProcess>false</haltProcess>
                <guid>9cfbbe5f-381e-451e-b275-bd8939c2111a</guid>
                <versionId>38a572eb-ff60-4f44-adbc-2bbcb97aa233</versionId>
            </TWComponent>
        </item>
        <startingProcessItemId isNull="true" />
        <errorHandlerItemId isNull="true" />
        <layoutData noConversion="true">
            <errorLink>
                <controlPoints />
                <showEndState>false</showEndState>
                <showName>false</showName>
            </errorLink>
        </layoutData>
        <startPoint>
            <layoutData x="0" y="0">
                <errorLink>
                    <controlPoints />
                    <showEndState>false</showEndState>
                    <showName>false</showName>
                </errorLink>
            </layoutData>
        </startPoint>
        <startLink>
            <fromPort locationId="rightCenter" portType="1" />
            <toPort locationId="rightCenter" portType="2" />
            <layoutData>
                <controlPoints />
                <showEndState>false</showEndState>
                <showName>false</showName>
            </layoutData>
        </startLink>
        <bpmn2Model>
            <ns13:definitions xmlns:ns13="http://www.omg.org/spec/BPMN/20100524/MODEL" xmlns:ns2="http://www.ibm.com/xmlns/prod/bpm/bpmn/ext/trackinggroup" xmlns:ns3="http://www.ibm.com/xmlns/prod/bpm/bpmn/ext/process" xmlns:ns4="http://www.ibm.com/xmlns/prod/bpm/bpmn/ext/process/wle" xmlns:ns5="http://www.ibm.com/xmlns/prod/bpm/bpmn/ext/process/case" xmlns:ns6="http://www.ibm.com/bpm/Extensions" xmlns:ns7="http://www.ibm.com/xmlns/prod/bpm/bpmn/ext/team" xmlns:ns8="http://www.ibm.com/xmlns/bpmnx/20100524/v1/BusinessVocabulary" xmlns:ns9="http://www.omg.org/spec/DD/20100524/DI" xmlns:ns10="http://www.omg.org/spec/DD/20100524/DC" xmlns:ns11="http://www.omg.org/spec/BPMN/20100524/BPMNDI" xmlns:ns12="http://www.ibm.com/xmlns/prod/bpm/graph" xmlns:ns14="http://www.ibm.com/xmlns/prod/bpm/bpmn/ext/extservice" xmlns:ns15="http://www.ibm.com/xmlns/prod/bpm/bpmn/ext/process/auth" xmlns:ns16="http://www.ibm.com/xmlns/links" xmlns:ns17="http://www.ibm.com/bpm/uitheme" xmlns:ns18="http://www.ibm.com/xmlns/tagging" id="_a8237007-301a-4aec-bd47-fc90636d34c4" targetNamespace="teamworks" expressionLanguage="http://www.ibm.com/xmlns/prod/bpm/expression-lang/javascript">
                
                
                <ns13:interface name="HTTPClient2" id="_2cbedcc3-a86b-4591-a499-0b31424e0dea">
                    
                    
                    <ns13:documentation />
                    
                    
                    <ns13:operation name="talk" id="_cf73c927-7b2e-490f-9a47-ecc588c6c833">
                        
                        
                        <ns13:extensionElements>
                            
                            
                            <ns15:businessSignature>
                                
                                
                                <ns15:input id="_71b4aed9-093b-45fa-a131-5f6c1001a28d">
                                    
                                    
                                    <ns15:name>url</ns15:name>
                                    
                                    
                                    <ns15:description>URL (String)</ns15:description>
                                    
                                    
                                    <ns15:typeRef>{http://www.w3.org/2001/XMLSchema}string</ns15:typeRef>
                                    
                                    
                                    <ns15:typeRefPO>itm.12.db884a3c-c533-44b7-bb2d-47bec8ad4022</ns15:typeRefPO>
                                    
                                    
                                    <ns15:path>Parameter 1</ns15:path>
                                    
                                    
                                    <ns15:isCollection>false</ns15:isCollection>
                                    
                                
                                </ns15:input>
                                
                                
                                <ns15:input id="_ffa1c0f1-0b69-4a31-9572-73562bd16de8">
                                    
                                    
                                    <ns15:name>postParameters</ns15:name>
                                    
                                    
                                    <ns15:description>Post Parameters</ns15:description>
                                    
                                    
                                    <ns15:typeRef>{http://www.w3.org/2001/XMLSchema}string</ns15:typeRef>
                                    
                                    
                                    <ns15:typeRefPO>itm.12.db884a3c-c533-44b7-bb2d-47bec8ad4022</ns15:typeRefPO>
                                    
                                    
                                    <ns15:path>Parameter 2</ns15:path>
                                    
                                    
                                    <ns15:isCollection>false</ns15:isCollection>
                                    
                                
                                </ns15:input>
                                
                                
                                <ns15:input id="_b1d92d2c-1d14-4cc3-947d-1ecb5ad4e1e2">
                                    
                                    
                                    <ns15:name>proxy</ns15:name>
                                    
                                    
                                    <ns15:description>Proxy</ns15:description>
                                    
                                    
                                    <ns15:typeRef>{http://www.w3.org/2001/XMLSchema}string</ns15:typeRef>
                                    
                                    
                                    <ns15:typeRefPO>itm.12.db884a3c-c533-44b7-bb2d-47bec8ad4022</ns15:typeRefPO>
                                    
                                    
                                    <ns15:path>Parameter 3</ns15:path>
                                    
                                    
                                    <ns15:isCollection>false</ns15:isCollection>
                                    
                                
                                </ns15:input>
                                
                                
                                <ns15:input id="_473bffce-9385-48e2-afb1-901fb883c16b">
                                    
                                    
                                    <ns15:name>socks</ns15:name>
                                    
                                    
                                    <ns15:description>Socks</ns15:description>
                                    
                                    
                                    <ns15:typeRef>{http://www.w3.org/2001/XMLSchema}string</ns15:typeRef>
                                    
                                    
                                    <ns15:typeRefPO>itm.12.db884a3c-c533-44b7-bb2d-47bec8ad4022</ns15:typeRefPO>
                                    
                                    
                                    <ns15:path>Parameter 4</ns15:path>
                                    
                                    
                                    <ns15:isCollection>false</ns15:isCollection>
                                    
                                
                                </ns15:input>
                                
                                
                                <ns15:input id="_7ccc7144-b87d-4d9a-bfa5-bb04ad0f263b">
                                    
                                    
                                    <ns15:name>sslParameters</ns15:name>
                                    
                                    
                                    <ns15:description>SSL Parameters</ns15:description>
                                    
                                    
                                    <ns15:typeRefPO>itm.12.90c5b1d3-3fa1-4b3b-ab27-220b0652dc55</ns15:typeRefPO>
                                    
                                    
                                    <ns15:path>Parameter 5</ns15:path>
                                    
                                    
                                    <ns15:isCollection>false</ns15:isCollection>
                                    
                                
                                </ns15:input>
                                
                                
                                <ns15:input id="_a54aa538-1fa8-485e-9835-d034b1aa849e">
                                    
                                    
                                    <ns15:name>username</ns15:name>
                                    
                                    
                                    <ns15:description>Username</ns15:description>
                                    
                                    
                                    <ns15:typeRef>{http://www.w3.org/2001/XMLSchema}string</ns15:typeRef>
                                    
                                    
                                    <ns15:typeRefPO>itm.12.db884a3c-c533-44b7-bb2d-47bec8ad4022</ns15:typeRefPO>
                                    
                                    
                                    <ns15:path>Parameter 6</ns15:path>
                                    
                                    
                                    <ns15:isCollection>false</ns15:isCollection>
                                    
                                
                                </ns15:input>
                                
                                
                                <ns15:input id="_f5962bb4-ba12-41fc-b779-645d6266a64a">
                                    
                                    
                                    <ns15:name>password</ns15:name>
                                    
                                    
                                    <ns15:description>Password</ns15:description>
                                    
                                    
                                    <ns15:typeRef>{http://www.w3.org/2001/XMLSchema}string</ns15:typeRef>
                                    
                                    
                                    <ns15:typeRefPO>itm.12.db884a3c-c533-44b7-bb2d-47bec8ad4022</ns15:typeRefPO>
                                    
                                    
                                    <ns15:path>Parameter 7</ns15:path>
                                    
                                    
                                    <ns15:isCollection>false</ns15:isCollection>
                                    
                                
                                </ns15:input>
                                
                                
                                <ns15:output id="_d56c50a2-5dd8-4861-9af5-9788376abeb6">
                                    
                                    
                                    <ns15:name>htmlResult</ns15:name>
                                    
                                    
                                    <ns15:description />
                                    
                                    
                                    <ns15:typeRefPO>itm.12.8a176cc2-eebb-4310-a9c7-9bc62b3a8002</ns15:typeRefPO>
                                    
                                    
                                    <ns15:path>Return Value</ns15:path>
                                    
                                    
                                    <ns15:isCollection>false</ns15:isCollection>
                                    
                                
                                </ns15:output>
                                
                            
                            </ns15:businessSignature>
                            
                        
                        </ns13:extensionElements>
                        
                    
                    </ns13:operation>
                    
                
                </ns13:interface>
                
                
                <ns13:endPoint>
                    
                    
                    <ns13:extensionElements>
                        
                        
                        <ns14:externalService interfaceRef="_2cbedcc3-a86b-4591-a499-0b31424e0dea" name="HTTPClient2" id="_d4397548-272c-446d-b735-1835ab25fc79">
                            
                            
                            <ns14:javaBinding className="teamworks.HTTPClient2">
                                
                                
                                <ns14:methodBindings name="talk">
                                    
                                    
                                    <ns14:inputParameter name="url" type="java.lang.String" />
                                    
                                    
                                    <ns14:inputParameter name="postParameters" type="java.lang.String" />
                                    
                                    
                                    <ns14:inputParameter name="proxy" type="java.lang.String" />
                                    
                                    
                                    <ns14:inputParameter name="socks" type="java.lang.String" />
                                    
                                    
                                    <ns14:inputParameter name="sslParameters" type="java.util.HashMap" />
                                    
                                    
                                    <ns14:inputParameter name="username" type="java.lang.String" />
                                    
                                    
                                    <ns14:inputParameter name="password" type="java.lang.String" />
                                    
                                    
                                    <ns14:outputParameter name="htmlResult" type="org.jdom.Element" />
                                    
                                
                                </ns14:methodBindings>
                                
                                
                                <ns14:endpoints>
                                    
                                    
                                    <ns14:jarFileRef>61.21055fe7-1372-40e0-bb0e-b887403bb7d1</ns14:jarFileRef>
                                    
                                
                                </ns14:endpoints>
                                
                            
                            </ns14:javaBinding>
                            
                        
                        </ns14:externalService>
                        
                    
                    </ns13:extensionElements>
                    
                
                </ns13:endPoint>
                
            
            </ns13:definitions>
        </bpmn2Model>
    </process>
</teamworks>

