<?xml version="1.0" encoding="UTF-8"?>
<teamworks>
    <process id="1.63852e06-86c9-4cda-8bd1-a1171240c6f9" name="Files">
        <lastModified>1469214781282</lastModified>
        <lastModifiedBy>tw_admin</lastModifiedBy>
        <processId>1.63852e06-86c9-4cda-8bd1-a1171240c6f9</processId>
        <image isNull="true" />
        <tabGroup isNull="true" />
        <startingProcessItemId isNull="true" />
        <isRootProcess>false</isRootProcess>
        <processType>11</processType>
        <isErrorHandlerEnabled>false</isErrorHandlerEnabled>
        <errorHandlerItemId isNull="true" />
        <isLoggingVariables>false</isLoggingVariables>
        <isTransactional>false</isTransactional>
        <processTimingLevel isNull="true" />
        <participantRef isNull="true" />
        <exposedType isNull="true" />
        <isTrackingEnabled>true</isTrackingEnabled>
        <xmlData isNull="true" />
        <cachingType>false</cachingType>
        <itemLabel isNull="true" />
        <cacheLength isNull="true" />
        <mobileReady>false</mobileReady>
        <sboSyncEnabled>true</sboSyncEnabled>
        <externalId>{teamworks}_9769c076-83a1-4b7d-bebb-5b263957be59</externalId>
        <isSecured>false</isSecured>
        <isAjaxExposed>false</isAjaxExposed>
        <description isNull="true" />
        <guid>guid:367ee477494e97ef:-7d75d2f1:15613495bba:-7b64</guid>
        <versionId>f00858b0-0c10-49fc-8e14-ec4f486ec0fd</versionId>
        <dependencySummary isNull="true" />
        <jsonData isNull="true" />
        <field1 isNull="true" />
        <field2 isNull="true" />
        <field3>0</field3>
        <field4 isNull="true" />
        <field5>false</field5>
        <clobField1 isNull="true" />
        <blobField1 isNull="true" />
        <item>
            <lastModified isNull="true" />
            <lastModifiedBy isNull="true" />
            <processItemId>2025.519487db-ea89-408b-a8d5-5cf288f4d49e</processItemId>
            <processId>1.63852e06-86c9-4cda-8bd1-a1171240c6f9</processId>
            <name>End</name>
            <tWComponentName>ExitPoint</tWComponentName>
            <tWComponentId>3008.f4b2afbc-89b0-45fe-b37b-face3369b744</tWComponentId>
            <isLogEnabled>false</isLogEnabled>
            <isTraceEnabled>false</isTraceEnabled>
            <traceCategory isNull="true" />
            <traceLevel isNull="true" />
            <traceMessage isNull="true" />
            <traceSymbolTable isNull="true" />
            <isExecutionContextTraced>false</isExecutionContextTraced>
            <saveExecutionContext>true</saveExecutionContext>
            <documentation isNull="true" />
            <isErrorHandlerEnabled>false</isErrorHandlerEnabled>
            <errorHandlerItemId isNull="true" />
            <guid>guid:367ee477494e97ef:-7d75d2f1:15613495bba:-7b63</guid>
            <versionId>9f788462-cb5e-4687-87af-029dabf2e752</versionId>
            <externalServiceRef isNull="true" />
            <externalServiceOp isNull="true" />
            <nodeColor isNull="true" />
            <layoutData x="0" y="0">
                <errorLink>
                    <controlPoints />
                    <showEndState>false</showEndState>
                    <showName>false</showName>
                </errorLink>
            </layoutData>
            <TWComponent>
                <lastModified isNull="true" />
                <lastModifiedBy isNull="true" />
                <exitPointId>3008.f4b2afbc-89b0-45fe-b37b-face3369b744</exitPointId>
                <haltProcess>false</haltProcess>
                <guid>2c6353c2-5df5-4ccf-8d26-8da9d10ebd22</guid>
                <versionId>0f72637f-03f9-449d-8cb0-36a7c220b454</versionId>
            </TWComponent>
        </item>
        <startingProcessItemId isNull="true" />
        <errorHandlerItemId isNull="true" />
        <layoutData noConversion="true">
            <errorLink>
                <controlPoints />
                <showEndState>false</showEndState>
                <showName>false</showName>
            </errorLink>
        </layoutData>
        <startPoint>
            <layoutData x="0" y="0">
                <errorLink>
                    <controlPoints />
                    <showEndState>false</showEndState>
                    <showName>false</showName>
                </errorLink>
            </layoutData>
        </startPoint>
        <startLink>
            <fromPort locationId="rightCenter" portType="1" />
            <toPort locationId="rightCenter" portType="2" />
            <layoutData>
                <controlPoints />
                <showEndState>false</showEndState>
                <showName>false</showName>
            </layoutData>
        </startLink>
        <bpmn2Model>
            <ns13:definitions xmlns:ns13="http://www.omg.org/spec/BPMN/20100524/MODEL" xmlns:ns2="http://www.ibm.com/xmlns/prod/bpm/bpmn/ext/trackinggroup" xmlns:ns3="http://www.ibm.com/xmlns/prod/bpm/bpmn/ext/process" xmlns:ns4="http://www.ibm.com/xmlns/prod/bpm/bpmn/ext/process/wle" xmlns:ns5="http://www.ibm.com/xmlns/prod/bpm/bpmn/ext/process/case" xmlns:ns6="http://www.ibm.com/bpm/Extensions" xmlns:ns7="http://www.ibm.com/xmlns/prod/bpm/bpmn/ext/team" xmlns:ns8="http://www.ibm.com/xmlns/bpmnx/20100524/v1/BusinessVocabulary" xmlns:ns9="http://www.omg.org/spec/DD/20100524/DI" xmlns:ns10="http://www.omg.org/spec/DD/20100524/DC" xmlns:ns11="http://www.omg.org/spec/BPMN/20100524/BPMNDI" xmlns:ns12="http://www.ibm.com/xmlns/prod/bpm/graph" xmlns:ns14="http://www.ibm.com/xmlns/prod/bpm/bpmn/ext/extservice" xmlns:ns15="http://www.ibm.com/xmlns/prod/bpm/bpmn/ext/process/auth" xmlns:ns16="http://www.ibm.com/xmlns/links" xmlns:ns17="http://www.ibm.com/bpm/uitheme" xmlns:ns18="http://www.ibm.com/xmlns/tagging" id="_90048472-3eb7-486c-94e7-fa8a03e490e1" targetNamespace="teamworks" expressionLanguage="http://www.ibm.com/xmlns/prod/bpm/expression-lang/javascript">
                
                
                <ns13:interface name="Files" id="_58a1537c-4b76-4a3f-8851-58cf12fb85f0">
                    
                    
                    <ns13:documentation />
                    
                    
                    <ns13:operation name="getTextFromFile" id="_a689792e-ae80-473a-aa22-834476a2cf35">
                        
                        
                        <ns13:extensionElements>
                            
                            
                            <ns15:businessSignature>
                                
                                
                                <ns15:input id="_a10dbe38-1ee7-4d96-93a5-57d330bb4d78">
                                    
                                    
                                    <ns15:name>filePath</ns15:name>
                                    
                                    
                                    <ns15:description>Fully qualified path and name of file</ns15:description>
                                    
                                    
                                    <ns15:typeRef>{http://www.w3.org/2001/XMLSchema}string</ns15:typeRef>
                                    
                                    
                                    <ns15:typeRefPO>itm.12.db884a3c-c533-44b7-bb2d-47bec8ad4022</ns15:typeRefPO>
                                    
                                    
                                    <ns15:path>Parameter 1</ns15:path>
                                    
                                    
                                    <ns15:isCollection>false</ns15:isCollection>
                                    
                                
                                </ns15:input>
                                
                                
                                <ns15:output id="_177c3d97-c17b-4292-ac3f-2a0bbf1fabaa">
                                    
                                    
                                    <ns15:name>fileContents</ns15:name>
                                    
                                    
                                    <ns15:description>Contents of the file</ns15:description>
                                    
                                    
                                    <ns15:typeRef>{http://www.w3.org/2001/XMLSchema}string</ns15:typeRef>
                                    
                                    
                                    <ns15:typeRefPO>itm.12.db884a3c-c533-44b7-bb2d-47bec8ad4022</ns15:typeRefPO>
                                    
                                    
                                    <ns15:path>Return Value</ns15:path>
                                    
                                    
                                    <ns15:isCollection>false</ns15:isCollection>
                                    
                                
                                </ns15:output>
                                
                            
                            </ns15:businessSignature>
                            
                        
                        </ns13:extensionElements>
                        
                    
                    </ns13:operation>
                    
                    
                    <ns13:operation name="writeTextToFile" id="_b97b6ac5-64f3-4018-9d2a-02346297fed0">
                        
                        
                        <ns13:extensionElements>
                            
                            
                            <ns15:businessSignature>
                                
                                
                                <ns15:input id="_188170de-16db-4a47-8e2e-e763eed36b1f">
                                    
                                    
                                    <ns15:name>filePath</ns15:name>
                                    
                                    
                                    <ns15:description>Fully qualified path and name of file</ns15:description>
                                    
                                    
                                    <ns15:typeRef>{http://www.w3.org/2001/XMLSchema}string</ns15:typeRef>
                                    
                                    
                                    <ns15:typeRefPO>itm.12.db884a3c-c533-44b7-bb2d-47bec8ad4022</ns15:typeRefPO>
                                    
                                    
                                    <ns15:path>Parameter 1</ns15:path>
                                    
                                    
                                    <ns15:isCollection>false</ns15:isCollection>
                                    
                                
                                </ns15:input>
                                
                                
                                <ns15:input id="_5b167b53-fe30-43eb-b5be-d7e90c75a9d6">
                                    
                                    
                                    <ns15:name>fileContents</ns15:name>
                                    
                                    
                                    <ns15:description>Text to write to file</ns15:description>
                                    
                                    
                                    <ns15:typeRef>{http://www.w3.org/2001/XMLSchema}string</ns15:typeRef>
                                    
                                    
                                    <ns15:typeRefPO>itm.12.db884a3c-c533-44b7-bb2d-47bec8ad4022</ns15:typeRefPO>
                                    
                                    
                                    <ns15:path>Parameter 2</ns15:path>
                                    
                                    
                                    <ns15:isCollection>false</ns15:isCollection>
                                    
                                
                                </ns15:input>
                                
                                
                                <ns15:input id="_27647e80-0207-4924-b738-85520e31d227">
                                    
                                    
                                    <ns15:name>appendToFile</ns15:name>
                                    
                                    
                                    <ns15:description>Append text to file if file already exists</ns15:description>
                                    
                                    
                                    <ns15:typeRef>{http://www.w3.org/2001/XMLSchema}boolean</ns15:typeRef>
                                    
                                    
                                    <ns15:typeRefPO>itm.12.83ff975e-8dbc-42e5-b738-fa8bc08274a2</ns15:typeRefPO>
                                    
                                    
                                    <ns15:path>Parameter 3</ns15:path>
                                    
                                    
                                    <ns15:isCollection>false</ns15:isCollection>
                                    
                                
                                </ns15:input>
                                
                                
                                <ns15:output id="_3489e571-725e-4e15-a95a-b490d77701b1">
                                    
                                    
                                    <ns15:name>success</ns15:name>
                                    
                                    
                                    <ns15:description>Indicates if operation completed successfully</ns15:description>
                                    
                                    
                                    <ns15:typeRef>{http://www.w3.org/2001/XMLSchema}boolean</ns15:typeRef>
                                    
                                    
                                    <ns15:typeRefPO>itm.12.83ff975e-8dbc-42e5-b738-fa8bc08274a2</ns15:typeRefPO>
                                    
                                    
                                    <ns15:path>Return Value</ns15:path>
                                    
                                    
                                    <ns15:isCollection>false</ns15:isCollection>
                                    
                                
                                </ns15:output>
                                
                            
                            </ns15:businessSignature>
                            
                        
                        </ns13:extensionElements>
                        
                    
                    </ns13:operation>
                    
                    
                    <ns13:operation name="getTextFromFile" id="_0f5d779e-0b4a-4e1c-a7e6-fdacd632f998">
                        
                        
                        <ns13:extensionElements>
                            
                            
                            <ns15:businessSignature>
                                
                                
                                <ns15:input id="_7ff76259-9116-4111-be18-37e42768133e">
                                    
                                    
                                    <ns15:name>file</ns15:name>
                                    
                                    
                                    <ns15:description>File (File)</ns15:description>
                                    
                                    
                                    <ns15:typeRefPO>itm.12.8a176cc2-eebb-4310-a9c7-9bc62b3a8002</ns15:typeRefPO>
                                    
                                    
                                    <ns15:path>Parameter 1</ns15:path>
                                    
                                    
                                    <ns15:isCollection>false</ns15:isCollection>
                                    
                                
                                </ns15:input>
                                
                                
                                <ns15:output id="_5f6251bc-cb0d-44c5-a70b-17a25c80f214">
                                    
                                    
                                    <ns15:name>fileContents</ns15:name>
                                    
                                    
                                    <ns15:description>Contents of the file</ns15:description>
                                    
                                    
                                    <ns15:typeRef>{http://www.w3.org/2001/XMLSchema}string</ns15:typeRef>
                                    
                                    
                                    <ns15:typeRefPO>itm.12.db884a3c-c533-44b7-bb2d-47bec8ad4022</ns15:typeRefPO>
                                    
                                    
                                    <ns15:path>Return Value</ns15:path>
                                    
                                    
                                    <ns15:isCollection>false</ns15:isCollection>
                                    
                                
                                </ns15:output>
                                
                            
                            </ns15:businessSignature>
                            
                        
                        </ns13:extensionElements>
                        
                    
                    </ns13:operation>
                    
                
                </ns13:interface>
                
                
                <ns13:endPoint>
                    
                    
                    <ns13:extensionElements>
                        
                        
                        <ns14:externalService interfaceRef="_58a1537c-4b76-4a3f-8851-58cf12fb85f0" name="Files" id="_9769c076-83a1-4b7d-bebb-5b263957be59">
                            
                            
                            <ns14:javaBinding className="teamworks.Files">
                                
                                
                                <ns14:methodBindings name="getTextFromFile">
                                    
                                    
                                    <ns14:inputParameter name="filePath" type="java.lang.String" />
                                    
                                    
                                    <ns14:outputParameter name="fileContents" type="java.lang.String" />
                                    
                                
                                </ns14:methodBindings>
                                
                                
                                <ns14:methodBindings name="writeTextToFile">
                                    
                                    
                                    <ns14:inputParameter name="filePath" type="java.lang.String" />
                                    
                                    
                                    <ns14:inputParameter name="fileContents" type="java.lang.String" />
                                    
                                    
                                    <ns14:inputParameter name="appendToFile" type="boolean" />
                                    
                                    
                                    <ns14:outputParameter name="success" type="boolean" />
                                    
                                
                                </ns14:methodBindings>
                                
                                
                                <ns14:methodBindings name="getTextFromFile">
                                    
                                    
                                    <ns14:inputParameter name="file" type="java.io.File" />
                                    
                                    
                                    <ns14:outputParameter name="fileContents" type="java.lang.String" />
                                    
                                
                                </ns14:methodBindings>
                                
                                
                                <ns14:endpoints>
                                    
                                    
                                    <ns14:jarFileRef>61.21055fe7-1372-40e0-bb0e-b887403bb7d1</ns14:jarFileRef>
                                    
                                
                                </ns14:endpoints>
                                
                            
                            </ns14:javaBinding>
                            
                        
                        </ns14:externalService>
                        
                    
                    </ns13:extensionElements>
                    
                
                </ns13:endPoint>
                
            
            </ns13:definitions>
        </bpmn2Model>
    </process>
</teamworks>

