<?xml version="1.0" encoding="UTF-8"?>
<teamworks>
    <process id="1.65a68894-5f18-4b2b-b813-4cd1f66d97df" name="SetApplicationData">
        <lastModified>1600981502337</lastModified>
        <lastModifiedBy>tw_admin</lastModifiedBy>
        <processId>1.65a68894-5f18-4b2b-b813-4cd1f66d97df</processId>
        <image isNull="true" />
        <tabGroup isNull="true" />
        <startingProcessItemId>2025.8a0512e5-c79e-48e1-b9ca-750369fe57ee</startingProcessItemId>
        <isRootProcess>false</isRootProcess>
        <processType>14</processType>
        <isErrorHandlerEnabled>false</isErrorHandlerEnabled>
        <errorHandlerItemId isNull="true" />
        <isLoggingVariables>false</isLoggingVariables>
        <isTransactional>false</isTransactional>
        <processTimingLevel isNull="true" />
        <participantRef isNull="true" />
        <exposedType>0</exposedType>
        <isTrackingEnabled>true</isTrackingEnabled>
        <xmlData isNull="true" />
        <cachingType>false</cachingType>
        <itemLabel isNull="true" />
        <cacheLength isNull="true" />
        <mobileReady>false</mobileReady>
        <sboSyncEnabled>true</sboSyncEnabled>
        <externalId isNull="true" />
        <isSecured>false</isSecured>
        <isAjaxExposed>false</isAjaxExposed>
        <description>Saves application data</description>
        <guid>guid:154846eab305ed5c:589a8606:1719d3cacc1:-3de2</guid>
        <versionId>256c7f7e-7406-4559-b676-dad3c7ee4791</versionId>
        <dependencySummary isNull="true" />
        <jsonData>{"rootElement":[{"extensionElements":{"userTaskImplementation":[{"flowElement":[{"parallelMultiple":false,"outgoing":["2027.19b87d9f-d631-4b47-8d2a-746a2dff6f1a"],"isInterrupting":true,"extensionElements":{"nodeVisualInfo":[{"color":"#F8F8F8","width":24,"x":50,"y":200,"declaredType":"TNodeVisualInfo","height":24}]},"name":"Start","declaredType":"startEvent","id":"19de94b4-0d32-44e0-8c85-2786f2ff21c8"},{"incoming":["2027.48e20654-7b63-43fa-8ee4-30109948a237"],"extensionElements":{"nodeVisualInfo":[{"color":"#F8F8F8","width":24,"x":700,"y":200,"declaredType":"TNodeVisualInfo","height":24}],"navigationInstructions":[{"targetType":"Default","declaredType":"com.ibm.bpmsdk.model.bpmn20.ibmext.TNavigationInstructions"}]},"name":"End","declaredType":"endEvent","id":"a301f54e-8efc-4a12-866c-76eac5066101"},{"targetRef":"2025.a855f844-1fa4-4711-87f3-ec9dffde4e27","extensionElements":{"linkVisualInfo":[{"sourcePortLocation":"rightCenter","showCoachControlLabel":false,"labelPosition":0.0,"targetPortLocation":"leftCenter","declaredType":"TLinkVisualInfo","saveExecutionContext":false,"showLabel":false}]},"name":"To SetApplicationData","declaredType":"sequenceFlow","id":"2027.19b87d9f-d631-4b47-8d2a-746a2dff6f1a","sourceRef":"19de94b4-0d32-44e0-8c85-2786f2ff21c8"},{"outgoing":["2027.169b4a45-f470-4d1c-80de-fa44ae46a9c7"],"incoming":["2027.19b87d9f-d631-4b47-8d2a-746a2dff6f1a"],"extensionElements":{"nodeVisualInfo":[{"width":95,"x":268,"y":177,"declaredType":"TNodeVisualInfo","height":70}]},"documentation":[{"content":["Saves application data"],"textFormat":"text\/plain"}],"declaredType":"scriptTask","script":{"content":["tw.system.waitForContinueFlow();\r\nvar payload = tw.local.inputParams;\r\npayload.businessObjectMap = JSON.parse(JSON.stringify(tw.local.inputParams.businessObjectMap, tw.system.jsonReplacer));\r\ntw.system.performRequest(\"#DATAPERSISTENCE\", {\r\n  path: tw.local.inputParams.appId,\r\n  method: \"PUT\",\r\n  payload: {\r\n    params: payload\r\n  },\r\n  auth: {\r\n    protocol: \"OIDC\"\r\n  },\r\n  headers: {\r\n    \"Content-Type\": \"application\/json\"\r\n  }\r\n}, function (response, data) {\r\n  tw.system.log(tw.system.model.name, tw.system.model.step.name, JSON.stringify(response));\r\n  tw.system.log(tw.system.model.name, tw.system.model.step.name, JSON.stringify(data));\r\n  tw.system.continueFlow();\r\n}, function (error) {\r\n  tw.system.log(tw.system.model.name, tw.system.model.step.name, JSON.stringify(error));\r\n  tw.local.error = error;\r\n  tw.system.continueFlow();\r\n});"]},"startQuantity":1,"default":"2027.169b4a45-f470-4d1c-80de-fa44ae46a9c7","name":"SetApplicationData","isForCompensation":false,"completionQuantity":1,"id":"2025.a855f844-1fa4-4711-87f3-ec9dffde4e27","scriptFormat":"text\/x-javascript"},{"targetRef":"2025.fbd9bd6b-a42e-4320-8b70-210ae6b220c7","extensionElements":{"sequenceFlowImplementation":[{"fireValidation":"Never","sboSyncEnabled":true,"declaredType":"com.ibm.bpmsdk.model.bpmn20.ibmext.TSequenceFlowImplementation"}],"linkVisualInfo":[{"sourcePortLocation":"rightCenter","showCoachControlLabel":false,"labelPosition":0.0,"targetPortLocation":"leftCenter","declaredType":"TLinkVisualInfo","saveExecutionContext":true,"showLabel":false}]},"name":"To Has error?","declaredType":"sequenceFlow","id":"2027.169b4a45-f470-4d1c-80de-fa44ae46a9c7","sourceRef":"2025.a855f844-1fa4-4711-87f3-ec9dffde4e27"},{"itemSubjectRef":"itm.12.c09c9b6e-aabd-4897-bef2-ed61db106297","documentation":[{"content":["Error"],"textFormat":"text\/plain"}],"name":"error","isCollection":false,"declaredType":"dataObject","id":"2056.4f19efa1-bc85-493f-8a70-cece1fcbd80f"},{"incoming":["2027.52550b70-4233-46a5-8770-cdba28251200"],"eventDefinition":[{"extensionElements":{"errorEventSettings":[{"catchAll":false,"errorCode":"\"SetApplicationDataError\"","declaredType":"com.ibm.bpmsdk.model.bpmn20.ibmwleext.TErrorEventSettings"}]},"declaredType":"errorEventDefinition"}],"extensionElements":{"nodeVisualInfo":[{"width":24,"x":691,"y":262,"declaredType":"TNodeVisualInfo","height":24}],"navigationInstructions":[{"targetType":"Default","declaredType":"com.ibm.bpmsdk.model.bpmn20.ibmext.TNavigationInstructions"}]},"name":"Error","dataInputAssociation":[{"assignment":[{"from":{"evaluatesToTypeRef":"itm.12.c09c9b6e-aabd-4897-bef2-ed61db106297","declaredType":"TFormalExpression","content":["tw.local.error"]}}]}],"declaredType":"endEvent","id":"2025.969d7828-4178-4790-852f-f8a309b2f819"},{"outgoing":["2027.48e20654-7b63-43fa-8ee4-30109948a237","2027.52550b70-4233-46a5-8770-cdba28251200"],"incoming":["2027.169b4a45-f470-4d1c-80de-fa44ae46a9c7"],"default":"2027.48e20654-7b63-43fa-8ee4-30109948a237","gatewayDirection":"Unspecified","extensionElements":{"nodeVisualInfo":[{"width":32,"x":405,"y":196,"declaredType":"TNodeVisualInfo","height":32}]},"name":"Has error?","declaredType":"exclusiveGateway","id":"2025.fbd9bd6b-a42e-4320-8b70-210ae6b220c7"},{"targetRef":"a301f54e-8efc-4a12-866c-76eac5066101","extensionElements":{"sequenceFlowImplementation":[{"fireValidation":"Never","sboSyncEnabled":true,"declaredType":"com.ibm.bpmsdk.model.bpmn20.ibmext.TSequenceFlowImplementation"}],"linkVisualInfo":[{"sourcePortLocation":"rightCenter","showCoachControlLabel":false,"labelPosition":0.0,"targetPortLocation":"leftCenter","declaredType":"TLinkVisualInfo","saveExecutionContext":true,"showLabel":true}]},"name":"Start to End","declaredType":"sequenceFlow","id":"2027.48e20654-7b63-43fa-8ee4-30109948a237","sourceRef":"2025.fbd9bd6b-a42e-4320-8b70-210ae6b220c7"},{"targetRef":"2025.969d7828-4178-4790-852f-f8a309b2f819","conditionExpression":{"declaredType":"TFormalExpression","content":["!!tw.local.error\t  ==\t  true"]},"extensionElements":{"sequenceFlowImplementation":[{"fireValidation":"Never","sboSyncEnabled":true,"declaredType":"com.ibm.bpmsdk.model.bpmn20.ibmext.TSequenceFlowImplementation"}],"linkVisualInfo":[{"sourcePortLocation":"bottomCenter","showCoachControlLabel":false,"labelPosition":0.0,"targetPortLocation":"leftCenter","declaredType":"TLinkVisualInfo","saveExecutionContext":true,"showLabel":true}]},"name":"To Error","declaredType":"sequenceFlow","id":"2027.52550b70-4233-46a5-8770-cdba28251200","sourceRef":"2025.fbd9bd6b-a42e-4320-8b70-210ae6b220c7"},{"itemSubjectRef":"itm.12.c09c9b6e-aabd-4897-bef2-ed61db106297","documentation":[{"content":["parameters to be sent to AE."],"textFormat":"text\/plain"}],"name":"AEParams","isCollection":false,"declaredType":"dataObject","id":"2056.f80c2b8b-814f-4dc0-8352-2f6560beaed8"}],"isClosed":false,"declaredType":"com.ibm.bpmsdk.model.bpmn20.ibmext.TUserTaskImplementation","id":"73dd9c88-8922-4ff3-8008-f9194a6fc586","processType":"None"}]},"implementation":"##unspecified","documentation":[{"content":["Saves application data"],"textFormat":"text\/plain"}],"name":"SetApplicationData","declaredType":"globalUserTask","id":"1.679d8918-e7b2-48ec-8cbc-2714cfa6e577","ioSpecification":{"dataOutput":[{"itemSubjectRef":"itm.12.db884a3c-c533-44b7-bb2d-47bec8ad4022","name":"output1","isCollection":false,"id":"2055.98e4fbeb-0834-4321-8812-064df03dabe5"}],"inputSet":[{}],"outputSet":[{}],"dataInput":[{"itemSubjectRef":"itm.12.f946d717-c4dd-4882-bdb8-589f5f878de4","documentation":[{"content":["Input parameters"],"textFormat":"text\/plain"}],"name":"inputParams","isCollection":false,"id":"2055.9092177b-eb9a-4b43-880f-1bde5d2768af"}]}}],"targetNamespace":"","typeLanguage":"http:\/\/www.w3.org\/2001\/XMLSchema","expressionLanguage":"http:\/\/www.ibm.com\/xmlns\/prod\/bpm\/expression-lang\/javascript","id":"1.65a68894-5f18-4b2b-b813-4cd1f66d97df"}</jsonData>
        <field1 isNull="true" />
        <field2 isNull="true" />
        <field3>0</field3>
        <field4 isNull="true" />
        <field5>false</field5>
        <clobField1 isNull="true" />
        <blobField1 isNull="true" />
        <processParameter name="inputParams">
            <lastModified isNull="true" />
            <lastModifiedBy isNull="true" />
            <processParameterId>2055.9092177b-eb9a-4b43-880f-1bde5d2768af</processParameterId>
            <processId>1.65a68894-5f18-4b2b-b813-4cd1f66d97df</processId>
            <parameterType>1</parameterType>
            <isArrayOf>false</isArrayOf>
            <classId>/12.f946d717-c4dd-4882-bdb8-589f5f878de4</classId>
            <seq>1</seq>
            <hasDefault>false</hasDefault>
            <defaultValue isNull="true" />
            <isLocked>false</isLocked>
            <description>Input parameters</description>
            <guid>daa6b849-d378-4a4a-a0b2-ed1335471b7b</guid>
            <versionId>d0ca273d-c4ce-4cd8-ba92-00f3a0101029</versionId>
        </processParameter>
        <processParameter name="output1">
            <lastModified isNull="true" />
            <lastModifiedBy isNull="true" />
            <processParameterId>2055.98e4fbeb-0834-4321-8812-064df03dabe5</processParameterId>
            <processId>1.65a68894-5f18-4b2b-b813-4cd1f66d97df</processId>
            <parameterType>2</parameterType>
            <isArrayOf>false</isArrayOf>
            <classId>/12.db884a3c-c533-44b7-bb2d-47bec8ad4022</classId>
            <seq>2</seq>
            <hasDefault>false</hasDefault>
            <defaultValue isNull="true" />
            <isLocked>false</isLocked>
            <description isNull="true" />
            <guid>2d0e11af-fd25-4f8d-883d-bd350a4e0aff</guid>
            <versionId>57523a63-3079-431a-8750-ddefe307904d</versionId>
        </processParameter>
        <processParameter name="SetApplicationDataError">
            <lastModified isNull="true" />
            <lastModifiedBy isNull="true" />
            <processParameterId>2055.24b4f2d2-1168-483d-ab88-307ef73d8696</processParameterId>
            <processId>1.65a68894-5f18-4b2b-b813-4cd1f66d97df</processId>
            <parameterType>3</parameterType>
            <isArrayOf>false</isArrayOf>
            <classId>/12.c09c9b6e-aabd-4897-bef2-ed61db106297</classId>
            <seq>4</seq>
            <hasDefault>false</hasDefault>
            <defaultValue isNull="true" />
            <isLocked>false</isLocked>
            <description isNull="true" />
            <guid>c8fe61dd-d143-4c72-b3ad-378ec82f7b33</guid>
            <versionId>c68cfab6-9920-487f-8e9b-67497bd49658</versionId>
        </processParameter>
        <processVariable name="error">
            <lastModified isNull="true" />
            <lastModifiedBy isNull="true" />
            <processVariableId>2056.4f19efa1-bc85-493f-8a70-cece1fcbd80f</processVariableId>
            <description>Error</description>
            <processId>1.65a68894-5f18-4b2b-b813-4cd1f66d97df</processId>
            <namespace>2</namespace>
            <seq>1</seq>
            <isArrayOf>false</isArrayOf>
            <isTransient>false</isTransient>
            <classId>/12.c09c9b6e-aabd-4897-bef2-ed61db106297</classId>
            <hasDefault>false</hasDefault>
            <defaultValue isNull="true" />
            <guid>0bd466aa-e231-45ab-bc22-7396c47f25dc</guid>
            <versionId>aead93ab-cf4f-4d47-80e5-bc0d1eac6491</versionId>
        </processVariable>
        <processVariable name="AEParams">
            <lastModified isNull="true" />
            <lastModifiedBy isNull="true" />
            <processVariableId>2056.f80c2b8b-814f-4dc0-8352-2f6560beaed8</processVariableId>
            <description>parameters to be sent to AE.</description>
            <processId>1.65a68894-5f18-4b2b-b813-4cd1f66d97df</processId>
            <namespace>2</namespace>
            <seq>2</seq>
            <isArrayOf>false</isArrayOf>
            <isTransient>false</isTransient>
            <classId>/12.c09c9b6e-aabd-4897-bef2-ed61db106297</classId>
            <hasDefault>false</hasDefault>
            <defaultValue isNull="true" />
            <guid>fec1ba02-d829-4f30-a081-fc2c2fc176b3</guid>
            <versionId>f03319e2-35e2-45e6-9f0e-c6de24c395b5</versionId>
        </processVariable>
        <item>
            <lastModified isNull="true" />
            <lastModifiedBy isNull="true" />
            <processItemId>2025.5f71f011-35fb-453b-b019-7acebcebdce1</processItemId>
            <processId>1.65a68894-5f18-4b2b-b813-4cd1f66d97df</processId>
            <name>End</name>
            <tWComponentName>ExitPoint</tWComponentName>
            <tWComponentId>3008.47eb7bb7-7130-490e-aad3-0f1a68e094a8</tWComponentId>
            <isLogEnabled>false</isLogEnabled>
            <isTraceEnabled>false</isTraceEnabled>
            <traceCategory isNull="true" />
            <traceLevel isNull="true" />
            <traceMessage isNull="true" />
            <traceSymbolTable isNull="true" />
            <isExecutionContextTraced>false</isExecutionContextTraced>
            <saveExecutionContext>true</saveExecutionContext>
            <documentation isNull="true" />
            <isErrorHandlerEnabled>false</isErrorHandlerEnabled>
            <errorHandlerItemId isNull="true" />
            <guid>guid:154846eab305ed5c:589a8606:1719d3cacc1:-3de1</guid>
            <versionId>349e51e0-4394-4185-bdc9-86a583ea4f57</versionId>
            <externalServiceRef isNull="true" />
            <externalServiceOp isNull="true" />
            <nodeColor isNull="true" />
            <layoutData x="0" y="0">
                <errorLink>
                    <controlPoints />
                    <showEndState>false</showEndState>
                    <showName>false</showName>
                </errorLink>
            </layoutData>
            <TWComponent>
                <lastModified isNull="true" />
                <lastModifiedBy isNull="true" />
                <exitPointId>3008.47eb7bb7-7130-490e-aad3-0f1a68e094a8</exitPointId>
                <haltProcess>false</haltProcess>
                <guid>7405fdc9-2ad7-4410-8849-4dbff1bd29a4</guid>
                <versionId>33c8f945-22e1-405c-8d04-3a11b1867616</versionId>
            </TWComponent>
        </item>
        <item>
            <lastModified isNull="true" />
            <lastModifiedBy isNull="true" />
            <processItemId>2025.8a0512e5-c79e-48e1-b9ca-750369fe57ee</processItemId>
            <processId>1.65a68894-5f18-4b2b-b813-4cd1f66d97df</processId>
            <name>CoachFlowWrapper</name>
            <tWComponentName>CoachFlow</tWComponentName>
            <tWComponentId>3032.ba300492-30d3-44db-996a-bc82fcc97b8e</tWComponentId>
            <isLogEnabled>false</isLogEnabled>
            <isTraceEnabled>false</isTraceEnabled>
            <traceCategory isNull="true" />
            <traceLevel isNull="true" />
            <traceMessage isNull="true" />
            <traceSymbolTable isNull="true" />
            <isExecutionContextTraced>false</isExecutionContextTraced>
            <saveExecutionContext>true</saveExecutionContext>
            <documentation isNull="true" />
            <isErrorHandlerEnabled>false</isErrorHandlerEnabled>
            <errorHandlerItemId isNull="true" />
            <guid>guid:154846eab305ed5c:589a8606:1719d3cacc1:-3de0</guid>
            <versionId>af747247-8b7d-4e23-9220-59a14204206e</versionId>
            <externalServiceRef isNull="true" />
            <externalServiceOp isNull="true" />
            <nodeColor isNull="true" />
            <layoutData x="0" y="0">
                <errorLink>
                    <controlPoints />
                    <showEndState>false</showEndState>
                    <showName>false</showName>
                </errorLink>
            </layoutData>
            <TWComponent />
        </item>
        <startingProcessItemId>2025.8a0512e5-c79e-48e1-b9ca-750369fe57ee</startingProcessItemId>
        <errorHandlerItemId isNull="true" />
        <layoutData noConversion="true">
            <errorLink>
                <controlPoints />
                <showEndState>false</showEndState>
                <showName>false</showName>
            </errorLink>
        </layoutData>
        <startPoint>
            <layoutData x="0" y="0">
                <errorLink>
                    <controlPoints />
                    <showEndState>false</showEndState>
                    <showName>false</showName>
                </errorLink>
            </layoutData>
        </startPoint>
        <startLink>
            <fromPort locationId="rightCenter" portType="1" />
            <toPort locationId="rightCenter" portType="2" />
            <layoutData>
                <controlPoints />
                <showEndState>false</showEndState>
                <showName>false</showName>
            </layoutData>
        </startLink>
        <bpmn2Model>
            <ns16:definitions xmlns:ns16="http://www.omg.org/spec/BPMN/20100524/MODEL" xmlns:ns2="http://www.ibm.com/xmlns/prod/bpm/bpmn/ext/process" xmlns:ns3="http://www.ibm.com/xmlns/prod/bpm/bpmn/ext/process/wle" xmlns:ns4="http://www.ibm.com/xmlns/prod/bpm/bpmn/ext/process/case" xmlns:ns5="http://www.ibm.com/bpm/Extensions" xmlns:ns6="http://www.ibm.com/xmlns/prod/bpm/uca" xmlns:ns7="http://www.ibm.com/xmlns/prod/bpm/bpmn/ext/trackinggroup" xmlns:ns8="http://www.ibm.com/xmlns/prod/bpm/bpmn/ext/team" xmlns:ns9="http://www.ibm.com/xmlns/bpmnx/20100524/v1/BusinessVocabulary" xmlns:ns10="http://www.omg.org/spec/DD/20100524/DI" xmlns:ns11="http://www.omg.org/spec/DD/20100524/DC" xmlns:ns12="http://www.omg.org/spec/BPMN/20100524/BPMNDI" xmlns:ns13="http://www.ibm.com/xmlns/prod/bpm/graph" xmlns:ns14="http://www.ibm.com/xmlns/prod/bpm/bpmn/ext/process/auth" xmlns:ns15="http://www.ibm.com/xmlns/prod/bpm/bpmn/ext/extservice" xmlns:ns17="http://www.ibm.com/bpm/processappsettings" xmlns:ns18="http://www.ibm.com/xmlns/links" xmlns:ns19="http://www.ibm.com/bpm/CoachDesignerNG" xmlns:ns20="http://www.ibm.com/xmlns/tagging" xmlns:ns21="http://www.ibm.com/bpm/uitheme" xmlns:ns22="http://www.ibm.com/bpm/coachview" id="1.65a68894-5f18-4b2b-b813-4cd1f66d97df" targetNamespace="" expressionLanguage="http://www.ibm.com/xmlns/prod/bpm/expression-lang/javascript" typeLanguage="http://www.w3.org/2001/XMLSchema">
                
                
                <ns16:globalUserTask implementation="##unspecified" name="SetApplicationData" id="1.679d8918-e7b2-48ec-8cbc-2714cfa6e577">
                    
                    
                    <ns16:documentation textFormat="text/plain">Saves application data</ns16:documentation>
                    
                    
                    <ns16:extensionElements>
                        
                        
                        <ns2:userTaskImplementation processType="None" isClosed="false" id="73dd9c88-8922-4ff3-8008-f9194a6fc586">
                            
                            
                            <ns16:startEvent isInterrupting="true" parallelMultiple="false" name="Start" id="19de94b4-0d32-44e0-8c85-2786f2ff21c8">
                                
                                
                                <ns16:extensionElements>
                                    
                                    
                                    <ns13:nodeVisualInfo x="50" y="200" width="24" height="24" color="#F8F8F8" />
                                    
                                
                                </ns16:extensionElements>
                                
                                
                                <ns16:outgoing>2027.19b87d9f-d631-4b47-8d2a-746a2dff6f1a</ns16:outgoing>
                                
                            
                            </ns16:startEvent>
                            
                            
                            <ns16:endEvent name="End" id="a301f54e-8efc-4a12-866c-76eac5066101">
                                
                                
                                <ns16:extensionElements>
                                    
                                    
                                    <ns13:nodeVisualInfo x="700" y="200" width="24" height="24" color="#F8F8F8" />
                                    
                                    
                                    <ns2:navigationInstructions>
                                        
                                        
                                        <ns2:targetType>Default</ns2:targetType>
                                        
                                    
                                    </ns2:navigationInstructions>
                                    
                                
                                </ns16:extensionElements>
                                
                                
                                <ns16:incoming>2027.48e20654-7b63-43fa-8ee4-30109948a237</ns16:incoming>
                                
                            
                            </ns16:endEvent>
                            
                            
                            <ns16:sequenceFlow sourceRef="19de94b4-0d32-44e0-8c85-2786f2ff21c8" targetRef="2025.a855f844-1fa4-4711-87f3-ec9dffde4e27" name="To SetApplicationData" id="2027.19b87d9f-d631-4b47-8d2a-746a2dff6f1a">
                                
                                
                                <ns16:extensionElements>
                                    
                                    
                                    <ns13:linkVisualInfo>
                                        
                                        
                                        <ns13:sourcePortLocation>rightCenter</ns13:sourcePortLocation>
                                        
                                        
                                        <ns13:targetPortLocation>leftCenter</ns13:targetPortLocation>
                                        
                                        
                                        <ns13:showLabel>false</ns13:showLabel>
                                        
                                        
                                        <ns13:showCoachControlLabel>false</ns13:showCoachControlLabel>
                                        
                                        
                                        <ns13:labelPosition>0.0</ns13:labelPosition>
                                        
                                        
                                        <ns13:saveExecutionContext>false</ns13:saveExecutionContext>
                                        
                                    
                                    </ns13:linkVisualInfo>
                                    
                                
                                </ns16:extensionElements>
                                
                            
                            </ns16:sequenceFlow>
                            
                            
                            <ns16:scriptTask scriptFormat="text/x-javascript" default="2027.169b4a45-f470-4d1c-80de-fa44ae46a9c7" name="SetApplicationData" id="2025.a855f844-1fa4-4711-87f3-ec9dffde4e27">
                                
                                
                                <ns16:documentation textFormat="text/plain">Saves application data</ns16:documentation>
                                
                                
                                <ns16:extensionElements>
                                    
                                    
                                    <ns13:nodeVisualInfo x="268" y="177" width="95" height="70" />
                                    
                                
                                </ns16:extensionElements>
                                
                                
                                <ns16:incoming>2027.19b87d9f-d631-4b47-8d2a-746a2dff6f1a</ns16:incoming>
                                
                                
                                <ns16:outgoing>2027.169b4a45-f470-4d1c-80de-fa44ae46a9c7</ns16:outgoing>
                                
                                
                                <ns16:script>tw.system.waitForContinueFlow();&#xD;
var payload = tw.local.inputParams;&#xD;
payload.businessObjectMap = JSON.parse(JSON.stringify(tw.local.inputParams.businessObjectMap, tw.system.jsonReplacer));&#xD;
tw.system.performRequest("#DATAPERSISTENCE", {&#xD;
  path: tw.local.inputParams.appId,&#xD;
  method: "PUT",&#xD;
  payload: {&#xD;
    params: payload&#xD;
  },&#xD;
  auth: {&#xD;
    protocol: "OIDC"&#xD;
  },&#xD;
  headers: {&#xD;
    "Content-Type": "application/json"&#xD;
  }&#xD;
}, function (response, data) {&#xD;
  tw.system.log(tw.system.model.name, tw.system.model.step.name, JSON.stringify(response));&#xD;
  tw.system.log(tw.system.model.name, tw.system.model.step.name, JSON.stringify(data));&#xD;
  tw.system.continueFlow();&#xD;
}, function (error) {&#xD;
  tw.system.log(tw.system.model.name, tw.system.model.step.name, JSON.stringify(error));&#xD;
  tw.local.error = error;&#xD;
  tw.system.continueFlow();&#xD;
});</ns16:script>
                                
                            
                            </ns16:scriptTask>
                            
                            
                            <ns16:sequenceFlow sourceRef="2025.a855f844-1fa4-4711-87f3-ec9dffde4e27" targetRef="2025.fbd9bd6b-a42e-4320-8b70-210ae6b220c7" name="To Has error?" id="2027.169b4a45-f470-4d1c-80de-fa44ae46a9c7">
                                
                                
                                <ns16:extensionElements>
                                    
                                    
                                    <ns2:sequenceFlowImplementation sboSyncEnabled="true" />
                                    
                                    
                                    <ns13:linkVisualInfo>
                                        
                                        
                                        <ns13:sourcePortLocation>rightCenter</ns13:sourcePortLocation>
                                        
                                        
                                        <ns13:targetPortLocation>leftCenter</ns13:targetPortLocation>
                                        
                                        
                                        <ns13:showLabel>false</ns13:showLabel>
                                        
                                        
                                        <ns13:showCoachControlLabel>false</ns13:showCoachControlLabel>
                                        
                                        
                                        <ns13:labelPosition>0.0</ns13:labelPosition>
                                        
                                        
                                        <ns13:saveExecutionContext>true</ns13:saveExecutionContext>
                                        
                                    
                                    </ns13:linkVisualInfo>
                                    
                                
                                </ns16:extensionElements>
                                
                            
                            </ns16:sequenceFlow>
                            
                            
                            <ns16:dataObject itemSubjectRef="itm.12.c09c9b6e-aabd-4897-bef2-ed61db106297" isCollection="false" name="error" id="2056.4f19efa1-bc85-493f-8a70-cece1fcbd80f">
                                
                                
                                <ns16:documentation textFormat="text/plain">Error</ns16:documentation>
                                
                            
                            </ns16:dataObject>
                            
                            
                            <ns16:endEvent name="Error" id="2025.969d7828-4178-4790-852f-f8a309b2f819">
                                
                                
                                <ns16:extensionElements>
                                    
                                    
                                    <ns13:nodeVisualInfo x="691" y="262" width="24" height="24" />
                                    
                                    
                                    <ns2:navigationInstructions>
                                        
                                        
                                        <ns2:targetType>Default</ns2:targetType>
                                        
                                    
                                    </ns2:navigationInstructions>
                                    
                                
                                </ns16:extensionElements>
                                
                                
                                <ns16:incoming>2027.52550b70-4233-46a5-8770-cdba28251200</ns16:incoming>
                                
                                
                                <ns16:dataInputAssociation>
                                    
                                    
                                    <ns16:assignment>
                                        
                                        
                                        <ns16:from xmlns:xsi="http://www.w3.org/2001/XMLSchema-instance" xsi:type="ns16:tFormalExpression" evaluatesToTypeRef="itm.12.c09c9b6e-aabd-4897-bef2-ed61db106297">tw.local.error</ns16:from>
                                        
                                    
                                    </ns16:assignment>
                                    
                                
                                </ns16:dataInputAssociation>
                                
                                
                                <ns16:errorEventDefinition>
                                    
                                    
                                    <ns16:extensionElements>
                                        
                                        
                                        <ns3:errorEventSettings>
                                            
                                            
                                            <ns3:catchAll>false</ns3:catchAll>
                                            
                                            
                                            <ns3:errorCode>"SetApplicationDataError"</ns3:errorCode>
                                            
                                        
                                        </ns3:errorEventSettings>
                                        
                                    
                                    </ns16:extensionElements>
                                    
                                
                                </ns16:errorEventDefinition>
                                
                            
                            </ns16:endEvent>
                            
                            
                            <ns16:exclusiveGateway default="2027.48e20654-7b63-43fa-8ee4-30109948a237" name="Has error?" id="2025.fbd9bd6b-a42e-4320-8b70-210ae6b220c7">
                                
                                
                                <ns16:extensionElements>
                                    
                                    
                                    <ns13:nodeVisualInfo x="405" y="196" width="32" height="32" />
                                    
                                
                                </ns16:extensionElements>
                                
                                
                                <ns16:incoming>2027.169b4a45-f470-4d1c-80de-fa44ae46a9c7</ns16:incoming>
                                
                                
                                <ns16:outgoing>2027.48e20654-7b63-43fa-8ee4-30109948a237</ns16:outgoing>
                                
                                
                                <ns16:outgoing>2027.52550b70-4233-46a5-8770-cdba28251200</ns16:outgoing>
                                
                            
                            </ns16:exclusiveGateway>
                            
                            
                            <ns16:sequenceFlow sourceRef="2025.fbd9bd6b-a42e-4320-8b70-210ae6b220c7" targetRef="a301f54e-8efc-4a12-866c-76eac5066101" name="Start to End" id="2027.48e20654-7b63-43fa-8ee4-30109948a237">
                                
                                
                                <ns16:extensionElements>
                                    
                                    
                                    <ns2:sequenceFlowImplementation sboSyncEnabled="true" />
                                    
                                    
                                    <ns13:linkVisualInfo>
                                        
                                        
                                        <ns13:sourcePortLocation>rightCenter</ns13:sourcePortLocation>
                                        
                                        
                                        <ns13:targetPortLocation>leftCenter</ns13:targetPortLocation>
                                        
                                        
                                        <ns13:showLabel>true</ns13:showLabel>
                                        
                                        
                                        <ns13:showCoachControlLabel>false</ns13:showCoachControlLabel>
                                        
                                        
                                        <ns13:labelPosition>0.0</ns13:labelPosition>
                                        
                                        
                                        <ns13:saveExecutionContext>true</ns13:saveExecutionContext>
                                        
                                    
                                    </ns13:linkVisualInfo>
                                    
                                
                                </ns16:extensionElements>
                                
                            
                            </ns16:sequenceFlow>
                            
                            
                            <ns16:sequenceFlow sourceRef="2025.fbd9bd6b-a42e-4320-8b70-210ae6b220c7" targetRef="2025.969d7828-4178-4790-852f-f8a309b2f819" name="To Error" id="2027.52550b70-4233-46a5-8770-cdba28251200">
                                
                                
                                <ns16:extensionElements>
                                    
                                    
                                    <ns2:sequenceFlowImplementation sboSyncEnabled="true" />
                                    
                                    
                                    <ns13:linkVisualInfo>
                                        
                                        
                                        <ns13:sourcePortLocation>bottomCenter</ns13:sourcePortLocation>
                                        
                                        
                                        <ns13:targetPortLocation>leftCenter</ns13:targetPortLocation>
                                        
                                        
                                        <ns13:showLabel>true</ns13:showLabel>
                                        
                                        
                                        <ns13:showCoachControlLabel>false</ns13:showCoachControlLabel>
                                        
                                        
                                        <ns13:labelPosition>0.0</ns13:labelPosition>
                                        
                                        
                                        <ns13:saveExecutionContext>true</ns13:saveExecutionContext>
                                        
                                    
                                    </ns13:linkVisualInfo>
                                    
                                
                                </ns16:extensionElements>
                                
                                
                                <ns16:conditionExpression xmlns:xsi="http://www.w3.org/2001/XMLSchema-instance" xsi:type="ns16:tFormalExpression">!!tw.local.error	  ==	  true</ns16:conditionExpression>
                                
                            
                            </ns16:sequenceFlow>
                            
                            
                            <ns16:dataObject itemSubjectRef="itm.12.c09c9b6e-aabd-4897-bef2-ed61db106297" isCollection="false" name="AEParams" id="2056.f80c2b8b-814f-4dc0-8352-2f6560beaed8">
                                
                                
                                <ns16:documentation textFormat="text/plain">parameters to be sent to AE.</ns16:documentation>
                                
                            
                            </ns16:dataObject>
                            
                        
                        </ns2:userTaskImplementation>
                        
                    
                    </ns16:extensionElements>
                    
                    
                    <ns16:ioSpecification>
                        
                        
                        <ns16:dataInput name="inputParams" itemSubjectRef="itm.12.f946d717-c4dd-4882-bdb8-589f5f878de4" isCollection="false" id="2055.9092177b-eb9a-4b43-880f-1bde5d2768af">
                            
                            
                            <ns16:documentation textFormat="text/plain">Input parameters</ns16:documentation>
                            
                        
                        </ns16:dataInput>
                        
                        
                        <ns16:dataOutput name="output1" itemSubjectRef="itm.12.db884a3c-c533-44b7-bb2d-47bec8ad4022" isCollection="false" id="2055.98e4fbeb-0834-4321-8812-064df03dabe5" />
                        
                        
                        <ns16:inputSet />
                        
                        
                        <ns16:outputSet />
                        
                    
                    </ns16:ioSpecification>
                    
                
                </ns16:globalUserTask>
                
            
            </ns16:definitions>
        </bpmn2Model>
        <link name="Untitled">
            <lastModified isNull="true" />
            <lastModifiedBy isNull="true" />
            <processLinkId>2027.528797b0-a060-47c0-a073-bbc3a67e3b22</processLinkId>
            <processId>1.65a68894-5f18-4b2b-b813-4cd1f66d97df</processId>
            <description isNull="true" />
            <fromProcessItemId>2025.8a0512e5-c79e-48e1-b9ca-750369fe57ee</fromProcessItemId>
            <endStateId>Out</endStateId>
            <toProcessItemId>2025.5f71f011-35fb-453b-b019-7acebcebdce1</toProcessItemId>
            <guid>4f4fbd9b-5633-4151-a5b7-b72a261b0022</guid>
            <versionId>9d5354dd-0f5b-4f86-b98b-a436d8cd0f2d</versionId>
            <layoutData>
                <controlPoints />
                <showEndState>false</showEndState>
                <showName>false</showName>
            </layoutData>
            <fromItemPort locationId="rightCenter" portType="1" />
            <toItemPort locationId="rightCenter" portType="2" />
            <fromProcessItemId>2025.8a0512e5-c79e-48e1-b9ca-750369fe57ee</fromProcessItemId>
            <toProcessItemId>2025.5f71f011-35fb-453b-b019-7acebcebdce1</toProcessItemId>
        </link>
    </process>
</teamworks>

