<?xml version="1.0" encoding="UTF-8"?>
<teamworks>
    <process id="1.6ab4ed30-ffa5-4879-8bf9-75ac0636ce84" name="lsw Conditional Activity Selection Coach">
        <lastModified>1361372673512</lastModified>
        <lastModifiedBy>Internal TW Admin user</lastModifiedBy>
        <processId>1.6ab4ed30-ffa5-4879-8bf9-75ac0636ce84</processId>
        <image isNull="true" />
        <tabGroup isNull="true" />
        <startingProcessItemId>2025.b9462054-1265-4a49-b5dc-21222f4c8c92</startingProcessItemId>
        <isRootProcess>false</isRootProcess>
        <processType>3</processType>
        <isErrorHandlerEnabled>false</isErrorHandlerEnabled>
        <errorHandlerItemId isNull="true" />
        <isLoggingVariables>false</isLoggingVariables>
        <isTransactional>false</isTransactional>
        <processTimingLevel isNull="true" />
        <participantRef isNull="true" />
        <exposedType isNull="true" />
        <isTrackingEnabled>true</isTrackingEnabled>
        <xmlData isNull="true" />
        <cachingType>false</cachingType>
        <itemLabel isNull="true" />
        <cacheLength>43200</cacheLength>
        <mobileReady>false</mobileReady>
        <sboSyncEnabled>true</sboSyncEnabled>
        <externalId isNull="true" />
        <isSecured>false</isSecured>
        <isAjaxExposed>false</isAjaxExposed>
        <description isNull="true" />
        <guid>guid:5a54f1704f1c1577:-6b56085f:12370558356:-7efe</guid>
        <versionId>9014f48e-f5df-4102-ba3d-ac160fecba38</versionId>
        <dependencySummary isNull="true" />
        <jsonData isNull="true" />
        <field1 isNull="true" />
        <field2 isNull="true" />
        <field3>0</field3>
        <field4 isNull="true" />
        <field5>false</field5>
        <clobField1 isNull="true" />
        <blobField1 isNull="true" />
        <processParameter name="bpdGUID">
            <lastModified isNull="true" />
            <lastModifiedBy isNull="true" />
            <processParameterId>2055.f545be53-d9dd-4a40-8930-7fe2f8782f94</processParameterId>
            <processId>1.6ab4ed30-ffa5-4879-8bf9-75ac0636ce84</processId>
            <parameterType>1</parameterType>
            <isArrayOf>false</isArrayOf>
            <classId>/12.db884a3c-c533-44b7-bb2d-47bec8ad4022</classId>
            <seq>1</seq>
            <hasDefault>false</hasDefault>
            <defaultValue isNull="true" />
            <isLocked>false</isLocked>
            <description isNull="true" />
            <guid>guid:5a54f1704f1c1577:-6b56085f:12370558356:-7efa</guid>
            <versionId>31733bff-b8b2-4d9c-9796-cb4709f27c73</versionId>
        </processParameter>
        <processParameter name="conditionalActivities">
            <lastModified isNull="true" />
            <lastModifiedBy isNull="true" />
            <processParameterId>2055.e8d1bd9b-88e1-46bf-8072-ef03f958f205</processParameterId>
            <processId>1.6ab4ed30-ffa5-4879-8bf9-75ac0636ce84</processId>
            <parameterType>1</parameterType>
            <isArrayOf>true</isArrayOf>
            <classId>/12.4b7c93cd-cecb-4b9f-b753-43ef956d8169</classId>
            <seq>2</seq>
            <hasDefault>false</hasDefault>
            <defaultValue isNull="true" />
            <isLocked>false</isLocked>
            <description>The conditional activities from the BPD</description>
            <guid>guid:5a54f1704f1c1577:-6b56085f:12370558356:-7ef9</guid>
            <versionId>1c107205-1ed7-4661-92c2-87287072da4b</versionId>
        </processParameter>
        <processParameter name="selectedConditionalActivities">
            <lastModified isNull="true" />
            <lastModifiedBy isNull="true" />
            <processParameterId>2055.ba5d0c10-85d2-41a4-bde2-b0becfa4f7e7</processParameterId>
            <processId>1.6ab4ed30-ffa5-4879-8bf9-75ac0636ce84</processId>
            <parameterType>1</parameterType>
            <isArrayOf>true</isArrayOf>
            <classId>/12.db884a3c-c533-44b7-bb2d-47bec8ad4022</classId>
            <seq>3</seq>
            <hasDefault>true</hasDefault>
            <defaultValue>var autoObject = new tw.object.arrayOf.String();
autoObject[0] = "";
autoObject
</defaultValue>
            <isLocked>false</isLocked>
            <description>GUIDs of preselected conditional activities (if any)</description>
            <guid>guid:5a54f1704f1c1577:-6b56085f:12370558356:-7ef8</guid>
            <versionId>579aa62b-3ffc-485f-b390-b45c21924cf1</versionId>
        </processParameter>
        <processParameter name="templateID">
            <lastModified isNull="true" />
            <lastModifiedBy isNull="true" />
            <processParameterId>2055.a4b2b2f3-8bef-4d34-88c3-8a748e7533f9</processParameterId>
            <processId>1.6ab4ed30-ffa5-4879-8bf9-75ac0636ce84</processId>
            <parameterType>1</parameterType>
            <isArrayOf>false</isArrayOf>
            <classId>/12.db884a3c-c533-44b7-bb2d-47bec8ad4022</classId>
            <seq>4</seq>
            <hasDefault>true</hasDefault>
            <defaultValue>""</defaultValue>
            <isLocked>false</isLocked>
            <description>The ID of a template to start with (if any)</description>
            <guid>guid:5a54f1704f1c1577:-6b56085f:12370558356:-7ef7</guid>
            <versionId>b7ba4244-dee6-479a-a6e7-343dfd875e0e</versionId>
        </processParameter>
        <processParameter name="isReadOnly">
            <lastModified isNull="true" />
            <lastModifiedBy isNull="true" />
            <processParameterId>2055.96f81d37-c7f9-4b04-af51-8cfdf838c1dc</processParameterId>
            <processId>1.6ab4ed30-ffa5-4879-8bf9-75ac0636ce84</processId>
            <parameterType>1</parameterType>
            <isArrayOf>false</isArrayOf>
            <classId>/12.83ff975e-8dbc-42e5-b738-fa8bc08274a2</classId>
            <seq>5</seq>
            <hasDefault>true</hasDefault>
            <defaultValue>false</defaultValue>
            <isLocked>false</isLocked>
            <description>Whether or not the selection tree is read-only.</description>
            <guid>guid:5a54f1704f1c1577:-6b56085f:12370558356:-7ef6</guid>
            <versionId>b55f01e9-c153-4d15-a78c-7efe01ec354e</versionId>
        </processParameter>
        <processParameter name="selectedConditionalActivities">
            <lastModified isNull="true" />
            <lastModifiedBy isNull="true" />
            <processParameterId>2055.df3d9e5f-c498-4ef8-a6a6-00808ef4ab97</processParameterId>
            <processId>1.6ab4ed30-ffa5-4879-8bf9-75ac0636ce84</processId>
            <parameterType>2</parameterType>
            <isArrayOf>true</isArrayOf>
            <classId>/12.db884a3c-c533-44b7-bb2d-47bec8ad4022</classId>
            <seq>6</seq>
            <hasDefault>false</hasDefault>
            <defaultValue isNull="true" />
            <isLocked>false</isLocked>
            <description>GUIDs of conditional activities selected by coach and/or template</description>
            <guid>guid:5a54f1704f1c1577:-6b56085f:12370558356:-7ef5</guid>
            <versionId>4cd084ec-6045-4fb3-bc25-d28fe23c4234</versionId>
        </processParameter>
        <processParameter name="templateID">
            <lastModified isNull="true" />
            <lastModifiedBy isNull="true" />
            <processParameterId>2055.4c21b60a-07a5-40b1-acf3-74d68b8c7695</processParameterId>
            <processId>1.6ab4ed30-ffa5-4879-8bf9-75ac0636ce84</processId>
            <parameterType>2</parameterType>
            <isArrayOf>false</isArrayOf>
            <classId>/12.db884a3c-c533-44b7-bb2d-47bec8ad4022</classId>
            <seq>7</seq>
            <hasDefault>false</hasDefault>
            <defaultValue isNull="true" />
            <isLocked>false</isLocked>
            <description>The ID of the template used to select the conditional activities.  Some of the selected conditional activities may have changed since loading the template.</description>
            <guid>guid:5a54f1704f1c1577:-6b56085f:12370558356:-7ef4</guid>
            <versionId>ad85cc04-eca4-42b3-8641-85d512150e44</versionId>
        </processParameter>
        <processVariable name="templateNames">
            <lastModified isNull="true" />
            <lastModifiedBy isNull="true" />
            <processVariableId>2056.ec55b9f6-2382-4229-9ce8-331e2c063c4f</processVariableId>
            <description>Auto generated variable for mapping of lsw Get Conditional Activity Template Names</description>
            <processId>1.6ab4ed30-ffa5-4879-8bf9-75ac0636ce84</processId>
            <namespace>2</namespace>
            <seq>1</seq>
            <isArrayOf>true</isArrayOf>
            <isTransient>false</isTransient>
            <classId>/12.d2e5a15a-ea53-4793-9e93-29af5bd80b13</classId>
            <hasDefault>false</hasDefault>
            <defaultValue isNull="true" />
            <guid>guid:5a54f1704f1c1577:-6b56085f:12370558356:-7ef3</guid>
            <versionId>e0d9da45-86c0-43e8-b54c-09f93adec00f</versionId>
        </processVariable>
        <processVariable name="templateName">
            <lastModified isNull="true" />
            <lastModifiedBy isNull="true" />
            <processVariableId>2056.fd8335d6-89d8-4b4f-8d51-69fbb4b5585a</processVariableId>
            <description>Auto generated variable for mapping of lsw Save Conditional Activity Template</description>
            <processId>1.6ab4ed30-ffa5-4879-8bf9-75ac0636ce84</processId>
            <namespace>2</namespace>
            <seq>2</seq>
            <isArrayOf>false</isArrayOf>
            <isTransient>false</isTransient>
            <classId>/12.db884a3c-c533-44b7-bb2d-47bec8ad4022</classId>
            <hasDefault>false</hasDefault>
            <defaultValue isNull="true" />
            <guid>guid:5a54f1704f1c1577:-6b56085f:12370558356:-7ef2</guid>
            <versionId>ef3ecc75-e731-4c6e-83d2-69aca46a5987</versionId>
        </processVariable>
        <processVariable name="originalSelectedConditionalActivities">
            <lastModified isNull="true" />
            <lastModifiedBy isNull="true" />
            <processVariableId>2056.d20c739a-8c32-4b21-bb07-f2488e064976</processVariableId>
            <description isNull="true" />
            <processId>1.6ab4ed30-ffa5-4879-8bf9-75ac0636ce84</processId>
            <namespace>2</namespace>
            <seq>3</seq>
            <isArrayOf>true</isArrayOf>
            <isTransient>false</isTransient>
            <classId>/12.db884a3c-c533-44b7-bb2d-47bec8ad4022</classId>
            <hasDefault>false</hasDefault>
            <defaultValue isNull="true" />
            <guid>guid:5a54f1704f1c1577:-6b56085f:12370558356:-7ef1</guid>
            <versionId>24e08715-9584-4708-ae1f-dcee5ff2388c</versionId>
        </processVariable>
        <processVariable name="conditionalActivitySelectionTreeHTML">
            <lastModified isNull="true" />
            <lastModifiedBy isNull="true" />
            <processVariableId>2056.491c7fc9-9b83-49cc-8a11-77561fcdb162</processVariableId>
            <description>Auto generated variable for mapping of lsw Create Conditional Activity Selection Tree HTML</description>
            <processId>1.6ab4ed30-ffa5-4879-8bf9-75ac0636ce84</processId>
            <namespace>2</namespace>
            <seq>4</seq>
            <isArrayOf>false</isArrayOf>
            <isTransient>false</isTransient>
            <classId>/12.db884a3c-c533-44b7-bb2d-47bec8ad4022</classId>
            <hasDefault>false</hasDefault>
            <defaultValue isNull="true" />
            <guid>guid:5a54f1704f1c1577:-6b56085f:12370558356:-7ef0</guid>
            <versionId>130907b2-6c71-466d-9042-0e7190918623</versionId>
        </processVariable>
        <processVariable name="originalTemplateID">
            <lastModified isNull="true" />
            <lastModifiedBy isNull="true" />
            <processVariableId>2056.8226d913-e2f1-4508-a3bb-dba318a887d3</processVariableId>
            <description isNull="true" />
            <processId>1.6ab4ed30-ffa5-4879-8bf9-75ac0636ce84</processId>
            <namespace>2</namespace>
            <seq>5</seq>
            <isArrayOf>false</isArrayOf>
            <isTransient>false</isTransient>
            <classId>/12.db884a3c-c533-44b7-bb2d-47bec8ad4022</classId>
            <hasDefault>false</hasDefault>
            <defaultValue isNull="true" />
            <guid>guid:5a54f1704f1c1577:-6b56085f:12370558356:-7eef</guid>
            <versionId>b6cf7415-e833-4bd0-bc26-af4de0096e44</versionId>
        </processVariable>
        <item>
            <lastModified isNull="true" />
            <lastModifiedBy isNull="true" />
            <processItemId>2025.875fca76-eb13-4a0e-8d02-6e77f9dbbed1</processItemId>
            <processId>1.6ab4ed30-ffa5-4879-8bf9-75ac0636ce84</processId>
            <name>Conditional Activities</name>
            <tWComponentName>Coach</tWComponentName>
            <tWComponentId>3003.fa1a4290-7583-4d52-9f6d-111ac205a83f</tWComponentId>
            <isLogEnabled>false</isLogEnabled>
            <isTraceEnabled>false</isTraceEnabled>
            <traceCategory isNull="true" />
            <traceLevel isNull="true" />
            <traceMessage isNull="true" />
            <traceSymbolTable isNull="true" />
            <isExecutionContextTraced>false</isExecutionContextTraced>
            <saveExecutionContext>true</saveExecutionContext>
            <documentation isNull="true" />
            <isErrorHandlerEnabled>false</isErrorHandlerEnabled>
            <errorHandlerItemId isNull="true" />
            <guid>guid:5a54f1704f1c1577:-6b56085f:12370558356:-7eca</guid>
            <versionId>0a3f1cb6-0750-4096-8793-059888bfe416</versionId>
            <externalServiceRef isNull="true" />
            <externalServiceOp isNull="true" />
            <nodeColor isNull="true" />
            <layoutData x="765" y="190">
                <errorLink>
                    <controlPoints />
                    <showEndState>false</showEndState>
                    <showName>false</showName>
                </errorLink>
            </layoutData>
            <TWComponent>
                <lastModified isNull="true" />
                <lastModifiedBy isNull="true" />
                <coachId>3003.fa1a4290-7583-4d52-9f6d-111ac205a83f</coachId>
                <title>Untitled1</title>
                <layoutRef>/20.fa3fc599-a72a-4a82-8f14-6bba1565444a</layoutRef>
                <layoutData isNull="true" />
                <xslRef isNull="true" />
                <guid>guid:5a54f1704f1c1577:-6b56085f:12370558356:-7ecb</guid>
                <versionId>8858f074-96a9-47b0-abba-ef88b580f1af</versionId>
                <CoachResources>
                    <lastModified isNull="true" />
                    <lastModifiedBy isNull="true" />
                    <coachResourceId>3004.fccb48d6-4edd-4676-804c-f6fcdf2bf704</coachResourceId>
                    <coachId>3003.fa1a4290-7583-4d52-9f6d-111ac205a83f</coachId>
                    <virtualName>CoachDesignerXML</virtualName>
                    <type>text/HTML</type>
                    <resourceData>&lt;tw:Form xmlns:tw="http://lombardisoftware.com/schema/coachdesigner" xmlns:xsi="http://www.w3.org/2001/XMLSchema-instance" xsi:schemaLocation="http://lombardisoftware.com/schema/forms Form.xsd"&gt;
  &lt;tw:FormTitle&gt;Lombardi Coach&lt;/tw:FormTitle&gt;
  &lt;tw:Layout tw:id="section" tw:styleClass=""&gt;
    &lt;tw:Section tw:columns="1"&gt;
      &lt;tw:SectionTitle tw:id="sectionTitle" tw:visible="false"&gt;Section Title&lt;/tw:SectionTitle&gt;
      &lt;tw:SectionHeading tw:id="sectionHeading" tw:visible="false"&gt;Section Heading&lt;/tw:SectionHeading&gt;
      &lt;tw:Row tw:rows="3"&gt;
        &lt;tw:Column&gt;
          &lt;tw:Control tw:col="1" tw:colspan="1" tw:id="section1" tw:row="1" tw:rowspan="1"&gt;
            &lt;tw:Documentation&gt;This section will be an empty section with two columns defined.&lt;/tw:Documentation&gt;
            &lt;tw:Section tw:columns="2"&gt;
              &lt;tw:SectionTitle tw:id="sectionTitle" tw:visible="false"&gt;Section Title&lt;/tw:SectionTitle&gt;
              &lt;tw:Row tw:rows="1"&gt;
                &lt;tw:Column&gt;
                  &lt;tw:Control tw:col="1" tw:colspan="1" tw:id="ComboBox0" tw:row="1" tw:rowspan="1"&gt;
                    &lt;tw:Documentation&gt;Shows a drop-down list of values from which the user can select a single value.&lt;/tw:Documentation&gt;
                    &lt;tw:PaletteIcon&gt;coachdesigner16/choice_obj.gif&lt;/tw:PaletteIcon&gt;
                    &lt;tw:EventHandler tw:event="onChange"&gt;
                      &lt;tw:ClientScript&gt;if(this.value != null &amp;amp;&amp;amp; this.value.length &amp;gt; 0) {
  document.getElementById("ButtonGroup1_Button1").click();
}&lt;/tw:ClientScript&gt;
                    &lt;/tw:EventHandler&gt;
                    &lt;tw:SingleSelect tw:binding="tw.local.templateID"&gt;
                      &lt;tw:Label tw:visible="true"&gt;Template:&lt;/tw:Label&gt;
                      &lt;tw:StaticOption tw:value=""&gt;-- None --&lt;/tw:StaticOption&gt;
                      &lt;tw:DynamicOption tw:binding="tw.local.templateNames[]" tw:displayBinding=".name" tw:valueBinding=".value" /&gt;
                      &lt;tw:BasedOn tw:type="List Variable" /&gt;
                      &lt;tw:VisualDropDown /&gt;
                    &lt;/tw:SingleSelect&gt;
                  &lt;/tw:Control&gt;
                &lt;/tw:Column&gt;
                &lt;tw:Column&gt;
                  &lt;tw:Control tw:col="2" tw:colspan="1" tw:id="ButtonGroup1" tw:row="1" tw:rowspan="1"&gt;
                    &lt;tw:Documentation&gt;A Button Group containing one Button.&lt;/tw:Documentation&gt;
                    &lt;tw:PaletteIcon&gt;coachdesigner16/button_obj.gif&lt;/tw:PaletteIcon&gt;
                    &lt;tw:ButtonGroup&gt;
                      &lt;tw:Label tw:visible="false"&gt;A Button:&lt;/tw:Label&gt;
                      &lt;tw:Button tw:decisionPoint="true" tw:id="Button0"&gt;
                        &lt;tw:Label&gt;Save&lt;/tw:Label&gt;
                        &lt;tw:EventHandler tw:event="onClick" /&gt;
                      &lt;/tw:Button&gt;
                      &lt;tw:Button tw:decisionPoint="true" tw:id="Button1"&gt;
                        &lt;tw:Label&gt;Reload&lt;/tw:Label&gt;
                        &lt;tw:EventHandler tw:event="onClick" /&gt;
                      &lt;/tw:Button&gt;
                    &lt;/tw:ButtonGroup&gt;
                  &lt;/tw:Control&gt;
                &lt;/tw:Column&gt;
              &lt;/tw:Row&gt;
            &lt;/tw:Section&gt;
          &lt;/tw:Control&gt;
          &lt;tw:Control tw:col="1" tw:colspan="1" tw:id="section2" tw:row="2" tw:rowspan="1"&gt;
            &lt;tw:Documentation&gt;This section will be an empty section with one column.&lt;/tw:Documentation&gt;
            &lt;tw:Section tw:columns="1"&gt;
              &lt;tw:SectionTitle tw:id="sectionTitle" tw:visible="true"&gt;Select Conditional Activities to execute&lt;/tw:SectionTitle&gt;
              &lt;tw:SectionHeading tw:id="sectionHeading" tw:visible="false"&gt;Section Heading&lt;/tw:SectionHeading&gt;
              &lt;tw:Row tw:rows="1"&gt;
                &lt;tw:Column&gt;
                  &lt;tw:Control tw:col="1" tw:colspan="2" tw:id="CATree" tw:row="1" tw:rowspan="1"&gt;
                    &lt;tw:Documentation&gt;Displays a tree of Conditional Activities.

Input:

tw.local.conditionalActivitives     (ConditionalActivity[]) the list of conditional activities. Obtain from tw.system.process.conditionalActivities
tw.local.initConditionalActivitives (String[])              the list of conditional activities to initialize as checked when tree is displayed

Output:

tw.local.selectedConditionalActivities (String) a comma separated list of guids representing the conditional activities that were selected in the tree&lt;/tw:Documentation&gt;
                    &lt;tw:PaletteIcon&gt;coachdesigner16/customhtml.gif&lt;/tw:PaletteIcon&gt;
                    &lt;tw:LabeledCustomHTML&gt;
                      &lt;tw:Content&gt;&amp;lt;#=tw.local.conditionalActivitySelectionTreeHTML#&amp;gt;&lt;/tw:Content&gt;
                    &lt;/tw:LabeledCustomHTML&gt;
                  &lt;/tw:Control&gt;
                &lt;/tw:Column&gt;
              &lt;/tw:Row&gt;
            &lt;/tw:Section&gt;
          &lt;/tw:Control&gt;
          &lt;tw:Control tw:col="1" tw:colspan="1" tw:id="ButtonGroup0" tw:row="3" tw:rowspan="1"&gt;
            &lt;tw:Documentation&gt;A ButtonGroup containing one Button.&lt;/tw:Documentation&gt;
            &lt;tw:PaletteIcon&gt;coachdesigner16/button_obj.gif&lt;/tw:PaletteIcon&gt;
            &lt;tw:ButtonGroup&gt;
              &lt;tw:Label tw:visible="false"&gt;A Button:&lt;/tw:Label&gt;
              &lt;tw:Button tw:decisionPoint="true" tw:id="Button1" tw:isCancel="true"&gt;
                &lt;tw:Label&gt;Revert&lt;/tw:Label&gt;
                &lt;tw:EventHandler tw:event="onClick" /&gt;
              &lt;/tw:Button&gt;
              &lt;tw:Button tw:decisionPoint="true" tw:id="Button2"&gt;
                &lt;tw:Label&gt;Postpone&lt;/tw:Label&gt;
                &lt;tw:EventHandler tw:event="onClick" /&gt;
              &lt;/tw:Button&gt;
              &lt;tw:Button tw:decisionPoint="true" tw:id="Button0" tw:isCancel="false"&gt;
                &lt;tw:Label&gt;Done&lt;/tw:Label&gt;
                &lt;tw:EventHandler tw:event="onClick" /&gt;
              &lt;/tw:Button&gt;
            &lt;/tw:ButtonGroup&gt;
          &lt;/tw:Control&gt;
        &lt;/tw:Column&gt;
      &lt;/tw:Row&gt;
    &lt;/tw:Section&gt;
  &lt;/tw:Layout&gt;
&lt;/tw:Form&gt;

</resourceData>
                    <guid>guid:5a54f1704f1c1577:-6b56085f:12370558356:-7ec8</guid>
                    <versionId>e23c2054-07f5-4124-8c97-84cf2296b328</versionId>
                </CoachResources>
                <CoachButtons>
                    <lastModified isNull="true" />
                    <lastModifiedBy isNull="true" />
                    <coachButtonId>3005.27ca1098-61bc-4a1b-bb60-8569df697870</coachButtonId>
                    <coachId>3003.fa1a4290-7583-4d52-9f6d-111ac205a83f</coachId>
                    <seq>1</seq>
                    <endStateId>guid:5a54f1704f1c1577:-6b56085f:12370558356:-7ec6</endStateId>
                    <isSpecial>false</isSpecial>
                    <isDisplayed>true</isDisplayed>
                    <buttonLabel>Done</buttonLabel>
                    <buttonHint>ButtonGroup0_Button0</buttonHint>
                    <buttonText isNull="true" />
                    <isCheckBoxVisible>false</isCheckBoxVisible>
                    <isUncheckAllowed>false</isUncheckAllowed>
                    <metaData>CoachDesignerButtonId:ButtonGroup0_Button0;CoachDesignerIsCancel:false</metaData>
                    <buttonExpression>ButtonGroup0_Button0</buttonExpression>
                    <guid>ae9cd412-d4df-442c-8afa-b40d9e1dcf1e</guid>
                    <versionId>db0bdfb5-8ee6-486d-8e89-a1e9771e6d97</versionId>
                </CoachButtons>
                <CoachButtons>
                    <lastModified isNull="true" />
                    <lastModifiedBy isNull="true" />
                    <coachButtonId>3005.3cb4eb47-951c-4440-9a21-a525bf48f3b1</coachButtonId>
                    <coachId>3003.fa1a4290-7583-4d52-9f6d-111ac205a83f</coachId>
                    <seq>2</seq>
                    <endStateId>guid:5a54f1704f1c1577:-6b56085f:12370558356:-7ec4</endStateId>
                    <isSpecial>false</isSpecial>
                    <isDisplayed>true</isDisplayed>
                    <buttonLabel>Revert</buttonLabel>
                    <buttonHint>ButtonGroup0_Button1</buttonHint>
                    <buttonText isNull="true" />
                    <isCheckBoxVisible>false</isCheckBoxVisible>
                    <isUncheckAllowed>false</isUncheckAllowed>
                    <metaData>CoachDesignerButtonId:ButtonGroup0_Button1;CoachDesignerIsCancel:true</metaData>
                    <buttonExpression>ButtonGroup0_Button1</buttonExpression>
                    <guid>164852d8-1e0e-4181-85d1-80988eae80e2</guid>
                    <versionId>8e6b3f3b-3f44-4d45-9ebe-b9ecf8bf8c86</versionId>
                </CoachButtons>
                <CoachButtons>
                    <lastModified isNull="true" />
                    <lastModifiedBy isNull="true" />
                    <coachButtonId>3005.79943624-f277-418b-a3f5-09cc4264931a</coachButtonId>
                    <coachId>3003.fa1a4290-7583-4d52-9f6d-111ac205a83f</coachId>
                    <seq>3</seq>
                    <endStateId>guid:5a54f1704f1c1577:-6b56085f:12370558356:-7ea5</endStateId>
                    <isSpecial>false</isSpecial>
                    <isDisplayed>true</isDisplayed>
                    <buttonLabel>Save</buttonLabel>
                    <buttonHint>ButtonGroup1_Button0</buttonHint>
                    <buttonText isNull="true" />
                    <isCheckBoxVisible>false</isCheckBoxVisible>
                    <isUncheckAllowed>false</isUncheckAllowed>
                    <metaData>CoachDesignerButtonId:ButtonGroup1_Button0;CoachDesignerIsCancel:false</metaData>
                    <buttonExpression>ButtonGroup1_Button0</buttonExpression>
                    <guid>2dc82daa-80fb-41eb-bf80-86dd44a3f703</guid>
                    <versionId>c9fc3ff4-0239-48ab-af86-e3ac9ba28697</versionId>
                </CoachButtons>
                <CoachButtons>
                    <lastModified isNull="true" />
                    <lastModifiedBy isNull="true" />
                    <coachButtonId>3005.d43465f5-778e-428f-b4c2-7a8bb4458600</coachButtonId>
                    <coachId>3003.fa1a4290-7583-4d52-9f6d-111ac205a83f</coachId>
                    <seq>4</seq>
                    <endStateId>guid:5a54f1704f1c1577:-6b56085f:12370558356:-7ea3</endStateId>
                    <isSpecial>false</isSpecial>
                    <isDisplayed>true</isDisplayed>
                    <buttonLabel>Reload</buttonLabel>
                    <buttonHint>ButtonGroup1_Button1</buttonHint>
                    <buttonText isNull="true" />
                    <isCheckBoxVisible>false</isCheckBoxVisible>
                    <isUncheckAllowed>false</isUncheckAllowed>
                    <metaData>CoachDesignerButtonId:ButtonGroup1_Button1;CoachDesignerIsCancel:false</metaData>
                    <buttonExpression>ButtonGroup1_Button1</buttonExpression>
                    <guid>d0c73b76-f489-4f8d-8be3-e9424d6e2754</guid>
                    <versionId>f70eeaa1-96f0-4aaf-87b6-65659e6b970f</versionId>
                </CoachButtons>
                <CoachButtons>
                    <lastModified isNull="true" />
                    <lastModifiedBy isNull="true" />
                    <coachButtonId>3005.2430de08-8e07-47fb-adf8-4a0f65185420</coachButtonId>
                    <coachId>3003.fa1a4290-7583-4d52-9f6d-111ac205a83f</coachId>
                    <seq>5</seq>
                    <endStateId>guid:5a54f1704f1c1577:-6b56085f:12370558356:-7ea1</endStateId>
                    <isSpecial>false</isSpecial>
                    <isDisplayed>true</isDisplayed>
                    <buttonLabel>Postpone</buttonLabel>
                    <buttonHint>ButtonGroup0_Button2</buttonHint>
                    <buttonText isNull="true" />
                    <isCheckBoxVisible>false</isCheckBoxVisible>
                    <isUncheckAllowed>false</isUncheckAllowed>
                    <metaData>CoachDesignerButtonId:ButtonGroup0_Button2;CoachDesignerIsCancel:false</metaData>
                    <buttonExpression>ButtonGroup0_Button2</buttonExpression>
                    <guid>54e3c9c0-be9b-4e29-a6d1-804e3ba58f46</guid>
                    <versionId>638a6ae0-699e-44b5-a8e2-d28fbbc2d418</versionId>
                </CoachButtons>
            </TWComponent>
        </item>
        <item>
            <lastModified isNull="true" />
            <lastModifiedBy isNull="true" />
            <processItemId>2025.0192fd0e-f878-46d6-9b6b-69581433f562</processItemId>
            <processId>1.6ab4ed30-ffa5-4879-8bf9-75ac0636ce84</processId>
            <name>Use Initial Template?</name>
            <tWComponentName>Switch</tWComponentName>
            <tWComponentId>3013.be0372a4-9fcb-4c77-9aa0-9cc86cf74538</tWComponentId>
            <isLogEnabled>false</isLogEnabled>
            <isTraceEnabled>false</isTraceEnabled>
            <traceCategory isNull="true" />
            <traceLevel isNull="true" />
            <traceMessage isNull="true" />
            <traceSymbolTable isNull="true" />
            <isExecutionContextTraced>false</isExecutionContextTraced>
            <saveExecutionContext>true</saveExecutionContext>
            <documentation isNull="true" />
            <isErrorHandlerEnabled>false</isErrorHandlerEnabled>
            <errorHandlerItemId isNull="true" />
            <guid>guid:5a54f1704f1c1577:-6b56085f:12370558356:-7ee7</guid>
            <versionId>2f425698-dbbd-4270-b040-c3d815770a2c</versionId>
            <externalServiceRef isNull="true" />
            <externalServiceOp isNull="true" />
            <nodeColor isNull="true" />
            <layoutData x="264" y="195">
                <errorLink>
                    <controlPoints />
                    <showEndState>false</showEndState>
                    <showName>false</showName>
                </errorLink>
            </layoutData>
            <TWComponent>
                <lastModified isNull="true" />
                <lastModifiedBy isNull="true" />
                <switchId>3013.be0372a4-9fcb-4c77-9aa0-9cc86cf74538</switchId>
                <guid>guid:5a54f1704f1c1577:-6b56085f:12370558356:-7ee8</guid>
                <versionId>be9b711b-5a26-4c6f-94e8-4d708f5dece0</versionId>
                <SwitchCondition>
                    <lastModified isNull="true" />
                    <lastModifiedBy isNull="true" />
                    <switchConditionId>3014.0b19d86c-4cfb-4112-b12f-dfa163a126cf</switchConditionId>
                    <switchId>3013.be0372a4-9fcb-4c77-9aa0-9cc86cf74538</switchId>
                    <seq>1</seq>
                    <endStateId>guid:5a54f1704f1c1577:-6b56085f:12370558356:-7ebc</endStateId>
                    <condition>tw.local.templateID != null &amp;&amp; tw.local.templateID.length &gt; 0 &amp;&amp; tw.local.selectedConditionalActivities == null || tw.local.selectedConditionalActivities.listLength == 0</condition>
                    <guid>guid:5a54f1704f1c1577:-6b56085f:12370558356:-7ebd</guid>
                    <versionId>07a396dd-3cc5-4ba8-b024-c491af715642</versionId>
                </SwitchCondition>
            </TWComponent>
        </item>
        <item>
            <lastModified isNull="true" />
            <lastModifiedBy isNull="true" />
            <processItemId>2025.67c2d98b-494e-4dee-ac71-94fe53a8fefd</processItemId>
            <processId>1.6ab4ed30-ffa5-4879-8bf9-75ac0636ce84</processId>
            <name>Create Selection Tree HTML</name>
            <tWComponentName>SubProcess</tWComponentName>
            <tWComponentId>3012.31833851-7f40-4a87-a7cf-807e49f89acb</tWComponentId>
            <isLogEnabled>false</isLogEnabled>
            <isTraceEnabled>false</isTraceEnabled>
            <traceCategory isNull="true" />
            <traceLevel isNull="true" />
            <traceMessage isNull="true" />
            <traceSymbolTable isNull="true" />
            <isExecutionContextTraced>false</isExecutionContextTraced>
            <saveExecutionContext>false</saveExecutionContext>
            <documentation isNull="true" />
            <isErrorHandlerEnabled>false</isErrorHandlerEnabled>
            <errorHandlerItemId isNull="true" />
            <guid>guid:5a54f1704f1c1577:-6b56085f:12370558356:-7edd</guid>
            <versionId>31602b9f-dc42-4c21-917f-a3800edc5ab5</versionId>
            <externalServiceRef isNull="true" />
            <externalServiceOp isNull="true" />
            <nodeColor isNull="true" />
            <layoutData x="512" y="187">
                <errorLink>
                    <controlPoints />
                    <showEndState>false</showEndState>
                    <showName>false</showName>
                </errorLink>
            </layoutData>
            <TWComponent>
                <lastModified isNull="true" />
                <lastModifiedBy isNull="true" />
                <subProcessId>3012.31833851-7f40-4a87-a7cf-807e49f89acb</subProcessId>
                <attachedProcessRef>/1.f4dba1a1-aaae-4534-a8b4-e8e973853818</attachedProcessRef>
                <guid>guid:5a54f1704f1c1577:-6b56085f:12370558356:-7edc</guid>
                <versionId>a738585f-4a9c-404f-b905-64186782dd1c</versionId>
                <parameterMapping name="selectedConditionalActivities">
                    <lastModified isNull="true" />
                    <lastModifiedBy isNull="true" />
                    <parameterMappingId>2054.c5a45e39-1d44-48af-ad51-01d78793e612</parameterMappingId>
                    <processParameterId>2055.d4bab48c-9ec7-40d8-b330-fc430872e79c</processParameterId>
                    <parameterMappingParentId>3012.31833851-7f40-4a87-a7cf-807e49f89acb</parameterMappingParentId>
                    <useDefault>false</useDefault>
                    <value>tw.local.selectedConditionalActivities</value>
                    <classRef>/12.db884a3c-c533-44b7-bb2d-47bec8ad4022</classRef>
                    <isList>true</isList>
                    <isInput>true</isInput>
                    <guid>guid:5a54f1704f1c1577:-6b56085f:12370558356:-7eab</guid>
                    <versionId>003dca56-d3fd-45d7-8bee-c9b2c6f17fef</versionId>
                    <description isNull="true" />
                </parameterMapping>
                <parameterMapping name="isReadOnly">
                    <lastModified isNull="true" />
                    <lastModifiedBy isNull="true" />
                    <parameterMappingId>2054.59fc8bd4-7519-4bf7-8668-f781cb5cfe7d</parameterMappingId>
                    <processParameterId>2055.298fcfbd-7c5a-4b69-9380-dae362c75d4b</processParameterId>
                    <parameterMappingParentId>3012.31833851-7f40-4a87-a7cf-807e49f89acb</parameterMappingParentId>
                    <useDefault>false</useDefault>
                    <value>tw.local.isReadOnly</value>
                    <classRef>/12.83ff975e-8dbc-42e5-b738-fa8bc08274a2</classRef>
                    <isList>false</isList>
                    <isInput>true</isInput>
                    <guid>guid:5a54f1704f1c1577:-6b56085f:12370558356:-7eaa</guid>
                    <versionId>32f464c3-9bb6-4578-8364-621088a3a857</versionId>
                    <description isNull="true" />
                </parameterMapping>
                <parameterMapping name="conditionalActivitySelectionTreeHTML">
                    <lastModified isNull="true" />
                    <lastModifiedBy isNull="true" />
                    <parameterMappingId>2054.e2d843b0-3441-448c-bbfd-b42ac3ae6a32</parameterMappingId>
                    <processParameterId>2055.9fc09732-0162-4010-a899-287759cb54e1</processParameterId>
                    <parameterMappingParentId>3012.31833851-7f40-4a87-a7cf-807e49f89acb</parameterMappingParentId>
                    <useDefault>false</useDefault>
                    <value>tw.local.conditionalActivitySelectionTreeHTML</value>
                    <classRef>/12.db884a3c-c533-44b7-bb2d-47bec8ad4022</classRef>
                    <isList>false</isList>
                    <isInput>false</isInput>
                    <guid>guid:5a54f1704f1c1577:-6b56085f:12370558356:-7ea9</guid>
                    <versionId>5d12535f-9913-4091-920f-12b90d297015</versionId>
                    <description isNull="true" />
                </parameterMapping>
                <parameterMapping name="conditionalActivities">
                    <lastModified isNull="true" />
                    <lastModifiedBy isNull="true" />
                    <parameterMappingId>2054.c3c59747-56e9-4e35-bd8c-aeba01530103</parameterMappingId>
                    <processParameterId>2055.599adf4b-4ad5-4cbc-874f-2c01a672149e</processParameterId>
                    <parameterMappingParentId>3012.31833851-7f40-4a87-a7cf-807e49f89acb</parameterMappingParentId>
                    <useDefault>false</useDefault>
                    <value>tw.local.conditionalActivities</value>
                    <classRef>/12.4b7c93cd-cecb-4b9f-b753-43ef956d8169</classRef>
                    <isList>true</isList>
                    <isInput>true</isInput>
                    <guid>guid:5a54f1704f1c1577:-6b56085f:12370558356:-7eac</guid>
                    <versionId>79651373-9540-4612-a9eb-3071e3efbd8b</versionId>
                    <description isNull="true" />
                </parameterMapping>
            </TWComponent>
        </item>
        <item>
            <lastModified isNull="true" />
            <lastModifiedBy isNull="true" />
            <processItemId>2025.f61a3ebb-c883-43f4-822c-f8689b1a7d75</processItemId>
            <processId>1.6ab4ed30-ffa5-4879-8bf9-75ac0636ce84</processId>
            <name>Get Selected Template Name</name>
            <tWComponentName>Script</tWComponentName>
            <tWComponentId>3011.d8a0235f-81c1-4de8-8c6d-7d5ff416e5f7</tWComponentId>
            <isLogEnabled>false</isLogEnabled>
            <isTraceEnabled>false</isTraceEnabled>
            <traceCategory isNull="true" />
            <traceLevel isNull="true" />
            <traceMessage isNull="true" />
            <traceSymbolTable isNull="true" />
            <isExecutionContextTraced>false</isExecutionContextTraced>
            <saveExecutionContext>false</saveExecutionContext>
            <documentation isNull="true" />
            <isErrorHandlerEnabled>false</isErrorHandlerEnabled>
            <errorHandlerItemId isNull="true" />
            <guid>guid:5a54f1704f1c1577:-6b56085f:12370558356:-7ed2</guid>
            <versionId>33cf11c4-cb55-4a59-b834-22c3ffe3cd6a</versionId>
            <externalServiceRef isNull="true" />
            <externalServiceOp isNull="true" />
            <nodeColor isNull="true" />
            <layoutData x="636" y="10">
                <errorLink>
                    <controlPoints />
                    <showEndState>false</showEndState>
                    <showName>false</showName>
                </errorLink>
            </layoutData>
            <TWComponent>
                <lastModified isNull="true" />
                <lastModifiedBy isNull="true" />
                <scriptId>3011.d8a0235f-81c1-4de8-8c6d-7d5ff416e5f7</scriptId>
                <scriptTypeId>2</scriptTypeId>
                <isActive>true</isActive>
                <script>if(tw.local.templateID != null &amp;&amp; tw.local.templateID.length &gt; 0) {
  var numTemplates = tw.local.templateNames.listLength;
  for(var i = 0; i &lt; numTemplates; i++) {
    if(tw.local.templateID == tw.local.templateNames[i].value) {
      tw.local.templateName = tw.local.templateNames[i].name;
      break;
    }
  }
} else {
  tw.local.templateName = "";
}
</script>
                <isRule>false</isRule>
                <guid>guid:5a54f1704f1c1577:-6b56085f:12370558356:-7ed3</guid>
                <versionId>493ac916-04ea-4a3e-acc2-e49a68c07ea8</versionId>
            </TWComponent>
        </item>
        <item>
            <lastModified isNull="true" />
            <lastModifiedBy isNull="true" />
            <processItemId>2025.1bb41b24-24d3-4587-aaff-e1910f71aa5a</processItemId>
            <processId>1.6ab4ed30-ffa5-4879-8bf9-75ac0636ce84</processId>
            <name>Load Initial Template</name>
            <tWComponentName>SubProcess</tWComponentName>
            <tWComponentId>3012.304c19fe-25d6-404f-a1ad-c888f5518846</tWComponentId>
            <isLogEnabled>false</isLogEnabled>
            <isTraceEnabled>false</isTraceEnabled>
            <traceCategory isNull="true" />
            <traceLevel isNull="true" />
            <traceMessage isNull="true" />
            <traceSymbolTable isNull="true" />
            <isExecutionContextTraced>false</isExecutionContextTraced>
            <saveExecutionContext>false</saveExecutionContext>
            <documentation isNull="true" />
            <isErrorHandlerEnabled>false</isErrorHandlerEnabled>
            <errorHandlerItemId isNull="true" />
            <guid>guid:5a54f1704f1c1577:-6b56085f:12370558356:-7ee5</guid>
            <versionId>36f12e82-5c34-4975-9c47-79960f101eeb</versionId>
            <externalServiceRef isNull="true" />
            <externalServiceOp isNull="true" />
            <nodeColor isNull="true" />
            <layoutData x="248" y="70">
                <errorLink>
                    <controlPoints />
                    <showEndState>false</showEndState>
                    <showName>false</showName>
                </errorLink>
            </layoutData>
            <TWComponent>
                <lastModified isNull="true" />
                <lastModifiedBy isNull="true" />
                <subProcessId>3012.304c19fe-25d6-404f-a1ad-c888f5518846</subProcessId>
                <attachedProcessRef>/1.7d03c736-e572-4622-b7f8-67105a55af6d</attachedProcessRef>
                <guid>guid:5a54f1704f1c1577:-6b56085f:12370558356:-7ee4</guid>
                <versionId>5b8b6c1b-a67f-4caa-9f2d-c63f4df4fac6</versionId>
                <parameterMapping name="templateID">
                    <lastModified isNull="true" />
                    <lastModifiedBy isNull="true" />
                    <parameterMappingId>2054.5635f6dc-48c6-4134-843c-b2d965be4a61</parameterMappingId>
                    <processParameterId>2055.1eaea77f-456b-470d-b6ea-e6d39f5e2bcc</processParameterId>
                    <parameterMappingParentId>3012.304c19fe-25d6-404f-a1ad-c888f5518846</parameterMappingParentId>
                    <useDefault>false</useDefault>
                    <value>tw.local.templateID</value>
                    <classRef>/12.db884a3c-c533-44b7-bb2d-47bec8ad4022</classRef>
                    <isList>false</isList>
                    <isInput>true</isInput>
                    <guid>guid:5a54f1704f1c1577:-6b56085f:12370558356:-7ee3</guid>
                    <versionId>0b3c0ee4-a070-414c-a255-794b58fa3880</versionId>
                    <description isNull="true" />
                </parameterMapping>
                <parameterMapping name="selectedConditionalActivities">
                    <lastModified isNull="true" />
                    <lastModifiedBy isNull="true" />
                    <parameterMappingId>2054.5b1cc0cf-12c3-4353-88ed-36532251562c</parameterMappingId>
                    <processParameterId>2055.5d730763-f57a-45a0-bbce-91d9351c6c0d</processParameterId>
                    <parameterMappingParentId>3012.304c19fe-25d6-404f-a1ad-c888f5518846</parameterMappingParentId>
                    <useDefault>false</useDefault>
                    <value>tw.local.selectedConditionalActivities</value>
                    <classRef>/12.db884a3c-c533-44b7-bb2d-47bec8ad4022</classRef>
                    <isList>true</isList>
                    <isInput>false</isInput>
                    <guid>guid:5a54f1704f1c1577:-6b56085f:12370558356:-7ee2</guid>
                    <versionId>83fa9731-4a15-4e6e-8c8d-45679a0f9917</versionId>
                    <description isNull="true" />
                </parameterMapping>
            </TWComponent>
        </item>
        <item>
            <lastModified isNull="true" />
            <lastModifiedBy isNull="true" />
            <processItemId>2025.c3aaf665-b93d-46b6-b613-682dceadb6be</processItemId>
            <processId>1.6ab4ed30-ffa5-4879-8bf9-75ac0636ce84</processId>
            <name>Get Template Names</name>
            <tWComponentName>SubProcess</tWComponentName>
            <tWComponentId>3012.b5d3945d-51d5-403c-ae79-a6b0915d5684</tWComponentId>
            <isLogEnabled>false</isLogEnabled>
            <isTraceEnabled>false</isTraceEnabled>
            <traceCategory isNull="true" />
            <traceLevel isNull="true" />
            <traceMessage isNull="true" />
            <traceSymbolTable isNull="true" />
            <isExecutionContextTraced>false</isExecutionContextTraced>
            <saveExecutionContext>false</saveExecutionContext>
            <documentation isNull="true" />
            <isErrorHandlerEnabled>false</isErrorHandlerEnabled>
            <errorHandlerItemId isNull="true" />
            <guid>guid:5a54f1704f1c1577:-6b56085f:12370558356:-7ee0</guid>
            <versionId>37e7aff7-9d39-4caa-8872-aaeae5f5ae0b</versionId>
            <externalServiceRef isNull="true" />
            <externalServiceOp isNull="true" />
            <nodeColor isNull="true" />
            <layoutData x="385" y="187">
                <errorLink>
                    <controlPoints />
                    <showEndState>false</showEndState>
                    <showName>false</showName>
                </errorLink>
            </layoutData>
            <TWComponent>
                <lastModified isNull="true" />
                <lastModifiedBy isNull="true" />
                <subProcessId>3012.b5d3945d-51d5-403c-ae79-a6b0915d5684</subProcessId>
                <attachedProcessRef>/1.799f0397-1f1f-4771-984a-e5b5965570c4</attachedProcessRef>
                <guid>guid:5a54f1704f1c1577:-6b56085f:12370558356:-7edf</guid>
                <versionId>6c8d009d-e6e3-44ef-b93e-c049df966eba</versionId>
                <parameterMapping name="templateNames">
                    <lastModified isNull="true" />
                    <lastModifiedBy isNull="true" />
                    <parameterMappingId>2054.fcc7dcbf-37d8-4a4a-a82d-437816c0021a</parameterMappingId>
                    <processParameterId>2055.aab53eac-0cc9-47a0-983f-3c29680541de</processParameterId>
                    <parameterMappingParentId>3012.b5d3945d-51d5-403c-ae79-a6b0915d5684</parameterMappingParentId>
                    <useDefault>false</useDefault>
                    <value>tw.local.templateNames</value>
                    <classRef>/12.d2e5a15a-ea53-4793-9e93-29af5bd80b13</classRef>
                    <isList>true</isList>
                    <isInput>false</isInput>
                    <guid>guid:5a54f1704f1c1577:-6b56085f:12370558356:-7eb3</guid>
                    <versionId>0e8a4ee3-d9a9-4ae5-b1f0-91a5877bc66f</versionId>
                    <description isNull="true" />
                </parameterMapping>
                <parameterMapping name="bpdGUID">
                    <lastModified isNull="true" />
                    <lastModifiedBy isNull="true" />
                    <parameterMappingId>2054.ccb21f65-9c62-48d6-9e7d-0f9d528f58db</parameterMappingId>
                    <processParameterId>2055.a71d8ac4-4aef-4d5f-a9fa-e11bba8a3506</processParameterId>
                    <parameterMappingParentId>3012.b5d3945d-51d5-403c-ae79-a6b0915d5684</parameterMappingParentId>
                    <useDefault>false</useDefault>
                    <value>tw.local.bpdGUID</value>
                    <classRef>/12.db884a3c-c533-44b7-bb2d-47bec8ad4022</classRef>
                    <isList>false</isList>
                    <isInput>true</isInput>
                    <guid>guid:5a54f1704f1c1577:-6b56085f:12370558356:-7eb4</guid>
                    <versionId>54ae4d8d-6b5a-46b2-a9ab-d879066b4190</versionId>
                    <description isNull="true" />
                </parameterMapping>
            </TWComponent>
        </item>
        <item>
            <lastModified isNull="true" />
            <lastModifiedBy isNull="true" />
            <processItemId>2025.b37d8b17-7c94-47ed-b2b4-a1f61cc63fb5</processItemId>
            <processId>1.6ab4ed30-ffa5-4879-8bf9-75ac0636ce84</processId>
            <name>Revert</name>
            <tWComponentName>Script</tWComponentName>
            <tWComponentId>3011.7ce71ddd-10bb-4923-92f7-8de5617cab0e</tWComponentId>
            <isLogEnabled>false</isLogEnabled>
            <isTraceEnabled>false</isTraceEnabled>
            <traceCategory isNull="true" />
            <traceLevel isNull="true" />
            <traceMessage isNull="true" />
            <traceSymbolTable isNull="true" />
            <isExecutionContextTraced>false</isExecutionContextTraced>
            <saveExecutionContext>false</saveExecutionContext>
            <documentation isNull="true" />
            <isErrorHandlerEnabled>false</isErrorHandlerEnabled>
            <errorHandlerItemId isNull="true" />
            <guid>guid:5a54f1704f1c1577:-6b56085f:12370558356:-7ece</guid>
            <versionId>37ef14bd-1da6-4caf-b184-aec8d491bf24</versionId>
            <externalServiceRef isNull="true" />
            <externalServiceOp isNull="true" />
            <nodeColor isNull="true" />
            <layoutData x="359" y="321">
                <errorLink>
                    <controlPoints />
                    <showEndState>false</showEndState>
                    <showName>false</showName>
                </errorLink>
            </layoutData>
            <TWComponent>
                <lastModified isNull="true" />
                <lastModifiedBy isNull="true" />
                <scriptId>3011.7ce71ddd-10bb-4923-92f7-8de5617cab0e</scriptId>
                <scriptTypeId>2</scriptTypeId>
                <isActive>true</isActive>
                <script>tw.local.selectedConditionalActivities = tw.local.originalSelectedConditionalActivities;
tw.local.templateID = tw.local.originalTemplateID;</script>
                <isRule>false</isRule>
                <guid>guid:5a54f1704f1c1577:-6b56085f:12370558356:-7ecf</guid>
                <versionId>571f17f5-431e-4518-8b04-0dc7688e88c1</versionId>
            </TWComponent>
        </item>
        <item>
            <lastModified isNull="true" />
            <lastModifiedBy isNull="true" />
            <processItemId>2025.b9462054-1265-4a49-b5dc-21222f4c8c92</processItemId>
            <processId>1.6ab4ed30-ffa5-4879-8bf9-75ac0636ce84</processId>
            <name>Init</name>
            <tWComponentName>Script</tWComponentName>
            <tWComponentId>3011.5edb3fd3-f755-472b-8a8d-e0d631c72a0f</tWComponentId>
            <isLogEnabled>false</isLogEnabled>
            <isTraceEnabled>false</isTraceEnabled>
            <traceCategory isNull="true" />
            <traceLevel isNull="true" />
            <traceMessage isNull="true" />
            <traceSymbolTable isNull="true" />
            <isExecutionContextTraced>false</isExecutionContextTraced>
            <saveExecutionContext>false</saveExecutionContext>
            <documentation isNull="true" />
            <isErrorHandlerEnabled>false</isErrorHandlerEnabled>
            <errorHandlerItemId isNull="true" />
            <guid>guid:5a54f1704f1c1577:-6b56085f:12370558356:-7eeb</guid>
            <versionId>6874873b-3984-42ea-b6e6-c85ed4f12646</versionId>
            <externalServiceRef isNull="true" />
            <externalServiceOp isNull="true" />
            <nodeColor isNull="true" />
            <layoutData x="125" y="186">
                <errorLink>
                    <controlPoints />
                    <showEndState>false</showEndState>
                    <showName>false</showName>
                </errorLink>
            </layoutData>
            <TWComponent>
                <lastModified isNull="true" />
                <lastModifiedBy isNull="true" />
                <scriptId>3011.5edb3fd3-f755-472b-8a8d-e0d631c72a0f</scriptId>
                <scriptTypeId>2</scriptTypeId>
                <isActive>true</isActive>
                <script>tw.local.originalSelectedConditionalActivities = tw.local.selectedConditionalActivities;
tw.local.originalTemplateID = tw.local.templateID;

tw.local.selectedConditionalActivities = new tw.object.listOf.String();
if(tw.local.originalSelectedConditionalActivities != null) {
  var numSelected = tw.local.originalSelectedConditionalActivities.listLength;
  for(var i = 0; i &lt; numSelected; i++) {
    tw.local.selectedConditionalActivities[i] = tw.local.originalSelectedConditionalActivities[i];
  }
}

</script>
                <isRule>false</isRule>
                <guid>guid:5a54f1704f1c1577:-6b56085f:12370558356:-7eec</guid>
                <versionId>690b5365-7d87-45c5-9838-2c4fd39343fa</versionId>
            </TWComponent>
        </item>
        <item>
            <lastModified isNull="true" />
            <lastModifiedBy isNull="true" />
            <processItemId>2025.626b43f8-88d5-4ee6-9633-d9d79cca4091</processItemId>
            <processId>1.6ab4ed30-ffa5-4879-8bf9-75ac0636ce84</processId>
            <name>Save Template Coach</name>
            <tWComponentName>SubProcess</tWComponentName>
            <tWComponentId>3012.e005ac15-3685-42e3-b03d-f9c2f537dda9</tWComponentId>
            <isLogEnabled>false</isLogEnabled>
            <isTraceEnabled>false</isTraceEnabled>
            <traceCategory isNull="true" />
            <traceLevel isNull="true" />
            <traceMessage isNull="true" />
            <traceSymbolTable isNull="true" />
            <isExecutionContextTraced>false</isExecutionContextTraced>
            <saveExecutionContext>false</saveExecutionContext>
            <documentation isNull="true" />
            <isErrorHandlerEnabled>false</isErrorHandlerEnabled>
            <errorHandlerItemId isNull="true" />
            <guid>guid:5a54f1704f1c1577:-6b56085f:12370558356:-7eda</guid>
            <versionId>89ebb61d-3e7b-433d-9001-1d6eb9d7be1f</versionId>
            <externalServiceRef isNull="true" />
            <externalServiceOp isNull="true" />
            <nodeColor isNull="true" />
            <layoutData x="384" y="9">
                <errorLink>
                    <controlPoints />
                    <showEndState>false</showEndState>
                    <showName>false</showName>
                </errorLink>
            </layoutData>
            <TWComponent>
                <lastModified isNull="true" />
                <lastModifiedBy isNull="true" />
                <subProcessId>3012.e005ac15-3685-42e3-b03d-f9c2f537dda9</subProcessId>
                <attachedProcessRef>/1.f19596ff-93b8-4f49-875c-1edec488e96a</attachedProcessRef>
                <guid>guid:5a54f1704f1c1577:-6b56085f:12370558356:-7ed9</guid>
                <versionId>570e4cf1-43fe-4050-8cab-c5d54477dd6c</versionId>
                <parameterMapping name="readonly">
                    <lastModified isNull="true" />
                    <lastModifiedBy isNull="true" />
                    <parameterMappingId>2054.07eec1f9-e79a-47bc-8554-53039124ada0</parameterMappingId>
                    <processParameterId>2055.20d55c27-521f-4c57-b082-f0e2abcadba1</processParameterId>
                    <parameterMappingParentId>3012.e005ac15-3685-42e3-b03d-f9c2f537dda9</parameterMappingParentId>
                    <useDefault>false</useDefault>
                    <value isNull="true" />
                    <classRef>/12.83ff975e-8dbc-42e5-b738-fa8bc08274a2</classRef>
                    <isList>false</isList>
                    <isInput>true</isInput>
                    <guid>guid:5a54f1704f1c1577:-6b56085f:12370558356:-7eae</guid>
                    <versionId>629ec11a-ac5b-4fa8-b53d-816070a441ac</versionId>
                    <description isNull="true" />
                </parameterMapping>
                <parameterMapping name="bpdGUID">
                    <lastModified isNull="true" />
                    <lastModifiedBy isNull="true" />
                    <parameterMappingId>2054.dd42ac60-57be-4d0b-a4d9-ec860c30cc79</parameterMappingId>
                    <processParameterId>2055.7acbd8d2-9d83-4791-8ad8-78e1b394d9be</processParameterId>
                    <parameterMappingParentId>3012.e005ac15-3685-42e3-b03d-f9c2f537dda9</parameterMappingParentId>
                    <useDefault>false</useDefault>
                    <value>tw.local.bpdGUID</value>
                    <classRef>/12.db884a3c-c533-44b7-bb2d-47bec8ad4022</classRef>
                    <isList>false</isList>
                    <isInput>true</isInput>
                    <guid>guid:5a54f1704f1c1577:-6b56085f:12370558356:-7eb0</guid>
                    <versionId>a6fe8df9-8ed5-4c00-8541-d25f615a5bcd</versionId>
                    <description isNull="true" />
                </parameterMapping>
                <parameterMapping name="templateName">
                    <lastModified isNull="true" />
                    <lastModifiedBy isNull="true" />
                    <parameterMappingId>2054.8a3a5cd3-b30e-4ba2-ba03-741318e9748d</parameterMappingId>
                    <processParameterId>2055.c5a947e3-255c-48b0-bc62-8b6e4887727d</processParameterId>
                    <parameterMappingParentId>3012.e005ac15-3685-42e3-b03d-f9c2f537dda9</parameterMappingParentId>
                    <useDefault>false</useDefault>
                    <value>tw.local.templateName</value>
                    <classRef>/12.db884a3c-c533-44b7-bb2d-47bec8ad4022</classRef>
                    <isList>false</isList>
                    <isInput>true</isInput>
                    <guid>guid:5a54f1704f1c1577:-6b56085f:12370558356:-7eb1</guid>
                    <versionId>b0f50903-2101-49f8-9f68-9a0aceac132f</versionId>
                    <description isNull="true" />
                </parameterMapping>
                <parameterMapping name="selectedConditionalActivities">
                    <lastModified isNull="true" />
                    <lastModifiedBy isNull="true" />
                    <parameterMappingId>2054.625aae8e-3491-42af-aba6-fa041acd9a10</parameterMappingId>
                    <processParameterId>2055.72e1a622-756a-4092-bed2-e61da437e51a</processParameterId>
                    <parameterMappingParentId>3012.e005ac15-3685-42e3-b03d-f9c2f537dda9</parameterMappingParentId>
                    <useDefault>false</useDefault>
                    <value>tw.local.selectedConditionalActivities</value>
                    <classRef>/12.db884a3c-c533-44b7-bb2d-47bec8ad4022</classRef>
                    <isList>true</isList>
                    <isInput>true</isInput>
                    <guid>guid:5a54f1704f1c1577:-6b56085f:12370558356:-7eaf</guid>
                    <versionId>badf1681-1a13-4674-b33a-1761466b77f6</versionId>
                    <description isNull="true" />
                </parameterMapping>
                <parameterMapping name="templateID">
                    <lastModified isNull="true" />
                    <lastModifiedBy isNull="true" />
                    <parameterMappingId>2054.31e77b71-fdc9-4835-bc55-2dbd7bbf8bf9</parameterMappingId>
                    <processParameterId>2055.3a4c317f-68ba-41d3-a1c9-0700892d0d24</processParameterId>
                    <parameterMappingParentId>3012.e005ac15-3685-42e3-b03d-f9c2f537dda9</parameterMappingParentId>
                    <useDefault>false</useDefault>
                    <value>tw.local.templateID</value>
                    <classRef>/12.db884a3c-c533-44b7-bb2d-47bec8ad4022</classRef>
                    <isList>false</isList>
                    <isInput>true</isInput>
                    <guid>guid:5a54f1704f1c1577:-6b56085f:12370558356:-7eb2</guid>
                    <versionId>bd8f9155-fe26-40cd-945d-7262cb4007b9</versionId>
                    <description isNull="true" />
                </parameterMapping>
                <parameterMapping name="templateID">
                    <lastModified isNull="true" />
                    <lastModifiedBy isNull="true" />
                    <parameterMappingId>2054.8099b9a9-6621-4abf-a430-cdaf1b5b6dea</parameterMappingId>
                    <processParameterId>2055.52c05d42-68fb-49cb-ad65-9e30edf8c6e6</processParameterId>
                    <parameterMappingParentId>3012.e005ac15-3685-42e3-b03d-f9c2f537dda9</parameterMappingParentId>
                    <useDefault>false</useDefault>
                    <value>tw.local.templateID</value>
                    <classRef>/12.db884a3c-c533-44b7-bb2d-47bec8ad4022</classRef>
                    <isList>false</isList>
                    <isInput>false</isInput>
                    <guid>guid:5a54f1704f1c1577:-6b56085f:12370558356:-7ead</guid>
                    <versionId>d0870a34-1cb9-41f4-ba3b-469353b16fa1</versionId>
                    <description isNull="true" />
                </parameterMapping>
            </TWComponent>
        </item>
        <item>
            <lastModified isNull="true" />
            <lastModifiedBy isNull="true" />
            <processItemId>2025.4ec02c67-a99a-4c9b-aca5-4a77bcd2b2f8</processItemId>
            <processId>1.6ab4ed30-ffa5-4879-8bf9-75ac0636ce84</processId>
            <name>Postpone</name>
            <tWComponentName>PostponeAction</tWComponentName>
            <tWComponentId>3015.38606765-8e5f-4034-beb0-33848187d34a</tWComponentId>
            <isLogEnabled>false</isLogEnabled>
            <isTraceEnabled>false</isTraceEnabled>
            <traceCategory isNull="true" />
            <traceLevel isNull="true" />
            <traceMessage isNull="true" />
            <traceSymbolTable isNull="true" />
            <isExecutionContextTraced>false</isExecutionContextTraced>
            <saveExecutionContext>true</saveExecutionContext>
            <documentation isNull="true" />
            <isErrorHandlerEnabled>false</isErrorHandlerEnabled>
            <errorHandlerItemId isNull="true" />
            <guid>guid:5a54f1704f1c1577:-6b56085f:12370558356:-7e90</guid>
            <versionId>9bf24edc-221e-4d6b-80bf-7f3b1655501d</versionId>
            <externalServiceRef isNull="true" />
            <externalServiceOp isNull="true" />
            <nodeColor isNull="true" />
            <layoutData x="880" y="290">
                <errorLink>
                    <controlPoints />
                    <showEndState>false</showEndState>
                    <showName>false</showName>
                </errorLink>
            </layoutData>
            <TWComponent>
                <lastModified isNull="true" />
                <lastModifiedBy isNull="true" />
                <taskActionId>3015.38606765-8e5f-4034-beb0-33848187d34a</taskActionId>
                <canChangeDueDate>false</canChangeDueDate>
                <dueInOption>2</dueInOption>
                <dueDateIncrData isNull="true" />
                <dueDateFixedData isNull="true" />
                <dueDateIncrType>2</dueDateIncrType>
                <dueDateSpecificDate isNull="true" />
                <isChangeStatusActive>false</isChangeStatusActive>
                <newStatusOption>1</newStatusOption>
                <newStatus isNull="true" />
                <isPriorityActive>false</isPriorityActive>
                <priorityOption>1</priorityOption>
                <newPriorityId>30.30</newPriorityId>
                <newPriorityScript isNull="true" />
                <isSubjectActive>false</isSubjectActive>
                <subjectOption>1</subjectOption>
                <subjectScript isNull="true" />
                <isNarrativeActive>false</isNarrativeActive>
                <narrativeOption>1</narrativeOption>
                <narrativeScript isNull="true" />
                <isIgnoreException>true</isIgnoreException>
                <suspendProcess>true</suspendProcess>
                <isActionOtherTask>false</isActionOtherTask>
                <otherTaskId isNull="true" />
                <isReassignActive>false</isReassignActive>
                <reassignOption>0</reassignOption>
                <reassignTo isNull="true" />
                <timeScheduleName isNull="true" />
                <holidayScheduleName isNull="true" />
                <timezone isNull="true" />
                <guid>guid:5a54f1704f1c1577:-6b56085f:12370558356:-7e91</guid>
                <versionId>f72d3e06-2995-457d-9a6c-4736b5369bab</versionId>
            </TWComponent>
        </item>
        <item>
            <lastModified isNull="true" />
            <lastModifiedBy isNull="true" />
            <processItemId>2025.3c99646a-a84d-4d29-b340-f4e1f1d051e0</processItemId>
            <processId>1.6ab4ed30-ffa5-4879-8bf9-75ac0636ce84</processId>
            <name>End</name>
            <tWComponentName>ExitPoint</tWComponentName>
            <tWComponentId>3008.2e15edfd-5cd7-41f8-8324-73fdd780eb91</tWComponentId>
            <isLogEnabled>false</isLogEnabled>
            <isTraceEnabled>false</isTraceEnabled>
            <traceCategory isNull="true" />
            <traceLevel isNull="true" />
            <traceMessage isNull="true" />
            <traceSymbolTable isNull="true" />
            <isExecutionContextTraced>false</isExecutionContextTraced>
            <saveExecutionContext>true</saveExecutionContext>
            <documentation isNull="true" />
            <isErrorHandlerEnabled>false</isErrorHandlerEnabled>
            <errorHandlerItemId isNull="true" />
            <guid>guid:5a54f1704f1c1577:-6b56085f:12370558356:-7efc</guid>
            <versionId>9eea9f0f-fd5b-41ff-aca3-ce1822e6a5b6</versionId>
            <externalServiceRef isNull="true" />
            <externalServiceOp isNull="true" />
            <nodeColor isNull="true" />
            <layoutData x="998" y="196">
                <errorLink>
                    <controlPoints />
                    <showEndState>false</showEndState>
                    <showName>false</showName>
                </errorLink>
            </layoutData>
            <TWComponent>
                <lastModified isNull="true" />
                <lastModifiedBy isNull="true" />
                <exitPointId>3008.2e15edfd-5cd7-41f8-8324-73fdd780eb91</exitPointId>
                <haltProcess>false</haltProcess>
                <guid>guid:5a54f1704f1c1577:-6b56085f:12370558356:-7efb</guid>
                <versionId>949a4969-44d0-4369-aaee-79f426016491</versionId>
            </TWComponent>
        </item>
        <item>
            <lastModified isNull="true" />
            <lastModifiedBy isNull="true" />
            <processItemId>2025.cda69ee6-ae30-4d04-99d6-0ec133e06da1</processItemId>
            <processId>1.6ab4ed30-ffa5-4879-8bf9-75ac0636ce84</processId>
            <name>Load Template</name>
            <tWComponentName>SubProcess</tWComponentName>
            <tWComponentId>3012.ded265ad-b69d-4f88-bfde-77ea5529538b</tWComponentId>
            <isLogEnabled>false</isLogEnabled>
            <isTraceEnabled>false</isTraceEnabled>
            <traceCategory isNull="true" />
            <traceLevel isNull="true" />
            <traceMessage isNull="true" />
            <traceSymbolTable isNull="true" />
            <isExecutionContextTraced>false</isExecutionContextTraced>
            <saveExecutionContext>false</saveExecutionContext>
            <documentation isNull="true" />
            <isErrorHandlerEnabled>false</isErrorHandlerEnabled>
            <errorHandlerItemId isNull="true" />
            <guid>guid:5a54f1704f1c1577:-6b56085f:12370558356:-7ed7</guid>
            <versionId>bcea2333-aeeb-46a1-8f18-bf84d33760c2</versionId>
            <externalServiceRef isNull="true" />
            <externalServiceOp isNull="true" />
            <nodeColor isNull="true" />
            <layoutData x="638" y="99">
                <errorLink>
                    <controlPoints />
                    <showEndState>false</showEndState>
                    <showName>false</showName>
                </errorLink>
            </layoutData>
            <TWComponent>
                <lastModified isNull="true" />
                <lastModifiedBy isNull="true" />
                <subProcessId>3012.ded265ad-b69d-4f88-bfde-77ea5529538b</subProcessId>
                <attachedProcessRef>/1.7d03c736-e572-4622-b7f8-67105a55af6d</attachedProcessRef>
                <guid>guid:5a54f1704f1c1577:-6b56085f:12370558356:-7ed6</guid>
                <versionId>794abd07-91f9-40cf-b0d3-2ae267c065cf</versionId>
                <parameterMapping name="templateID">
                    <lastModified isNull="true" />
                    <lastModifiedBy isNull="true" />
                    <parameterMappingId>2054.bd4258ca-27d7-47ce-8b32-e5489be6a711</parameterMappingId>
                    <processParameterId>2055.1eaea77f-456b-470d-b6ea-e6d39f5e2bcc</processParameterId>
                    <parameterMappingParentId>3012.ded265ad-b69d-4f88-bfde-77ea5529538b</parameterMappingParentId>
                    <useDefault>false</useDefault>
                    <value>tw.local.templateID</value>
                    <classRef>/12.db884a3c-c533-44b7-bb2d-47bec8ad4022</classRef>
                    <isList>false</isList>
                    <isInput>true</isInput>
                    <guid>guid:5a54f1704f1c1577:-6b56085f:12370558356:-7ea8</guid>
                    <versionId>4bfa671a-c4fb-4563-907f-02a161937bfe</versionId>
                    <description isNull="true" />
                </parameterMapping>
                <parameterMapping name="selectedConditionalActivities">
                    <lastModified isNull="true" />
                    <lastModifiedBy isNull="true" />
                    <parameterMappingId>2054.19109c7a-b679-4580-a03c-9d95035b93dc</parameterMappingId>
                    <processParameterId>2055.5d730763-f57a-45a0-bbce-91d9351c6c0d</processParameterId>
                    <parameterMappingParentId>3012.ded265ad-b69d-4f88-bfde-77ea5529538b</parameterMappingParentId>
                    <useDefault>false</useDefault>
                    <value>tw.local.selectedConditionalActivities</value>
                    <classRef>/12.db884a3c-c533-44b7-bb2d-47bec8ad4022</classRef>
                    <isList>true</isList>
                    <isInput>false</isInput>
                    <guid>guid:5a54f1704f1c1577:-6b56085f:12370558356:-7ea7</guid>
                    <versionId>be4db7e6-9462-43b2-959c-8c853dca4b0d</versionId>
                    <description isNull="true" />
                </parameterMapping>
            </TWComponent>
        </item>
        <startingProcessItemId>2025.b9462054-1265-4a49-b5dc-21222f4c8c92</startingProcessItemId>
        <errorHandlerItemId isNull="true" />
        <layoutData noConversion="true">
            <errorLink>
                <controlPoints />
                <showEndState>false</showEndState>
                <showName>false</showName>
            </errorLink>
        </layoutData>
        <startPoint>
            <layoutData x="17" y="193">
                <errorLink>
                    <controlPoints />
                    <showEndState>false</showEndState>
                    <showName>false</showName>
                </errorLink>
            </layoutData>
        </startPoint>
        <startLink>
            <fromPort locationId="rightCenter" portType="1" />
            <toPort locationId="leftCenter" portType="2" />
            <layoutData>
                <controlPoints />
                <showEndState>false</showEndState>
                <showName>false</showName>
            </layoutData>
        </startLink>
        <link name="Untitled">
            <lastModified isNull="true" />
            <lastModifiedBy isNull="true" />
            <processLinkId>2027.354314c1-fd77-4e3b-97a9-119b28b149d1</processLinkId>
            <processId>1.6ab4ed30-ffa5-4879-8bf9-75ac0636ce84</processId>
            <description isNull="true" />
            <fromProcessItemId>2025.875fca76-eb13-4a0e-8d02-6e77f9dbbed1</fromProcessItemId>
            <endStateId>guid:5a54f1704f1c1577:-6b56085f:12370558356:-7ea3</endStateId>
            <toProcessItemId>2025.cda69ee6-ae30-4d04-99d6-0ec133e06da1</toProcessItemId>
            <guid>guid:5a54f1704f1c1577:-6b56085f:12370558356:-7e97</guid>
            <versionId>0bc063dc-1194-417e-bdb0-7680812f2519</versionId>
            <layoutData>
                <controlPoints />
                <showEndState>true</showEndState>
                <showName>false</showName>
            </layoutData>
            <fromItemPort locationId="topLeft" portType="1" />
            <toItemPort locationId="rightCenter" portType="2" />
            <fromProcessItemId>2025.875fca76-eb13-4a0e-8d02-6e77f9dbbed1</fromProcessItemId>
            <toProcessItemId>2025.cda69ee6-ae30-4d04-99d6-0ec133e06da1</toProcessItemId>
        </link>
        <link name="Untitled">
            <lastModified isNull="true" />
            <lastModifiedBy isNull="true" />
            <processLinkId>2027.dd755fdb-2afd-4752-8e47-5ff6f43c4217</processLinkId>
            <processId>1.6ab4ed30-ffa5-4879-8bf9-75ac0636ce84</processId>
            <description isNull="true" />
            <fromProcessItemId>2025.4ec02c67-a99a-4c9b-aca5-4a77bcd2b2f8</fromProcessItemId>
            <endStateId>Out</endStateId>
            <toProcessItemId>2025.875fca76-eb13-4a0e-8d02-6e77f9dbbed1</toProcessItemId>
            <guid>guid:5a54f1704f1c1577:-6b56085f:12370558356:-7e8e</guid>
            <versionId>11a9730e-e0cf-49c4-a212-ac006440a13a</versionId>
            <layoutData>
                <controlPoints />
                <showEndState>false</showEndState>
                <showName>false</showName>
            </layoutData>
            <fromItemPort locationId="topLeft" portType="1" />
            <toItemPort locationId="rightBottom" portType="2" />
            <fromProcessItemId>2025.4ec02c67-a99a-4c9b-aca5-4a77bcd2b2f8</fromProcessItemId>
            <toProcessItemId>2025.875fca76-eb13-4a0e-8d02-6e77f9dbbed1</toProcessItemId>
        </link>
        <link name="Untitled">
            <lastModified isNull="true" />
            <lastModifiedBy isNull="true" />
            <processLinkId>2027.4c3ff2ce-f1d9-496e-b3c4-a7b2adb7f470</processLinkId>
            <processId>1.6ab4ed30-ffa5-4879-8bf9-75ac0636ce84</processId>
            <description isNull="true" />
            <fromProcessItemId>2025.1bb41b24-24d3-4587-aaff-e1910f71aa5a</fromProcessItemId>
            <endStateId>guid:5a54f1704f1c1577:-6b56085f:12370558356:-7fa2</endStateId>
            <toProcessItemId>2025.c3aaf665-b93d-46b6-b613-682dceadb6be</toProcessItemId>
            <guid>guid:5a54f1704f1c1577:-6b56085f:12370558356:-7eba</guid>
            <versionId>16b66ebe-1b92-49a3-8268-8b8206668d70</versionId>
            <layoutData>
                <controlPoints />
                <showEndState>false</showEndState>
                <showName>false</showName>
            </layoutData>
            <fromItemPort locationId="rightCenter" portType="1" />
            <toItemPort locationId="leftTop" portType="2" />
            <fromProcessItemId>2025.1bb41b24-24d3-4587-aaff-e1910f71aa5a</fromProcessItemId>
            <toProcessItemId>2025.c3aaf665-b93d-46b6-b613-682dceadb6be</toProcessItemId>
        </link>
        <link name="Untitled">
            <lastModified isNull="true" />
            <lastModifiedBy isNull="true" />
            <processLinkId>2027.4bc60e68-f9c9-4ef2-9f11-b0a0f571c621</processLinkId>
            <processId>1.6ab4ed30-ffa5-4879-8bf9-75ac0636ce84</processId>
            <description isNull="true" />
            <fromProcessItemId>2025.b9462054-1265-4a49-b5dc-21222f4c8c92</fromProcessItemId>
            <endStateId>Out</endStateId>
            <toProcessItemId>2025.0192fd0e-f878-46d6-9b6b-69581433f562</toProcessItemId>
            <guid>guid:5a54f1704f1c1577:-6b56085f:12370558356:-7ebf</guid>
            <versionId>2ae712c6-8910-4677-adaa-e941a152ed70</versionId>
            <layoutData>
                <controlPoints />
                <showEndState>false</showEndState>
                <showName>false</showName>
            </layoutData>
            <fromItemPort locationId="rightCenter" portType="1" />
            <toItemPort locationId="leftCenter" portType="2" />
            <fromProcessItemId>2025.b9462054-1265-4a49-b5dc-21222f4c8c92</fromProcessItemId>
            <toProcessItemId>2025.0192fd0e-f878-46d6-9b6b-69581433f562</toProcessItemId>
        </link>
        <link name="No">
            <lastModified isNull="true" />
            <lastModifiedBy isNull="true" />
            <processLinkId>2027.e667394f-a19d-4922-bba1-1b85f609c66c</processLinkId>
            <processId>1.6ab4ed30-ffa5-4879-8bf9-75ac0636ce84</processId>
            <description isNull="true" />
            <fromProcessItemId>2025.0192fd0e-f878-46d6-9b6b-69581433f562</fromProcessItemId>
            <endStateId>DEFAULT</endStateId>
            <toProcessItemId>2025.c3aaf665-b93d-46b6-b613-682dceadb6be</toProcessItemId>
            <guid>guid:5a54f1704f1c1577:-6b56085f:12370558356:-7ebb</guid>
            <versionId>5855f64b-d6a1-47b8-b263-910bb7357f2c</versionId>
            <layoutData>
                <controlPoints />
                <showEndState>false</showEndState>
                <showName>true</showName>
            </layoutData>
            <fromItemPort locationId="rightCenter" portType="1" />
            <toItemPort locationId="leftCenter" portType="2" />
            <fromProcessItemId>2025.0192fd0e-f878-46d6-9b6b-69581433f562</fromProcessItemId>
            <toProcessItemId>2025.c3aaf665-b93d-46b6-b613-682dceadb6be</toProcessItemId>
        </link>
        <link name="Untitled">
            <lastModified isNull="true" />
            <lastModifiedBy isNull="true" />
            <processLinkId>2027.b6561b2a-d60d-46af-b85c-5336e912fa5e</processLinkId>
            <processId>1.6ab4ed30-ffa5-4879-8bf9-75ac0636ce84</processId>
            <description isNull="true" />
            <fromProcessItemId>2025.626b43f8-88d5-4ee6-9633-d9d79cca4091</fromProcessItemId>
            <endStateId>guid:5a54f1704f1c1577:-6b56085f:12370558356:-7f22</endStateId>
            <toProcessItemId>2025.67c2d98b-494e-4dee-ac71-94fe53a8fefd</toProcessItemId>
            <guid>guid:5a54f1704f1c1577:-6b56085f:12370558356:-7eb8</guid>
            <versionId>64b86ae7-c14e-4f6e-978a-c1a17dcd3c24</versionId>
            <layoutData>
                <controlPoints />
                <showEndState>true</showEndState>
                <showName>false</showName>
            </layoutData>
            <fromItemPort locationId="rightBottom" portType="1" />
            <toItemPort locationId="topCenter" portType="2" />
            <fromProcessItemId>2025.626b43f8-88d5-4ee6-9633-d9d79cca4091</fromProcessItemId>
            <toProcessItemId>2025.67c2d98b-494e-4dee-ac71-94fe53a8fefd</toProcessItemId>
        </link>
        <link name="Untitled">
            <lastModified isNull="true" />
            <lastModifiedBy isNull="true" />
            <processLinkId>2027.66cba14d-2d64-43ae-9009-d47b5c3a9398</processLinkId>
            <processId>1.6ab4ed30-ffa5-4879-8bf9-75ac0636ce84</processId>
            <description isNull="true" />
            <fromProcessItemId>2025.b37d8b17-7c94-47ed-b2b4-a1f61cc63fb5</fromProcessItemId>
            <endStateId>Out</endStateId>
            <toProcessItemId>2025.b9462054-1265-4a49-b5dc-21222f4c8c92</toProcessItemId>
            <guid>guid:5a54f1704f1c1577:-6b56085f:12370558356:-7eb5</guid>
            <versionId>6a1aea89-4b62-4554-b8f7-98218d810707</versionId>
            <layoutData>
                <controlPoints />
                <showEndState>false</showEndState>
                <showName>false</showName>
            </layoutData>
            <fromItemPort locationId="leftCenter" portType="1" />
            <toItemPort locationId="bottomCenter" portType="2" />
            <fromProcessItemId>2025.b37d8b17-7c94-47ed-b2b4-a1f61cc63fb5</fromProcessItemId>
            <toProcessItemId>2025.b9462054-1265-4a49-b5dc-21222f4c8c92</toProcessItemId>
        </link>
        <link name="Untitled">
            <lastModified isNull="true" />
            <lastModifiedBy isNull="true" />
            <processLinkId>2027.1d3a08b1-98f4-41dc-a981-b8a254661db1</processLinkId>
            <processId>1.6ab4ed30-ffa5-4879-8bf9-75ac0636ce84</processId>
            <description isNull="true" />
            <fromProcessItemId>2025.875fca76-eb13-4a0e-8d02-6e77f9dbbed1</fromProcessItemId>
            <endStateId>guid:5a54f1704f1c1577:-6b56085f:12370558356:-7ec6</endStateId>
            <toProcessItemId>2025.3c99646a-a84d-4d29-b340-f4e1f1d051e0</toProcessItemId>
            <guid>guid:5a54f1704f1c1577:-6b56085f:12370558356:-7e9e</guid>
            <versionId>6a93af32-0953-4b3e-b873-6d5562642ad5</versionId>
            <layoutData>
                <controlPoints />
                <showEndState>true</showEndState>
                <showName>false</showName>
            </layoutData>
            <fromItemPort locationId="rightCenter" portType="1" />
            <toItemPort locationId="leftCenter" portType="2" />
            <fromProcessItemId>2025.875fca76-eb13-4a0e-8d02-6e77f9dbbed1</fromProcessItemId>
            <toProcessItemId>2025.3c99646a-a84d-4d29-b340-f4e1f1d051e0</toProcessItemId>
        </link>
        <link name="Untitled">
            <lastModified isNull="true" />
            <lastModifiedBy isNull="true" />
            <processLinkId>2027.1b26b763-c543-4f05-926a-354a839bc34c</processLinkId>
            <processId>1.6ab4ed30-ffa5-4879-8bf9-75ac0636ce84</processId>
            <description isNull="true" />
            <fromProcessItemId>2025.c3aaf665-b93d-46b6-b613-682dceadb6be</fromProcessItemId>
            <endStateId>guid:5a54f1704f1c1577:-6b56085f:12370558356:-7fc0</endStateId>
            <toProcessItemId>2025.67c2d98b-494e-4dee-ac71-94fe53a8fefd</toProcessItemId>
            <guid>guid:5a54f1704f1c1577:-1e17a40f:123711828f2:-7fec</guid>
            <versionId>7828f395-2a94-4a63-9cea-60307259334f</versionId>
            <layoutData>
                <controlPoints />
                <showEndState>false</showEndState>
                <showName>false</showName>
            </layoutData>
            <fromItemPort locationId="rightCenter" portType="1" />
            <toItemPort locationId="leftCenter" portType="2" />
            <fromProcessItemId>2025.c3aaf665-b93d-46b6-b613-682dceadb6be</fromProcessItemId>
            <toProcessItemId>2025.67c2d98b-494e-4dee-ac71-94fe53a8fefd</toProcessItemId>
        </link>
        <link name="Yes">
            <lastModified isNull="true" />
            <lastModifiedBy isNull="true" />
            <processLinkId>2027.b0baa733-4b2e-428d-b88b-04965b64dd4a</processLinkId>
            <processId>1.6ab4ed30-ffa5-4879-8bf9-75ac0636ce84</processId>
            <description isNull="true" />
            <fromProcessItemId>2025.0192fd0e-f878-46d6-9b6b-69581433f562</fromProcessItemId>
            <endStateId>guid:5a54f1704f1c1577:-6b56085f:12370558356:-7ebc</endStateId>
            <toProcessItemId>2025.1bb41b24-24d3-4587-aaff-e1910f71aa5a</toProcessItemId>
            <guid>guid:5a54f1704f1c1577:-6b56085f:12370558356:-7ebe</guid>
            <versionId>8ed34072-042d-4512-8625-c0919e2b162f</versionId>
            <layoutData>
                <controlPoints />
                <showEndState>false</showEndState>
                <showName>true</showName>
            </layoutData>
            <fromItemPort locationId="topCenter" portType="1" />
            <toItemPort locationId="bottomCenter" portType="2" />
            <fromProcessItemId>2025.0192fd0e-f878-46d6-9b6b-69581433f562</fromProcessItemId>
            <toProcessItemId>2025.1bb41b24-24d3-4587-aaff-e1910f71aa5a</toProcessItemId>
        </link>
        <link name="Untitled">
            <lastModified isNull="true" />
            <lastModifiedBy isNull="true" />
            <processLinkId>2027.9177220d-e27f-4cd8-83f7-b88863592946</processLinkId>
            <processId>1.6ab4ed30-ffa5-4879-8bf9-75ac0636ce84</processId>
            <description isNull="true" />
            <fromProcessItemId>2025.875fca76-eb13-4a0e-8d02-6e77f9dbbed1</fromProcessItemId>
            <endStateId>guid:5a54f1704f1c1577:-6b56085f:12370558356:-7ec4</endStateId>
            <toProcessItemId>2025.b37d8b17-7c94-47ed-b2b4-a1f61cc63fb5</toProcessItemId>
            <guid>guid:5a54f1704f1c1577:-6b56085f:12370558356:-7e9d</guid>
            <versionId>904c462c-b274-4de9-8e0b-23c282f2e12c</versionId>
            <layoutData>
                <controlPoints />
                <showEndState>true</showEndState>
                <showName>false</showName>
            </layoutData>
            <fromItemPort locationId="bottomLeft" portType="1" />
            <toItemPort locationId="rightCenter" portType="2" />
            <fromProcessItemId>2025.875fca76-eb13-4a0e-8d02-6e77f9dbbed1</fromProcessItemId>
            <toProcessItemId>2025.b37d8b17-7c94-47ed-b2b4-a1f61cc63fb5</toProcessItemId>
        </link>
        <link name="Untitled">
            <lastModified isNull="true" />
            <lastModifiedBy isNull="true" />
            <processLinkId>2027.5f41575e-459b-43a7-81ae-ddf761f2e7f8</processLinkId>
            <processId>1.6ab4ed30-ffa5-4879-8bf9-75ac0636ce84</processId>
            <description isNull="true" />
            <fromProcessItemId>2025.67c2d98b-494e-4dee-ac71-94fe53a8fefd</fromProcessItemId>
            <endStateId>guid:5a54f1704f1c1577:-6b56085f:12370558356:-7f0b</endStateId>
            <toProcessItemId>2025.875fca76-eb13-4a0e-8d02-6e77f9dbbed1</toProcessItemId>
            <guid>guid:5a54f1704f1c1577:-6b56085f:12370558356:-7e94</guid>
            <versionId>99a774cb-abc3-480d-b3f5-8b7ce25055c6</versionId>
            <layoutData>
                <controlPoints />
                <showEndState>false</showEndState>
                <showName>false</showName>
            </layoutData>
            <fromItemPort locationId="rightCenter" portType="1" />
            <toItemPort locationId="leftCenter" portType="2" />
            <fromProcessItemId>2025.67c2d98b-494e-4dee-ac71-94fe53a8fefd</fromProcessItemId>
            <toProcessItemId>2025.875fca76-eb13-4a0e-8d02-6e77f9dbbed1</toProcessItemId>
        </link>
        <link name="Untitled">
            <lastModified isNull="true" />
            <lastModifiedBy isNull="true" />
            <processLinkId>2027.1e6035c6-7cec-49c6-8195-a2cb27ff7e7d</processLinkId>
            <processId>1.6ab4ed30-ffa5-4879-8bf9-75ac0636ce84</processId>
            <description isNull="true" />
            <fromProcessItemId>2025.626b43f8-88d5-4ee6-9633-d9d79cca4091</fromProcessItemId>
            <endStateId>guid:5a54f1704f1c1577:-6b56085f:12370558356:-7f49</endStateId>
            <toProcessItemId>2025.c3aaf665-b93d-46b6-b613-682dceadb6be</toProcessItemId>
            <guid>guid:5a54f1704f1c1577:-6b56085f:12370558356:-7eb9</guid>
            <versionId>9b4d130e-47df-49b9-9653-881b1bbcd5d2</versionId>
            <layoutData>
                <controlPoints />
                <showEndState>true</showEndState>
                <showName>false</showName>
            </layoutData>
            <fromItemPort locationId="bottomCenter" portType="1" />
            <toItemPort locationId="topCenter" portType="2" />
            <fromProcessItemId>2025.626b43f8-88d5-4ee6-9633-d9d79cca4091</fromProcessItemId>
            <toProcessItemId>2025.c3aaf665-b93d-46b6-b613-682dceadb6be</toProcessItemId>
        </link>
        <link name="Untitled">
            <lastModified isNull="true" />
            <lastModifiedBy isNull="true" />
            <processLinkId>2027.d3e01c11-d2d0-4eea-96b5-d4cda8ab0ba8</processLinkId>
            <processId>1.6ab4ed30-ffa5-4879-8bf9-75ac0636ce84</processId>
            <description isNull="true" />
            <fromProcessItemId>2025.875fca76-eb13-4a0e-8d02-6e77f9dbbed1</fromProcessItemId>
            <endStateId>guid:5a54f1704f1c1577:-6b56085f:12370558356:-7ea1</endStateId>
            <toProcessItemId>2025.4ec02c67-a99a-4c9b-aca5-4a77bcd2b2f8</toProcessItemId>
            <guid>guid:5a54f1704f1c1577:-6b56085f:12370558356:-7e8f</guid>
            <versionId>9c20afda-6018-49e9-80d6-21e852ad46e7</versionId>
            <layoutData>
                <controlPoints />
                <showEndState>true</showEndState>
                <showName>false</showName>
            </layoutData>
            <fromItemPort locationId="bottomRight" portType="1" />
            <toItemPort locationId="leftCenter" portType="2" />
            <fromProcessItemId>2025.875fca76-eb13-4a0e-8d02-6e77f9dbbed1</fromProcessItemId>
            <toProcessItemId>2025.4ec02c67-a99a-4c9b-aca5-4a77bcd2b2f8</toProcessItemId>
        </link>
        <link name="Untitled">
            <lastModified isNull="true" />
            <lastModifiedBy isNull="true" />
            <processLinkId>2027.dd4f261e-93f9-449b-8103-0305d84de321</processLinkId>
            <processId>1.6ab4ed30-ffa5-4879-8bf9-75ac0636ce84</processId>
            <description isNull="true" />
            <fromProcessItemId>2025.cda69ee6-ae30-4d04-99d6-0ec133e06da1</fromProcessItemId>
            <endStateId>guid:5a54f1704f1c1577:-6b56085f:12370558356:-7fa2</endStateId>
            <toProcessItemId>2025.67c2d98b-494e-4dee-ac71-94fe53a8fefd</toProcessItemId>
            <guid>guid:5a54f1704f1c1577:-6b56085f:12370558356:-7eb7</guid>
            <versionId>a9a15256-0de7-48f9-9ca1-f74ec8a81569</versionId>
            <layoutData>
                <controlPoints />
                <showEndState>false</showEndState>
                <showName>false</showName>
            </layoutData>
            <fromItemPort locationId="leftCenter" portType="1" />
            <toItemPort locationId="topRight" portType="2" />
            <fromProcessItemId>2025.cda69ee6-ae30-4d04-99d6-0ec133e06da1</fromProcessItemId>
            <toProcessItemId>2025.67c2d98b-494e-4dee-ac71-94fe53a8fefd</toProcessItemId>
        </link>
        <link name="Untitled">
            <lastModified isNull="true" />
            <lastModifiedBy isNull="true" />
            <processLinkId>2027.da8ac57a-b055-4bd0-a349-f6470d47e018</processLinkId>
            <processId>1.6ab4ed30-ffa5-4879-8bf9-75ac0636ce84</processId>
            <description isNull="true" />
            <fromProcessItemId>2025.875fca76-eb13-4a0e-8d02-6e77f9dbbed1</fromProcessItemId>
            <endStateId>guid:5a54f1704f1c1577:-6b56085f:12370558356:-7ea5</endStateId>
            <toProcessItemId>2025.f61a3ebb-c883-43f4-822c-f8689b1a7d75</toProcessItemId>
            <guid>guid:5a54f1704f1c1577:-6b56085f:12370558356:-7e9a</guid>
            <versionId>b0ebb544-fb51-440f-80e6-f002539de30e</versionId>
            <layoutData>
                <controlPoints />
                <showEndState>true</showEndState>
                <showName>false</showName>
            </layoutData>
            <fromItemPort locationId="topCenter" portType="1" />
            <toItemPort locationId="rightCenter" portType="2" />
            <fromProcessItemId>2025.875fca76-eb13-4a0e-8d02-6e77f9dbbed1</fromProcessItemId>
            <toProcessItemId>2025.f61a3ebb-c883-43f4-822c-f8689b1a7d75</toProcessItemId>
        </link>
        <link name="Untitled">
            <lastModified isNull="true" />
            <lastModifiedBy isNull="true" />
            <processLinkId>2027.c5558cdf-be1d-4ad2-9849-3d2ec5bc6062</processLinkId>
            <processId>1.6ab4ed30-ffa5-4879-8bf9-75ac0636ce84</processId>
            <description isNull="true" />
            <fromProcessItemId>2025.f61a3ebb-c883-43f4-822c-f8689b1a7d75</fromProcessItemId>
            <endStateId>Out</endStateId>
            <toProcessItemId>2025.626b43f8-88d5-4ee6-9633-d9d79cca4091</toProcessItemId>
            <guid>guid:5a54f1704f1c1577:-6b56085f:12370558356:-7eb6</guid>
            <versionId>c1a5220f-2b47-427e-9924-e7cd99a88a85</versionId>
            <layoutData>
                <controlPoints />
                <showEndState>false</showEndState>
                <showName>false</showName>
            </layoutData>
            <fromItemPort locationId="leftCenter" portType="1" />
            <toItemPort locationId="rightCenter" portType="2" />
            <fromProcessItemId>2025.f61a3ebb-c883-43f4-822c-f8689b1a7d75</fromProcessItemId>
            <toProcessItemId>2025.626b43f8-88d5-4ee6-9633-d9d79cca4091</toProcessItemId>
        </link>
    </process>
</teamworks>

