<?xml version="1.0" encoding="UTF-8"?>
<teamworks>
    <process id="1.799f0397-1f1f-4771-984a-e5b5965570c4" name="lsw Get Conditional Activity Template Names">
        <lastModified>1361372673512</lastModified>
        <lastModifiedBy>Internal TW Admin user</lastModifiedBy>
        <processId>1.799f0397-1f1f-4771-984a-e5b5965570c4</processId>
        <image isNull="true" />
        <tabGroup isNull="true" />
        <startingProcessItemId>2025.0544c75f-acc4-4c80-b0b4-414922edf708</startingProcessItemId>
        <isRootProcess>false</isRootProcess>
        <processType>6</processType>
        <isErrorHandlerEnabled>false</isErrorHandlerEnabled>
        <errorHandlerItemId isNull="true" />
        <isLoggingVariables>false</isLoggingVariables>
        <isTransactional>false</isTransactional>
        <processTimingLevel isNull="true" />
        <participantRef isNull="true" />
        <exposedType isNull="true" />
        <isTrackingEnabled>true</isTrackingEnabled>
        <xmlData isNull="true" />
        <cachingType>false</cachingType>
        <itemLabel isNull="true" />
        <cacheLength>43200</cacheLength>
        <mobileReady>false</mobileReady>
        <sboSyncEnabled>true</sboSyncEnabled>
        <externalId isNull="true" />
        <isSecured>false</isSecured>
        <isAjaxExposed>false</isAjaxExposed>
        <description isNull="true" />
        <guid>guid:5a54f1704f1c1577:-6b56085f:12370558356:-7fc2</guid>
        <versionId>4af9fff9-b287-45a5-b36e-811f67755849</versionId>
        <dependencySummary isNull="true" />
        <jsonData isNull="true" />
        <field1 isNull="true" />
        <field2 isNull="true" />
        <field3>0</field3>
        <field4 isNull="true" />
        <field5>false</field5>
        <clobField1 isNull="true" />
        <blobField1 isNull="true" />
        <processParameter name="bpdGUID">
            <lastModified isNull="true" />
            <lastModifiedBy isNull="true" />
            <processParameterId>2055.a71d8ac4-4aef-4d5f-a9fa-e11bba8a3506</processParameterId>
            <processId>1.799f0397-1f1f-4771-984a-e5b5965570c4</processId>
            <parameterType>1</parameterType>
            <isArrayOf>false</isArrayOf>
            <classId>/12.db884a3c-c533-44b7-bb2d-47bec8ad4022</classId>
            <seq>1</seq>
            <hasDefault>false</hasDefault>
            <defaultValue isNull="true" />
            <isLocked>false</isLocked>
            <description>The GUID of the top-level BPD for which to retrieve templates</description>
            <guid>guid:5a54f1704f1c1577:-6b56085f:12370558356:-7fbe</guid>
            <versionId>2657d4dd-335b-42a8-9cfa-cf9799c02a72</versionId>
        </processParameter>
        <processParameter name="templateNames">
            <lastModified isNull="true" />
            <lastModifiedBy isNull="true" />
            <processParameterId>2055.aab53eac-0cc9-47a0-983f-3c29680541de</processParameterId>
            <processId>1.799f0397-1f1f-4771-984a-e5b5965570c4</processId>
            <parameterType>2</parameterType>
            <isArrayOf>true</isArrayOf>
            <classId>/12.d2e5a15a-ea53-4793-9e93-29af5bd80b13</classId>
            <seq>2</seq>
            <hasDefault>false</hasDefault>
            <defaultValue isNull="true" />
            <isLocked>false</isLocked>
            <description>A list of Name/Value Pairs (name = Template Name, value = Template ID) with the templates that have been created for the given top-level BPD</description>
            <guid>guid:5a54f1704f1c1577:-6b56085f:12370558356:-7fbd</guid>
            <versionId>0f4e0c6e-8a54-45d6-be1a-ee4befb3bf4a</versionId>
        </processParameter>
        <processVariable name="sql">
            <lastModified isNull="true" />
            <lastModifiedBy isNull="true" />
            <processVariableId>2056.e0c4c850-c4be-48e2-ac77-6de81c235eed</processVariableId>
            <description isNull="true" />
            <processId>1.799f0397-1f1f-4771-984a-e5b5965570c4</processId>
            <namespace>2</namespace>
            <seq>1</seq>
            <isArrayOf>false</isArrayOf>
            <isTransient>false</isTransient>
            <classId>/12.db884a3c-c533-44b7-bb2d-47bec8ad4022</classId>
            <hasDefault>false</hasDefault>
            <defaultValue isNull="true" />
            <guid>guid:5a54f1704f1c1577:-6b56085f:12370558356:-7fbc</guid>
            <versionId>d4048d16-2da1-462c-9767-d08d9e230d6f</versionId>
        </processVariable>
        <processVariable name="parameters">
            <lastModified isNull="true" />
            <lastModifiedBy isNull="true" />
            <processVariableId>2056.c80784c3-14ee-4138-b956-83b8427dfb1b</processVariableId>
            <description isNull="true" />
            <processId>1.799f0397-1f1f-4771-984a-e5b5965570c4</processId>
            <namespace>2</namespace>
            <seq>2</seq>
            <isArrayOf>true</isArrayOf>
            <isTransient>false</isTransient>
            <classId>/12.f453f500-ca4e-4264-a371-72c1892e8b7c</classId>
            <hasDefault>false</hasDefault>
            <defaultValue isNull="true" />
            <guid>guid:5a54f1704f1c1577:-6b56085f:12370558356:-7fbb</guid>
            <versionId>1fa306d4-4308-40b8-92e9-3c6c2ef7a83e</versionId>
        </processVariable>
        <item>
            <lastModified isNull="true" />
            <lastModifiedBy isNull="true" />
            <processItemId>2025.0544c75f-acc4-4c80-b0b4-414922edf708</processItemId>
            <processId>1.799f0397-1f1f-4771-984a-e5b5965570c4</processId>
            <name>Build Query SQL</name>
            <tWComponentName>Script</tWComponentName>
            <tWComponentId>3011.4b3a1a27-9f93-4087-9794-8f732409995c</tWComponentId>
            <isLogEnabled>false</isLogEnabled>
            <isTraceEnabled>false</isTraceEnabled>
            <traceCategory isNull="true" />
            <traceLevel isNull="true" />
            <traceMessage isNull="true" />
            <traceSymbolTable isNull="true" />
            <isExecutionContextTraced>false</isExecutionContextTraced>
            <saveExecutionContext>false</saveExecutionContext>
            <documentation isNull="true" />
            <isErrorHandlerEnabled>false</isErrorHandlerEnabled>
            <errorHandlerItemId isNull="true" />
            <guid>guid:5a54f1704f1c1577:-6b56085f:12370558356:-7fb7</guid>
            <versionId>8cae3ee6-d8b9-4cdc-afbc-7fd61330842c</versionId>
            <externalServiceRef isNull="true" />
            <externalServiceOp isNull="true" />
            <nodeColor isNull="true" />
            <layoutData x="130" y="91">
                <errorLink>
                    <controlPoints />
                    <showEndState>false</showEndState>
                    <showName>false</showName>
                </errorLink>
            </layoutData>
            <TWComponent>
                <lastModified isNull="true" />
                <lastModifiedBy isNull="true" />
                <scriptId>3011.4b3a1a27-9f93-4087-9794-8f732409995c</scriptId>
                <scriptTypeId>128</scriptTypeId>
                <isActive>true</isActive>
                <script>tw.local.sql
SELECT id AS value, name
FROM lsw_ca_template 
WHERE bpd_guid = ?</script>
                <isRule>false</isRule>
                <guid>guid:5a54f1704f1c1577:-6b56085f:12370558356:-7fb8</guid>
                <versionId>fcd19000-aa4a-42ca-bbac-f78f42b2a75f</versionId>
            </TWComponent>
        </item>
        <item>
            <lastModified isNull="true" />
            <lastModifiedBy isNull="true" />
            <processItemId>2025.1530a96d-71d6-4212-bbbe-9ace96be0bcd</processItemId>
            <processId>1.799f0397-1f1f-4771-984a-e5b5965570c4</processId>
            <name>SQL Execute Statement</name>
            <tWComponentName>SubProcess</tWComponentName>
            <tWComponentId>3012.0a574bb8-6765-4ac9-b183-0d44bdb4e9b0</tWComponentId>
            <isLogEnabled>false</isLogEnabled>
            <isTraceEnabled>false</isTraceEnabled>
            <traceCategory isNull="true" />
            <traceLevel isNull="true" />
            <traceMessage isNull="true" />
            <traceSymbolTable isNull="true" />
            <isExecutionContextTraced>false</isExecutionContextTraced>
            <saveExecutionContext>false</saveExecutionContext>
            <documentation isNull="true" />
            <isErrorHandlerEnabled>false</isErrorHandlerEnabled>
            <errorHandlerItemId isNull="true" />
            <guid>guid:5a54f1704f1c1577:-6b56085f:12370558356:-7fae</guid>
            <versionId>aa2b2c54-2c63-4441-af89-a634b26c8974</versionId>
            <externalServiceRef isNull="true" />
            <externalServiceOp isNull="true" />
            <nodeColor isNull="true" />
            <layoutData x="408" y="89">
                <errorLink>
                    <controlPoints />
                    <showEndState>false</showEndState>
                    <showName>false</showName>
                </errorLink>
            </layoutData>
            <TWComponent>
                <lastModified isNull="true" />
                <lastModifiedBy isNull="true" />
                <subProcessId>3012.0a574bb8-6765-4ac9-b183-0d44bdb4e9b0</subProcessId>
                <attachedProcessRef>/1.8ca80af0-a727-4b90-9e04-21b32cd0c65c</attachedProcessRef>
                <guid>guid:5a54f1704f1c1577:-6b56085f:12370558356:-7fad</guid>
                <versionId>4cf2aa9e-a670-467f-b3a1-b9d1d7892fc7</versionId>
                <parameterMapping name="returnType">
                    <lastModified isNull="true" />
                    <lastModifiedBy isNull="true" />
                    <parameterMappingId>2054.b146a99f-2ebf-4c9e-b205-c50f06707385</parameterMappingId>
                    <processParameterId>2055.7081e3db-2301-4308-b93d-61cf78b25816</processParameterId>
                    <parameterMappingParentId>3012.0a574bb8-6765-4ac9-b183-0d44bdb4e9b0</parameterMappingParentId>
                    <useDefault>false</useDefault>
                    <value>"NameValuePair"</value>
                    <classRef>/12.db884a3c-c533-44b7-bb2d-47bec8ad4022</classRef>
                    <isList>false</isList>
                    <isInput>true</isInput>
                    <guid>guid:5a54f1704f1c1577:-6b56085f:12370558356:-7faa</guid>
                    <versionId>862ae7dc-290e-4f5c-9577-95ffef2f876c</versionId>
                    <description isNull="true" />
                </parameterMapping>
                <parameterMapping name="results">
                    <lastModified isNull="true" />
                    <lastModifiedBy isNull="true" />
                    <parameterMappingId>2054.511f28a7-c143-452a-b249-65295d77d8df</parameterMappingId>
                    <processParameterId>2055.21cdb854-d222-4fc8-b991-17aef09de0c4</processParameterId>
                    <parameterMappingParentId>3012.0a574bb8-6765-4ac9-b183-0d44bdb4e9b0</parameterMappingParentId>
                    <useDefault>false</useDefault>
                    <value>tw.local.templateNames</value>
                    <classRef>/12.c09c9b6e-aabd-4897-bef2-ed61db106297</classRef>
                    <isList>false</isList>
                    <isInput>false</isInput>
                    <guid>guid:5a54f1704f1c1577:-6b56085f:12370558356:-7fa9</guid>
                    <versionId>b44e5482-933c-4672-a4e3-08a61c0ab195</versionId>
                    <description isNull="true" />
                </parameterMapping>
                <parameterMapping name="parameters">
                    <lastModified isNull="true" />
                    <lastModifiedBy isNull="true" />
                    <parameterMappingId>2054.1e7a826c-d864-4871-be71-4db743aae22f</parameterMappingId>
                    <processParameterId>2055.8b3c4f58-67b5-49b0-8df4-bdb407fbe076</processParameterId>
                    <parameterMappingParentId>3012.0a574bb8-6765-4ac9-b183-0d44bdb4e9b0</parameterMappingParentId>
                    <useDefault>false</useDefault>
                    <value>tw.local.parameters</value>
                    <classRef>/12.f453f500-ca4e-4264-a371-72c1892e8b7c</classRef>
                    <isList>true</isList>
                    <isInput>true</isInput>
                    <guid>guid:5a54f1704f1c1577:-6b56085f:12370558356:-7fab</guid>
                    <versionId>c8eea8f8-dec3-48dd-8536-cae9a0af8999</versionId>
                    <description isNull="true" />
                </parameterMapping>
                <parameterMapping name="sql">
                    <lastModified isNull="true" />
                    <lastModifiedBy isNull="true" />
                    <parameterMappingId>2054.deb8901b-b833-461f-be1c-311f67efd95c</parameterMappingId>
                    <processParameterId>2055.e3bfe8f3-c801-4ef8-bb77-77156e3b0326</processParameterId>
                    <parameterMappingParentId>3012.0a574bb8-6765-4ac9-b183-0d44bdb4e9b0</parameterMappingParentId>
                    <useDefault>false</useDefault>
                    <value>tw.local.sql</value>
                    <classRef>/12.db884a3c-c533-44b7-bb2d-47bec8ad4022</classRef>
                    <isList>false</isList>
                    <isInput>true</isInput>
                    <guid>guid:5a54f1704f1c1577:-6b56085f:12370558356:-7fac</guid>
                    <versionId>df5b3a72-8d31-4ac1-a0b3-c6e0d1c958c0</versionId>
                    <description isNull="true" />
                </parameterMapping>
            </TWComponent>
        </item>
        <item>
            <lastModified isNull="true" />
            <lastModifiedBy isNull="true" />
            <processItemId>2025.8b8ded37-3b3b-4027-b42c-83cb4dfbb4a0</processItemId>
            <processId>1.799f0397-1f1f-4771-984a-e5b5965570c4</processId>
            <name>End</name>
            <tWComponentName>ExitPoint</tWComponentName>
            <tWComponentId>3008.b8054f5f-3f08-4bdb-9de4-1a17ce9a5bb1</tWComponentId>
            <isLogEnabled>false</isLogEnabled>
            <isTraceEnabled>false</isTraceEnabled>
            <traceCategory isNull="true" />
            <traceLevel isNull="true" />
            <traceMessage isNull="true" />
            <traceSymbolTable isNull="true" />
            <isExecutionContextTraced>false</isExecutionContextTraced>
            <saveExecutionContext>true</saveExecutionContext>
            <documentation isNull="true" />
            <isErrorHandlerEnabled>false</isErrorHandlerEnabled>
            <errorHandlerItemId isNull="true" />
            <guid>guid:5a54f1704f1c1577:-6b56085f:12370558356:-7fc0</guid>
            <versionId>b17af44a-dae6-4294-b064-21d4806580bf</versionId>
            <externalServiceRef isNull="true" />
            <externalServiceOp isNull="true" />
            <nodeColor isNull="true" />
            <layoutData x="562" y="99">
                <errorLink>
                    <controlPoints />
                    <showEndState>false</showEndState>
                    <showName>false</showName>
                </errorLink>
            </layoutData>
            <TWComponent>
                <lastModified isNull="true" />
                <lastModifiedBy isNull="true" />
                <exitPointId>3008.b8054f5f-3f08-4bdb-9de4-1a17ce9a5bb1</exitPointId>
                <haltProcess>false</haltProcess>
                <guid>guid:5a54f1704f1c1577:-6b56085f:12370558356:-7fbf</guid>
                <versionId>39ed6e33-ce94-4a66-afa8-170576d91d7d</versionId>
            </TWComponent>
        </item>
        <item>
            <lastModified isNull="true" />
            <lastModifiedBy isNull="true" />
            <processItemId>2025.d0762492-0b29-47bd-a2a1-c3beadd65c31</processItemId>
            <processId>1.799f0397-1f1f-4771-984a-e5b5965570c4</processId>
            <name>Setup Parameters</name>
            <tWComponentName>Script</tWComponentName>
            <tWComponentId>3011.0006baa3-b4c1-4b5f-8fbc-c77537804b48</tWComponentId>
            <isLogEnabled>false</isLogEnabled>
            <isTraceEnabled>false</isTraceEnabled>
            <traceCategory isNull="true" />
            <traceLevel isNull="true" />
            <traceMessage isNull="true" />
            <traceSymbolTable isNull="true" />
            <isExecutionContextTraced>false</isExecutionContextTraced>
            <saveExecutionContext>false</saveExecutionContext>
            <documentation isNull="true" />
            <isErrorHandlerEnabled>false</isErrorHandlerEnabled>
            <errorHandlerItemId isNull="true" />
            <guid>guid:5a54f1704f1c1577:-6b56085f:12370558356:-7fb3</guid>
            <versionId>f80da1f6-c72c-42a9-b714-edaa96ef78da</versionId>
            <externalServiceRef isNull="true" />
            <externalServiceOp isNull="true" />
            <nodeColor isNull="true" />
            <layoutData x="273" y="91">
                <errorLink>
                    <controlPoints />
                    <showEndState>false</showEndState>
                    <showName>false</showName>
                </errorLink>
            </layoutData>
            <TWComponent>
                <lastModified isNull="true" />
                <lastModifiedBy isNull="true" />
                <scriptId>3011.0006baa3-b4c1-4b5f-8fbc-c77537804b48</scriptId>
                <scriptTypeId>2</scriptTypeId>
                <isActive>true</isActive>
                <script>tw.local.parameters = new tw.object.listOf.SQLParameter();
tw.local.parameters[tw.local.parameters.listLength] = newSQLParameter(tw.local.bpdGUID);</script>
                <isRule>false</isRule>
                <guid>guid:5a54f1704f1c1577:-6b56085f:12370558356:-7fb4</guid>
                <versionId>71b909cd-01f3-4272-bc40-ebc0c24395bd</versionId>
            </TWComponent>
        </item>
        <startingProcessItemId>2025.0544c75f-acc4-4c80-b0b4-414922edf708</startingProcessItemId>
        <errorHandlerItemId isNull="true" />
        <layoutData noConversion="true">
            <errorLink>
                <controlPoints />
                <showEndState>false</showEndState>
                <showName>false</showName>
            </errorLink>
        </layoutData>
        <startPoint>
            <layoutData x="20" y="100">
                <errorLink>
                    <controlPoints />
                    <showEndState>false</showEndState>
                    <showName>false</showName>
                </errorLink>
            </layoutData>
        </startPoint>
        <startLink>
            <fromPort locationId="rightCenter" portType="1" />
            <toPort locationId="leftCenter" portType="2" />
            <layoutData>
                <controlPoints />
                <showEndState>false</showEndState>
                <showName>false</showName>
            </layoutData>
        </startLink>
        <link name="Untitled">
            <lastModified isNull="true" />
            <lastModifiedBy isNull="true" />
            <processLinkId>2027.c3791e65-c36c-4ac9-8943-b0adb5f2e806</processLinkId>
            <processId>1.799f0397-1f1f-4771-984a-e5b5965570c4</processId>
            <description isNull="true" />
            <fromProcessItemId>2025.0544c75f-acc4-4c80-b0b4-414922edf708</fromProcessItemId>
            <endStateId>Out</endStateId>
            <toProcessItemId>2025.d0762492-0b29-47bd-a2a1-c3beadd65c31</toProcessItemId>
            <guid>guid:5a54f1704f1c1577:-6b56085f:12370558356:-7fa8</guid>
            <versionId>e6863dad-7e04-47bb-b328-3d970e8c6d4e</versionId>
            <layoutData>
                <controlPoints />
                <showEndState>false</showEndState>
                <showName>false</showName>
            </layoutData>
            <fromItemPort locationId="rightCenter" portType="1" />
            <toItemPort locationId="leftCenter" portType="2" />
            <fromProcessItemId>2025.0544c75f-acc4-4c80-b0b4-414922edf708</fromProcessItemId>
            <toProcessItemId>2025.d0762492-0b29-47bd-a2a1-c3beadd65c31</toProcessItemId>
        </link>
        <link name="Untitled">
            <lastModified isNull="true" />
            <lastModifiedBy isNull="true" />
            <processLinkId>2027.55c152a5-a023-4c56-a59f-21e038342b9c</processLinkId>
            <processId>1.799f0397-1f1f-4771-984a-e5b5965570c4</processId>
            <description isNull="true" />
            <fromProcessItemId>2025.1530a96d-71d6-4212-bbbe-9ace96be0bcd</fromProcessItemId>
            <endStateId>guid:d7766b7587753602:-9d2f0f9:11586bfc263:-7f6f</endStateId>
            <toProcessItemId>2025.8b8ded37-3b3b-4027-b42c-83cb4dfbb4a0</toProcessItemId>
            <guid>guid:5a54f1704f1c1577:-6b56085f:12370558356:-7fa6</guid>
            <versionId>fcde530c-b248-4a03-b52e-1072dcb9a021</versionId>
            <layoutData>
                <controlPoints />
                <showEndState>false</showEndState>
                <showName>false</showName>
            </layoutData>
            <fromItemPort locationId="rightCenter" portType="1" />
            <toItemPort locationId="leftCenter" portType="2" />
            <fromProcessItemId>2025.1530a96d-71d6-4212-bbbe-9ace96be0bcd</fromProcessItemId>
            <toProcessItemId>2025.8b8ded37-3b3b-4027-b42c-83cb4dfbb4a0</toProcessItemId>
        </link>
        <link name="Untitled">
            <lastModified isNull="true" />
            <lastModifiedBy isNull="true" />
            <processLinkId>2027.ca01e7e9-4c1a-4759-bbeb-230ddf688deb</processLinkId>
            <processId>1.799f0397-1f1f-4771-984a-e5b5965570c4</processId>
            <description isNull="true" />
            <fromProcessItemId>2025.d0762492-0b29-47bd-a2a1-c3beadd65c31</fromProcessItemId>
            <endStateId>Out</endStateId>
            <toProcessItemId>2025.1530a96d-71d6-4212-bbbe-9ace96be0bcd</toProcessItemId>
            <guid>guid:5a54f1704f1c1577:-6b56085f:12370558356:-7fa7</guid>
            <versionId>fedc77fe-8b1c-4f8b-9718-5ffc697bacc8</versionId>
            <layoutData>
                <controlPoints />
                <showEndState>false</showEndState>
                <showName>false</showName>
            </layoutData>
            <fromItemPort locationId="rightCenter" portType="1" />
            <toItemPort locationId="leftCenter" portType="2" />
            <fromProcessItemId>2025.d0762492-0b29-47bd-a2a1-c3beadd65c31</fromProcessItemId>
            <toProcessItemId>2025.1530a96d-71d6-4212-bbbe-9ace96be0bcd</toProcessItemId>
        </link>
    </process>
</teamworks>

