<?xml version="1.0" encoding="UTF-8"?>
<teamworks>
    <process id="1.7d03c736-e572-4622-b7f8-67105a55af6d" name="lsw Load Conditional Activity Template">
        <lastModified>1361372673512</lastModified>
        <lastModifiedBy>Internal TW Admin user</lastModifiedBy>
        <processId>1.7d03c736-e572-4622-b7f8-67105a55af6d</processId>
        <image isNull="true" />
        <tabGroup isNull="true" />
        <startingProcessItemId>2025.baf5ff3a-8c1b-4f5b-ad00-c3b6e558a9eb</startingProcessItemId>
        <isRootProcess>false</isRootProcess>
        <processType>6</processType>
        <isErrorHandlerEnabled>false</isErrorHandlerEnabled>
        <errorHandlerItemId isNull="true" />
        <isLoggingVariables>false</isLoggingVariables>
        <isTransactional>false</isTransactional>
        <processTimingLevel isNull="true" />
        <participantRef isNull="true" />
        <exposedType isNull="true" />
        <isTrackingEnabled>true</isTrackingEnabled>
        <xmlData isNull="true" />
        <cachingType>false</cachingType>
        <itemLabel isNull="true" />
        <cacheLength>43200</cacheLength>
        <mobileReady>false</mobileReady>
        <sboSyncEnabled>true</sboSyncEnabled>
        <externalId isNull="true" />
        <isSecured>false</isSecured>
        <isAjaxExposed>false</isAjaxExposed>
        <description isNull="true" />
        <guid>guid:5a54f1704f1c1577:-6b56085f:12370558356:-7fa4</guid>
        <versionId>744c6fb4-9a03-4e2b-b796-a45edb0599e7</versionId>
        <dependencySummary isNull="true" />
        <jsonData isNull="true" />
        <field1 isNull="true" />
        <field2 isNull="true" />
        <field3>0</field3>
        <field4 isNull="true" />
        <field5>false</field5>
        <clobField1 isNull="true" />
        <blobField1 isNull="true" />
        <processParameter name="templateID">
            <lastModified isNull="true" />
            <lastModifiedBy isNull="true" />
            <processParameterId>2055.1eaea77f-456b-470d-b6ea-e6d39f5e2bcc</processParameterId>
            <processId>1.7d03c736-e572-4622-b7f8-67105a55af6d</processId>
            <parameterType>1</parameterType>
            <isArrayOf>false</isArrayOf>
            <classId>/12.db884a3c-c533-44b7-bb2d-47bec8ad4022</classId>
            <seq>1</seq>
            <hasDefault>false</hasDefault>
            <defaultValue isNull="true" />
            <isLocked>false</isLocked>
            <description>The ID of the template for which to retrieve the selected conditional activities</description>
            <guid>guid:5a54f1704f1c1577:-6b56085f:12370558356:-7fa0</guid>
            <versionId>702e30c2-cc57-43e1-93c9-e84f16f4e563</versionId>
        </processParameter>
        <processParameter name="selectedConditionalActivities">
            <lastModified isNull="true" />
            <lastModifiedBy isNull="true" />
            <processParameterId>2055.5d730763-f57a-45a0-bbce-91d9351c6c0d</processParameterId>
            <processId>1.7d03c736-e572-4622-b7f8-67105a55af6d</processId>
            <parameterType>2</parameterType>
            <isArrayOf>true</isArrayOf>
            <classId>/12.db884a3c-c533-44b7-bb2d-47bec8ad4022</classId>
            <seq>2</seq>
            <hasDefault>false</hasDefault>
            <defaultValue isNull="true" />
            <isLocked>false</isLocked>
            <description>The list of GUIDs of the conditional activities selected by the template.</description>
            <guid>guid:5a54f1704f1c1577:-6b56085f:12370558356:-7f9f</guid>
            <versionId>d3e8eaca-d09b-4fec-bdfd-8780758b591b</versionId>
        </processParameter>
        <processVariable name="sql">
            <lastModified isNull="true" />
            <lastModifiedBy isNull="true" />
            <processVariableId>2056.4cc67c71-0915-4dd8-b338-cf45f4892122</processVariableId>
            <description isNull="true" />
            <processId>1.7d03c736-e572-4622-b7f8-67105a55af6d</processId>
            <namespace>2</namespace>
            <seq>1</seq>
            <isArrayOf>false</isArrayOf>
            <isTransient>false</isTransient>
            <classId>/12.db884a3c-c533-44b7-bb2d-47bec8ad4022</classId>
            <hasDefault>false</hasDefault>
            <defaultValue isNull="true" />
            <guid>guid:5a54f1704f1c1577:-6b56085f:12370558356:-7f9e</guid>
            <versionId>daec8f3e-572f-43e2-b809-dc3318aa9223</versionId>
        </processVariable>
        <processVariable name="parameters">
            <lastModified isNull="true" />
            <lastModifiedBy isNull="true" />
            <processVariableId>2056.f6b7d692-4956-4a47-8253-1d82e95f5346</processVariableId>
            <description isNull="true" />
            <processId>1.7d03c736-e572-4622-b7f8-67105a55af6d</processId>
            <namespace>2</namespace>
            <seq>2</seq>
            <isArrayOf>true</isArrayOf>
            <isTransient>false</isTransient>
            <classId>/12.f453f500-ca4e-4264-a371-72c1892e8b7c</classId>
            <hasDefault>false</hasDefault>
            <defaultValue isNull="true" />
            <guid>guid:5a54f1704f1c1577:-6b56085f:12370558356:-7f9d</guid>
            <versionId>98aa3778-1c8f-4eb6-b854-ae4e09d2ff16</versionId>
        </processVariable>
        <processVariable name="results">
            <lastModified isNull="true" />
            <lastModifiedBy isNull="true" />
            <processVariableId>2056.2caf3c42-e532-4f78-9bb6-b6ec6fc40afe</processVariableId>
            <description isNull="true" />
            <processId>1.7d03c736-e572-4622-b7f8-67105a55af6d</processId>
            <namespace>2</namespace>
            <seq>3</seq>
            <isArrayOf>true</isArrayOf>
            <isTransient>false</isTransient>
            <classId>/12.3b1e3757-a1f4-4c3f-bbb8-16fecd4d65c1</classId>
            <hasDefault>false</hasDefault>
            <defaultValue isNull="true" />
            <guid>guid:5a54f1704f1c1577:-6b56085f:12370558356:-7f9c</guid>
            <versionId>d0923cd8-963a-4a59-9a51-2037f9eb869a</versionId>
        </processVariable>
        <item>
            <lastModified isNull="true" />
            <lastModifiedBy isNull="true" />
            <processItemId>2025.2de22ff6-c2c4-4139-b014-f6b99ccc982f</processItemId>
            <processId>1.7d03c736-e572-4622-b7f8-67105a55af6d</processId>
            <name>Setup Parameters</name>
            <tWComponentName>Script</tWComponentName>
            <tWComponentId>3011.425da958-cbd9-46a1-bc27-13092be91722</tWComponentId>
            <isLogEnabled>false</isLogEnabled>
            <isTraceEnabled>false</isTraceEnabled>
            <traceCategory isNull="true" />
            <traceLevel isNull="true" />
            <traceMessage isNull="true" />
            <traceSymbolTable isNull="true" />
            <isExecutionContextTraced>false</isExecutionContextTraced>
            <saveExecutionContext>false</saveExecutionContext>
            <documentation isNull="true" />
            <isErrorHandlerEnabled>false</isErrorHandlerEnabled>
            <errorHandlerItemId isNull="true" />
            <guid>guid:5a54f1704f1c1577:-6b56085f:12370558356:-7f94</guid>
            <versionId>1bdb5781-025b-4a06-ab53-4b06d91849f2</versionId>
            <externalServiceRef isNull="true" />
            <externalServiceOp isNull="true" />
            <nodeColor isNull="true" />
            <layoutData x="248" y="85">
                <errorLink>
                    <controlPoints />
                    <showEndState>false</showEndState>
                    <showName>false</showName>
                </errorLink>
            </layoutData>
            <TWComponent>
                <lastModified isNull="true" />
                <lastModifiedBy isNull="true" />
                <scriptId>3011.425da958-cbd9-46a1-bc27-13092be91722</scriptId>
                <scriptTypeId>2</scriptTypeId>
                <isActive>true</isActive>
                <script>tw.local.parameters = new tw.object.listOf.SQLParameter();
if(tw.local.templateID == "" || tw.local.templateID == null) tw.local.templateID = "-1";
tw.local.parameters[tw.local.parameters.listLength] = newSQLParameter(tw.local.templateID);</script>
                <isRule>false</isRule>
                <guid>guid:5a54f1704f1c1577:-6b56085f:12370558356:-7f95</guid>
                <versionId>75990d09-857b-41e7-b0ba-339f76c04dd7</versionId>
            </TWComponent>
        </item>
        <item>
            <lastModified isNull="true" />
            <lastModifiedBy isNull="true" />
            <processItemId>2025.baf5ff3a-8c1b-4f5b-ad00-c3b6e558a9eb</processItemId>
            <processId>1.7d03c736-e572-4622-b7f8-67105a55af6d</processId>
            <name>Build Query SQL</name>
            <tWComponentName>Script</tWComponentName>
            <tWComponentId>3011.26fe2b68-96c2-47e0-b1b5-7807e5d70d11</tWComponentId>
            <isLogEnabled>false</isLogEnabled>
            <isTraceEnabled>false</isTraceEnabled>
            <traceCategory isNull="true" />
            <traceLevel isNull="true" />
            <traceMessage isNull="true" />
            <traceSymbolTable isNull="true" />
            <isExecutionContextTraced>false</isExecutionContextTraced>
            <saveExecutionContext>false</saveExecutionContext>
            <documentation isNull="true" />
            <isErrorHandlerEnabled>false</isErrorHandlerEnabled>
            <errorHandlerItemId isNull="true" />
            <guid>guid:5a54f1704f1c1577:-6b56085f:12370558356:-7f98</guid>
            <versionId>33ebbc87-ee2d-41a3-b895-a9340d2fa961</versionId>
            <externalServiceRef isNull="true" />
            <externalServiceOp isNull="true" />
            <nodeColor isNull="true" />
            <layoutData x="115" y="85">
                <errorLink>
                    <controlPoints />
                    <showEndState>false</showEndState>
                    <showName>false</showName>
                </errorLink>
            </layoutData>
            <TWComponent>
                <lastModified isNull="true" />
                <lastModifiedBy isNull="true" />
                <scriptId>3011.26fe2b68-96c2-47e0-b1b5-7807e5d70d11</scriptId>
                <scriptTypeId>128</scriptTypeId>
                <isActive>true</isActive>
                <script>tw.local.sql
SELECT ca_guid
FROM lsw_ca_template_data 
WHERE id = ?</script>
                <isRule>false</isRule>
                <guid>guid:5a54f1704f1c1577:-6b56085f:12370558356:-7f99</guid>
                <versionId>c4bd522e-2b43-4b9b-8a82-04d32f9e8fe6</versionId>
            </TWComponent>
        </item>
        <item>
            <lastModified isNull="true" />
            <lastModifiedBy isNull="true" />
            <processItemId>2025.b77f48e8-941a-45ab-903d-8b7783974eb1</processItemId>
            <processId>1.7d03c736-e572-4622-b7f8-67105a55af6d</processId>
            <name>End</name>
            <tWComponentName>ExitPoint</tWComponentName>
            <tWComponentId>3008.962355f7-105f-4461-b5ef-ed9477ce9f2f</tWComponentId>
            <isLogEnabled>false</isLogEnabled>
            <isTraceEnabled>false</isTraceEnabled>
            <traceCategory isNull="true" />
            <traceLevel isNull="true" />
            <traceMessage isNull="true" />
            <traceSymbolTable isNull="true" />
            <isExecutionContextTraced>false</isExecutionContextTraced>
            <saveExecutionContext>true</saveExecutionContext>
            <documentation isNull="true" />
            <isErrorHandlerEnabled>false</isErrorHandlerEnabled>
            <errorHandlerItemId isNull="true" />
            <guid>guid:5a54f1704f1c1577:-6b56085f:12370558356:-7fa2</guid>
            <versionId>52ab2a08-9d79-4d6e-b77a-6efe47e7adfe</versionId>
            <externalServiceRef isNull="true" />
            <externalServiceOp isNull="true" />
            <nodeColor isNull="true" />
            <layoutData x="700" y="100">
                <errorLink>
                    <controlPoints />
                    <showEndState>false</showEndState>
                    <showName>false</showName>
                </errorLink>
            </layoutData>
            <TWComponent>
                <lastModified isNull="true" />
                <lastModifiedBy isNull="true" />
                <exitPointId>3008.962355f7-105f-4461-b5ef-ed9477ce9f2f</exitPointId>
                <haltProcess>false</haltProcess>
                <guid>guid:5a54f1704f1c1577:-6b56085f:12370558356:-7fa1</guid>
                <versionId>34409ffa-0f5d-46fe-9228-b05eb63d079f</versionId>
            </TWComponent>
        </item>
        <item>
            <lastModified isNull="true" />
            <lastModifiedBy isNull="true" />
            <processItemId>2025.b7585949-ef32-4893-85da-7f7d53b57db1</processItemId>
            <processId>1.7d03c736-e572-4622-b7f8-67105a55af6d</processId>
            <name>SQL Execute Statement (SQLResult)</name>
            <tWComponentName>SubProcess</tWComponentName>
            <tWComponentId>3012.618b6d32-2e00-43f3-bb19-eae6f6e93723</tWComponentId>
            <isLogEnabled>false</isLogEnabled>
            <isTraceEnabled>false</isTraceEnabled>
            <traceCategory isNull="true" />
            <traceLevel isNull="true" />
            <traceMessage isNull="true" />
            <traceSymbolTable isNull="true" />
            <isExecutionContextTraced>false</isExecutionContextTraced>
            <saveExecutionContext>false</saveExecutionContext>
            <documentation isNull="true" />
            <isErrorHandlerEnabled>false</isErrorHandlerEnabled>
            <errorHandlerItemId isNull="true" />
            <guid>guid:5a54f1704f1c1577:-6b56085f:12370558356:-7f92</guid>
            <versionId>80cfb5a9-54d1-493c-a80b-d2c3a38361c7</versionId>
            <externalServiceRef isNull="true" />
            <externalServiceOp isNull="true" />
            <nodeColor isNull="true" />
            <layoutData x="387" y="86">
                <errorLink>
                    <controlPoints />
                    <showEndState>false</showEndState>
                    <showName>false</showName>
                </errorLink>
            </layoutData>
            <TWComponent>
                <lastModified isNull="true" />
                <lastModifiedBy isNull="true" />
                <subProcessId>3012.618b6d32-2e00-43f3-bb19-eae6f6e93723</subProcessId>
                <attachedProcessRef>/1.4e480adb-5741-4f5e-aead-27b3654e9cd2</attachedProcessRef>
                <guid>guid:5a54f1704f1c1577:-6b56085f:12370558356:-7f91</guid>
                <versionId>b84c4a41-1f70-408a-b0cc-8d83cfd5714e</versionId>
                <parameterMapping name="sql">
                    <lastModified isNull="true" />
                    <lastModifiedBy isNull="true" />
                    <parameterMappingId>2054.aa05f1d0-9b0c-4688-80ea-3866adc1d98a</parameterMappingId>
                    <processParameterId>2055.25f5990f-9abf-4cf6-9101-497d43dee141</processParameterId>
                    <parameterMappingParentId>3012.618b6d32-2e00-43f3-bb19-eae6f6e93723</parameterMappingParentId>
                    <useDefault>false</useDefault>
                    <value>tw.local.sql</value>
                    <classRef>/12.db884a3c-c533-44b7-bb2d-47bec8ad4022</classRef>
                    <isList>false</isList>
                    <isInput>true</isInput>
                    <guid>guid:5a54f1704f1c1577:-6b56085f:12370558356:-7f90</guid>
                    <versionId>e7d2bfb2-d0e6-409b-9e3d-0753a1e5e837</versionId>
                    <description isNull="true" />
                </parameterMapping>
                <parameterMapping name="parameters">
                    <lastModified isNull="true" />
                    <lastModifiedBy isNull="true" />
                    <parameterMappingId>2054.4f60a139-e9ac-4340-9c7a-6a05efdddf5a</parameterMappingId>
                    <processParameterId>2055.8b844f2a-0a1f-4f12-b34b-e9fd5191dc43</processParameterId>
                    <parameterMappingParentId>3012.618b6d32-2e00-43f3-bb19-eae6f6e93723</parameterMappingParentId>
                    <useDefault>false</useDefault>
                    <value>tw.local.parameters</value>
                    <classRef>/12.f453f500-ca4e-4264-a371-72c1892e8b7c</classRef>
                    <isList>true</isList>
                    <isInput>true</isInput>
                    <guid>guid:5a54f1704f1c1577:-6b56085f:12370558356:-7f8f</guid>
                    <versionId>f70b7fa8-b302-46b7-ad20-56eec6233b9f</versionId>
                    <description isNull="true" />
                </parameterMapping>
                <parameterMapping name="results">
                    <lastModified isNull="true" />
                    <lastModifiedBy isNull="true" />
                    <parameterMappingId>2054.7d92ee9b-9121-4d07-be14-03979ac9601a</parameterMappingId>
                    <processParameterId>2055.976cdc78-9d8d-41d4-ae85-f6c9a50c6764</processParameterId>
                    <parameterMappingParentId>3012.618b6d32-2e00-43f3-bb19-eae6f6e93723</parameterMappingParentId>
                    <useDefault>false</useDefault>
                    <value>tw.local.results</value>
                    <classRef>/12.3b1e3757-a1f4-4c3f-bbb8-16fecd4d65c1</classRef>
                    <isList>true</isList>
                    <isInput>false</isInput>
                    <guid>guid:5a54f1704f1c1577:-6b56085f:12370558356:-7f8e</guid>
                    <versionId>f9d2cf49-8798-4692-9b97-fa27f2f52da8</versionId>
                    <description isNull="true" />
                </parameterMapping>
            </TWComponent>
        </item>
        <item>
            <lastModified isNull="true" />
            <lastModifiedBy isNull="true" />
            <processItemId>2025.5c795741-fdac-4aac-9376-110319538292</processItemId>
            <processId>1.7d03c736-e572-4622-b7f8-67105a55af6d</processId>
            <name>Extract Selected Conditional Activities</name>
            <tWComponentName>Script</tWComponentName>
            <tWComponentId>3011.efcad25a-5e55-4125-9a73-de9ba733ab8b</tWComponentId>
            <isLogEnabled>false</isLogEnabled>
            <isTraceEnabled>false</isTraceEnabled>
            <traceCategory isNull="true" />
            <traceLevel isNull="true" />
            <traceMessage isNull="true" />
            <traceSymbolTable isNull="true" />
            <isExecutionContextTraced>false</isExecutionContextTraced>
            <saveExecutionContext>false</saveExecutionContext>
            <documentation isNull="true" />
            <isErrorHandlerEnabled>false</isErrorHandlerEnabled>
            <errorHandlerItemId isNull="true" />
            <guid>guid:5a54f1704f1c1577:-6b56085f:12370558356:-7f8a</guid>
            <versionId>9002a0d1-eb3d-4396-a4a5-04a6f278981d</versionId>
            <externalServiceRef isNull="true" />
            <externalServiceOp isNull="true" />
            <nodeColor isNull="true" />
            <layoutData x="524" y="86">
                <errorLink>
                    <controlPoints />
                    <showEndState>false</showEndState>
                    <showName>false</showName>
                </errorLink>
            </layoutData>
            <TWComponent>
                <lastModified isNull="true" />
                <lastModifiedBy isNull="true" />
                <scriptId>3011.efcad25a-5e55-4125-9a73-de9ba733ab8b</scriptId>
                <scriptTypeId>2</scriptTypeId>
                <isActive>true</isActive>
                <script>tw.local.selectedConditionalActivities = new tw.object.listOf.String();
if(tw.local.results != null &amp;&amp; tw.local.results.listLength &gt; 0) {
  var result = tw.local.results[0];
  for(var i = 0; i &lt; result.rows.listLength; i++) {
    var row = result.rows[i];
    tw.local.selectedConditionalActivities[i] = row.data[0]; // ca_guid
  }
}
</script>
                <isRule>false</isRule>
                <guid>guid:5a54f1704f1c1577:-6b56085f:12370558356:-7f8b</guid>
                <versionId>3a6b481a-1f3c-4657-818d-d613a675e7df</versionId>
            </TWComponent>
        </item>
        <startingProcessItemId>2025.baf5ff3a-8c1b-4f5b-ad00-c3b6e558a9eb</startingProcessItemId>
        <errorHandlerItemId isNull="true" />
        <layoutData noConversion="true">
            <errorLink>
                <controlPoints />
                <showEndState>false</showEndState>
                <showName>false</showName>
            </errorLink>
        </layoutData>
        <startPoint>
            <layoutData x="20" y="100">
                <errorLink>
                    <controlPoints />
                    <showEndState>false</showEndState>
                    <showName>false</showName>
                </errorLink>
            </layoutData>
        </startPoint>
        <startLink>
            <fromPort locationId="rightCenter" portType="1" />
            <toPort locationId="leftCenter" portType="2" />
            <layoutData>
                <controlPoints />
                <showEndState>false</showEndState>
                <showName>false</showName>
            </layoutData>
        </startLink>
        <link name="Untitled">
            <lastModified isNull="true" />
            <lastModifiedBy isNull="true" />
            <processLinkId>2027.fab9f82a-cf4d-4080-ab04-4106998e21d5</processLinkId>
            <processId>1.7d03c736-e572-4622-b7f8-67105a55af6d</processId>
            <description isNull="true" />
            <fromProcessItemId>2025.2de22ff6-c2c4-4139-b014-f6b99ccc982f</fromProcessItemId>
            <endStateId>Out</endStateId>
            <toProcessItemId>2025.b7585949-ef32-4893-85da-7f7d53b57db1</toProcessItemId>
            <guid>guid:5a54f1704f1c1577:-6b56085f:12370558356:-7f88</guid>
            <versionId>3d723f2d-9364-484f-b3e3-07c6828579cb</versionId>
            <layoutData>
                <controlPoints />
                <showEndState>false</showEndState>
                <showName>false</showName>
            </layoutData>
            <fromItemPort locationId="rightCenter" portType="1" />
            <toItemPort locationId="leftCenter" portType="2" />
            <fromProcessItemId>2025.2de22ff6-c2c4-4139-b014-f6b99ccc982f</fromProcessItemId>
            <toProcessItemId>2025.b7585949-ef32-4893-85da-7f7d53b57db1</toProcessItemId>
        </link>
        <link name="Untitled">
            <lastModified isNull="true" />
            <lastModifiedBy isNull="true" />
            <processLinkId>2027.bfd2a178-8df7-4656-9629-fe944a1f3cd8</processLinkId>
            <processId>1.7d03c736-e572-4622-b7f8-67105a55af6d</processId>
            <description isNull="true" />
            <fromProcessItemId>2025.5c795741-fdac-4aac-9376-110319538292</fromProcessItemId>
            <endStateId>Out</endStateId>
            <toProcessItemId>2025.b77f48e8-941a-45ab-903d-8b7783974eb1</toProcessItemId>
            <guid>guid:5a54f1704f1c1577:-6b56085f:12370558356:-7f86</guid>
            <versionId>4e020368-028d-4b5c-982d-87f727473f1e</versionId>
            <layoutData>
                <controlPoints />
                <showEndState>false</showEndState>
                <showName>false</showName>
            </layoutData>
            <fromItemPort locationId="rightCenter" portType="1" />
            <toItemPort locationId="leftCenter" portType="2" />
            <fromProcessItemId>2025.5c795741-fdac-4aac-9376-110319538292</fromProcessItemId>
            <toProcessItemId>2025.b77f48e8-941a-45ab-903d-8b7783974eb1</toProcessItemId>
        </link>
        <link name="Untitled">
            <lastModified isNull="true" />
            <lastModifiedBy isNull="true" />
            <processLinkId>2027.06573bec-c557-456b-8df7-9bb47fb76d5f</processLinkId>
            <processId>1.7d03c736-e572-4622-b7f8-67105a55af6d</processId>
            <description isNull="true" />
            <fromProcessItemId>2025.b7585949-ef32-4893-85da-7f7d53b57db1</fromProcessItemId>
            <endStateId>guid:d7766b7587753602:16bdf27c:11586c10093:-7fe7</endStateId>
            <toProcessItemId>2025.5c795741-fdac-4aac-9376-110319538292</toProcessItemId>
            <guid>guid:5a54f1704f1c1577:-6b56085f:12370558356:-7f87</guid>
            <versionId>544575cb-f632-463f-b243-c6422dda14a4</versionId>
            <layoutData>
                <controlPoints />
                <showEndState>false</showEndState>
                <showName>false</showName>
            </layoutData>
            <fromItemPort locationId="rightCenter" portType="1" />
            <toItemPort locationId="leftCenter" portType="2" />
            <fromProcessItemId>2025.b7585949-ef32-4893-85da-7f7d53b57db1</fromProcessItemId>
            <toProcessItemId>2025.5c795741-fdac-4aac-9376-110319538292</toProcessItemId>
        </link>
        <link name="Untitled">
            <lastModified isNull="true" />
            <lastModifiedBy isNull="true" />
            <processLinkId>2027.2c9bc1db-e72f-4ddd-830a-d1ba6ca9832a</processLinkId>
            <processId>1.7d03c736-e572-4622-b7f8-67105a55af6d</processId>
            <description isNull="true" />
            <fromProcessItemId>2025.baf5ff3a-8c1b-4f5b-ad00-c3b6e558a9eb</fromProcessItemId>
            <endStateId>Out</endStateId>
            <toProcessItemId>2025.2de22ff6-c2c4-4139-b014-f6b99ccc982f</toProcessItemId>
            <guid>guid:5a54f1704f1c1577:-6b56085f:12370558356:-7f89</guid>
            <versionId>d5d1664f-02f0-4bbf-b73e-35f3d5d23043</versionId>
            <layoutData>
                <controlPoints />
                <showEndState>false</showEndState>
                <showName>false</showName>
            </layoutData>
            <fromItemPort locationId="rightCenter" portType="1" />
            <toItemPort locationId="leftCenter" portType="2" />
            <fromProcessItemId>2025.baf5ff3a-8c1b-4f5b-ad00-c3b6e558a9eb</fromProcessItemId>
            <toProcessItemId>2025.2de22ff6-c2c4-4139-b014-f6b99ccc982f</toProcessItemId>
        </link>
    </process>
</teamworks>

