<?xml version="1.0" encoding="UTF-8"?>
<teamworks>
    <process id="1.80984527-9435-4c21-ab8d-2d03020d1c88" name="Transform XML Document to Document using XSL Document">
        <lastModified>1361372673512</lastModified>
        <lastModifiedBy>Internal TW Admin user</lastModifiedBy>
        <processId>1.80984527-9435-4c21-ab8d-2d03020d1c88</processId>
        <image isNull="true" />
        <tabGroup isNull="true" />
        <startingProcessItemId>2025.eeb55c84-1b63-4fd1-a06a-8596feed01ce</startingProcessItemId>
        <isRootProcess>false</isRootProcess>
        <processType>4</processType>
        <isErrorHandlerEnabled>false</isErrorHandlerEnabled>
        <errorHandlerItemId isNull="true" />
        <isLoggingVariables>false</isLoggingVariables>
        <isTransactional>false</isTransactional>
        <processTimingLevel isNull="true" />
        <participantRef isNull="true" />
        <exposedType isNull="true" />
        <isTrackingEnabled>true</isTrackingEnabled>
        <xmlData isNull="true" />
        <cachingType>false</cachingType>
        <itemLabel isNull="true" />
        <cacheLength>43200</cacheLength>
        <mobileReady>false</mobileReady>
        <sboSyncEnabled>true</sboSyncEnabled>
        <externalId isNull="true" />
        <isSecured>false</isSecured>
        <isAjaxExposed>false</isAjaxExposed>
        <description>Transforms an XML DOM Document using the specified XSL DOM Document and returns the result as XML DOM Document. This connector also accepts parameters.</description>
        <guid>guid:ac70c5102155843b:-c98e6e4:123fff4ea56:-5b42</guid>
        <versionId>140d5bc7-7de5-4e2e-b362-9aa95e880815</versionId>
        <dependencySummary isNull="true" />
        <jsonData isNull="true" />
        <field1 isNull="true" />
        <field2 isNull="true" />
        <field3>0</field3>
        <field4 isNull="true" />
        <field5>false</field5>
        <clobField1 isNull="true" />
        <blobField1 isNull="true" />
        <processParameter name="xmlDocument">
            <lastModified isNull="true" />
            <lastModifiedBy isNull="true" />
            <processParameterId>2055.6ada6f3a-9659-4bc6-bf09-8e38b76678f6</processParameterId>
            <processId>1.80984527-9435-4c21-ab8d-2d03020d1c88</processId>
            <parameterType>1</parameterType>
            <isArrayOf>false</isArrayOf>
            <classId>/12.4715ae70-6fe9-4d51-a010-20ddb068bcdb</classId>
            <seq>1</seq>
            <hasDefault>false</hasDefault>
            <defaultValue isNull="true" />
            <isLocked>false</isLocked>
            <description>XML document to transform</description>
            <guid>guid:ac70c5102155843b:-c98e6e4:123fff4ea56:-5b40</guid>
            <versionId>2e31fffb-3de3-4ecd-919d-9a21f27d7a5f</versionId>
        </processParameter>
        <processParameter name="xslDocument">
            <lastModified isNull="true" />
            <lastModifiedBy isNull="true" />
            <processParameterId>2055.fbbc5f34-6f2c-433c-b3d6-e38600932890</processParameterId>
            <processId>1.80984527-9435-4c21-ab8d-2d03020d1c88</processId>
            <parameterType>1</parameterType>
            <isArrayOf>false</isArrayOf>
            <classId>/12.4715ae70-6fe9-4d51-a010-20ddb068bcdb</classId>
            <seq>2</seq>
            <hasDefault>false</hasDefault>
            <defaultValue isNull="true" />
            <isLocked>false</isLocked>
            <description>XSL document for transform</description>
            <guid>guid:ac70c5102155843b:-c98e6e4:123fff4ea56:-5b3e</guid>
            <versionId>ff1cfb48-9285-4db3-9b6c-a5d76db3d51a</versionId>
        </processParameter>
        <processParameter name="params">
            <lastModified isNull="true" />
            <lastModifiedBy isNull="true" />
            <processParameterId>2055.f9437381-1901-4165-b00e-df4eb036615b</processParameterId>
            <processId>1.80984527-9435-4c21-ab8d-2d03020d1c88</processId>
            <parameterType>1</parameterType>
            <isArrayOf>false</isArrayOf>
            <classId>/12.90c5b1d3-3fa1-4b3b-ab27-220b0652dc55</classId>
            <seq>3</seq>
            <hasDefault>true</hasDefault>
            <defaultValue isNull="true" />
            <isLocked>false</isLocked>
            <description>Parameters to be used during transformation.</description>
            <guid>guid:ac70c5102155843b:-c98e6e4:123fff4ea56:-5b3c</guid>
            <versionId>0fd73516-9ed5-4aac-b4c7-e1d51ca4a9ec</versionId>
        </processParameter>
        <processParameter name="results">
            <lastModified isNull="true" />
            <lastModifiedBy isNull="true" />
            <processParameterId>2055.b0030054-6344-4df0-9746-f0b565dea10d</processParameterId>
            <processId>1.80984527-9435-4c21-ab8d-2d03020d1c88</processId>
            <parameterType>2</parameterType>
            <isArrayOf>false</isArrayOf>
            <classId>/12.4715ae70-6fe9-4d51-a010-20ddb068bcdb</classId>
            <seq>4</seq>
            <hasDefault>false</hasDefault>
            <defaultValue isNull="true" />
            <isLocked>false</isLocked>
            <description isNull="true" />
            <guid>guid:ac70c5102155843b:-c98e6e4:123fff4ea56:-5b3a</guid>
            <versionId>edfcab95-2a36-4e62-8e65-4c2bc2072915</versionId>
        </processParameter>
        <item>
            <lastModified isNull="true" />
            <lastModifiedBy isNull="true" />
            <processItemId>2025.6a0fb4aa-be34-47ea-9fc2-bae5c6005be4</processItemId>
            <processId>1.80984527-9435-4c21-ab8d-2d03020d1c88</processId>
            <name>End</name>
            <tWComponentName>ExitPoint</tWComponentName>
            <tWComponentId>3008.252557a1-e59e-4d06-9c47-fb1ab7cc515e</tWComponentId>
            <isLogEnabled>false</isLogEnabled>
            <isTraceEnabled>false</isTraceEnabled>
            <traceCategory isNull="true" />
            <traceLevel isNull="true" />
            <traceMessage isNull="true" />
            <traceSymbolTable isNull="true" />
            <isExecutionContextTraced>false</isExecutionContextTraced>
            <saveExecutionContext>true</saveExecutionContext>
            <documentation isNull="true" />
            <isErrorHandlerEnabled>false</isErrorHandlerEnabled>
            <errorHandlerItemId isNull="true" />
            <guid>guid:ac70c5102155843b:-c98e6e4:123fff4ea56:-5b2e</guid>
            <versionId>b44921a0-8940-4623-a5b1-993fe9de60a8</versionId>
            <externalServiceRef isNull="true" />
            <externalServiceOp isNull="true" />
            <nodeColor isNull="true" />
            <layoutData x="301" y="100">
                <errorLink>
                    <controlPoints />
                    <showEndState>false</showEndState>
                    <showName>false</showName>
                </errorLink>
            </layoutData>
            <TWComponent>
                <lastModified isNull="true" />
                <lastModifiedBy isNull="true" />
                <exitPointId>3008.252557a1-e59e-4d06-9c47-fb1ab7cc515e</exitPointId>
                <haltProcess>false</haltProcess>
                <guid>guid:ac70c5102155843b:-c98e6e4:123fff4ea56:-5b31</guid>
                <versionId>e12be762-707d-4bb2-bb40-8ca908927b40</versionId>
            </TWComponent>
        </item>
        <item>
            <lastModified isNull="true" />
            <lastModifiedBy isNull="true" />
            <processItemId>2025.eeb55c84-1b63-4fd1-a06a-8596feed01ce</processItemId>
            <processId>1.80984527-9435-4c21-ab8d-2d03020d1c88</processId>
            <name>Transform XML</name>
            <tWComponentName>JavaConnector</tWComponentName>
            <tWComponentId>3022.4d16e2c9-f054-4874-8136-e068fc9009ca</tWComponentId>
            <isLogEnabled>false</isLogEnabled>
            <isTraceEnabled>false</isTraceEnabled>
            <traceCategory isNull="true" />
            <traceLevel isNull="true" />
            <traceMessage isNull="true" />
            <traceSymbolTable isNull="true" />
            <isExecutionContextTraced>false</isExecutionContextTraced>
            <saveExecutionContext>false</saveExecutionContext>
            <documentation isNull="true" />
            <isErrorHandlerEnabled>false</isErrorHandlerEnabled>
            <errorHandlerItemId isNull="true" />
            <guid>guid:ac70c5102155843b:-c98e6e4:123fff4ea56:-5b2f</guid>
            <versionId>b687d888-3a0e-465b-a0ee-a93bf3d3dac3</versionId>
            <externalServiceRef isNull="true" />
            <externalServiceOp isNull="true" />
            <nodeColor isNull="true" />
            <layoutData x="142" y="85">
                <errorLink>
                    <controlPoints />
                    <showEndState>false</showEndState>
                    <showName>false</showName>
                </errorLink>
            </layoutData>
            <TWComponent>
                <lastModified isNull="true" />
                <lastModifiedBy isNull="true" />
                <javaConnectorId>3022.4d16e2c9-f054-4874-8136-e068fc9009ca</javaConnectorId>
                <definition>&lt;connector&gt;
  &lt;javaClassName&gt;teamworks.XSLConnector&lt;/javaClassName&gt;
  &lt;isCompatible&gt;false&lt;/isCompatible&gt;
  &lt;methodName&gt;transformToXML&lt;/methodName&gt;
  &lt;inputRecord&gt;
    &lt;element type="org.jdom.Document" nativeType="org.jdom.Document" parameter="Parameter 0" argument="tw.local.xmlDocument" description="XML Document" /&gt;
    &lt;element type="org.jdom.Document" nativeType="org.jdom.Document" parameter="Parameter 1" argument="tw.local.xslDocument" description="XSL Document" /&gt;
    &lt;element type="java.util.HashMap" nativeType="java.util.HashMap" parameter="Parameter 2" argument="tw.local.params" description="Parameters" /&gt;
  &lt;/inputRecord&gt;
  &lt;outputRecord&gt;
    &lt;element type="org.jdom.Document" nativeType="org.jdom.Document" parameter="Return Value" argument="tw.local.results" description="" /&gt;
  &lt;/outputRecord&gt;
&lt;/connector&gt;</definition>
                <guid>guid:ac70c5102155843b:-c98e6e4:123fff4ea56:-5b36</guid>
                <versionId>efc53cfc-5c92-436b-96a1-e5a77fa78f7f</versionId>
            </TWComponent>
        </item>
        <startingProcessItemId>2025.eeb55c84-1b63-4fd1-a06a-8596feed01ce</startingProcessItemId>
        <errorHandlerItemId isNull="true" />
        <layoutData noConversion="true">
            <errorLink>
                <controlPoints />
                <showEndState>false</showEndState>
                <showName>false</showName>
            </errorLink>
        </layoutData>
        <startPoint>
            <layoutData x="20" y="100">
                <errorLink>
                    <controlPoints />
                    <showEndState>false</showEndState>
                    <showName>false</showName>
                </errorLink>
            </layoutData>
        </startPoint>
        <startLink>
            <fromPort locationId="rightCenter" portType="1" />
            <toPort locationId="leftCenter" portType="2" />
            <layoutData>
                <controlPoints />
                <showEndState>false</showEndState>
                <showName>false</showName>
            </layoutData>
        </startLink>
        <link name="Untitled">
            <lastModified isNull="true" />
            <lastModifiedBy isNull="true" />
            <processLinkId>2027.e5f30141-8344-4f64-89b4-9336b80b73cc</processLinkId>
            <processId>1.80984527-9435-4c21-ab8d-2d03020d1c88</processId>
            <description isNull="true" />
            <fromProcessItemId>2025.eeb55c84-1b63-4fd1-a06a-8596feed01ce</fromProcessItemId>
            <endStateId>Out</endStateId>
            <toProcessItemId>2025.6a0fb4aa-be34-47ea-9fc2-bae5c6005be4</toProcessItemId>
            <guid>guid:ac70c5102155843b:-c98e6e4:123fff4ea56:-5b2c</guid>
            <versionId>72113630-e4dd-4997-8ee3-0f0a50eb6657</versionId>
            <layoutData>
                <controlPoints />
                <showEndState>false</showEndState>
                <showName>false</showName>
            </layoutData>
            <fromItemPort locationId="rightCenter" portType="1" />
            <toItemPort locationId="leftCenter" portType="2" />
            <fromProcessItemId>2025.eeb55c84-1b63-4fd1-a06a-8596feed01ce</fromProcessItemId>
            <toProcessItemId>2025.6a0fb4aa-be34-47ea-9fc2-bae5c6005be4</toProcessItemId>
        </link>
    </process>
</teamworks>

