<?xml version="1.0" encoding="UTF-8"?>
<teamworks>
    <process id="1.875a82ab-6773-409c-b173-a430da2a3cad" name="SOAPMessageConnector">
        <lastModified>1469214671552</lastModified>
        <lastModifiedBy>tw_admin</lastModifiedBy>
        <processId>1.875a82ab-6773-409c-b173-a430da2a3cad</processId>
        <image isNull="true" />
        <tabGroup isNull="true" />
        <startingProcessItemId isNull="true" />
        <isRootProcess>false</isRootProcess>
        <processType>11</processType>
        <isErrorHandlerEnabled>false</isErrorHandlerEnabled>
        <errorHandlerItemId isNull="true" />
        <isLoggingVariables>false</isLoggingVariables>
        <isTransactional>false</isTransactional>
        <processTimingLevel isNull="true" />
        <participantRef isNull="true" />
        <exposedType isNull="true" />
        <isTrackingEnabled>true</isTrackingEnabled>
        <xmlData isNull="true" />
        <cachingType>false</cachingType>
        <itemLabel isNull="true" />
        <cacheLength isNull="true" />
        <mobileReady>false</mobileReady>
        <sboSyncEnabled>true</sboSyncEnabled>
        <externalId>{teamworks}_bfeb823b-2503-453f-9511-3a84c2921762</externalId>
        <isSecured>false</isSecured>
        <isAjaxExposed>false</isAjaxExposed>
        <description isNull="true" />
        <guid>guid:367ee477494e97ef:-7d75d2f1:15613495bba:-7b7d</guid>
        <versionId>7c859a4c-4d5e-44f0-a7b8-6f4b501c3514</versionId>
        <dependencySummary isNull="true" />
        <jsonData isNull="true" />
        <field1 isNull="true" />
        <field2 isNull="true" />
        <field3>0</field3>
        <field4 isNull="true" />
        <field5>false</field5>
        <clobField1 isNull="true" />
        <blobField1 isNull="true" />
        <item>
            <lastModified isNull="true" />
            <lastModifiedBy isNull="true" />
            <processItemId>2025.3e4d6b98-df7c-4916-babc-174f4740c36d</processItemId>
            <processId>1.875a82ab-6773-409c-b173-a430da2a3cad</processId>
            <name>End</name>
            <tWComponentName>ExitPoint</tWComponentName>
            <tWComponentId>3008.655e150b-d84a-4bc4-aae3-7820fc9f8b29</tWComponentId>
            <isLogEnabled>false</isLogEnabled>
            <isTraceEnabled>false</isTraceEnabled>
            <traceCategory isNull="true" />
            <traceLevel isNull="true" />
            <traceMessage isNull="true" />
            <traceSymbolTable isNull="true" />
            <isExecutionContextTraced>false</isExecutionContextTraced>
            <saveExecutionContext>true</saveExecutionContext>
            <documentation isNull="true" />
            <isErrorHandlerEnabled>false</isErrorHandlerEnabled>
            <errorHandlerItemId isNull="true" />
            <guid>guid:367ee477494e97ef:-7d75d2f1:15613495bba:-7b7c</guid>
            <versionId>0a9d2b7c-0664-46f6-adc4-92d4da925015</versionId>
            <externalServiceRef isNull="true" />
            <externalServiceOp isNull="true" />
            <nodeColor isNull="true" />
            <layoutData x="0" y="0">
                <errorLink>
                    <controlPoints />
                    <showEndState>false</showEndState>
                    <showName>false</showName>
                </errorLink>
            </layoutData>
            <TWComponent>
                <lastModified isNull="true" />
                <lastModifiedBy isNull="true" />
                <exitPointId>3008.655e150b-d84a-4bc4-aae3-7820fc9f8b29</exitPointId>
                <haltProcess>false</haltProcess>
                <guid>bcf24162-fa58-456e-87ac-8aac4353885d</guid>
                <versionId>8cd8ee5b-ab4f-4bed-a4bd-fd62f95aec7b</versionId>
            </TWComponent>
        </item>
        <startingProcessItemId isNull="true" />
        <errorHandlerItemId isNull="true" />
        <layoutData noConversion="true">
            <errorLink>
                <controlPoints />
                <showEndState>false</showEndState>
                <showName>false</showName>
            </errorLink>
        </layoutData>
        <startPoint>
            <layoutData x="0" y="0">
                <errorLink>
                    <controlPoints />
                    <showEndState>false</showEndState>
                    <showName>false</showName>
                </errorLink>
            </layoutData>
        </startPoint>
        <startLink>
            <fromPort locationId="rightCenter" portType="1" />
            <toPort locationId="rightCenter" portType="2" />
            <layoutData>
                <controlPoints />
                <showEndState>false</showEndState>
                <showName>false</showName>
            </layoutData>
        </startLink>
        <bpmn2Model>
            <ns13:definitions xmlns:ns13="http://www.omg.org/spec/BPMN/20100524/MODEL" xmlns:ns2="http://www.ibm.com/xmlns/prod/bpm/bpmn/ext/trackinggroup" xmlns:ns3="http://www.ibm.com/xmlns/prod/bpm/bpmn/ext/process" xmlns:ns4="http://www.ibm.com/xmlns/prod/bpm/bpmn/ext/process/wle" xmlns:ns5="http://www.ibm.com/xmlns/prod/bpm/bpmn/ext/process/case" xmlns:ns6="http://www.ibm.com/bpm/Extensions" xmlns:ns7="http://www.ibm.com/xmlns/prod/bpm/bpmn/ext/team" xmlns:ns8="http://www.ibm.com/xmlns/bpmnx/20100524/v1/BusinessVocabulary" xmlns:ns9="http://www.omg.org/spec/DD/20100524/DI" xmlns:ns10="http://www.omg.org/spec/DD/20100524/DC" xmlns:ns11="http://www.omg.org/spec/BPMN/20100524/BPMNDI" xmlns:ns12="http://www.ibm.com/xmlns/prod/bpm/graph" xmlns:ns14="http://www.ibm.com/xmlns/prod/bpm/bpmn/ext/extservice" xmlns:ns15="http://www.ibm.com/xmlns/prod/bpm/bpmn/ext/process/auth" xmlns:ns16="http://www.ibm.com/xmlns/links" xmlns:ns17="http://www.ibm.com/bpm/uitheme" xmlns:ns18="http://www.ibm.com/xmlns/tagging" id="_5568e39d-7d9c-43c2-b3ca-6940eeecba50" targetNamespace="teamworks" expressionLanguage="http://www.ibm.com/xmlns/prod/bpm/expression-lang/javascript">
                
                
                <ns13:interface name="SOAPMessageConnector" id="_eff292c5-3aad-46a7-8d69-2c529c1a3d29">
                    
                    
                    <ns13:documentation />
                    
                    
                    <ns13:operation name="callWebService" id="_a29e141f-b38a-4145-8987-a4dcd8986239">
                        
                        
                        <ns13:extensionElements>
                            
                            
                            <ns15:businessSignature>
                                
                                
                                <ns15:input id="_08b3fe67-ec21-46ac-90b3-992daa093f2e">
                                    
                                    
                                    <ns15:name>wsdlURL</ns15:name>
                                    
                                    
                                    <ns15:description>WSDL URL</ns15:description>
                                    
                                    
                                    <ns15:typeRef>{http://www.w3.org/2001/XMLSchema}string</ns15:typeRef>
                                    
                                    
                                    <ns15:typeRefPO>itm.12.db884a3c-c533-44b7-bb2d-47bec8ad4022</ns15:typeRefPO>
                                    
                                    
                                    <ns15:path>Parameter 1</ns15:path>
                                    
                                    
                                    <ns15:isCollection>false</ns15:isCollection>
                                    
                                
                                </ns15:input>
                                
                                
                                <ns15:input id="_6f66bef3-bcd5-4b2c-954a-aa3e10128f13">
                                    
                                    
                                    <ns15:name>serviceNamespace</ns15:name>
                                    
                                    
                                    <ns15:description>Service Namespace</ns15:description>
                                    
                                    
                                    <ns15:typeRef>{http://www.w3.org/2001/XMLSchema}string</ns15:typeRef>
                                    
                                    
                                    <ns15:typeRefPO>itm.12.db884a3c-c533-44b7-bb2d-47bec8ad4022</ns15:typeRefPO>
                                    
                                    
                                    <ns15:path>Parameter 2</ns15:path>
                                    
                                    
                                    <ns15:isCollection>false</ns15:isCollection>
                                    
                                
                                </ns15:input>
                                
                                
                                <ns15:input id="_163eb39c-dec8-4131-96ee-42ff37f8bf4c">
                                    
                                    
                                    <ns15:name>serviceName</ns15:name>
                                    
                                    
                                    <ns15:description>Service Name</ns15:description>
                                    
                                    
                                    <ns15:typeRef>{http://www.w3.org/2001/XMLSchema}string</ns15:typeRef>
                                    
                                    
                                    <ns15:typeRefPO>itm.12.db884a3c-c533-44b7-bb2d-47bec8ad4022</ns15:typeRefPO>
                                    
                                    
                                    <ns15:path>Parameter 3</ns15:path>
                                    
                                    
                                    <ns15:isCollection>false</ns15:isCollection>
                                    
                                
                                </ns15:input>
                                
                                
                                <ns15:input id="_cb13a5c1-e193-4f6e-9020-8f36dc48ff2d">
                                    
                                    
                                    <ns15:name>destinationAddress</ns15:name>
                                    
                                    
                                    <ns15:description>Destination Address</ns15:description>
                                    
                                    
                                    <ns15:typeRef>{http://www.w3.org/2001/XMLSchema}string</ns15:typeRef>
                                    
                                    
                                    <ns15:typeRefPO>itm.12.db884a3c-c533-44b7-bb2d-47bec8ad4022</ns15:typeRefPO>
                                    
                                    
                                    <ns15:path>Parameter 4</ns15:path>
                                    
                                    
                                    <ns15:isCollection>false</ns15:isCollection>
                                    
                                
                                </ns15:input>
                                
                                
                                <ns15:input id="_0d126617-0bf6-4ef8-b2b9-dedf8cab4a9d">
                                    
                                    
                                    <ns15:name>request</ns15:name>
                                    
                                    
                                    <ns15:description>Request</ns15:description>
                                    
                                    
                                    <ns15:typeRef>{http://www.w3.org/2001/XMLSchema}string</ns15:typeRef>
                                    
                                    
                                    <ns15:typeRefPO>itm.12.db884a3c-c533-44b7-bb2d-47bec8ad4022</ns15:typeRefPO>
                                    
                                    
                                    <ns15:path>Parameter 5</ns15:path>
                                    
                                    
                                    <ns15:isCollection>false</ns15:isCollection>
                                    
                                
                                </ns15:input>
                                
                                
                                <ns15:output id="_5e596efd-0fe5-420f-92eb-05520941c63a">
                                    
                                    
                                    <ns15:name>response</ns15:name>
                                    
                                    
                                    <ns15:description />
                                    
                                    
                                    <ns15:typeRef>{http://www.w3.org/2001/XMLSchema}string</ns15:typeRef>
                                    
                                    
                                    <ns15:typeRefPO>itm.12.db884a3c-c533-44b7-bb2d-47bec8ad4022</ns15:typeRefPO>
                                    
                                    
                                    <ns15:path>Return Value</ns15:path>
                                    
                                    
                                    <ns15:isCollection>false</ns15:isCollection>
                                    
                                
                                </ns15:output>
                                
                            
                            </ns15:businessSignature>
                            
                        
                        </ns13:extensionElements>
                        
                    
                    </ns13:operation>
                    
                    
                    <ns13:operation name="callWebService" id="_c662cfc0-b61f-4675-9a8a-49240a7218e0">
                        
                        
                        <ns13:extensionElements>
                            
                            
                            <ns15:businessSignature>
                                
                                
                                <ns15:input id="_8b38f4ee-ca20-4377-a981-e3e2d501a604">
                                    
                                    
                                    <ns15:name>wsdlURL</ns15:name>
                                    
                                    
                                    <ns15:description>WSDL URL</ns15:description>
                                    
                                    
                                    <ns15:typeRef>{http://www.w3.org/2001/XMLSchema}string</ns15:typeRef>
                                    
                                    
                                    <ns15:typeRefPO>itm.12.db884a3c-c533-44b7-bb2d-47bec8ad4022</ns15:typeRefPO>
                                    
                                    
                                    <ns15:path>Parameter 1</ns15:path>
                                    
                                    
                                    <ns15:isCollection>false</ns15:isCollection>
                                    
                                
                                </ns15:input>
                                
                                
                                <ns15:input id="_8d2b1422-0f21-4d96-b90f-5a5fb00970de">
                                    
                                    
                                    <ns15:name>serviceNamespace</ns15:name>
                                    
                                    
                                    <ns15:description>Service Namespace</ns15:description>
                                    
                                    
                                    <ns15:typeRef>{http://www.w3.org/2001/XMLSchema}string</ns15:typeRef>
                                    
                                    
                                    <ns15:typeRefPO>itm.12.db884a3c-c533-44b7-bb2d-47bec8ad4022</ns15:typeRefPO>
                                    
                                    
                                    <ns15:path>Parameter 2</ns15:path>
                                    
                                    
                                    <ns15:isCollection>false</ns15:isCollection>
                                    
                                
                                </ns15:input>
                                
                                
                                <ns15:input id="_3ca72b25-a253-462c-a69f-8afefdbf9722">
                                    
                                    
                                    <ns15:name>serviceName</ns15:name>
                                    
                                    
                                    <ns15:description>Service Name</ns15:description>
                                    
                                    
                                    <ns15:typeRef>{http://www.w3.org/2001/XMLSchema}string</ns15:typeRef>
                                    
                                    
                                    <ns15:typeRefPO>itm.12.db884a3c-c533-44b7-bb2d-47bec8ad4022</ns15:typeRefPO>
                                    
                                    
                                    <ns15:path>Parameter 3</ns15:path>
                                    
                                    
                                    <ns15:isCollection>false</ns15:isCollection>
                                    
                                
                                </ns15:input>
                                
                                
                                <ns15:input id="_1c0dce94-39d8-485c-a485-795f31222090">
                                    
                                    
                                    <ns15:name>destinationAddress</ns15:name>
                                    
                                    
                                    <ns15:description>Destination Address</ns15:description>
                                    
                                    
                                    <ns15:typeRef>{http://www.w3.org/2001/XMLSchema}string</ns15:typeRef>
                                    
                                    
                                    <ns15:typeRefPO>itm.12.db884a3c-c533-44b7-bb2d-47bec8ad4022</ns15:typeRefPO>
                                    
                                    
                                    <ns15:path>Parameter 4</ns15:path>
                                    
                                    
                                    <ns15:isCollection>false</ns15:isCollection>
                                    
                                
                                </ns15:input>
                                
                                
                                <ns15:input id="_1dac557f-7311-411f-91ad-85e7699f3c00">
                                    
                                    
                                    <ns15:name>request</ns15:name>
                                    
                                    
                                    <ns15:description>Request</ns15:description>
                                    
                                    
                                    <ns15:typeRef>{http://www.w3.org/2001/XMLSchema}string</ns15:typeRef>
                                    
                                    
                                    <ns15:typeRefPO>itm.12.db884a3c-c533-44b7-bb2d-47bec8ad4022</ns15:typeRefPO>
                                    
                                    
                                    <ns15:path>Parameter 5</ns15:path>
                                    
                                    
                                    <ns15:isCollection>false</ns15:isCollection>
                                    
                                
                                </ns15:input>
                                
                                
                                <ns15:input id="_803bf07b-87b3-4d89-a532-79f3f15df69c">
                                    
                                    
                                    <ns15:name>soapAction</ns15:name>
                                    
                                    
                                    <ns15:description>Soap Action</ns15:description>
                                    
                                    
                                    <ns15:typeRef>{http://www.w3.org/2001/XMLSchema}string</ns15:typeRef>
                                    
                                    
                                    <ns15:typeRefPO>itm.12.db884a3c-c533-44b7-bb2d-47bec8ad4022</ns15:typeRefPO>
                                    
                                    
                                    <ns15:path>Parameter 6</ns15:path>
                                    
                                    
                                    <ns15:isCollection>false</ns15:isCollection>
                                    
                                
                                </ns15:input>
                                
                                
                                <ns15:input id="_602c882c-e5ee-4311-b23d-d72d73c1b4f3">
                                    
                                    
                                    <ns15:name>username</ns15:name>
                                    
                                    
                                    <ns15:description>Username</ns15:description>
                                    
                                    
                                    <ns15:typeRef>{http://www.w3.org/2001/XMLSchema}string</ns15:typeRef>
                                    
                                    
                                    <ns15:typeRefPO>itm.12.db884a3c-c533-44b7-bb2d-47bec8ad4022</ns15:typeRefPO>
                                    
                                    
                                    <ns15:path>Parameter 7</ns15:path>
                                    
                                    
                                    <ns15:isCollection>false</ns15:isCollection>
                                    
                                
                                </ns15:input>
                                
                                
                                <ns15:input id="_b1f3a523-e36f-431d-8371-1c083effb978">
                                    
                                    
                                    <ns15:name>password</ns15:name>
                                    
                                    
                                    <ns15:description>Password</ns15:description>
                                    
                                    
                                    <ns15:typeRef>{http://www.w3.org/2001/XMLSchema}string</ns15:typeRef>
                                    
                                    
                                    <ns15:typeRefPO>itm.12.db884a3c-c533-44b7-bb2d-47bec8ad4022</ns15:typeRefPO>
                                    
                                    
                                    <ns15:path>Parameter 8</ns15:path>
                                    
                                    
                                    <ns15:isCollection>false</ns15:isCollection>
                                    
                                
                                </ns15:input>
                                
                                
                                <ns15:output id="_f54e9153-57bf-459a-ae88-b41a93bae415">
                                    
                                    
                                    <ns15:name>response</ns15:name>
                                    
                                    
                                    <ns15:description />
                                    
                                    
                                    <ns15:typeRef>{http://www.w3.org/2001/XMLSchema}string</ns15:typeRef>
                                    
                                    
                                    <ns15:typeRefPO>itm.12.db884a3c-c533-44b7-bb2d-47bec8ad4022</ns15:typeRefPO>
                                    
                                    
                                    <ns15:path>Return Value</ns15:path>
                                    
                                    
                                    <ns15:isCollection>false</ns15:isCollection>
                                    
                                
                                </ns15:output>
                                
                            
                            </ns15:businessSignature>
                            
                        
                        </ns13:extensionElements>
                        
                    
                    </ns13:operation>
                    
                    
                    <ns13:operation name="callWebService" id="_ad6998a5-18db-4848-892e-edee60b51eb8">
                        
                        
                        <ns13:extensionElements>
                            
                            
                            <ns15:businessSignature>
                                
                                
                                <ns15:input id="_9a04a6cc-90c9-4171-9a51-e3f1c4cc49b1">
                                    
                                    
                                    <ns15:name>wsdlURL</ns15:name>
                                    
                                    
                                    <ns15:description>WSDL URL</ns15:description>
                                    
                                    
                                    <ns15:typeRef>{http://www.w3.org/2001/XMLSchema}string</ns15:typeRef>
                                    
                                    
                                    <ns15:typeRefPO>itm.12.db884a3c-c533-44b7-bb2d-47bec8ad4022</ns15:typeRefPO>
                                    
                                    
                                    <ns15:path>Parameter 1</ns15:path>
                                    
                                    
                                    <ns15:isCollection>false</ns15:isCollection>
                                    
                                
                                </ns15:input>
                                
                                
                                <ns15:input id="_c4efa10a-b528-4bca-a969-e6510298ab8c">
                                    
                                    
                                    <ns15:name>serviceNamespace</ns15:name>
                                    
                                    
                                    <ns15:description>Service Namespace</ns15:description>
                                    
                                    
                                    <ns15:typeRef>{http://www.w3.org/2001/XMLSchema}string</ns15:typeRef>
                                    
                                    
                                    <ns15:typeRefPO>itm.12.db884a3c-c533-44b7-bb2d-47bec8ad4022</ns15:typeRefPO>
                                    
                                    
                                    <ns15:path>Parameter 2</ns15:path>
                                    
                                    
                                    <ns15:isCollection>false</ns15:isCollection>
                                    
                                
                                </ns15:input>
                                
                                
                                <ns15:input id="_2486618b-d6a4-4b5e-9d3c-dcc1cfccffaf">
                                    
                                    
                                    <ns15:name>serviceName</ns15:name>
                                    
                                    
                                    <ns15:description>Service Name</ns15:description>
                                    
                                    
                                    <ns15:typeRef>{http://www.w3.org/2001/XMLSchema}string</ns15:typeRef>
                                    
                                    
                                    <ns15:typeRefPO>itm.12.db884a3c-c533-44b7-bb2d-47bec8ad4022</ns15:typeRefPO>
                                    
                                    
                                    <ns15:path>Parameter 3</ns15:path>
                                    
                                    
                                    <ns15:isCollection>false</ns15:isCollection>
                                    
                                
                                </ns15:input>
                                
                                
                                <ns15:input id="_5b374063-b435-47db-9650-cd7b22fb1dfc">
                                    
                                    
                                    <ns15:name>destinationAddress</ns15:name>
                                    
                                    
                                    <ns15:description>Destination Address</ns15:description>
                                    
                                    
                                    <ns15:typeRef>{http://www.w3.org/2001/XMLSchema}string</ns15:typeRef>
                                    
                                    
                                    <ns15:typeRefPO>itm.12.db884a3c-c533-44b7-bb2d-47bec8ad4022</ns15:typeRefPO>
                                    
                                    
                                    <ns15:path>Parameter 4</ns15:path>
                                    
                                    
                                    <ns15:isCollection>false</ns15:isCollection>
                                    
                                
                                </ns15:input>
                                
                                
                                <ns15:input id="_c675ac1f-f305-4040-9bd0-8b61498dce46">
                                    
                                    
                                    <ns15:name>request</ns15:name>
                                    
                                    
                                    <ns15:description>Request</ns15:description>
                                    
                                    
                                    <ns15:typeRef>{http://www.w3.org/2001/XMLSchema}string</ns15:typeRef>
                                    
                                    
                                    <ns15:typeRefPO>itm.12.db884a3c-c533-44b7-bb2d-47bec8ad4022</ns15:typeRefPO>
                                    
                                    
                                    <ns15:path>Parameter 5</ns15:path>
                                    
                                    
                                    <ns15:isCollection>false</ns15:isCollection>
                                    
                                
                                </ns15:input>
                                
                                
                                <ns15:input id="_25591d33-2553-4a44-ae1a-faecb9bea2cd">
                                    
                                    
                                    <ns15:name>soapAction</ns15:name>
                                    
                                    
                                    <ns15:description>Soap Action</ns15:description>
                                    
                                    
                                    <ns15:typeRef>{http://www.w3.org/2001/XMLSchema}string</ns15:typeRef>
                                    
                                    
                                    <ns15:typeRefPO>itm.12.db884a3c-c533-44b7-bb2d-47bec8ad4022</ns15:typeRefPO>
                                    
                                    
                                    <ns15:path>Parameter 6</ns15:path>
                                    
                                    
                                    <ns15:isCollection>false</ns15:isCollection>
                                    
                                
                                </ns15:input>
                                
                                
                                <ns15:output id="_25eacb6a-f96d-43eb-bbc5-771ea59ca462">
                                    
                                    
                                    <ns15:name>response</ns15:name>
                                    
                                    
                                    <ns15:description />
                                    
                                    
                                    <ns15:typeRef>{http://www.w3.org/2001/XMLSchema}string</ns15:typeRef>
                                    
                                    
                                    <ns15:typeRefPO>itm.12.db884a3c-c533-44b7-bb2d-47bec8ad4022</ns15:typeRefPO>
                                    
                                    
                                    <ns15:path>Return Value</ns15:path>
                                    
                                    
                                    <ns15:isCollection>false</ns15:isCollection>
                                    
                                
                                </ns15:output>
                                
                            
                            </ns15:businessSignature>
                            
                        
                        </ns13:extensionElements>
                        
                    
                    </ns13:operation>
                    
                
                </ns13:interface>
                
                
                <ns13:endPoint>
                    
                    
                    <ns13:extensionElements>
                        
                        
                        <ns14:externalService interfaceRef="_eff292c5-3aad-46a7-8d69-2c529c1a3d29" name="SOAPMessageConnector" id="_bfeb823b-2503-453f-9511-3a84c2921762">
                            
                            
                            <ns14:javaBinding className="teamworks.SOAPMessageConnector">
                                
                                
                                <ns14:methodBindings name="callWebService">
                                    
                                    
                                    <ns14:inputParameter name="wsdlURL" type="java.lang.String" />
                                    
                                    
                                    <ns14:inputParameter name="serviceNamespace" type="java.lang.String" />
                                    
                                    
                                    <ns14:inputParameter name="serviceName" type="java.lang.String" />
                                    
                                    
                                    <ns14:inputParameter name="destinationAddress" type="java.lang.String" />
                                    
                                    
                                    <ns14:inputParameter name="request" type="java.lang.String" />
                                    
                                    
                                    <ns14:outputParameter name="response" type="java.lang.String" />
                                    
                                
                                </ns14:methodBindings>
                                
                                
                                <ns14:methodBindings name="callWebService">
                                    
                                    
                                    <ns14:inputParameter name="wsdlURL" type="java.lang.String" />
                                    
                                    
                                    <ns14:inputParameter name="serviceNamespace" type="java.lang.String" />
                                    
                                    
                                    <ns14:inputParameter name="serviceName" type="java.lang.String" />
                                    
                                    
                                    <ns14:inputParameter name="destinationAddress" type="java.lang.String" />
                                    
                                    
                                    <ns14:inputParameter name="request" type="java.lang.String" />
                                    
                                    
                                    <ns14:inputParameter name="soapAction" type="java.lang.String" />
                                    
                                    
                                    <ns14:inputParameter name="username" type="java.lang.String" />
                                    
                                    
                                    <ns14:inputParameter name="password" type="java.lang.String" />
                                    
                                    
                                    <ns14:outputParameter name="response" type="java.lang.String" />
                                    
                                
                                </ns14:methodBindings>
                                
                                
                                <ns14:methodBindings name="callWebService">
                                    
                                    
                                    <ns14:inputParameter name="wsdlURL" type="java.lang.String" />
                                    
                                    
                                    <ns14:inputParameter name="serviceNamespace" type="java.lang.String" />
                                    
                                    
                                    <ns14:inputParameter name="serviceName" type="java.lang.String" />
                                    
                                    
                                    <ns14:inputParameter name="destinationAddress" type="java.lang.String" />
                                    
                                    
                                    <ns14:inputParameter name="request" type="java.lang.String" />
                                    
                                    
                                    <ns14:inputParameter name="soapAction" type="java.lang.String" />
                                    
                                    
                                    <ns14:outputParameter name="response" type="java.lang.String" />
                                    
                                
                                </ns14:methodBindings>
                                
                                
                                <ns14:endpoints>
                                    
                                    
                                    <ns14:jarFileRef>61.21055fe7-1372-40e0-bb0e-b887403bb7d1</ns14:jarFileRef>
                                    
                                
                                </ns14:endpoints>
                                
                            
                            </ns14:javaBinding>
                            
                        
                        </ns14:externalService>
                        
                    
                    </ns13:extensionElements>
                    
                
                </ns13:endPoint>
                
            
            </ns13:definitions>
        </bpmn2Model>
    </process>
</teamworks>

