<?xml version="1.0" encoding="UTF-8"?>
<teamworks>
    <process id="1.9139023c-2d6d-4809-becb-b10a64f45dce" name="Send email via SMTP">
        <lastModified>1361372673512</lastModified>
        <lastModifiedBy>Internal TW Admin user</lastModifiedBy>
        <processId>1.9139023c-2d6d-4809-becb-b10a64f45dce</processId>
        <image isNull="true" />
        <tabGroup isNull="true" />
        <startingProcessItemId>2025.462607ad-b573-447a-bcb1-f63632aaae58</startingProcessItemId>
        <isRootProcess>false</isRootProcess>
        <processType>4</processType>
        <isErrorHandlerEnabled>false</isErrorHandlerEnabled>
        <errorHandlerItemId isNull="true" />
        <isLoggingVariables>false</isLoggingVariables>
        <isTransactional>false</isTransactional>
        <processTimingLevel isNull="true" />
        <participantRef isNull="true" />
        <exposedType isNull="true" />
        <isTrackingEnabled>true</isTrackingEnabled>
        <xmlData isNull="true" />
        <cachingType>false</cachingType>
        <itemLabel isNull="true" />
        <cacheLength>43200</cacheLength>
        <mobileReady>false</mobileReady>
        <sboSyncEnabled>true</sboSyncEnabled>
        <externalId isNull="true" />
        <isSecured>false</isSecured>
        <isAjaxExposed>false</isAjaxExposed>
        <description>Creates email in the client's SMTP compliant email server.</description>
        <guid>guid:6d7d6833d25d646c:143c423:11226a15f86:-7da0</guid>
        <versionId>ff67b7a8-7d56-4484-b4b8-8d3781d88930</versionId>
        <dependencySummary isNull="true" />
        <jsonData isNull="true" />
        <field1 isNull="true" />
        <field2 isNull="true" />
        <field3>0</field3>
        <field4 isNull="true" />
        <field5>false</field5>
        <clobField1 isNull="true" />
        <blobField1 isNull="true" />
        <processParameter name="smtpHost">
            <lastModified isNull="true" />
            <lastModifiedBy isNull="true" />
            <processParameterId>2055.d36b25d4-f4e6-4938-bfbb-2b3fd4335d85</processParameterId>
            <processId>1.9139023c-2d6d-4809-becb-b10a64f45dce</processId>
            <parameterType>1</parameterType>
            <isArrayOf>false</isArrayOf>
            <classId>/12.db884a3c-c533-44b7-bb2d-47bec8ad4022</classId>
            <seq>1</seq>
            <hasDefault>false</hasDefault>
            <defaultValue isNull="true" />
            <isLocked>false</isLocked>
            <description>Name of SMTP mail server</description>
            <guid>guid:197d4ddc90fc5427:-1c619ffe:11def1582ed:-7af6</guid>
            <versionId>8537809b-b6da-4e8b-8876-15774118490e</versionId>
        </processParameter>
        <processParameter name="to">
            <lastModified isNull="true" />
            <lastModifiedBy isNull="true" />
            <processParameterId>2055.5daf4c0c-975e-4110-90bf-2a5968903b20</processParameterId>
            <processId>1.9139023c-2d6d-4809-becb-b10a64f45dce</processId>
            <parameterType>1</parameterType>
            <isArrayOf>false</isArrayOf>
            <classId>/12.db884a3c-c533-44b7-bb2d-47bec8ad4022</classId>
            <seq>2</seq>
            <hasDefault>false</hasDefault>
            <defaultValue isNull="true" />
            <isLocked>false</isLocked>
            <description>Email address(es) of recipient(s), comma separated</description>
            <guid>guid:197d4ddc90fc5427:-1c619ffe:11def1582ed:-7af4</guid>
            <versionId>6d1afbfd-010e-4dfb-905e-4ebea14ad079</versionId>
        </processParameter>
        <processParameter name="from">
            <lastModified isNull="true" />
            <lastModifiedBy isNull="true" />
            <processParameterId>2055.3d2c8c31-083e-4668-832c-c59482ee1a19</processParameterId>
            <processId>1.9139023c-2d6d-4809-becb-b10a64f45dce</processId>
            <parameterType>1</parameterType>
            <isArrayOf>false</isArrayOf>
            <classId>/12.db884a3c-c533-44b7-bb2d-47bec8ad4022</classId>
            <seq>3</seq>
            <hasDefault>false</hasDefault>
            <defaultValue isNull="true" />
            <isLocked>false</isLocked>
            <description>Email address of sender</description>
            <guid>guid:197d4ddc90fc5427:-1c619ffe:11def1582ed:-7af2</guid>
            <versionId>09051fab-da1a-410f-ba0f-ffcf07fe5c15</versionId>
        </processParameter>
        <processParameter name="subject">
            <lastModified isNull="true" />
            <lastModifiedBy isNull="true" />
            <processParameterId>2055.5fadfc5c-39cc-4dd1-96b4-b051273d4b32</processParameterId>
            <processId>1.9139023c-2d6d-4809-becb-b10a64f45dce</processId>
            <parameterType>1</parameterType>
            <isArrayOf>false</isArrayOf>
            <classId>/12.db884a3c-c533-44b7-bb2d-47bec8ad4022</classId>
            <seq>4</seq>
            <hasDefault>false</hasDefault>
            <defaultValue isNull="true" />
            <isLocked>false</isLocked>
            <description>Subject of the email message</description>
            <guid>guid:197d4ddc90fc5427:-1c619ffe:11def1582ed:-7af0</guid>
            <versionId>e1d5809d-a13d-435d-8a72-311073edcd08</versionId>
        </processParameter>
        <processParameter name="messageText">
            <lastModified isNull="true" />
            <lastModifiedBy isNull="true" />
            <processParameterId>2055.b8da176e-8ecf-4b15-ab8f-23984776059e</processParameterId>
            <processId>1.9139023c-2d6d-4809-becb-b10a64f45dce</processId>
            <parameterType>1</parameterType>
            <isArrayOf>false</isArrayOf>
            <classId>/12.db884a3c-c533-44b7-bb2d-47bec8ad4022</classId>
            <seq>5</seq>
            <hasDefault>false</hasDefault>
            <defaultValue isNull="true" />
            <isLocked>false</isLocked>
            <description>Text to appear in the body of the email message</description>
            <guid>guid:197d4ddc90fc5427:-1c619ffe:11def1582ed:-7aee</guid>
            <versionId>38b27627-5e58-4f7c-a4ba-e461ffa3aa64</versionId>
        </processParameter>
        <processParameter name="contentType">
            <lastModified isNull="true" />
            <lastModifiedBy isNull="true" />
            <processParameterId>2055.9ded0b56-4df9-430a-9241-0ab36e00741c</processParameterId>
            <processId>1.9139023c-2d6d-4809-becb-b10a64f45dce</processId>
            <parameterType>1</parameterType>
            <isArrayOf>false</isArrayOf>
            <classId>/12.db884a3c-c533-44b7-bb2d-47bec8ad4022</classId>
            <seq>6</seq>
            <hasDefault>true</hasDefault>
            <defaultValue>"text/plain"</defaultValue>
            <isLocked>false</isLocked>
            <description>MIME type of the email content.

Common values include "text/plain" and "text/html"
</description>
            <guid>guid:197d4ddc90fc5427:-1c619ffe:11def1582ed:-7aec</guid>
            <versionId>1cc7e050-b7ee-47ee-b258-bfc90a372f13</versionId>
        </processParameter>
        <processParameter name="replyTo">
            <lastModified isNull="true" />
            <lastModifiedBy isNull="true" />
            <processParameterId>2055.0073bba2-48c9-42b5-a581-d8dfc3f37dc1</processParameterId>
            <processId>1.9139023c-2d6d-4809-becb-b10a64f45dce</processId>
            <parameterType>1</parameterType>
            <isArrayOf>false</isArrayOf>
            <classId>/12.db884a3c-c533-44b7-bb2d-47bec8ad4022</classId>
            <seq>7</seq>
            <hasDefault>true</hasDefault>
            <defaultValue>null</defaultValue>
            <isLocked>false</isLocked>
            <description>Email address to specify an alternate Email address instead of the address</description>
            <guid>guid:197d4ddc90fc5427:-1c619ffe:11def1582ed:-7aea</guid>
            <versionId>0548c0c2-4387-4518-9d7d-6c00113ca24b</versionId>
        </processParameter>
        <processParameter name="cc">
            <lastModified isNull="true" />
            <lastModifiedBy isNull="true" />
            <processParameterId>2055.2724b942-ea01-4acf-aabc-391eb18c2770</processParameterId>
            <processId>1.9139023c-2d6d-4809-becb-b10a64f45dce</processId>
            <parameterType>1</parameterType>
            <isArrayOf>false</isArrayOf>
            <classId>/12.db884a3c-c533-44b7-bb2d-47bec8ad4022</classId>
            <seq>8</seq>
            <hasDefault>true</hasDefault>
            <defaultValue>null</defaultValue>
            <isLocked>false</isLocked>
            <description>Email address(es) of other recipients, comma separated</description>
            <guid>guid:197d4ddc90fc5427:-1c619ffe:11def1582ed:-7ae8</guid>
            <versionId>76d9bafa-ec0e-4dfc-b735-9f8e168058d2</versionId>
        </processParameter>
        <processParameter name="bcc">
            <lastModified isNull="true" />
            <lastModifiedBy isNull="true" />
            <processParameterId>2055.c899c0dd-0733-4c1f-8fb1-3bfc234ba5e4</processParameterId>
            <processId>1.9139023c-2d6d-4809-becb-b10a64f45dce</processId>
            <parameterType>1</parameterType>
            <isArrayOf>false</isArrayOf>
            <classId>/12.db884a3c-c533-44b7-bb2d-47bec8ad4022</classId>
            <seq>9</seq>
            <hasDefault>true</hasDefault>
            <defaultValue>null</defaultValue>
            <isLocked>false</isLocked>
            <description>Blind email address(es) of other recipients, comma separated </description>
            <guid>guid:197d4ddc90fc5427:-1c619ffe:11def1582ed:-7ae6</guid>
            <versionId>999143a1-aa94-41f8-bfc7-f2140a20acac</versionId>
        </processParameter>
        <processParameter name="importance">
            <lastModified isNull="true" />
            <lastModifiedBy isNull="true" />
            <processParameterId>2055.cfd54346-7a28-4a4e-88bd-e79e63c28c08</processParameterId>
            <processId>1.9139023c-2d6d-4809-becb-b10a64f45dce</processId>
            <parameterType>1</parameterType>
            <isArrayOf>false</isArrayOf>
            <classId>/12.db884a3c-c533-44b7-bb2d-47bec8ad4022</classId>
            <seq>10</seq>
            <hasDefault>true</hasDefault>
            <defaultValue>null</defaultValue>
            <isLocked>false</isLocked>
            <description isNull="true" />
            <guid>guid:197d4ddc90fc5427:-1c619ffe:11def1582ed:-7ae4</guid>
            <versionId>8ba337b7-e569-4392-9560-c76478756142</versionId>
        </processParameter>
        <processParameter name="attachmentFileNames">
            <lastModified isNull="true" />
            <lastModifiedBy isNull="true" />
            <processParameterId>2055.65d24aa0-b699-4d77-bb5a-49c91876a45f</processParameterId>
            <processId>1.9139023c-2d6d-4809-becb-b10a64f45dce</processId>
            <parameterType>1</parameterType>
            <isArrayOf>false</isArrayOf>
            <classId>/12.db884a3c-c533-44b7-bb2d-47bec8ad4022</classId>
            <seq>11</seq>
            <hasDefault>true</hasDefault>
            <defaultValue>null</defaultValue>
            <isLocked>false</isLocked>
            <description>File names to be attached to email, comma separated</description>
            <guid>guid:197d4ddc90fc5427:-1c619ffe:11def1582ed:-7ae2</guid>
            <versionId>17315fb2-22ad-401f-83d3-07aa268736ac</versionId>
        </processParameter>
        <item>
            <lastModified isNull="true" />
            <lastModifiedBy isNull="true" />
            <processItemId>2025.462607ad-b573-447a-bcb1-f63632aaae58</processItemId>
            <processId>1.9139023c-2d6d-4809-becb-b10a64f45dce</processId>
            <name>Send Mail</name>
            <tWComponentName>JavaConnector</tWComponentName>
            <tWComponentId>3022.b24b49c4-a14e-4716-8400-2cbb84b13477</tWComponentId>
            <isLogEnabled>false</isLogEnabled>
            <isTraceEnabled>false</isTraceEnabled>
            <traceCategory isNull="true" />
            <traceLevel isNull="true" />
            <traceMessage isNull="true" />
            <traceSymbolTable isNull="true" />
            <isExecutionContextTraced>false</isExecutionContextTraced>
            <saveExecutionContext>false</saveExecutionContext>
            <documentation isNull="true" />
            <isErrorHandlerEnabled>false</isErrorHandlerEnabled>
            <errorHandlerItemId isNull="true" />
            <guid>guid:12be50909032b80c:259c1e88:11f3dbc44be:-7f9d</guid>
            <versionId>5e889b3b-5ae8-4fa7-9785-1b2a168898de</versionId>
            <externalServiceRef isNull="true" />
            <externalServiceOp isNull="true" />
            <nodeColor isNull="true" />
            <layoutData x="151" y="85">
                <errorLink>
                    <controlPoints />
                    <showEndState>false</showEndState>
                    <showName>false</showName>
                </errorLink>
            </layoutData>
            <TWComponent>
                <lastModified isNull="true" />
                <lastModifiedBy isNull="true" />
                <javaConnectorId>3022.b24b49c4-a14e-4716-8400-2cbb84b13477</javaConnectorId>
                <definition>&lt;connector&gt;
  &lt;javaClassName&gt;teamworks.Mail&lt;/javaClassName&gt;
  &lt;methodName&gt;sendMessage&lt;/methodName&gt;
  &lt;inputRecord&gt;
    &lt;element type="java.lang.String" nativeType="java.lang.String" parameter="Parameter 0" argument="tw.local.smtpHost" description="*SMTP Server (IP Address or hostname)" /&gt;
    &lt;element type="java.lang.String" nativeType="java.lang.String" parameter="Parameter 1" argument="tw.local.to" description="*To" /&gt;
    &lt;element type="java.lang.String" nativeType="java.lang.String" parameter="Parameter 2" argument="tw.local.from" description="*From" /&gt;
    &lt;element type="java.lang.String" nativeType="java.lang.String" parameter="Parameter 3" argument="tw.local.replyTo" description="Reply To" /&gt;
    &lt;element type="java.lang.String" nativeType="java.lang.String" parameter="Parameter 4" argument="tw.local.cc" description="Cc" /&gt;
    &lt;element type="java.lang.String" nativeType="java.lang.String" parameter="Parameter 5" argument="tw.local.bcc" description="Bcc" /&gt;
    &lt;element type="java.lang.String" nativeType="java.lang.String" parameter="Parameter 6" argument="tw.local.subject" description="*Subject" /&gt;
    &lt;element type="java.lang.String" nativeType="java.lang.String" parameter="Parameter 7" argument="tw.local.contentType" description="*Content MIME Type (text/plain or text/html)" /&gt;
    &lt;element type="java.lang.String" nativeType="java.lang.String" parameter="Parameter 8" argument="tw.local.messageText" description="*Body" /&gt;
    &lt;element type="java.lang.String" nativeType="java.lang.String" parameter="Parameter 9" argument="tw.local.importance" description="Importance (high, normal, low)" /&gt;
    &lt;element type="java.lang.String" nativeType="java.lang.String" parameter="Parameter 10" argument="tw.local.attachmentFileNames" description="Attachment File Names" /&gt;
  &lt;/inputRecord&gt;
  &lt;outputRecord&gt;
    &lt;element type="java.lang.Void" nativeType="void" parameter="Return Value" argument="" description="" /&gt;
  &lt;/outputRecord&gt;
&lt;/connector&gt;</definition>
                <guid>guid:12be50909032b80c:259c1e88:11f3dbc44be:-7f9e</guid>
                <versionId>cfeb358d-c994-4d75-aca1-8098d0b27c34</versionId>
            </TWComponent>
        </item>
        <item>
            <lastModified isNull="true" />
            <lastModifiedBy isNull="true" />
            <processItemId>2025.b7a2a420-e91a-46fc-8808-b539b7b98ebb</processItemId>
            <processId>1.9139023c-2d6d-4809-becb-b10a64f45dce</processId>
            <name>End</name>
            <tWComponentName>ExitPoint</tWComponentName>
            <tWComponentId>3008.b504fbb5-f97d-4430-b837-872408711f94</tWComponentId>
            <isLogEnabled>false</isLogEnabled>
            <isTraceEnabled>false</isTraceEnabled>
            <traceCategory isNull="true" />
            <traceLevel isNull="true" />
            <traceMessage isNull="true" />
            <traceSymbolTable isNull="true" />
            <isExecutionContextTraced>false</isExecutionContextTraced>
            <saveExecutionContext>true</saveExecutionContext>
            <documentation isNull="true" />
            <isErrorHandlerEnabled>false</isErrorHandlerEnabled>
            <errorHandlerItemId isNull="true" />
            <guid>guid:6d7d6833d25d646c:143c423:11226a15f86:-7d9f</guid>
            <versionId>7888b605-a539-430e-b442-418090bfcdcf</versionId>
            <externalServiceRef isNull="true" />
            <externalServiceOp isNull="true" />
            <nodeColor isNull="true" />
            <layoutData x="306" y="100">
                <errorLink>
                    <controlPoints />
                    <showEndState>false</showEndState>
                    <showName>false</showName>
                </errorLink>
            </layoutData>
            <TWComponent>
                <lastModified isNull="true" />
                <lastModifiedBy isNull="true" />
                <exitPointId>3008.b504fbb5-f97d-4430-b837-872408711f94</exitPointId>
                <haltProcess>false</haltProcess>
                <guid>guid:197d4ddc90fc5427:-1c619ffe:11def1582ed:-7ade</guid>
                <versionId>b5e8f1b4-43b1-4ef0-b702-bab221bf068a</versionId>
            </TWComponent>
        </item>
        <startingProcessItemId>2025.462607ad-b573-447a-bcb1-f63632aaae58</startingProcessItemId>
        <errorHandlerItemId isNull="true" />
        <layoutData noConversion="true">
            <errorLink>
                <controlPoints />
                <showEndState>false</showEndState>
                <showName>false</showName>
            </errorLink>
        </layoutData>
        <startPoint>
            <layoutData x="20" y="100">
                <errorLink>
                    <controlPoints />
                    <showEndState>false</showEndState>
                    <showName>false</showName>
                </errorLink>
            </layoutData>
        </startPoint>
        <startLink>
            <fromPort locationId="rightCenter" portType="1" />
            <toPort locationId="leftCenter" portType="2" />
            <layoutData>
                <controlPoints />
                <showEndState>false</showEndState>
                <showName>false</showName>
            </layoutData>
        </startLink>
        <link name="Untitled">
            <lastModified isNull="true" />
            <lastModifiedBy isNull="true" />
            <processLinkId>2027.58fbbeed-b8b5-4498-a546-6f6cd1f53a34</processLinkId>
            <processId>1.9139023c-2d6d-4809-becb-b10a64f45dce</processId>
            <description isNull="true" />
            <fromProcessItemId>2025.462607ad-b573-447a-bcb1-f63632aaae58</fromProcessItemId>
            <endStateId>Out</endStateId>
            <toProcessItemId>2025.b7a2a420-e91a-46fc-8808-b539b7b98ebb</toProcessItemId>
            <guid>guid:12be50909032b80c:259c1e88:11f3dbc44be:-7f6b</guid>
            <versionId>4a5a0c30-188c-4b3e-8e23-18bea04372b2</versionId>
            <layoutData>
                <controlPoints />
                <showEndState>false</showEndState>
                <showName>false</showName>
            </layoutData>
            <fromItemPort locationId="rightCenter" portType="1" />
            <toItemPort locationId="leftCenter" portType="2" />
            <fromProcessItemId>2025.462607ad-b573-447a-bcb1-f63632aaae58</fromProcessItemId>
            <toProcessItemId>2025.b7a2a420-e91a-46fc-8808-b539b7b98ebb</toProcessItemId>
        </link>
    </process>
</teamworks>

