<?xml version="1.0" encoding="UTF-8"?>
<teamworks>
    <process id="1.93e1b747-f286-401a-8a24-be2eaf96c231" name="Team Filter Service Template">
        <lastModified>1361372673512</lastModified>
        <lastModifiedBy>Internal TW Admin user</lastModifiedBy>
        <processId>1.93e1b747-f286-401a-8a24-be2eaf96c231</processId>
        <image isNull="true" />
        <tabGroup isNull="true" />
        <startingProcessItemId isNull="true" />
        <isRootProcess>false</isRootProcess>
        <processType>4</processType>
        <isErrorHandlerEnabled>false</isErrorHandlerEnabled>
        <errorHandlerItemId isNull="true" />
        <isLoggingVariables>false</isLoggingVariables>
        <isTransactional>false</isTransactional>
        <processTimingLevel isNull="true" />
        <participantRef isNull="true" />
        <exposedType isNull="true" />
        <isTrackingEnabled>true</isTrackingEnabled>
        <xmlData isNull="true" />
        <cachingType>false</cachingType>
        <itemLabel isNull="true" />
        <cacheLength>43200</cacheLength>
        <mobileReady>false</mobileReady>
        <sboSyncEnabled>true</sboSyncEnabled>
        <externalId isNull="true" />
        <isSecured>false</isSecured>
        <isAjaxExposed>false</isAjaxExposed>
        <description isNull="true" />
        <guid>guid:d5b59e2cf13bea07:4aca66da:13aeadda1c6:-7fee</guid>
        <versionId>d5cd0bac-133c-48f9-b60a-3e7192535838</versionId>
        <dependencySummary isNull="true" />
        <jsonData isNull="true" />
        <field1 isNull="true" />
        <field2 isNull="true" />
        <field3>0</field3>
        <field4 isNull="true" />
        <field5>false</field5>
        <clobField1 isNull="true" />
        <blobField1 isNull="true" />
        <processParameter name="originalTeam">
            <lastModified isNull="true" />
            <lastModifiedBy isNull="true" />
            <processParameterId>2055.6bb3aebc-dc1f-419d-a04b-ce18e2cf9054</processParameterId>
            <processId>1.93e1b747-f286-401a-8a24-be2eaf96c231</processId>
            <parameterType>1</parameterType>
            <isArrayOf>false</isArrayOf>
            <classId>/12.4f114e73-2520-40d7-b2ea-db9dcc4aa1f0</classId>
            <seq>1</seq>
            <hasDefault>false</hasDefault>
            <defaultValue isNull="true" />
            <isLocked>false</isLocked>
            <description isNull="true" />
            <guid>guid:d5b59e2cf13bea07:4aca66da:13aeadda1c6:-7fea</guid>
            <versionId>1a2f38b1-f704-4908-9cac-79d03c0244d4</versionId>
        </processParameter>
        <processParameter name="filteredTeam">
            <lastModified isNull="true" />
            <lastModifiedBy isNull="true" />
            <processParameterId>2055.eb646453-15ac-445a-90f6-35621f3de707</processParameterId>
            <processId>1.93e1b747-f286-401a-8a24-be2eaf96c231</processId>
            <parameterType>2</parameterType>
            <isArrayOf>false</isArrayOf>
            <classId>/12.4f114e73-2520-40d7-b2ea-db9dcc4aa1f0</classId>
            <seq>2</seq>
            <hasDefault>false</hasDefault>
            <defaultValue isNull="true" />
            <isLocked>false</isLocked>
            <description isNull="true" />
            <guid>guid:d5b59e2cf13bea07:4aca66da:13aeadda1c6:-7fe9</guid>
            <versionId>fc48daef-b7b2-4d5b-98d9-d8d28de91d7c</versionId>
        </processParameter>
        <item>
            <lastModified isNull="true" />
            <lastModifiedBy isNull="true" />
            <processItemId>2025.044d7d3b-b3a7-4dc7-9d38-e5f7453b5318</processItemId>
            <processId>1.93e1b747-f286-401a-8a24-be2eaf96c231</processId>
            <name>End</name>
            <tWComponentName>ExitPoint</tWComponentName>
            <tWComponentId>3008.00659594-c9f0-44dc-9f8d-24b689cf84dd</tWComponentId>
            <isLogEnabled>false</isLogEnabled>
            <isTraceEnabled>false</isTraceEnabled>
            <traceCategory isNull="true" />
            <traceLevel isNull="true" />
            <traceMessage isNull="true" />
            <traceSymbolTable isNull="true" />
            <isExecutionContextTraced>false</isExecutionContextTraced>
            <saveExecutionContext>true</saveExecutionContext>
            <documentation isNull="true" />
            <isErrorHandlerEnabled>false</isErrorHandlerEnabled>
            <errorHandlerItemId isNull="true" />
            <guid>guid:d5b59e2cf13bea07:4aca66da:13aeadda1c6:-7fec</guid>
            <versionId>5f246141-2b30-40e9-b052-e5201cf74d04</versionId>
            <externalServiceRef isNull="true" />
            <externalServiceOp isNull="true" />
            <nodeColor isNull="true" />
            <layoutData x="700" y="100">
                <errorLink>
                    <controlPoints />
                    <showEndState>false</showEndState>
                    <showName>false</showName>
                </errorLink>
            </layoutData>
            <TWComponent>
                <lastModified isNull="true" />
                <lastModifiedBy isNull="true" />
                <exitPointId>3008.00659594-c9f0-44dc-9f8d-24b689cf84dd</exitPointId>
                <haltProcess>false</haltProcess>
                <guid>guid:d5b59e2cf13bea07:4aca66da:13aeadda1c6:-7feb</guid>
                <versionId>7a2629f9-0ae4-42e1-8e2d-5cd68f1cc0f2</versionId>
            </TWComponent>
        </item>
        <startingProcessItemId isNull="true" />
        <errorHandlerItemId isNull="true" />
        <layoutData noConversion="true">
            <errorLink>
                <controlPoints />
                <showEndState>false</showEndState>
                <showName>false</showName>
            </errorLink>
        </layoutData>
        <startPoint>
            <layoutData x="20" y="100">
                <errorLink>
                    <controlPoints />
                    <showEndState>false</showEndState>
                    <showName>false</showName>
                </errorLink>
            </layoutData>
        </startPoint>
        <startLink>
            <fromPort locationId="rightCenter" portType="1" />
            <toPort locationId="rightCenter" portType="2" />
            <layoutData>
                <controlPoints />
                <showEndState>false</showEndState>
                <showName>false</showName>
            </layoutData>
        </startLink>
    </process>
</teamworks>

