<?xml version="1.0" encoding="UTF-8"?>
<teamworks>
    <process id="1.943c1f59-4b2d-4c86-8be4-12e1b8825641" name="Read email via POP">
        <lastModified>1361372673512</lastModified>
        <lastModifiedBy>Internal TW Admin user</lastModifiedBy>
        <processId>1.943c1f59-4b2d-4c86-8be4-12e1b8825641</processId>
        <image isNull="true" />
        <tabGroup isNull="true" />
        <startingProcessItemId>2025.f13e667b-c6da-4ac2-8781-011dda3c7dd8</startingProcessItemId>
        <isRootProcess>false</isRootProcess>
        <processType>4</processType>
        <isErrorHandlerEnabled>false</isErrorHandlerEnabled>
        <errorHandlerItemId isNull="true" />
        <isLoggingVariables>false</isLoggingVariables>
        <isTransactional>false</isTransactional>
        <processTimingLevel isNull="true" />
        <participantRef isNull="true" />
        <exposedType isNull="true" />
        <isTrackingEnabled>true</isTrackingEnabled>
        <xmlData isNull="true" />
        <cachingType>false</cachingType>
        <itemLabel isNull="true" />
        <cacheLength>43200</cacheLength>
        <mobileReady>false</mobileReady>
        <sboSyncEnabled>true</sboSyncEnabled>
        <externalId isNull="true" />
        <isSecured>false</isSecured>
        <isAjaxExposed>false</isAjaxExposed>
        <description>Retrieves email from a POP Mail Server</description>
        <guid>guid:12be50909032b80c:18f81ea7:11f41c537ad:-6750</guid>
        <versionId>d149b9a7-68c5-4410-8212-b92b549483a0</versionId>
        <dependencySummary isNull="true" />
        <jsonData isNull="true" />
        <field1 isNull="true" />
        <field2 isNull="true" />
        <field3>0</field3>
        <field4 isNull="true" />
        <field5>false</field5>
        <clobField1 isNull="true" />
        <blobField1 isNull="true" />
        <processParameter name="server">
            <lastModified isNull="true" />
            <lastModifiedBy isNull="true" />
            <processParameterId>2055.d38def76-d51e-4971-9d34-d8a156735205</processParameterId>
            <processId>1.943c1f59-4b2d-4c86-8be4-12e1b8825641</processId>
            <parameterType>1</parameterType>
            <isArrayOf>false</isArrayOf>
            <classId>/12.db884a3c-c533-44b7-bb2d-47bec8ad4022</classId>
            <seq>1</seq>
            <hasDefault>false</hasDefault>
            <defaultValue isNull="true" />
            <isLocked>false</isLocked>
            <description>Name of POP mail server</description>
            <guid>guid:12be50909032b80c:18f81ea7:11f41c537ad:-66d5</guid>
            <versionId>74307306-74e2-4315-8161-e2ebdea0f994</versionId>
        </processParameter>
        <processParameter name="username">
            <lastModified isNull="true" />
            <lastModifiedBy isNull="true" />
            <processParameterId>2055.7c5844ef-acc7-4bf5-a45f-35e864b42489</processParameterId>
            <processId>1.943c1f59-4b2d-4c86-8be4-12e1b8825641</processId>
            <parameterType>1</parameterType>
            <isArrayOf>false</isArrayOf>
            <classId>/12.db884a3c-c533-44b7-bb2d-47bec8ad4022</classId>
            <seq>2</seq>
            <hasDefault>false</hasDefault>
            <defaultValue isNull="true" />
            <isLocked>false</isLocked>
            <description isNull="true" />
            <guid>guid:12be50909032b80c:18f81ea7:11f41c537ad:-66c5</guid>
            <versionId>c4e91fc2-8635-42b2-9bc8-574f35d5dd03</versionId>
        </processParameter>
        <processParameter name="password">
            <lastModified isNull="true" />
            <lastModifiedBy isNull="true" />
            <processParameterId>2055.f6efd0f4-5d3e-4d89-90bb-b5bc6f649b12</processParameterId>
            <processId>1.943c1f59-4b2d-4c86-8be4-12e1b8825641</processId>
            <parameterType>1</parameterType>
            <isArrayOf>false</isArrayOf>
            <classId>/12.db884a3c-c533-44b7-bb2d-47bec8ad4022</classId>
            <seq>3</seq>
            <hasDefault>false</hasDefault>
            <defaultValue isNull="true" />
            <isLocked>false</isLocked>
            <description isNull="true" />
            <guid>guid:12be50909032b80c:18f81ea7:11f41c537ad:-66bb</guid>
            <versionId>8c126040-8926-461c-830f-d68e21ce8bf9</versionId>
        </processParameter>
        <processParameter name="returnAttachments">
            <lastModified isNull="true" />
            <lastModifiedBy isNull="true" />
            <processParameterId>2055.601869a5-337d-40f1-9f9f-2662c667fc71</processParameterId>
            <processId>1.943c1f59-4b2d-4c86-8be4-12e1b8825641</processId>
            <parameterType>1</parameterType>
            <isArrayOf>false</isArrayOf>
            <classId>/12.83ff975e-8dbc-42e5-b738-fa8bc08274a2</classId>
            <seq>4</seq>
            <hasDefault>true</hasDefault>
            <defaultValue>false</defaultValue>
            <isLocked>false</isLocked>
            <description>Include file attachments</description>
            <guid>guid:12be50909032b80c:18f81ea7:11f41c537ad:-66ba</guid>
            <versionId>30037981-7fd8-47f9-b7c9-fadcadf4c667</versionId>
        </processParameter>
        <processParameter name="scanForVariables">
            <lastModified isNull="true" />
            <lastModifiedBy isNull="true" />
            <processParameterId>2055.f0cfee53-d22c-4b81-ab1d-c792165c4442</processParameterId>
            <processId>1.943c1f59-4b2d-4c86-8be4-12e1b8825641</processId>
            <parameterType>1</parameterType>
            <isArrayOf>false</isArrayOf>
            <classId>/12.83ff975e-8dbc-42e5-b738-fa8bc08274a2</classId>
            <seq>5</seq>
            <hasDefault>true</hasDefault>
            <defaultValue>false</defaultValue>
            <isLocked>false</isLocked>
            <description>Scan narrative for variables</description>
            <guid>guid:12be50909032b80c:18f81ea7:11f41c537ad:-66b9</guid>
            <versionId>b806e13a-3642-46c4-9b6a-1762d3380f40</versionId>
        </processParameter>
        <processParameter name="deleteAfterReading">
            <lastModified isNull="true" />
            <lastModifiedBy isNull="true" />
            <processParameterId>2055.0fb6575c-5654-4de4-a233-1b75c1810b53</processParameterId>
            <processId>1.943c1f59-4b2d-4c86-8be4-12e1b8825641</processId>
            <parameterType>1</parameterType>
            <isArrayOf>false</isArrayOf>
            <classId>/12.83ff975e-8dbc-42e5-b738-fa8bc08274a2</classId>
            <seq>6</seq>
            <hasDefault>true</hasDefault>
            <defaultValue>false</defaultValue>
            <isLocked>false</isLocked>
            <description>Delete email after processing</description>
            <guid>guid:12be50909032b80c:18f81ea7:11f41c537ad:-66b5</guid>
            <versionId>89edae37-1e76-45bc-b150-fc5be1022c66</versionId>
        </processParameter>
        <processParameter name="results">
            <lastModified isNull="true" />
            <lastModifiedBy isNull="true" />
            <processParameterId>2055.3bc6708a-8ec9-4630-8a79-c64bf5935d0d</processParameterId>
            <processId>1.943c1f59-4b2d-4c86-8be4-12e1b8825641</processId>
            <parameterType>2</parameterType>
            <isArrayOf>false</isArrayOf>
            <classId>/12.8a176cc2-eebb-4310-a9c7-9bc62b3a8002</classId>
            <seq>7</seq>
            <hasDefault>false</hasDefault>
            <defaultValue isNull="true" />
            <isLocked>false</isLocked>
            <description isNull="true" />
            <guid>guid:12be50909032b80c:18f81ea7:11f41c537ad:-66b0</guid>
            <versionId>164e2b87-8578-4dae-90ce-721ea1616e65</versionId>
        </processParameter>
        <item>
            <lastModified isNull="true" />
            <lastModifiedBy isNull="true" />
            <processItemId>2025.f13e667b-c6da-4ac2-8781-011dda3c7dd8</processItemId>
            <processId>1.943c1f59-4b2d-4c86-8be4-12e1b8825641</processId>
            <name>Retrieve Messages</name>
            <tWComponentName>JavaConnector</tWComponentName>
            <tWComponentId>3022.08ccfd2c-f43e-46c5-9ba7-1b5978834ccf</tWComponentId>
            <isLogEnabled>false</isLogEnabled>
            <isTraceEnabled>false</isTraceEnabled>
            <traceCategory isNull="true" />
            <traceLevel isNull="true" />
            <traceMessage isNull="true" />
            <traceSymbolTable isNull="true" />
            <isExecutionContextTraced>false</isExecutionContextTraced>
            <saveExecutionContext>false</saveExecutionContext>
            <documentation isNull="true" />
            <isErrorHandlerEnabled>false</isErrorHandlerEnabled>
            <errorHandlerItemId isNull="true" />
            <guid>guid:12be50909032b80c:18f81ea7:11f41c537ad:-673d</guid>
            <versionId>369b7807-d14a-45ea-b145-87119b313d3a</versionId>
            <externalServiceRef isNull="true" />
            <externalServiceOp isNull="true" />
            <nodeColor isNull="true" />
            <layoutData x="152" y="85">
                <errorLink>
                    <controlPoints />
                    <showEndState>false</showEndState>
                    <showName>false</showName>
                </errorLink>
            </layoutData>
            <TWComponent>
                <lastModified isNull="true" />
                <lastModifiedBy isNull="true" />
                <javaConnectorId>3022.08ccfd2c-f43e-46c5-9ba7-1b5978834ccf</javaConnectorId>
                <definition>&lt;connector&gt;
  &lt;javaClassName&gt;teamworks.Mail&lt;/javaClassName&gt;
  &lt;methodName&gt;getPOPMessages&lt;/methodName&gt;
  &lt;inputRecord&gt;
    &lt;element type="java.lang.String" nativeType="java.lang.String" parameter="Parameter 0" argument="tw.local.server" description="server" /&gt;
    &lt;element type="java.lang.String" nativeType="java.lang.String" parameter="Parameter 1" argument="tw.local.username" description="username" /&gt;
    &lt;element type="java.lang.String" nativeType="java.lang.String" parameter="Parameter 2" argument="tw.local.password" description="password" /&gt;
    &lt;element type="java.lang.Boolean" nativeType="boolean" parameter="Parameter 3" argument="tw.local.returnAttachments" description="flgReturnAtt" /&gt;
    &lt;element type="java.lang.Boolean" nativeType="boolean" parameter="Parameter 4" argument="tw.local.scanForVariables" description="flgScanNarrative" /&gt;
    &lt;element type="java.lang.Boolean" nativeType="boolean" parameter="Parameter 5" argument="tw.local.deleteAfterReading" description="flgDeleteRead" /&gt;
  &lt;/inputRecord&gt;
  &lt;outputRecord&gt;
    &lt;element type="org.jdom.Element" nativeType="org.jdom.Element" parameter="Return Value" argument="tw.local.results" description="" /&gt;
  &lt;/outputRecord&gt;
&lt;/connector&gt;</definition>
                <guid>guid:12be50909032b80c:18f81ea7:11f41c537ad:-673e</guid>
                <versionId>26512859-1186-4e20-94cb-ad9fd6796f30</versionId>
            </TWComponent>
        </item>
        <item>
            <lastModified isNull="true" />
            <lastModifiedBy isNull="true" />
            <processItemId>2025.55e8c1cb-70f3-46b8-b830-7db4b58c1453</processItemId>
            <processId>1.943c1f59-4b2d-4c86-8be4-12e1b8825641</processId>
            <name>End</name>
            <tWComponentName>ExitPoint</tWComponentName>
            <tWComponentId>3008.b6834ef5-3e2f-4e35-be12-c71fec6aef38</tWComponentId>
            <isLogEnabled>false</isLogEnabled>
            <isTraceEnabled>false</isTraceEnabled>
            <traceCategory isNull="true" />
            <traceLevel isNull="true" />
            <traceMessage isNull="true" />
            <traceSymbolTable isNull="true" />
            <isExecutionContextTraced>false</isExecutionContextTraced>
            <saveExecutionContext>true</saveExecutionContext>
            <documentation isNull="true" />
            <isErrorHandlerEnabled>false</isErrorHandlerEnabled>
            <errorHandlerItemId isNull="true" />
            <guid>guid:12be50909032b80c:18f81ea7:11f41c537ad:-674e</guid>
            <versionId>cdf11615-d248-4b29-835a-9e7cd7266290</versionId>
            <externalServiceRef isNull="true" />
            <externalServiceOp isNull="true" />
            <nodeColor isNull="true" />
            <layoutData x="323" y="100">
                <errorLink>
                    <controlPoints />
                    <showEndState>false</showEndState>
                    <showName>false</showName>
                </errorLink>
            </layoutData>
            <TWComponent>
                <lastModified isNull="true" />
                <lastModifiedBy isNull="true" />
                <exitPointId>3008.b6834ef5-3e2f-4e35-be12-c71fec6aef38</exitPointId>
                <haltProcess>false</haltProcess>
                <guid>guid:12be50909032b80c:18f81ea7:11f41c537ad:-674d</guid>
                <versionId>b7569ace-47dc-4ffa-89ba-89bce9797425</versionId>
            </TWComponent>
        </item>
        <startingProcessItemId>2025.f13e667b-c6da-4ac2-8781-011dda3c7dd8</startingProcessItemId>
        <errorHandlerItemId isNull="true" />
        <layoutData noConversion="true">
            <errorLink>
                <controlPoints />
                <showEndState>false</showEndState>
                <showName>false</showName>
            </errorLink>
        </layoutData>
        <startPoint>
            <layoutData x="20" y="100">
                <errorLink>
                    <controlPoints />
                    <showEndState>false</showEndState>
                    <showName>false</showName>
                </errorLink>
            </layoutData>
        </startPoint>
        <startLink>
            <fromPort locationId="rightCenter" portType="1" />
            <toPort locationId="leftCenter" portType="2" />
            <layoutData>
                <controlPoints />
                <showEndState>false</showEndState>
                <showName>false</showName>
            </layoutData>
        </startLink>
        <link name="Untitled">
            <lastModified isNull="true" />
            <lastModifiedBy isNull="true" />
            <processLinkId>2027.24179629-8124-4a2f-a525-43002e3f28d8</processLinkId>
            <processId>1.943c1f59-4b2d-4c86-8be4-12e1b8825641</processId>
            <description isNull="true" />
            <fromProcessItemId>2025.f13e667b-c6da-4ac2-8781-011dda3c7dd8</fromProcessItemId>
            <endStateId>Out</endStateId>
            <toProcessItemId>2025.55e8c1cb-70f3-46b8-b830-7db4b58c1453</toProcessItemId>
            <guid>guid:12be50909032b80c:18f81ea7:11f41c537ad:-6739</guid>
            <versionId>f2a554e5-c83f-46d2-b771-c7f6c675a069</versionId>
            <layoutData>
                <controlPoints />
                <showEndState>false</showEndState>
                <showName>false</showName>
            </layoutData>
            <fromItemPort locationId="rightCenter" portType="1" />
            <toItemPort locationId="leftCenter" portType="2" />
            <fromProcessItemId>2025.f13e667b-c6da-4ac2-8781-011dda3c7dd8</fromProcessItemId>
            <toProcessItemId>2025.55e8c1cb-70f3-46b8-b830-7db4b58c1453</toProcessItemId>
        </link>
    </process>
</teamworks>

