<?xml version="1.0" encoding="UTF-8"?>
<teamworks>
    <process id="1.a3433bd0-b0ca-4049-8edb-f20064e86696" name="SLA Send Alert Email">
        <lastModified>1361372673512</lastModified>
        <lastModifiedBy>Internal TW Admin user</lastModifiedBy>
        <processId>1.a3433bd0-b0ca-4049-8edb-f20064e86696</processId>
        <image isNull="true" />
        <tabGroup isNull="true" />
        <startingProcessItemId>2025.d2b0ce77-ead6-4b01-965e-f6d2ead0cd0d</startingProcessItemId>
        <isRootProcess>false</isRootProcess>
        <processType>4</processType>
        <isErrorHandlerEnabled>false</isErrorHandlerEnabled>
        <errorHandlerItemId isNull="true" />
        <isLoggingVariables>false</isLoggingVariables>
        <isTransactional>false</isTransactional>
        <processTimingLevel isNull="true" />
        <participantRef isNull="true" />
        <exposedType isNull="true" />
        <isTrackingEnabled>true</isTrackingEnabled>
        <xmlData isNull="true" />
        <cachingType>false</cachingType>
        <itemLabel isNull="true" />
        <cacheLength>43200</cacheLength>
        <mobileReady>false</mobileReady>
        <sboSyncEnabled>true</sboSyncEnabled>
        <externalId isNull="true" />
        <isSecured>false</isSecured>
        <isAjaxExposed>false</isAjaxExposed>
        <description isNull="true" />
        <guid>guid:6d7d6833d25d646c:101acff:11228b8f1e8:-7f0e</guid>
        <versionId>77f0b01b-ea2c-4c7c-8d60-cecfdd95df0c</versionId>
        <dependencySummary isNull="true" />
        <jsonData isNull="true" />
        <field1 isNull="true" />
        <field2 isNull="true" />
        <field3>0</field3>
        <field4 isNull="true" />
        <field5>false</field5>
        <clobField1 isNull="true" />
        <blobField1 isNull="true" />
        <processParameter name="violationRecord">
            <lastModified isNull="true" />
            <lastModifiedBy isNull="true" />
            <processParameterId>2055.91b0e7cb-e1b5-48c8-9176-7e3980f49f18</processParameterId>
            <processId>1.a3433bd0-b0ca-4049-8edb-f20064e86696</processId>
            <parameterType>1</parameterType>
            <isArrayOf>false</isArrayOf>
            <classId>/12.859ce530-119a-499c-afdf-77446889d535</classId>
            <seq>1</seq>
            <hasDefault>false</hasDefault>
            <defaultValue isNull="true" />
            <isLocked>false</isLocked>
            <description isNull="true" />
            <guid>guid:197d4ddc90fc5427:-1c619ffe:11def1582ed:-7a70</guid>
            <versionId>b730780b-32c0-48fc-bbed-284a197cab82</versionId>
        </processParameter>
        <processParameter name="parameters">
            <lastModified isNull="true" />
            <lastModifiedBy isNull="true" />
            <processParameterId>2055.3aeef2d5-bb0a-42ec-98de-18da7f4eb207</processParameterId>
            <processId>1.a3433bd0-b0ca-4049-8edb-f20064e86696</processId>
            <parameterType>1</parameterType>
            <isArrayOf>false</isArrayOf>
            <classId>/12.8a176cc2-eebb-4310-a9c7-9bc62b3a8002</classId>
            <seq>2</seq>
            <hasDefault>false</hasDefault>
            <defaultValue isNull="true" />
            <isLocked>false</isLocked>
            <description isNull="true" />
            <guid>guid:197d4ddc90fc5427:-1c619ffe:11def1582ed:-7a6e</guid>
            <versionId>99bbc140-ece9-4a7f-bb38-83911b16fae6</versionId>
        </processParameter>
        <processVariable name="to">
            <lastModified isNull="true" />
            <lastModifiedBy isNull="true" />
            <processVariableId>2056.a2e428a6-95d8-4833-93ec-fc095e71f781</processVariableId>
            <description>Auto generated variable for mapping of lsw SMTP Send Teamworks Email</description>
            <processId>1.a3433bd0-b0ca-4049-8edb-f20064e86696</processId>
            <namespace>2</namespace>
            <seq>1</seq>
            <isArrayOf>false</isArrayOf>
            <isTransient>false</isTransient>
            <classId>/12.db884a3c-c533-44b7-bb2d-47bec8ad4022</classId>
            <hasDefault>false</hasDefault>
            <defaultValue isNull="true" />
            <guid>guid:197d4ddc90fc5427:-1c619ffe:11def1582ed:-7a68</guid>
            <versionId>ad5ef97c-f825-434f-8777-b8b26da06e54</versionId>
        </processVariable>
        <processVariable name="from">
            <lastModified isNull="true" />
            <lastModifiedBy isNull="true" />
            <processVariableId>2056.4656b1be-78f8-4d46-acc0-cb63fb4eb18d</processVariableId>
            <description isNull="true" />
            <processId>1.a3433bd0-b0ca-4049-8edb-f20064e86696</processId>
            <namespace>2</namespace>
            <seq>3</seq>
            <isArrayOf>false</isArrayOf>
            <isTransient>false</isTransient>
            <classId>/12.db884a3c-c533-44b7-bb2d-47bec8ad4022</classId>
            <hasDefault>false</hasDefault>
            <defaultValue isNull="true" />
            <guid>guid:197d4ddc90fc5427:-1c619ffe:11def1582ed:-7a66</guid>
            <versionId>0956c2f9-9b63-4923-85a6-7d7800dde740</versionId>
        </processVariable>
        <processVariable name="subject">
            <lastModified isNull="true" />
            <lastModifiedBy isNull="true" />
            <processVariableId>2056.ad759ae6-ba89-498c-b23d-b4c3b1d55de4</processVariableId>
            <description>Auto generated variable for mapping of lsw SMTP Send Teamworks Email</description>
            <processId>1.a3433bd0-b0ca-4049-8edb-f20064e86696</processId>
            <namespace>2</namespace>
            <seq>4</seq>
            <isArrayOf>false</isArrayOf>
            <isTransient>false</isTransient>
            <classId>/12.db884a3c-c533-44b7-bb2d-47bec8ad4022</classId>
            <hasDefault>false</hasDefault>
            <defaultValue isNull="true" />
            <guid>guid:197d4ddc90fc5427:-1c619ffe:11def1582ed:-7a64</guid>
            <versionId>bf52ee88-69b5-439d-8b9c-54347a310613</versionId>
        </processVariable>
        <processVariable name="messageText">
            <lastModified isNull="true" />
            <lastModifiedBy isNull="true" />
            <processVariableId>2056.ee040335-0ee1-4257-a1d5-168c5d1ec294</processVariableId>
            <description>Auto generated variable for mapping of lsw SMTP Send Teamworks Email</description>
            <processId>1.a3433bd0-b0ca-4049-8edb-f20064e86696</processId>
            <namespace>2</namespace>
            <seq>5</seq>
            <isArrayOf>false</isArrayOf>
            <isTransient>false</isTransient>
            <classId>/12.db884a3c-c533-44b7-bb2d-47bec8ad4022</classId>
            <hasDefault>false</hasDefault>
            <defaultValue isNull="true" />
            <guid>guid:197d4ddc90fc5427:-1c619ffe:11def1582ed:-7a62</guid>
            <versionId>68e55789-c40b-4aff-95c2-728129d79626</versionId>
        </processVariable>
        <item>
            <lastModified isNull="true" />
            <lastModifiedBy isNull="true" />
            <processItemId>2025.d856c8b0-c17b-4671-b1e0-9850e074d83c</processItemId>
            <processId>1.a3433bd0-b0ca-4049-8edb-f20064e86696</processId>
            <name>Set Message Text</name>
            <tWComponentName>Script</tWComponentName>
            <tWComponentId>3011.4c6c0b8c-be55-4a11-ab1b-7484d1ed7858</tWComponentId>
            <isLogEnabled>false</isLogEnabled>
            <isTraceEnabled>false</isTraceEnabled>
            <traceCategory isNull="true" />
            <traceLevel isNull="true" />
            <traceMessage isNull="true" />
            <traceSymbolTable isNull="true" />
            <isExecutionContextTraced>false</isExecutionContextTraced>
            <saveExecutionContext>false</saveExecutionContext>
            <documentation isNull="true" />
            <isErrorHandlerEnabled>false</isErrorHandlerEnabled>
            <errorHandlerItemId isNull="true" />
            <guid>guid:6d7d6833d25d646c:101acff:11228b8f1e8:-7ec6</guid>
            <versionId>1512288c-8a18-4200-b710-ea26f7e0f675</versionId>
            <externalServiceRef isNull="true" />
            <externalServiceOp isNull="true" />
            <nodeColor isNull="true" />
            <layoutData x="602" y="83">
                <errorLink>
                    <controlPoints />
                    <showEndState>false</showEndState>
                    <showName>false</showName>
                </errorLink>
            </layoutData>
            <TWComponent>
                <lastModified isNull="true" />
                <lastModifiedBy isNull="true" />
                <scriptId>3011.4c6c0b8c-be55-4a11-ab1b-7484d1ed7858</scriptId>
                <scriptTypeId>128</scriptTypeId>
                <isActive>true</isActive>
                <script>tw.local.messageText
SLA &lt;b&gt;&lt;#= tw.local.violationRecord.slaName #&gt;&lt;/b&gt; became violated at &lt;#= tw.local.violationRecord.violationTime #&gt;.
&lt;p&gt;
The violation level was &lt;#= tw.local.violationRecord.violationLevel #&gt;.

&lt;#
var url = null;
//var clientServices = Packages.com.lombardisoftware.client.delegate.ClientServicesDelegateFactory.getInstance().newInstance();
//var elements = clientServices.getScoreboardTWTreeElements();
//for(var it = elements.iterator(); it.hasNext(); ) {
//    var element = it.next();
//    if (element.getName() == "PM SLA Overview") {
//        var portalPrefix = Packages.com.lombardisoftware.core.config.TWConfiguration.getInstance().getCommon().getPortalPrefix();
//        if (portalPrefix!=null) {
//            url = "&lt;a href='"+portalPrefix + "/jsp/viewScoreboard.do?id="+element.getId()+"'&gt;PM SLA Overview&lt;/a&gt;";
//        }
//        break;
//    }
//}
if (url!=null) {
#&gt;
&lt;p&gt;
You can view the status of SLAs at the following location: &lt;#= url #&gt;
&lt;#
}
#&gt;</script>
                <isRule>false</isRule>
                <guid>guid:197d4ddc90fc5427:-1c619ffe:11def1582ed:-7a39</guid>
                <versionId>5bce0c87-dff0-4856-b24e-18b863acbef6</versionId>
            </TWComponent>
        </item>
        <item>
            <lastModified isNull="true" />
            <lastModifiedBy isNull="true" />
            <processItemId>2025.db2c6fc8-3f5b-45be-b819-cf5b7368c8b1</processItemId>
            <processId>1.a3433bd0-b0ca-4049-8edb-f20064e86696</processId>
            <name>End</name>
            <tWComponentName>ExitPoint</tWComponentName>
            <tWComponentId>3008.4cf15fc3-8097-42b6-a186-1161a993f68d</tWComponentId>
            <isLogEnabled>false</isLogEnabled>
            <isTraceEnabled>false</isTraceEnabled>
            <traceCategory isNull="true" />
            <traceLevel isNull="true" />
            <traceMessage isNull="true" />
            <traceSymbolTable isNull="true" />
            <isExecutionContextTraced>false</isExecutionContextTraced>
            <saveExecutionContext>true</saveExecutionContext>
            <documentation isNull="true" />
            <isErrorHandlerEnabled>false</isErrorHandlerEnabled>
            <errorHandlerItemId isNull="true" />
            <guid>guid:6d7d6833d25d646c:101acff:11228b8f1e8:-7f0d</guid>
            <versionId>943e614b-0f97-4c23-98fe-312808c3eb0f</versionId>
            <externalServiceRef isNull="true" />
            <externalServiceOp isNull="true" />
            <nodeColor isNull="true" />
            <layoutData x="877" y="98">
                <errorLink>
                    <controlPoints />
                    <showEndState>false</showEndState>
                    <showName>false</showName>
                </errorLink>
            </layoutData>
            <TWComponent>
                <lastModified isNull="true" />
                <lastModifiedBy isNull="true" />
                <exitPointId>3008.4cf15fc3-8097-42b6-a186-1161a993f68d</exitPointId>
                <haltProcess>false</haltProcess>
                <guid>guid:197d4ddc90fc5427:-1c619ffe:11def1582ed:-7a6a</guid>
                <versionId>28e5aef6-7e4a-47bd-9664-b8d0e5c783b2</versionId>
            </TWComponent>
        </item>
        <item>
            <lastModified isNull="true" />
            <lastModifiedBy isNull="true" />
            <processItemId>2025.d2b0ce77-ead6-4b01-965e-f6d2ead0cd0d</processItemId>
            <processId>1.a3433bd0-b0ca-4049-8edb-f20064e86696</processId>
            <name>Set To and From</name>
            <tWComponentName>Script</tWComponentName>
            <tWComponentId>3011.df91db9e-0e0d-4c26-894c-849cf16bc707</tWComponentId>
            <isLogEnabled>false</isLogEnabled>
            <isTraceEnabled>false</isTraceEnabled>
            <traceCategory isNull="true" />
            <traceLevel isNull="true" />
            <traceMessage isNull="true" />
            <traceSymbolTable isNull="true" />
            <isExecutionContextTraced>false</isExecutionContextTraced>
            <saveExecutionContext>false</saveExecutionContext>
            <documentation isNull="true" />
            <isErrorHandlerEnabled>false</isErrorHandlerEnabled>
            <errorHandlerItemId isNull="true" />
            <guid>guid:6d7d6833d25d646c:101acff:11228b8f1e8:-7ebc</guid>
            <versionId>97b167fc-e972-402b-bc48-f6185956947f</versionId>
            <externalServiceRef isNull="true" />
            <externalServiceOp isNull="true" />
            <nodeColor isNull="true" />
            <layoutData x="328" y="83">
                <errorLink>
                    <controlPoints />
                    <showEndState>false</showEndState>
                    <showName>false</showName>
                </errorLink>
            </layoutData>
            <TWComponent>
                <lastModified isNull="true" />
                <lastModifiedBy isNull="true" />
                <scriptId>3011.df91db9e-0e0d-4c26-894c-849cf16bc707</scriptId>
                <scriptTypeId>2</scriptTypeId>
                <isActive>true</isActive>
                <script>var emailAddrNL = tw.local.parameters.xpath("//emails/item/address");
var emailAddrStr = "";
var sep = "";
for (var i=0;i&lt;emailAddrNL.length;i++) {
  emailAddrStr += sep + emailAddrNL[i].getText();
  sep = ";";
}
tw.local.to = emailAddrStr;

tw.local.from = null; //use the default from address specified in 99Local (and possibly overridden in 100Custom)</script>
                <isRule>false</isRule>
                <guid>guid:197d4ddc90fc5427:-1c619ffe:11def1582ed:-7a35</guid>
                <versionId>17cdcb53-893c-415a-99cd-f4681f6af704</versionId>
            </TWComponent>
        </item>
        <item>
            <lastModified isNull="true" />
            <lastModifiedBy isNull="true" />
            <processItemId>2025.202d6a13-ea06-44dc-8208-32b7185db848</processItemId>
            <processId>1.a3433bd0-b0ca-4049-8edb-f20064e86696</processId>
            <name>Send Email from Teamworks</name>
            <tWComponentName>SubProcess</tWComponentName>
            <tWComponentId>3012.fe61fc66-7631-4140-b477-1999c2b4d39e</tWComponentId>
            <isLogEnabled>false</isLogEnabled>
            <isTraceEnabled>false</isTraceEnabled>
            <traceCategory isNull="true" />
            <traceLevel isNull="true" />
            <traceMessage isNull="true" />
            <traceSymbolTable isNull="true" />
            <isExecutionContextTraced>false</isExecutionContextTraced>
            <saveExecutionContext>false</saveExecutionContext>
            <documentation isNull="true" />
            <isErrorHandlerEnabled>false</isErrorHandlerEnabled>
            <errorHandlerItemId isNull="true" />
            <guid>guid:6d7d6833d25d646c:101acff:11228b8f1e8:-7eff</guid>
            <versionId>9f98a8df-2ae5-4f81-a5f6-39281ede79ec</versionId>
            <externalServiceRef isNull="true" />
            <externalServiceOp isNull="true" />
            <nodeColor isNull="true" />
            <layoutData x="745" y="83">
                <errorLink>
                    <controlPoints />
                    <showEndState>false</showEndState>
                    <showName>false</showName>
                </errorLink>
            </layoutData>
            <TWComponent>
                <lastModified isNull="true" />
                <lastModifiedBy isNull="true" />
                <subProcessId>3012.fe61fc66-7631-4140-b477-1999c2b4d39e</subProcessId>
                <attachedProcessRef>/1.13cc4635-1e1b-4165-9afa-6f411d4b4f62</attachedProcessRef>
                <guid>guid:197d4ddc90fc5427:-1c619ffe:11def1582ed:-7a5e</guid>
                <versionId>9dd8427b-9353-464d-8d57-250d1d4dd66d</versionId>
                <parameterMapping name="bcc">
                    <lastModified isNull="true" />
                    <lastModifiedBy isNull="true" />
                    <parameterMappingId>2054.ec7e493b-bd70-4d90-9aed-747ca247e78f</parameterMappingId>
                    <processParameterId>2055.7190c535-7820-4319-9b19-3bd1bfb74112</processParameterId>
                    <parameterMappingParentId>3012.fe61fc66-7631-4140-b477-1999c2b4d39e</parameterMappingParentId>
                    <useDefault>true</useDefault>
                    <value isNull="true" />
                    <classRef>/12.db884a3c-c533-44b7-bb2d-47bec8ad4022</classRef>
                    <isList>false</isList>
                    <isInput>true</isInput>
                    <guid>guid:197d4ddc90fc5427:-1c619ffe:11def1582ed:-7a40</guid>
                    <versionId>1304ead8-650e-4b57-9f85-47bcff98df71</versionId>
                    <description isNull="true" />
                </parameterMapping>
                <parameterMapping name="attachmentFileNames">
                    <lastModified isNull="true" />
                    <lastModifiedBy isNull="true" />
                    <parameterMappingId>2054.a54e8847-b2b1-496c-81b1-b1de5cf3a4ea</parameterMappingId>
                    <processParameterId>2055.5309394e-b0d6-44c1-83be-be3b5b9ba8b1</processParameterId>
                    <parameterMappingParentId>3012.fe61fc66-7631-4140-b477-1999c2b4d39e</parameterMappingParentId>
                    <useDefault>true</useDefault>
                    <value isNull="true" />
                    <classRef>/12.db884a3c-c533-44b7-bb2d-47bec8ad4022</classRef>
                    <isList>false</isList>
                    <isInput>true</isInput>
                    <guid>guid:197d4ddc90fc5427:-1c619ffe:11def1582ed:-7a3d</guid>
                    <versionId>344308b4-045c-4f0c-8175-8aef244758d6</versionId>
                    <description isNull="true" />
                </parameterMapping>
                <parameterMapping name="contentType">
                    <lastModified isNull="true" />
                    <lastModifiedBy isNull="true" />
                    <parameterMappingId>2054.3f6415c1-fd22-4fed-8d29-c7c4debef96e</parameterMappingId>
                    <processParameterId>2055.3e811662-d427-4537-b2f6-fa9907d9677c</processParameterId>
                    <parameterMappingParentId>3012.fe61fc66-7631-4140-b477-1999c2b4d39e</parameterMappingParentId>
                    <useDefault>true</useDefault>
                    <value isNull="true" />
                    <classRef>/12.db884a3c-c533-44b7-bb2d-47bec8ad4022</classRef>
                    <isList>false</isList>
                    <isInput>true</isInput>
                    <guid>guid:197d4ddc90fc5427:-1c619ffe:11def1582ed:-7a43</guid>
                    <versionId>388b7460-941a-42ec-bb32-e285925722aa</versionId>
                    <description isNull="true" />
                </parameterMapping>
                <parameterMapping name="cc">
                    <lastModified isNull="true" />
                    <lastModifiedBy isNull="true" />
                    <parameterMappingId>2054.4da1255f-ea1d-49b7-8a71-452dcda704ac</parameterMappingId>
                    <processParameterId>2055.50e8c0fd-6bc1-4da9-9cb2-d084644dd6de</processParameterId>
                    <parameterMappingParentId>3012.fe61fc66-7631-4140-b477-1999c2b4d39e</parameterMappingParentId>
                    <useDefault>true</useDefault>
                    <value isNull="true" />
                    <classRef>/12.db884a3c-c533-44b7-bb2d-47bec8ad4022</classRef>
                    <isList>false</isList>
                    <isInput>true</isInput>
                    <guid>guid:197d4ddc90fc5427:-1c619ffe:11def1582ed:-7a41</guid>
                    <versionId>5f311939-e416-43fc-9ec4-2c1ee92a1be8</versionId>
                    <description isNull="true" />
                </parameterMapping>
                <parameterMapping name="to">
                    <lastModified isNull="true" />
                    <lastModifiedBy isNull="true" />
                    <parameterMappingId>2054.3d165976-490f-4d82-8d18-26cb183add97</parameterMappingId>
                    <processParameterId>2055.e4a8f4de-e03d-4a22-aac3-ced21eeb6f26</processParameterId>
                    <parameterMappingParentId>3012.fe61fc66-7631-4140-b477-1999c2b4d39e</parameterMappingParentId>
                    <useDefault>false</useDefault>
                    <value>tw.local.to</value>
                    <classRef>/12.db884a3c-c533-44b7-bb2d-47bec8ad4022</classRef>
                    <isList>false</isList>
                    <isInput>true</isInput>
                    <guid>guid:197d4ddc90fc5427:-1c619ffe:11def1582ed:-7a47</guid>
                    <versionId>87f6eaf5-0c2a-40fb-bce7-7b0b79d9e680</versionId>
                    <description isNull="true" />
                </parameterMapping>
                <parameterMapping name="subject">
                    <lastModified isNull="true" />
                    <lastModifiedBy isNull="true" />
                    <parameterMappingId>2054.becfd55b-c1be-4eed-b447-5af865734b2c</parameterMappingId>
                    <processParameterId>2055.bb90bf7b-d066-47c7-96fd-1b8984a5246d</processParameterId>
                    <parameterMappingParentId>3012.fe61fc66-7631-4140-b477-1999c2b4d39e</parameterMappingParentId>
                    <useDefault>false</useDefault>
                    <value>tw.local.subject</value>
                    <classRef>/12.db884a3c-c533-44b7-bb2d-47bec8ad4022</classRef>
                    <isList>false</isList>
                    <isInput>true</isInput>
                    <guid>guid:197d4ddc90fc5427:-1c619ffe:11def1582ed:-7a45</guid>
                    <versionId>9587d391-7ec9-4261-a044-4264495b3aa7</versionId>
                    <description isNull="true" />
                </parameterMapping>
                <parameterMapping name="importance">
                    <lastModified isNull="true" />
                    <lastModifiedBy isNull="true" />
                    <parameterMappingId>2054.b8c4756d-9bfb-4871-bf9b-559cbe520197</parameterMappingId>
                    <processParameterId>2055.39892d28-b0cb-4907-a4cc-ceae9d67bd8f</processParameterId>
                    <parameterMappingParentId>3012.fe61fc66-7631-4140-b477-1999c2b4d39e</parameterMappingParentId>
                    <useDefault>true</useDefault>
                    <value isNull="true" />
                    <classRef>/12.db884a3c-c533-44b7-bb2d-47bec8ad4022</classRef>
                    <isList>false</isList>
                    <isInput>true</isInput>
                    <guid>guid:197d4ddc90fc5427:-1c619ffe:11def1582ed:-7a3e</guid>
                    <versionId>9fe31080-933a-4575-ad5a-24411c07eea3</versionId>
                    <description isNull="true" />
                </parameterMapping>
                <parameterMapping name="messageText">
                    <lastModified isNull="true" />
                    <lastModifiedBy isNull="true" />
                    <parameterMappingId>2054.cd449cec-bcba-4f4b-8510-b069c7198728</parameterMappingId>
                    <processParameterId>2055.e8912baa-d516-4758-be53-20c3d6c61326</processParameterId>
                    <parameterMappingParentId>3012.fe61fc66-7631-4140-b477-1999c2b4d39e</parameterMappingParentId>
                    <useDefault>false</useDefault>
                    <value>tw.local.messageText</value>
                    <classRef>/12.db884a3c-c533-44b7-bb2d-47bec8ad4022</classRef>
                    <isList>false</isList>
                    <isInput>true</isInput>
                    <guid>guid:197d4ddc90fc5427:-1c619ffe:11def1582ed:-7a44</guid>
                    <versionId>c090bb70-4755-4c57-87ed-11133c600bf8</versionId>
                    <description isNull="true" />
                </parameterMapping>
                <parameterMapping name="smtpHost">
                    <lastModified isNull="true" />
                    <lastModifiedBy isNull="true" />
                    <parameterMappingId>2054.0a3815b7-cdcb-495e-bdc7-9c3441cb9fa2</parameterMappingId>
                    <processParameterId>2055.941ed838-3fbe-42f5-b8b4-57064fc0f743</processParameterId>
                    <parameterMappingParentId>3012.fe61fc66-7631-4140-b477-1999c2b4d39e</parameterMappingParentId>
                    <useDefault>true</useDefault>
                    <value isNull="true" />
                    <classRef>/12.db884a3c-c533-44b7-bb2d-47bec8ad4022</classRef>
                    <isList>false</isList>
                    <isInput>true</isInput>
                    <guid>guid:197d4ddc90fc5427:-1c619ffe:11def1582ed:-7a42</guid>
                    <versionId>e22f6af4-6369-40a5-bc04-de10cd704a78</versionId>
                    <description isNull="true" />
                </parameterMapping>
                <parameterMapping name="from">
                    <lastModified isNull="true" />
                    <lastModifiedBy isNull="true" />
                    <parameterMappingId>2054.a02773f5-19fb-4336-be4b-ab0e6be497a0</parameterMappingId>
                    <processParameterId>2055.51fca2c0-8a77-45f5-9e68-542b26e07ea3</processParameterId>
                    <parameterMappingParentId>3012.fe61fc66-7631-4140-b477-1999c2b4d39e</parameterMappingParentId>
                    <useDefault>false</useDefault>
                    <value>tw.local.from</value>
                    <classRef>/12.db884a3c-c533-44b7-bb2d-47bec8ad4022</classRef>
                    <isList>false</isList>
                    <isInput>true</isInput>
                    <guid>guid:197d4ddc90fc5427:-1c619ffe:11def1582ed:-7a46</guid>
                    <versionId>ed5d2b14-79db-4444-99a1-47121fc0d064</versionId>
                    <description isNull="true" />
                </parameterMapping>
                <parameterMapping name="replyTo">
                    <lastModified isNull="true" />
                    <lastModifiedBy isNull="true" />
                    <parameterMappingId>2054.895fe276-c6b2-465f-9560-c19d577d3df5</parameterMappingId>
                    <processParameterId>2055.406ae771-5c04-4a03-9860-7a5d51f80757</processParameterId>
                    <parameterMappingParentId>3012.fe61fc66-7631-4140-b477-1999c2b4d39e</parameterMappingParentId>
                    <useDefault>true</useDefault>
                    <value isNull="true" />
                    <classRef>/12.db884a3c-c533-44b7-bb2d-47bec8ad4022</classRef>
                    <isList>false</isList>
                    <isInput>true</isInput>
                    <guid>guid:197d4ddc90fc5427:-1c619ffe:11def1582ed:-7a3f</guid>
                    <versionId>fbfeb781-286c-41fe-bec0-0ea0817e4fb1</versionId>
                    <description isNull="true" />
                </parameterMapping>
            </TWComponent>
        </item>
        <item>
            <lastModified isNull="true" />
            <lastModifiedBy isNull="true" />
            <processItemId>2025.cd754a64-e51a-4240-bd30-f75578768be0</processItemId>
            <processId>1.a3433bd0-b0ca-4049-8edb-f20064e86696</processId>
            <name>Set Subject</name>
            <tWComponentName>Script</tWComponentName>
            <tWComponentId>3011.ecc0f83a-7e8d-4dcc-8836-341c4d93204c</tWComponentId>
            <isLogEnabled>false</isLogEnabled>
            <isTraceEnabled>false</isTraceEnabled>
            <traceCategory isNull="true" />
            <traceLevel isNull="true" />
            <traceMessage isNull="true" />
            <traceSymbolTable isNull="true" />
            <isExecutionContextTraced>false</isExecutionContextTraced>
            <saveExecutionContext>true</saveExecutionContext>
            <documentation isNull="true" />
            <isErrorHandlerEnabled>false</isErrorHandlerEnabled>
            <errorHandlerItemId isNull="true" />
            <guid>guid:6d7d6833d25d646c:101acff:11228b8f1e8:-7eba</guid>
            <versionId>df61581e-6caf-481b-b3c3-a71e3678df9c</versionId>
            <externalServiceRef isNull="true" />
            <externalServiceOp isNull="true" />
            <nodeColor isNull="true" />
            <layoutData x="464" y="83">
                <errorLink>
                    <controlPoints />
                    <showEndState>false</showEndState>
                    <showName>false</showName>
                </errorLink>
            </layoutData>
            <TWComponent>
                <lastModified isNull="true" />
                <lastModifiedBy isNull="true" />
                <scriptId>3011.ecc0f83a-7e8d-4dcc-8836-341c4d93204c</scriptId>
                <scriptTypeId>128</scriptTypeId>
                <isActive>true</isActive>
                <script>tw.local.subject
SLA '&lt;#= tw.local.violationRecord.slaName #&gt;' has become violated</script>
                <isRule>false</isRule>
                <guid>guid:197d4ddc90fc5427:-1c619ffe:11def1582ed:-7a31</guid>
                <versionId>2bcfdbd0-6a22-448a-a857-51047949a2cc</versionId>
            </TWComponent>
        </item>
        <startingProcessItemId>2025.d2b0ce77-ead6-4b01-965e-f6d2ead0cd0d</startingProcessItemId>
        <errorHandlerItemId isNull="true" />
        <layoutData noConversion="true">
            <errorLink>
                <controlPoints />
                <showEndState>false</showEndState>
                <showName>false</showName>
            </errorLink>
        </layoutData>
        <startPoint>
            <layoutData x="100" y="98">
                <errorLink>
                    <controlPoints />
                    <showEndState>false</showEndState>
                    <showName>false</showName>
                </errorLink>
            </layoutData>
        </startPoint>
        <startLink>
            <fromPort locationId="rightCenter" portType="1" />
            <toPort locationId="leftCenter" portType="2" />
            <layoutData>
                <controlPoints />
                <showEndState>false</showEndState>
                <showName>false</showName>
            </layoutData>
        </startLink>
        <link name="Untitled">
            <lastModified isNull="true" />
            <lastModifiedBy isNull="true" />
            <processLinkId>2027.c0ed7953-19af-469e-866a-e51d8faaa8d4</processLinkId>
            <processId>1.a3433bd0-b0ca-4049-8edb-f20064e86696</processId>
            <description isNull="true" />
            <fromProcessItemId>2025.cd754a64-e51a-4240-bd30-f75578768be0</fromProcessItemId>
            <endStateId>Out</endStateId>
            <toProcessItemId>2025.d856c8b0-c17b-4671-b1e0-9850e074d83c</toProcessItemId>
            <guid>guid:197d4ddc90fc5427:-1c619ffe:11def1582ed:-7a2d</guid>
            <versionId>2a694ea1-26d4-4d7b-a815-d3d567d3d5cd</versionId>
            <layoutData>
                <controlPoints />
                <showEndState>false</showEndState>
                <showName>false</showName>
            </layoutData>
            <fromItemPort locationId="rightCenter" portType="1" />
            <toItemPort locationId="leftCenter" portType="2" />
            <fromProcessItemId>2025.cd754a64-e51a-4240-bd30-f75578768be0</fromProcessItemId>
            <toProcessItemId>2025.d856c8b0-c17b-4671-b1e0-9850e074d83c</toProcessItemId>
        </link>
        <link name="Untitled">
            <lastModified isNull="true" />
            <lastModifiedBy isNull="true" />
            <processLinkId>2027.35b9c3c5-cb83-4e9f-bbca-3f3554c59904</processLinkId>
            <processId>1.a3433bd0-b0ca-4049-8edb-f20064e86696</processId>
            <description isNull="true" />
            <fromProcessItemId>2025.cd754a64-e51a-4240-bd30-f75578768be0</fromProcessItemId>
            <endStateId>Out</endStateId>
            <toProcessItemId>2025.d856c8b0-c17b-4671-b1e0-9850e074d83c</toProcessItemId>
            <guid>guid:197d4ddc90fc5427:-1c619ffe:11def1582ed:-7a2d</guid>
            <versionId>45be55b9-c6fd-4db4-aceb-0042f18c5d54</versionId>
            <layoutData>
                <controlPoints />
                <showEndState>false</showEndState>
                <showName>false</showName>
            </layoutData>
            <fromItemPort locationId="rightCenter" portType="1" />
            <toItemPort locationId="leftCenter" portType="2" />
            <fromProcessItemId>2025.cd754a64-e51a-4240-bd30-f75578768be0</fromProcessItemId>
            <toProcessItemId>2025.d856c8b0-c17b-4671-b1e0-9850e074d83c</toProcessItemId>
        </link>
        <link name="Untitled">
            <lastModified isNull="true" />
            <lastModifiedBy isNull="true" />
            <processLinkId>2027.97332a24-eb68-4185-9dde-1bf9d9f85d36</processLinkId>
            <processId>1.a3433bd0-b0ca-4049-8edb-f20064e86696</processId>
            <description isNull="true" />
            <fromProcessItemId>2025.d2b0ce77-ead6-4b01-965e-f6d2ead0cd0d</fromProcessItemId>
            <endStateId>Out</endStateId>
            <toProcessItemId>2025.cd754a64-e51a-4240-bd30-f75578768be0</toProcessItemId>
            <guid>guid:197d4ddc90fc5427:-1c619ffe:11def1582ed:-7a2f</guid>
            <versionId>605d251a-7833-4a3a-9558-0285b2ab36d6</versionId>
            <layoutData>
                <controlPoints />
                <showEndState>false</showEndState>
                <showName>false</showName>
            </layoutData>
            <fromItemPort locationId="rightCenter" portType="1" />
            <toItemPort locationId="leftCenter" portType="2" />
            <fromProcessItemId>2025.d2b0ce77-ead6-4b01-965e-f6d2ead0cd0d</fromProcessItemId>
            <toProcessItemId>2025.cd754a64-e51a-4240-bd30-f75578768be0</toProcessItemId>
        </link>
        <link name="Untitled">
            <lastModified isNull="true" />
            <lastModifiedBy isNull="true" />
            <processLinkId>2027.87583f15-038f-49a1-ac10-7716d9a09a8b</processLinkId>
            <processId>1.a3433bd0-b0ca-4049-8edb-f20064e86696</processId>
            <description isNull="true" />
            <fromProcessItemId>2025.202d6a13-ea06-44dc-8208-32b7185db848</fromProcessItemId>
            <endStateId>guid:6d7d6833d25d646c:143c423:11226a15f86:-7d8b</endStateId>
            <toProcessItemId>2025.db2c6fc8-3f5b-45be-b819-cf5b7368c8b1</toProcessItemId>
            <guid>guid:197d4ddc90fc5427:-1c619ffe:11def1582ed:-7a29</guid>
            <versionId>67a08aac-5d36-44ae-93bf-7ae32726a572</versionId>
            <layoutData>
                <controlPoints />
                <showEndState>false</showEndState>
                <showName>false</showName>
            </layoutData>
            <fromItemPort locationId="rightCenter" portType="1" />
            <toItemPort locationId="leftCenter" portType="2" />
            <fromProcessItemId>2025.202d6a13-ea06-44dc-8208-32b7185db848</fromProcessItemId>
            <toProcessItemId>2025.db2c6fc8-3f5b-45be-b819-cf5b7368c8b1</toProcessItemId>
        </link>
        <link name="Untitled">
            <lastModified isNull="true" />
            <lastModifiedBy isNull="true" />
            <processLinkId>2027.ae6f0fb5-8f27-42f4-bbff-5a18c60244d5</processLinkId>
            <processId>1.a3433bd0-b0ca-4049-8edb-f20064e86696</processId>
            <description isNull="true" />
            <fromProcessItemId>2025.d2b0ce77-ead6-4b01-965e-f6d2ead0cd0d</fromProcessItemId>
            <endStateId>Out</endStateId>
            <toProcessItemId>2025.cd754a64-e51a-4240-bd30-f75578768be0</toProcessItemId>
            <guid>guid:197d4ddc90fc5427:-1c619ffe:11def1582ed:-7a2f</guid>
            <versionId>86910186-5241-4f4b-8a63-3eebe248fc09</versionId>
            <layoutData>
                <controlPoints />
                <showEndState>false</showEndState>
                <showName>false</showName>
            </layoutData>
            <fromItemPort locationId="rightCenter" portType="1" />
            <toItemPort locationId="leftCenter" portType="2" />
            <fromProcessItemId>2025.d2b0ce77-ead6-4b01-965e-f6d2ead0cd0d</fromProcessItemId>
            <toProcessItemId>2025.cd754a64-e51a-4240-bd30-f75578768be0</toProcessItemId>
        </link>
        <link name="Untitled">
            <lastModified isNull="true" />
            <lastModifiedBy isNull="true" />
            <processLinkId>2027.97981074-0fcd-4152-8255-afaa4fded5c6</processLinkId>
            <processId>1.a3433bd0-b0ca-4049-8edb-f20064e86696</processId>
            <description isNull="true" />
            <fromProcessItemId>2025.d856c8b0-c17b-4671-b1e0-9850e074d83c</fromProcessItemId>
            <endStateId>Out</endStateId>
            <toProcessItemId>2025.202d6a13-ea06-44dc-8208-32b7185db848</toProcessItemId>
            <guid>guid:197d4ddc90fc5427:-1c619ffe:11def1582ed:-7a2b</guid>
            <versionId>c6e0adb3-8cbc-40b1-b5f1-46725a117f80</versionId>
            <layoutData>
                <controlPoints />
                <showEndState>false</showEndState>
                <showName>false</showName>
            </layoutData>
            <fromItemPort locationId="rightCenter" portType="1" />
            <toItemPort locationId="leftCenter" portType="2" />
            <fromProcessItemId>2025.d856c8b0-c17b-4671-b1e0-9850e074d83c</fromProcessItemId>
            <toProcessItemId>2025.202d6a13-ea06-44dc-8208-32b7185db848</toProcessItemId>
        </link>
        <link name="Untitled">
            <lastModified isNull="true" />
            <lastModifiedBy isNull="true" />
            <processLinkId>2027.a7c6421b-47b9-46af-bd80-e2e4abd5316c</processLinkId>
            <processId>1.a3433bd0-b0ca-4049-8edb-f20064e86696</processId>
            <description isNull="true" />
            <fromProcessItemId>2025.d856c8b0-c17b-4671-b1e0-9850e074d83c</fromProcessItemId>
            <endStateId>Out</endStateId>
            <toProcessItemId>2025.202d6a13-ea06-44dc-8208-32b7185db848</toProcessItemId>
            <guid>guid:197d4ddc90fc5427:-1c619ffe:11def1582ed:-7a2b</guid>
            <versionId>c8b4eed1-b365-417c-b08a-86e4ce00d29d</versionId>
            <layoutData>
                <controlPoints />
                <showEndState>false</showEndState>
                <showName>false</showName>
            </layoutData>
            <fromItemPort locationId="rightCenter" portType="1" />
            <toItemPort locationId="leftCenter" portType="2" />
            <fromProcessItemId>2025.d856c8b0-c17b-4671-b1e0-9850e074d83c</fromProcessItemId>
            <toProcessItemId>2025.202d6a13-ea06-44dc-8208-32b7185db848</toProcessItemId>
        </link>
    </process>
</teamworks>

