<?xml version="1.0" encoding="UTF-8"?>
<teamworks>
    <process id="1.aa1410a7-acbe-46a4-be28-83a0fc6e9c25" name="Read email via IMAP">
        <lastModified>1361372673512</lastModified>
        <lastModifiedBy>Internal TW Admin user</lastModifiedBy>
        <processId>1.aa1410a7-acbe-46a4-be28-83a0fc6e9c25</processId>
        <image isNull="true" />
        <tabGroup isNull="true" />
        <startingProcessItemId>2025.32705a85-d2fe-4238-b97a-d53cdf8f34e0</startingProcessItemId>
        <isRootProcess>false</isRootProcess>
        <processType>4</processType>
        <isErrorHandlerEnabled>false</isErrorHandlerEnabled>
        <errorHandlerItemId isNull="true" />
        <isLoggingVariables>false</isLoggingVariables>
        <isTransactional>false</isTransactional>
        <processTimingLevel isNull="true" />
        <participantRef isNull="true" />
        <exposedType isNull="true" />
        <isTrackingEnabled>true</isTrackingEnabled>
        <xmlData isNull="true" />
        <cachingType>false</cachingType>
        <itemLabel isNull="true" />
        <cacheLength>43200</cacheLength>
        <mobileReady>false</mobileReady>
        <sboSyncEnabled>true</sboSyncEnabled>
        <externalId isNull="true" />
        <isSecured>false</isSecured>
        <isAjaxExposed>false</isAjaxExposed>
        <description>Retrieves email from IMAP Mail Server</description>
        <guid>guid:12be50909032b80c:18f81ea7:11f41c537ad:-6871</guid>
        <versionId>4c6542d8-3548-4bcd-8305-ec8a4cd1f0cf</versionId>
        <dependencySummary isNull="true" />
        <jsonData isNull="true" />
        <field1 isNull="true" />
        <field2 isNull="true" />
        <field3>0</field3>
        <field4 isNull="true" />
        <field5>false</field5>
        <clobField1 isNull="true" />
        <blobField1 isNull="true" />
        <processParameter name="server">
            <lastModified isNull="true" />
            <lastModifiedBy isNull="true" />
            <processParameterId>2055.526fa1a7-b53a-470e-82e0-bb45cec8ba3b</processParameterId>
            <processId>1.aa1410a7-acbe-46a4-be28-83a0fc6e9c25</processId>
            <parameterType>1</parameterType>
            <isArrayOf>false</isArrayOf>
            <classId>/12.db884a3c-c533-44b7-bb2d-47bec8ad4022</classId>
            <seq>1</seq>
            <hasDefault>false</hasDefault>
            <defaultValue isNull="true" />
            <isLocked>false</isLocked>
            <description>Name of IMAP mail server</description>
            <guid>guid:12be50909032b80c:18f81ea7:11f41c537ad:-682e</guid>
            <versionId>7f22f2d5-7780-4796-a423-730406ccd697</versionId>
        </processParameter>
        <processParameter name="username">
            <lastModified isNull="true" />
            <lastModifiedBy isNull="true" />
            <processParameterId>2055.e61abc9d-e16c-4cb2-a0c1-76137df6e148</processParameterId>
            <processId>1.aa1410a7-acbe-46a4-be28-83a0fc6e9c25</processId>
            <parameterType>1</parameterType>
            <isArrayOf>false</isArrayOf>
            <classId>/12.db884a3c-c533-44b7-bb2d-47bec8ad4022</classId>
            <seq>2</seq>
            <hasDefault>false</hasDefault>
            <defaultValue isNull="true" />
            <isLocked>false</isLocked>
            <description isNull="true" />
            <guid>guid:12be50909032b80c:18f81ea7:11f41c537ad:-6824</guid>
            <versionId>10e7e128-2901-473d-96c2-b4d258bc3873</versionId>
        </processParameter>
        <processParameter name="password">
            <lastModified isNull="true" />
            <lastModifiedBy isNull="true" />
            <processParameterId>2055.e14f9491-99d2-4e95-8c2a-450c6bc2c345</processParameterId>
            <processId>1.aa1410a7-acbe-46a4-be28-83a0fc6e9c25</processId>
            <parameterType>1</parameterType>
            <isArrayOf>false</isArrayOf>
            <classId>/12.db884a3c-c533-44b7-bb2d-47bec8ad4022</classId>
            <seq>3</seq>
            <hasDefault>false</hasDefault>
            <defaultValue isNull="true" />
            <isLocked>false</isLocked>
            <description isNull="true" />
            <guid>guid:12be50909032b80c:18f81ea7:11f41c537ad:-6823</guid>
            <versionId>3b567688-ee9f-4d02-96cd-75bbca644761</versionId>
        </processParameter>
        <processParameter name="mailbox">
            <lastModified isNull="true" />
            <lastModifiedBy isNull="true" />
            <processParameterId>2055.6ea5bbac-65c5-458d-a799-a69fd687f0dc</processParameterId>
            <processId>1.aa1410a7-acbe-46a4-be28-83a0fc6e9c25</processId>
            <parameterType>1</parameterType>
            <isArrayOf>false</isArrayOf>
            <classId>/12.db884a3c-c533-44b7-bb2d-47bec8ad4022</classId>
            <seq>4</seq>
            <hasDefault>false</hasDefault>
            <defaultValue isNull="true" />
            <isLocked>false</isLocked>
            <description>Name of mailbox</description>
            <guid>guid:12be50909032b80c:18f81ea7:11f41c537ad:-6822</guid>
            <versionId>cd77e4bd-c981-4fb1-9098-956c6e60e3ec</versionId>
        </processParameter>
        <processParameter name="returnAttachments">
            <lastModified isNull="true" />
            <lastModifiedBy isNull="true" />
            <processParameterId>2055.fd88f5d3-361f-4231-b27f-59ea0797cfbd</processParameterId>
            <processId>1.aa1410a7-acbe-46a4-be28-83a0fc6e9c25</processId>
            <parameterType>1</parameterType>
            <isArrayOf>false</isArrayOf>
            <classId>/12.83ff975e-8dbc-42e5-b738-fa8bc08274a2</classId>
            <seq>5</seq>
            <hasDefault>true</hasDefault>
            <defaultValue>false</defaultValue>
            <isLocked>false</isLocked>
            <description>Return file attachments</description>
            <guid>guid:12be50909032b80c:18f81ea7:11f41c537ad:-681e</guid>
            <versionId>70aaf871-7359-4bcb-bb4f-f3dc09ee1872</versionId>
        </processParameter>
        <processParameter name="scanForVariables">
            <lastModified isNull="true" />
            <lastModifiedBy isNull="true" />
            <processParameterId>2055.5d1a77af-99f7-4a4a-b6d7-fdc28472ae5c</processParameterId>
            <processId>1.aa1410a7-acbe-46a4-be28-83a0fc6e9c25</processId>
            <parameterType>1</parameterType>
            <isArrayOf>false</isArrayOf>
            <classId>/12.83ff975e-8dbc-42e5-b738-fa8bc08274a2</classId>
            <seq>6</seq>
            <hasDefault>true</hasDefault>
            <defaultValue>false</defaultValue>
            <isLocked>false</isLocked>
            <description>Scan narrative for variables</description>
            <guid>guid:12be50909032b80c:18f81ea7:11f41c537ad:-681d</guid>
            <versionId>6d465ed8-050a-4ebc-baf2-a44639a3bbcf</versionId>
        </processParameter>
        <processParameter name="deleteAfterReading">
            <lastModified isNull="true" />
            <lastModifiedBy isNull="true" />
            <processParameterId>2055.f2dec866-19e5-4b8a-bb83-eca0e237eac6</processParameterId>
            <processId>1.aa1410a7-acbe-46a4-be28-83a0fc6e9c25</processId>
            <parameterType>1</parameterType>
            <isArrayOf>false</isArrayOf>
            <classId>/12.83ff975e-8dbc-42e5-b738-fa8bc08274a2</classId>
            <seq>7</seq>
            <hasDefault>true</hasDefault>
            <defaultValue>false</defaultValue>
            <isLocked>false</isLocked>
            <description>Delete email after processing</description>
            <guid>guid:12be50909032b80c:18f81ea7:11f41c537ad:-680d</guid>
            <versionId>42533bc2-9d8b-4b5f-a5ec-71be85d8a054</versionId>
        </processParameter>
        <processParameter name="results">
            <lastModified isNull="true" />
            <lastModifiedBy isNull="true" />
            <processParameterId>2055.ae49af68-3f52-48ab-8cdf-1c2b80408924</processParameterId>
            <processId>1.aa1410a7-acbe-46a4-be28-83a0fc6e9c25</processId>
            <parameterType>2</parameterType>
            <isArrayOf>false</isArrayOf>
            <classId>/12.8a176cc2-eebb-4310-a9c7-9bc62b3a8002</classId>
            <seq>8</seq>
            <hasDefault>false</hasDefault>
            <defaultValue isNull="true" />
            <isLocked>false</isLocked>
            <description isNull="true" />
            <guid>guid:12be50909032b80c:18f81ea7:11f41c537ad:-67eb</guid>
            <versionId>80f95fac-3f9b-4789-8757-34594c58cc63</versionId>
        </processParameter>
        <item>
            <lastModified isNull="true" />
            <lastModifiedBy isNull="true" />
            <processItemId>2025.4006c30b-9ca5-494f-92f2-ec10179951cd</processItemId>
            <processId>1.aa1410a7-acbe-46a4-be28-83a0fc6e9c25</processId>
            <name>End</name>
            <tWComponentName>ExitPoint</tWComponentName>
            <tWComponentId>3008.bbc2f657-2571-486d-b29d-5be78dd3831b</tWComponentId>
            <isLogEnabled>false</isLogEnabled>
            <isTraceEnabled>false</isTraceEnabled>
            <traceCategory isNull="true" />
            <traceLevel isNull="true" />
            <traceMessage isNull="true" />
            <traceSymbolTable isNull="true" />
            <isExecutionContextTraced>false</isExecutionContextTraced>
            <saveExecutionContext>true</saveExecutionContext>
            <documentation isNull="true" />
            <isErrorHandlerEnabled>false</isErrorHandlerEnabled>
            <errorHandlerItemId isNull="true" />
            <guid>guid:12be50909032b80c:18f81ea7:11f41c537ad:-686f</guid>
            <versionId>0ca56161-f56a-4fc1-8a94-efd5c60672f2</versionId>
            <externalServiceRef isNull="true" />
            <externalServiceOp isNull="true" />
            <nodeColor isNull="true" />
            <layoutData x="318" y="100">
                <errorLink>
                    <controlPoints />
                    <showEndState>false</showEndState>
                    <showName>false</showName>
                </errorLink>
            </layoutData>
            <TWComponent>
                <lastModified isNull="true" />
                <lastModifiedBy isNull="true" />
                <exitPointId>3008.bbc2f657-2571-486d-b29d-5be78dd3831b</exitPointId>
                <haltProcess>false</haltProcess>
                <guid>guid:12be50909032b80c:18f81ea7:11f41c537ad:-686e</guid>
                <versionId>5d91beb3-a4d6-467a-8eef-910a96bef5e2</versionId>
            </TWComponent>
        </item>
        <item>
            <lastModified isNull="true" />
            <lastModifiedBy isNull="true" />
            <processItemId>2025.32705a85-d2fe-4238-b97a-d53cdf8f34e0</processItemId>
            <processId>1.aa1410a7-acbe-46a4-be28-83a0fc6e9c25</processId>
            <name>Read Messages</name>
            <tWComponentName>JavaConnector</tWComponentName>
            <tWComponentId>3022.e3ffe132-711c-4dca-8084-387976402eae</tWComponentId>
            <isLogEnabled>false</isLogEnabled>
            <isTraceEnabled>false</isTraceEnabled>
            <traceCategory isNull="true" />
            <traceLevel isNull="true" />
            <traceMessage isNull="true" />
            <traceSymbolTable isNull="true" />
            <isExecutionContextTraced>false</isExecutionContextTraced>
            <saveExecutionContext>false</saveExecutionContext>
            <documentation isNull="true" />
            <isErrorHandlerEnabled>false</isErrorHandlerEnabled>
            <errorHandlerItemId isNull="true" />
            <guid>guid:12be50909032b80c:18f81ea7:11f41c537ad:-685e</guid>
            <versionId>3f0be9fd-c71c-4919-98d6-c77efbfaf422</versionId>
            <externalServiceRef isNull="true" />
            <externalServiceOp isNull="true" />
            <nodeColor isNull="true" />
            <layoutData x="149" y="85">
                <errorLink>
                    <controlPoints />
                    <showEndState>false</showEndState>
                    <showName>false</showName>
                </errorLink>
            </layoutData>
            <TWComponent>
                <lastModified isNull="true" />
                <lastModifiedBy isNull="true" />
                <javaConnectorId>3022.e3ffe132-711c-4dca-8084-387976402eae</javaConnectorId>
                <definition>&lt;connector&gt;
  &lt;javaClassName&gt;teamworks.Mail&lt;/javaClassName&gt;
  &lt;methodName&gt;getIMAPMessages&lt;/methodName&gt;
  &lt;inputRecord&gt;
    &lt;element type="java.lang.String" nativeType="java.lang.String" parameter="Parameter 0" argument="tw.local.server" description="server" /&gt;
    &lt;element type="java.lang.String" nativeType="java.lang.String" parameter="Parameter 1" argument="tw.local.username" description="username" /&gt;
    &lt;element type="java.lang.String" nativeType="java.lang.String" parameter="Parameter 2" argument="tw.local.password" description="password" /&gt;
    &lt;element type="java.lang.String" nativeType="java.lang.String" parameter="Parameter 3" argument="tw.local.mailbox" description="mailBox" /&gt;
    &lt;element type="java.lang.Boolean" nativeType="boolean" parameter="Parameter 4" argument="tw.local.returnAttachments" description="flgReturnAtt" /&gt;
    &lt;element type="java.lang.Boolean" nativeType="boolean" parameter="Parameter 5" argument="tw.local.scanForVariables" description="flgScanNarrative" /&gt;
    &lt;element type="java.lang.Boolean" nativeType="boolean" parameter="Parameter 6" argument="tw.local.deleteAfterReading" description="flgDeleteRead" /&gt;
  &lt;/inputRecord&gt;
  &lt;outputRecord&gt;
    &lt;element type="org.jdom.Element" nativeType="org.jdom.Element" parameter="Return Value" argument="tw.local.results" description="" /&gt;
  &lt;/outputRecord&gt;
&lt;/connector&gt;</definition>
                <guid>guid:12be50909032b80c:18f81ea7:11f41c537ad:-685f</guid>
                <versionId>35e9c5a9-9474-40c1-802d-1227d2253459</versionId>
            </TWComponent>
        </item>
        <startingProcessItemId>2025.32705a85-d2fe-4238-b97a-d53cdf8f34e0</startingProcessItemId>
        <errorHandlerItemId isNull="true" />
        <layoutData noConversion="true">
            <errorLink>
                <controlPoints />
                <showEndState>false</showEndState>
                <showName>false</showName>
            </errorLink>
        </layoutData>
        <startPoint>
            <layoutData x="20" y="100">
                <errorLink>
                    <controlPoints />
                    <showEndState>false</showEndState>
                    <showName>false</showName>
                </errorLink>
            </layoutData>
        </startPoint>
        <startLink>
            <fromPort locationId="rightCenter" portType="1" />
            <toPort locationId="leftCenter" portType="2" />
            <layoutData>
                <controlPoints />
                <showEndState>false</showEndState>
                <showName>false</showName>
            </layoutData>
        </startLink>
        <link name="Untitled">
            <lastModified isNull="true" />
            <lastModifiedBy isNull="true" />
            <processLinkId>2027.805c6753-43b8-4cc7-a742-9edce294200f</processLinkId>
            <processId>1.aa1410a7-acbe-46a4-be28-83a0fc6e9c25</processId>
            <description isNull="true" />
            <fromProcessItemId>2025.32705a85-d2fe-4238-b97a-d53cdf8f34e0</fromProcessItemId>
            <endStateId>Out</endStateId>
            <toProcessItemId>2025.4006c30b-9ca5-494f-92f2-ec10179951cd</toProcessItemId>
            <guid>guid:12be50909032b80c:18f81ea7:11f41c537ad:-67b2</guid>
            <versionId>f0c67db3-06fc-4984-837b-f1ae25e0a7f8</versionId>
            <layoutData>
                <controlPoints />
                <showEndState>false</showEndState>
                <showName>false</showName>
            </layoutData>
            <fromItemPort locationId="rightCenter" portType="1" />
            <toItemPort locationId="leftCenter" portType="2" />
            <fromProcessItemId>2025.32705a85-d2fe-4238-b97a-d53cdf8f34e0</fromProcessItemId>
            <toProcessItemId>2025.4006c30b-9ca5-494f-92f2-ec10179951cd</toProcessItemId>
        </link>
    </process>
</teamworks>

