<?xml version="1.0" encoding="UTF-8"?>
<teamworks>
    <process id="1.b258f369-1dde-48bb-8158-366d49cc0317" name="Read from HTTP">
        <lastModified>1361372673512</lastModified>
        <lastModifiedBy>Internal TW Admin user</lastModifiedBy>
        <processId>1.b258f369-1dde-48bb-8158-366d49cc0317</processId>
        <image isNull="true" />
        <tabGroup isNull="true" />
        <startingProcessItemId>2025.c3635261-4cd5-4aea-a35f-9d81005066be</startingProcessItemId>
        <isRootProcess>false</isRootProcess>
        <processType>4</processType>
        <isErrorHandlerEnabled>false</isErrorHandlerEnabled>
        <errorHandlerItemId isNull="true" />
        <isLoggingVariables>false</isLoggingVariables>
        <isTransactional>false</isTransactional>
        <processTimingLevel isNull="true" />
        <participantRef isNull="true" />
        <exposedType isNull="true" />
        <isTrackingEnabled>true</isTrackingEnabled>
        <xmlData isNull="true" />
        <cachingType>false</cachingType>
        <itemLabel isNull="true" />
        <cacheLength>43200</cacheLength>
        <mobileReady>false</mobileReady>
        <sboSyncEnabled>true</sboSyncEnabled>
        <externalId isNull="true" />
        <isSecured>false</isSecured>
        <isAjaxExposed>false</isAjaxExposed>
        <description>Posts a HTTP Request, optionally with Basic Authentication.</description>
        <guid>guid:12be50909032b80c:18f81ea7:11f41c537ad:-740d</guid>
        <versionId>f52cd105-99dd-440e-8e22-db6acfc0d53f</versionId>
        <dependencySummary isNull="true" />
        <jsonData isNull="true" />
        <field1 isNull="true" />
        <field2 isNull="true" />
        <field3>0</field3>
        <field4 isNull="true" />
        <field5>false</field5>
        <clobField1 isNull="true" />
        <blobField1 isNull="true" />
        <processParameter name="url">
            <lastModified isNull="true" />
            <lastModifiedBy isNull="true" />
            <processParameterId>2055.30d11d02-e620-4fa0-94b7-1aad00944bbc</processParameterId>
            <processId>1.b258f369-1dde-48bb-8158-366d49cc0317</processId>
            <parameterType>1</parameterType>
            <isArrayOf>false</isArrayOf>
            <classId>/12.db884a3c-c533-44b7-bb2d-47bec8ad4022</classId>
            <seq>1</seq>
            <hasDefault>false</hasDefault>
            <defaultValue isNull="true" />
            <isLocked>false</isLocked>
            <description>URL to post HTTP Request to</description>
            <guid>guid:12be50909032b80c:18f81ea7:11f41c537ad:-73cb</guid>
            <versionId>b09258cd-3b42-4fcf-9dea-bfcc87a1c204</versionId>
        </processParameter>
        <processParameter name="params">
            <lastModified isNull="true" />
            <lastModifiedBy isNull="true" />
            <processParameterId>2055.fad93cba-8750-4faf-a2f6-b945ca38a144</processParameterId>
            <processId>1.b258f369-1dde-48bb-8158-366d49cc0317</processId>
            <parameterType>1</parameterType>
            <isArrayOf>false</isArrayOf>
            <classId>/12.90c5b1d3-3fa1-4b3b-ab27-220b0652dc55</classId>
            <seq>2</seq>
            <hasDefault>true</hasDefault>
            <defaultValue isNull="true" />
            <isLocked>false</isLocked>
            <description>POST Parameters to be passed with the HTTP Request</description>
            <guid>guid:12be50909032b80c:18f81ea7:11f41c537ad:-73bb</guid>
            <versionId>a52762ac-c05f-4495-8631-8f35327b1b3d</versionId>
        </processParameter>
        <processParameter name="proxy">
            <lastModified isNull="true" />
            <lastModifiedBy isNull="true" />
            <processParameterId>2055.7556f5e3-02be-4434-beda-bc0939398701</processParameterId>
            <processId>1.b258f369-1dde-48bb-8158-366d49cc0317</processId>
            <parameterType>1</parameterType>
            <isArrayOf>false</isArrayOf>
            <classId>/12.db884a3c-c533-44b7-bb2d-47bec8ad4022</classId>
            <seq>3</seq>
            <hasDefault>true</hasDefault>
            <defaultValue isNull="true" />
            <isLocked>false</isLocked>
            <description isNull="true" />
            <guid>guid:12be50909032b80c:18f81ea7:11f41c537ad:-73ba</guid>
            <versionId>bd143306-fd6c-4738-8ed1-20311924c209</versionId>
        </processParameter>
        <processParameter name="socks">
            <lastModified isNull="true" />
            <lastModifiedBy isNull="true" />
            <processParameterId>2055.c4eefd02-bcc1-4b83-a897-8952b4adafb3</processParameterId>
            <processId>1.b258f369-1dde-48bb-8158-366d49cc0317</processId>
            <parameterType>1</parameterType>
            <isArrayOf>false</isArrayOf>
            <classId>/12.db884a3c-c533-44b7-bb2d-47bec8ad4022</classId>
            <seq>4</seq>
            <hasDefault>true</hasDefault>
            <defaultValue isNull="true" />
            <isLocked>false</isLocked>
            <description isNull="true" />
            <guid>guid:12be50909032b80c:18f81ea7:11f41c537ad:-73b6</guid>
            <versionId>8b36d4ed-1248-4995-bbc8-bdf4b49a309e</versionId>
        </processParameter>
        <processParameter name="sslParameters">
            <lastModified isNull="true" />
            <lastModifiedBy isNull="true" />
            <processParameterId>2055.b55c667e-668e-4582-b12b-3663432da724</processParameterId>
            <processId>1.b258f369-1dde-48bb-8158-366d49cc0317</processId>
            <parameterType>1</parameterType>
            <isArrayOf>false</isArrayOf>
            <classId>/12.90c5b1d3-3fa1-4b3b-ab27-220b0652dc55</classId>
            <seq>5</seq>
            <hasDefault>true</hasDefault>
            <defaultValue isNull="true" />
            <isLocked>false</isLocked>
            <description>SSL Parameters</description>
            <guid>guid:12be50909032b80c:18f81ea7:11f41c537ad:-73b2</guid>
            <versionId>d6bc6470-219c-400b-9001-fc3f0e7487e8</versionId>
        </processParameter>
        <processParameter name="htmlResult">
            <lastModified isNull="true" />
            <lastModifiedBy isNull="true" />
            <processParameterId>2055.b63aee28-e851-4091-a934-5d75b18fd233</processParameterId>
            <processId>1.b258f369-1dde-48bb-8158-366d49cc0317</processId>
            <parameterType>2</parameterType>
            <isArrayOf>false</isArrayOf>
            <classId>/12.db884a3c-c533-44b7-bb2d-47bec8ad4022</classId>
            <seq>6</seq>
            <hasDefault>false</hasDefault>
            <defaultValue isNull="true" />
            <isLocked>false</isLocked>
            <description isNull="true" />
            <guid>guid:12be50909032b80c:18f81ea7:11f41c537ad:-73a5</guid>
            <versionId>7a2daf21-8423-493c-a321-933f26216b51</versionId>
        </processParameter>
        <processParameter name="username">
            <lastModified isNull="true" />
            <lastModifiedBy isNull="true" />
            <processParameterId>2055.ce9d5e74-8a8b-4863-89a2-6a9b01805e5c</processParameterId>
            <processId>1.b258f369-1dde-48bb-8158-366d49cc0317</processId>
            <parameterType>1</parameterType>
            <isArrayOf>false</isArrayOf>
            <classId>/12.db884a3c-c533-44b7-bb2d-47bec8ad4022</classId>
            <seq>7</seq>
            <hasDefault>true</hasDefault>
            <defaultValue isNull="true" />
            <isLocked>false</isLocked>
            <description isNull="true" />
            <guid>guid:12be50909032b80c:18f81ea7:11f41c537ad:-68da</guid>
            <versionId>f610b840-801b-4ca7-a8e2-769bcf1d1bb8</versionId>
        </processParameter>
        <processParameter name="password">
            <lastModified isNull="true" />
            <lastModifiedBy isNull="true" />
            <processParameterId>2055.6be08b50-05a1-44ee-a2ba-4f5400840ba9</processParameterId>
            <processId>1.b258f369-1dde-48bb-8158-366d49cc0317</processId>
            <parameterType>1</parameterType>
            <isArrayOf>false</isArrayOf>
            <classId>/12.db884a3c-c533-44b7-bb2d-47bec8ad4022</classId>
            <seq>8</seq>
            <hasDefault>true</hasDefault>
            <defaultValue isNull="true" />
            <isLocked>false</isLocked>
            <description isNull="true" />
            <guid>guid:12be50909032b80c:18f81ea7:11f41c537ad:-68d0</guid>
            <versionId>bb68dd27-8a09-42f4-93eb-b7acfa28ca4a</versionId>
        </processParameter>
        <processVariable name="parameters">
            <lastModified isNull="true" />
            <lastModifiedBy isNull="true" />
            <processVariableId>2056.9c75d7d9-e387-4036-93bd-d6cc70f655e1</processVariableId>
            <description isNull="true" />
            <processId>1.b258f369-1dde-48bb-8158-366d49cc0317</processId>
            <namespace>2</namespace>
            <seq>1</seq>
            <isArrayOf>false</isArrayOf>
            <isTransient>false</isTransient>
            <classId>/12.db884a3c-c533-44b7-bb2d-47bec8ad4022</classId>
            <hasDefault>false</hasDefault>
            <defaultValue isNull="true" />
            <guid>guid:12be50909032b80c:18f81ea7:11f41c537ad:-72dd</guid>
            <versionId>08fa698c-0f16-44f5-ad59-c1c3093c1b26</versionId>
        </processVariable>
        <processVariable name="parametersXML">
            <lastModified isNull="true" />
            <lastModifiedBy isNull="true" />
            <processVariableId>2056.9e377e11-6953-4564-a047-70d91f549066</processVariableId>
            <description isNull="true" />
            <processId>1.b258f369-1dde-48bb-8158-366d49cc0317</processId>
            <namespace>2</namespace>
            <seq>2</seq>
            <isArrayOf>false</isArrayOf>
            <isTransient>false</isTransient>
            <classId>/12.8a176cc2-eebb-4310-a9c7-9bc62b3a8002</classId>
            <hasDefault>false</hasDefault>
            <defaultValue isNull="true" />
            <guid>guid:12be50909032b80c:18f81ea7:11f41c537ad:-7398</guid>
            <versionId>3e22d412-aa70-4d58-bcc0-b2bf5373fb18</versionId>
        </processVariable>
        <processVariable name="returnXML">
            <lastModified isNull="true" />
            <lastModifiedBy isNull="true" />
            <processVariableId>2056.079a2369-e92e-49ed-b578-820b862be2e8</processVariableId>
            <description isNull="true" />
            <processId>1.b258f369-1dde-48bb-8158-366d49cc0317</processId>
            <namespace>2</namespace>
            <seq>3</seq>
            <isArrayOf>false</isArrayOf>
            <isTransient>false</isTransient>
            <classId>/12.8a176cc2-eebb-4310-a9c7-9bc62b3a8002</classId>
            <hasDefault>false</hasDefault>
            <defaultValue isNull="true" />
            <guid>guid:12be50909032b80c:18f81ea7:11f41c537ad:-7397</guid>
            <versionId>e1da8dbe-11d4-444e-85df-68304b1e98aa</versionId>
        </processVariable>
        <item>
            <lastModified isNull="true" />
            <lastModifiedBy isNull="true" />
            <processItemId>2025.9f514d7e-507b-44b1-9c7c-14f1ba81b024</processItemId>
            <processId>1.b258f369-1dde-48bb-8158-366d49cc0317</processId>
            <name>End</name>
            <tWComponentName>ExitPoint</tWComponentName>
            <tWComponentId>3008.43315577-9fee-4338-8740-2905e3c01af9</tWComponentId>
            <isLogEnabled>false</isLogEnabled>
            <isTraceEnabled>false</isTraceEnabled>
            <traceCategory isNull="true" />
            <traceLevel isNull="true" />
            <traceMessage isNull="true" />
            <traceSymbolTable isNull="true" />
            <isExecutionContextTraced>false</isExecutionContextTraced>
            <saveExecutionContext>true</saveExecutionContext>
            <documentation isNull="true" />
            <isErrorHandlerEnabled>false</isErrorHandlerEnabled>
            <errorHandlerItemId isNull="true" />
            <guid>guid:12be50909032b80c:18f81ea7:11f41c537ad:-740b</guid>
            <versionId>3622c827-e902-4f79-a08b-582542afdc71</versionId>
            <externalServiceRef isNull="true" />
            <externalServiceOp isNull="true" />
            <nodeColor isNull="true" />
            <layoutData x="691" y="133">
                <errorLink>
                    <controlPoints />
                    <showEndState>false</showEndState>
                    <showName>false</showName>
                </errorLink>
            </layoutData>
            <TWComponent>
                <lastModified isNull="true" />
                <lastModifiedBy isNull="true" />
                <exitPointId>3008.43315577-9fee-4338-8740-2905e3c01af9</exitPointId>
                <haltProcess>false</haltProcess>
                <guid>guid:12be50909032b80c:18f81ea7:11f41c537ad:-740a</guid>
                <versionId>21377cd0-f4aa-4119-b8c8-433b22aaa95c</versionId>
            </TWComponent>
        </item>
        <item>
            <lastModified isNull="true" />
            <lastModifiedBy isNull="true" />
            <processItemId>2025.27f69b1e-9aa5-485f-9ec9-9a849b555fee</processItemId>
            <processId>1.b258f369-1dde-48bb-8158-366d49cc0317</processId>
            <name>Has Credentials?</name>
            <tWComponentName>Switch</tWComponentName>
            <tWComponentId>3013.c8cd7947-f97a-470f-9c9f-df740703bb07</tWComponentId>
            <isLogEnabled>false</isLogEnabled>
            <isTraceEnabled>false</isTraceEnabled>
            <traceCategory isNull="true" />
            <traceLevel isNull="true" />
            <traceMessage isNull="true" />
            <traceSymbolTable isNull="true" />
            <isExecutionContextTraced>false</isExecutionContextTraced>
            <saveExecutionContext>false</saveExecutionContext>
            <documentation isNull="true" />
            <isErrorHandlerEnabled>false</isErrorHandlerEnabled>
            <errorHandlerItemId isNull="true" />
            <guid>guid:12be50909032b80c:18f81ea7:11f41c537ad:-68de</guid>
            <versionId>5b6e67bb-d31d-4b33-b73d-ae949ce0a109</versionId>
            <externalServiceRef isNull="true" />
            <externalServiceOp isNull="true" />
            <nodeColor isNull="true" />
            <layoutData x="268" y="133">
                <errorLink>
                    <controlPoints />
                    <showEndState>false</showEndState>
                    <showName>false</showName>
                </errorLink>
            </layoutData>
            <TWComponent>
                <lastModified isNull="true" />
                <lastModifiedBy isNull="true" />
                <switchId>3013.c8cd7947-f97a-470f-9c9f-df740703bb07</switchId>
                <guid>guid:12be50909032b80c:18f81ea7:11f41c537ad:-68df</guid>
                <versionId>99460088-f881-44ff-8a3b-47dbc5c7850b</versionId>
                <SwitchCondition>
                    <lastModified isNull="true" />
                    <lastModifiedBy isNull="true" />
                    <switchConditionId>3014.33fdf9f2-4e4a-4480-8313-59ec4f78a75f</switchConditionId>
                    <switchId>3013.c8cd7947-f97a-470f-9c9f-df740703bb07</switchId>
                    <seq>1</seq>
                    <endStateId>guid:12be50909032b80c:18f81ea7:11f41c537ad:-68c1</endStateId>
                    <condition>tw.local.username != null &amp;&amp; tw.local.username.length &gt; 0</condition>
                    <guid>guid:12be50909032b80c:18f81ea7:11f41c537ad:-68c2</guid>
                    <versionId>beb0fda8-2fca-4ab0-b87e-052d07f54d63</versionId>
                </SwitchCondition>
            </TWComponent>
        </item>
        <item>
            <lastModified isNull="true" />
            <lastModifiedBy isNull="true" />
            <processItemId>2025.2ffc6eee-ac9b-4c85-ba81-eb5e93b6e14e</processItemId>
            <processId>1.b258f369-1dde-48bb-8158-366d49cc0317</processId>
            <name>Extract Result</name>
            <tWComponentName>Script</tWComponentName>
            <tWComponentId>3011.967d1721-a65e-4600-a805-ae878805a139</tWComponentId>
            <isLogEnabled>false</isLogEnabled>
            <isTraceEnabled>false</isTraceEnabled>
            <traceCategory isNull="true" />
            <traceLevel isNull="true" />
            <traceMessage isNull="true" />
            <traceSymbolTable isNull="true" />
            <isExecutionContextTraced>false</isExecutionContextTraced>
            <saveExecutionContext>false</saveExecutionContext>
            <documentation isNull="true" />
            <isErrorHandlerEnabled>false</isErrorHandlerEnabled>
            <errorHandlerItemId isNull="true" />
            <guid>guid:12be50909032b80c:18f81ea7:11f41c537ad:-73d5</guid>
            <versionId>69a9f425-36b5-40a3-8cdd-67465c29b6dc</versionId>
            <externalServiceRef isNull="true" />
            <externalServiceOp isNull="true" />
            <nodeColor isNull="true" />
            <layoutData x="550" y="118">
                <errorLink>
                    <controlPoints />
                    <showEndState>false</showEndState>
                    <showName>false</showName>
                </errorLink>
            </layoutData>
            <TWComponent>
                <lastModified isNull="true" />
                <lastModifiedBy isNull="true" />
                <scriptId>3011.967d1721-a65e-4600-a805-ae878805a139</scriptId>
                <scriptTypeId>2</scriptTypeId>
                <isActive>true</isActive>
                <script>if(tw.local.returnXML != null &amp;&amp; tw.local.returnXML.record != null) {
  tw.local.htmlResult = tw.local.returnXML.record[0].column[0].getText();
}
</script>
                <isRule>false</isRule>
                <guid>guid:12be50909032b80c:18f81ea7:11f41c537ad:-73d6</guid>
                <versionId>c374fa10-996b-45ee-9134-9e83357d3ed0</versionId>
            </TWComponent>
        </item>
        <item>
            <lastModified isNull="true" />
            <lastModifiedBy isNull="true" />
            <processItemId>2025.c3635261-4cd5-4aea-a35f-9d81005066be</processItemId>
            <processId>1.b258f369-1dde-48bb-8158-366d49cc0317</processId>
            <name>Convert Params</name>
            <tWComponentName>Script</tWComponentName>
            <tWComponentId>3011.00ef283b-0a57-4683-a21b-6b1f02aec7d1</tWComponentId>
            <isLogEnabled>false</isLogEnabled>
            <isTraceEnabled>false</isTraceEnabled>
            <traceCategory isNull="true" />
            <traceLevel isNull="true" />
            <traceMessage isNull="true" />
            <traceSymbolTable isNull="true" />
            <isExecutionContextTraced>false</isExecutionContextTraced>
            <saveExecutionContext>false</saveExecutionContext>
            <documentation isNull="true" />
            <isErrorHandlerEnabled>false</isErrorHandlerEnabled>
            <errorHandlerItemId isNull="true" />
            <guid>guid:12be50909032b80c:18f81ea7:11f41c537ad:-73e1</guid>
            <versionId>cc3fdc4d-4593-43b0-a9c2-677281e2b9b0</versionId>
            <externalServiceRef isNull="true" />
            <externalServiceOp isNull="true" />
            <nodeColor isNull="true" />
            <layoutData x="147" y="118">
                <errorLink>
                    <controlPoints />
                    <showEndState>false</showEndState>
                    <showName>false</showName>
                </errorLink>
            </layoutData>
            <TWComponent>
                <lastModified isNull="true" />
                <lastModifiedBy isNull="true" />
                <scriptId>3011.00ef283b-0a57-4683-a21b-6b1f02aec7d1</scriptId>
                <scriptTypeId>2</scriptTypeId>
                <isActive>true</isActive>
                <script>tw.local.parametersXML = new tw.object.XMLElement("parameters");

if(tw.local.params != null) {
  var names = tw.local.params.keyArray();
  for(var i = 0; i &lt; names.length; i++) {
    var name = names[i];
    var value = tw.local.params.get(name);
    if(value != null &amp;&amp; value != '') {
      var parameterElement = new tw.object.XMLElement("parameter");
      parameterElement.setAttribute("name", name);
      parameterElement.setText(value);
	  tw.local.parametersXML.appendChild(parameterElement);
    }
  }
}

tw.local.parameters = tw.local.parametersXML.toString(true);
</script>
                <isRule>false</isRule>
                <guid>guid:12be50909032b80c:18f81ea7:11f41c537ad:-73e2</guid>
                <versionId>606faa71-26c6-450b-8051-dd86a97444cd</versionId>
            </TWComponent>
        </item>
        <item>
            <lastModified isNull="true" />
            <lastModifiedBy isNull="true" />
            <processItemId>2025.defff705-ece8-4ae5-b3bc-82679ab12d54</processItemId>
            <processId>1.b258f369-1dde-48bb-8158-366d49cc0317</processId>
            <name>HTTP Read</name>
            <tWComponentName>JavaConnector</tWComponentName>
            <tWComponentId>3022.2d322c44-2084-4405-9c21-ae4a50bd3f7d</tWComponentId>
            <isLogEnabled>false</isLogEnabled>
            <isTraceEnabled>false</isTraceEnabled>
            <traceCategory isNull="true" />
            <traceLevel isNull="true" />
            <traceMessage isNull="true" />
            <traceSymbolTable isNull="true" />
            <isExecutionContextTraced>false</isExecutionContextTraced>
            <saveExecutionContext>false</saveExecutionContext>
            <documentation isNull="true" />
            <isErrorHandlerEnabled>false</isErrorHandlerEnabled>
            <errorHandlerItemId isNull="true" />
            <guid>guid:12be50909032b80c:18f81ea7:11f41c537ad:-73fa</guid>
            <versionId>d8a66cff-2811-48fc-8928-f70ee7b2c307</versionId>
            <externalServiceRef isNull="true" />
            <externalServiceOp isNull="true" />
            <nodeColor isNull="true" />
            <layoutData x="390" y="54">
                <errorLink>
                    <controlPoints />
                    <showEndState>false</showEndState>
                    <showName>false</showName>
                </errorLink>
            </layoutData>
            <TWComponent>
                <lastModified isNull="true" />
                <lastModifiedBy isNull="true" />
                <javaConnectorId>3022.2d322c44-2084-4405-9c21-ae4a50bd3f7d</javaConnectorId>
                <definition>&lt;connector&gt;
  &lt;javaClassName&gt;teamworks.HTTPClient&lt;/javaClassName&gt;
  &lt;methodName&gt;talk&lt;/methodName&gt;
  &lt;inputRecord&gt;
    &lt;element type="java.lang.String" nativeType="java.lang.String" parameter="Parameter 0" argument="tw.local.url" description="url" /&gt;
    &lt;element type="java.lang.String" nativeType="java.lang.String" parameter="Parameter 1" argument="tw.local.parameters" description="postParms" /&gt;
    &lt;element type="java.lang.String" nativeType="java.lang.String" parameter="Parameter 2" argument="tw.local.proxy" description="proxy" /&gt;
    &lt;element type="java.lang.String" nativeType="java.lang.String" parameter="Parameter 3" argument="tw.local.socks" description="socks" /&gt;
    &lt;element type="java.util.HashMap" nativeType="java.util.HashMap" parameter="Parameter 4" argument="tw.local.sslParameters" description="sslParms" /&gt;
  &lt;/inputRecord&gt;
  &lt;outputRecord&gt;
    &lt;element type="org.jdom.Element" nativeType="org.jdom.Element" parameter="Return Value" argument="tw.local.returnXML" description="" /&gt;
  &lt;/outputRecord&gt;
&lt;/connector&gt;</definition>
                <guid>guid:12be50909032b80c:18f81ea7:11f41c537ad:-73fb</guid>
                <versionId>5bee6dee-ef27-402d-80c2-846a988b65a3</versionId>
            </TWComponent>
        </item>
        <item>
            <lastModified isNull="true" />
            <lastModifiedBy isNull="true" />
            <processItemId>2025.6d04281d-4f21-4cfe-8399-b6de478187c2</processItemId>
            <processId>1.b258f369-1dde-48bb-8158-366d49cc0317</processId>
            <name>Read with Auth</name>
            <tWComponentName>JavaConnector</tWComponentName>
            <tWComponentId>3022.616afcf5-951e-48e0-944f-0eb13bb8cd67</tWComponentId>
            <isLogEnabled>false</isLogEnabled>
            <isTraceEnabled>false</isTraceEnabled>
            <traceCategory isNull="true" />
            <traceLevel isNull="true" />
            <traceMessage isNull="true" />
            <traceSymbolTable isNull="true" />
            <isExecutionContextTraced>false</isExecutionContextTraced>
            <saveExecutionContext>false</saveExecutionContext>
            <documentation isNull="true" />
            <isErrorHandlerEnabled>false</isErrorHandlerEnabled>
            <errorHandlerItemId isNull="true" />
            <guid>guid:12be50909032b80c:18f81ea7:11f41c537ad:-68f9</guid>
            <versionId>ea6da080-697a-4e04-b904-d91dbbbc78cd</versionId>
            <externalServiceRef isNull="true" />
            <externalServiceOp isNull="true" />
            <nodeColor isNull="true" />
            <layoutData x="390" y="168">
                <errorLink>
                    <controlPoints />
                    <showEndState>false</showEndState>
                    <showName>false</showName>
                </errorLink>
            </layoutData>
            <TWComponent>
                <lastModified isNull="true" />
                <lastModifiedBy isNull="true" />
                <javaConnectorId>3022.616afcf5-951e-48e0-944f-0eb13bb8cd67</javaConnectorId>
                <definition>&lt;connector&gt;
  &lt;javaClassName&gt;teamworks.HTTPClient2&lt;/javaClassName&gt;
  &lt;methodName&gt;talk&lt;/methodName&gt;
  &lt;inputRecord&gt;
    &lt;element type="java.lang.String" nativeType="java.lang.String" parameter="Parameter 0" argument="tw.local.url" description="url" /&gt;
    &lt;element type="java.lang.String" nativeType="java.lang.String" parameter="Parameter 1" argument="tw.local.parameters" description="postParms" /&gt;
    &lt;element type="java.lang.String" nativeType="java.lang.String" parameter="Parameter 2" argument="tw.local.proxy" description="proxy" /&gt;
    &lt;element type="java.lang.String" nativeType="java.lang.String" parameter="Parameter 3" argument="tw.local.socks" description="socks" /&gt;
    &lt;element type="java.util.HashMap" nativeType="java.util.HashMap" parameter="Parameter 4" argument="tw.local.sslParameters" description="sslParms" /&gt;
    &lt;element type="java.lang.String" nativeType="java.lang.String" parameter="Parameter 5" argument="tw.local.username" description="userName" /&gt;
    &lt;element type="java.lang.String" nativeType="java.lang.String" parameter="Parameter 6" argument="tw.local.password" description="password" /&gt;
  &lt;/inputRecord&gt;
  &lt;outputRecord&gt;
    &lt;element type="org.jdom.Element" nativeType="org.jdom.Element" parameter="Return Value" argument="tw.local.returnXML" description="" /&gt;
  &lt;/outputRecord&gt;
&lt;/connector&gt;</definition>
                <guid>guid:12be50909032b80c:18f81ea7:11f41c537ad:-68fa</guid>
                <versionId>19786559-4a5d-485d-9bf1-904db4217b13</versionId>
            </TWComponent>
        </item>
        <startingProcessItemId>2025.c3635261-4cd5-4aea-a35f-9d81005066be</startingProcessItemId>
        <errorHandlerItemId isNull="true" />
        <layoutData noConversion="true">
            <errorLink>
                <controlPoints />
                <showEndState>false</showEndState>
                <showName>false</showName>
            </errorLink>
        </layoutData>
        <startPoint>
            <layoutData x="37" y="133">
                <errorLink>
                    <controlPoints />
                    <showEndState>false</showEndState>
                    <showName>false</showName>
                </errorLink>
            </layoutData>
        </startPoint>
        <startLink>
            <fromPort locationId="rightCenter" portType="1" />
            <toPort locationId="leftCenter" portType="2" />
            <layoutData>
                <controlPoints />
                <showEndState>false</showEndState>
                <showName>false</showName>
            </layoutData>
        </startLink>
        <link name="No">
            <lastModified isNull="true" />
            <lastModifiedBy isNull="true" />
            <processLinkId>2027.2cff8a27-fa95-4265-9c0d-9a3a55e275b5</processLinkId>
            <processId>1.b258f369-1dde-48bb-8158-366d49cc0317</processId>
            <description isNull="true" />
            <fromProcessItemId>2025.27f69b1e-9aa5-485f-9ec9-9a849b555fee</fromProcessItemId>
            <endStateId>DEFAULT</endStateId>
            <toProcessItemId>2025.defff705-ece8-4ae5-b3bc-82679ab12d54</toProcessItemId>
            <guid>guid:12be50909032b80c:18f81ea7:11f41c537ad:-68c3</guid>
            <versionId>05ac87ed-e034-44d1-8e1d-f88825457e30</versionId>
            <layoutData>
                <controlPoints />
                <showEndState>false</showEndState>
                <showName>true</showName>
            </layoutData>
            <fromItemPort locationId="rightCenter" portType="1" />
            <toItemPort locationId="leftCenter" portType="2" />
            <fromProcessItemId>2025.27f69b1e-9aa5-485f-9ec9-9a849b555fee</fromProcessItemId>
            <toProcessItemId>2025.defff705-ece8-4ae5-b3bc-82679ab12d54</toProcessItemId>
        </link>
        <link name="Untitled">
            <lastModified isNull="true" />
            <lastModifiedBy isNull="true" />
            <processLinkId>2027.3b303d4a-cac7-4886-bca2-c7488be2cc34</processLinkId>
            <processId>1.b258f369-1dde-48bb-8158-366d49cc0317</processId>
            <description isNull="true" />
            <fromProcessItemId>2025.defff705-ece8-4ae5-b3bc-82679ab12d54</fromProcessItemId>
            <endStateId>Out</endStateId>
            <toProcessItemId>2025.2ffc6eee-ac9b-4c85-ba81-eb5e93b6e14e</toProcessItemId>
            <guid>guid:12be50909032b80c:18f81ea7:11f41c537ad:-73a3</guid>
            <versionId>3b42e4e2-5178-43ee-b2e7-33ac55a025ef</versionId>
            <layoutData>
                <controlPoints />
                <showEndState>false</showEndState>
                <showName>false</showName>
            </layoutData>
            <fromItemPort locationId="rightCenter" portType="1" />
            <toItemPort locationId="leftCenter" portType="2" />
            <fromProcessItemId>2025.defff705-ece8-4ae5-b3bc-82679ab12d54</fromProcessItemId>
            <toProcessItemId>2025.2ffc6eee-ac9b-4c85-ba81-eb5e93b6e14e</toProcessItemId>
        </link>
        <link name="Untitled">
            <lastModified isNull="true" />
            <lastModifiedBy isNull="true" />
            <processLinkId>2027.58ab74db-f6dc-4363-af02-c71298433511</processLinkId>
            <processId>1.b258f369-1dde-48bb-8158-366d49cc0317</processId>
            <description isNull="true" />
            <fromProcessItemId>2025.2ffc6eee-ac9b-4c85-ba81-eb5e93b6e14e</fromProcessItemId>
            <endStateId>Out</endStateId>
            <toProcessItemId>2025.9f514d7e-507b-44b1-9c7c-14f1ba81b024</toProcessItemId>
            <guid>guid:12be50909032b80c:18f81ea7:11f41c537ad:-73a2</guid>
            <versionId>6bf47822-39c9-494c-8d28-43bce22081ba</versionId>
            <layoutData>
                <controlPoints />
                <showEndState>false</showEndState>
                <showName>false</showName>
            </layoutData>
            <fromItemPort locationId="rightCenter" portType="1" />
            <toItemPort locationId="leftCenter" portType="2" />
            <fromProcessItemId>2025.2ffc6eee-ac9b-4c85-ba81-eb5e93b6e14e</fromProcessItemId>
            <toProcessItemId>2025.9f514d7e-507b-44b1-9c7c-14f1ba81b024</toProcessItemId>
        </link>
        <link name="Untitled">
            <lastModified isNull="true" />
            <lastModifiedBy isNull="true" />
            <processLinkId>2027.d0824657-65c2-420b-be03-4ecee7d227d5</processLinkId>
            <processId>1.b258f369-1dde-48bb-8158-366d49cc0317</processId>
            <description isNull="true" />
            <fromProcessItemId>2025.c3635261-4cd5-4aea-a35f-9d81005066be</fromProcessItemId>
            <endStateId>Out</endStateId>
            <toProcessItemId>2025.27f69b1e-9aa5-485f-9ec9-9a849b555fee</toProcessItemId>
            <guid>guid:12be50909032b80c:18f81ea7:11f41c537ad:-68bc</guid>
            <versionId>aedc6a75-901f-4b86-a83d-5154a5da09b2</versionId>
            <layoutData>
                <controlPoints />
                <showEndState>false</showEndState>
                <showName>false</showName>
            </layoutData>
            <fromItemPort locationId="rightCenter" portType="1" />
            <toItemPort locationId="leftCenter" portType="2" />
            <fromProcessItemId>2025.c3635261-4cd5-4aea-a35f-9d81005066be</fromProcessItemId>
            <toProcessItemId>2025.27f69b1e-9aa5-485f-9ec9-9a849b555fee</toProcessItemId>
        </link>
        <link name="Untitled">
            <lastModified isNull="true" />
            <lastModifiedBy isNull="true" />
            <processLinkId>2027.0c245a68-a5c7-48dd-a078-03e8560dd8f6</processLinkId>
            <processId>1.b258f369-1dde-48bb-8158-366d49cc0317</processId>
            <description isNull="true" />
            <fromProcessItemId>2025.6d04281d-4f21-4cfe-8399-b6de478187c2</fromProcessItemId>
            <endStateId>Out</endStateId>
            <toProcessItemId>2025.2ffc6eee-ac9b-4c85-ba81-eb5e93b6e14e</toProcessItemId>
            <guid>guid:12be50909032b80c:18f81ea7:11f41c537ad:-68b8</guid>
            <versionId>e5d60c27-17f5-4a11-8f75-c97933cdcef1</versionId>
            <layoutData>
                <controlPoints />
                <showEndState>false</showEndState>
                <showName>false</showName>
            </layoutData>
            <fromItemPort locationId="rightCenter" portType="1" />
            <toItemPort locationId="leftCenter" portType="2" />
            <fromProcessItemId>2025.6d04281d-4f21-4cfe-8399-b6de478187c2</fromProcessItemId>
            <toProcessItemId>2025.2ffc6eee-ac9b-4c85-ba81-eb5e93b6e14e</toProcessItemId>
        </link>
        <link name="Yes">
            <lastModified isNull="true" />
            <lastModifiedBy isNull="true" />
            <processLinkId>2027.907a0ef1-6c6e-4f5f-960f-fa385843da0b</processLinkId>
            <processId>1.b258f369-1dde-48bb-8158-366d49cc0317</processId>
            <description isNull="true" />
            <fromProcessItemId>2025.27f69b1e-9aa5-485f-9ec9-9a849b555fee</fromProcessItemId>
            <endStateId>guid:12be50909032b80c:18f81ea7:11f41c537ad:-68c1</endStateId>
            <toProcessItemId>2025.6d04281d-4f21-4cfe-8399-b6de478187c2</toProcessItemId>
            <guid>guid:12be50909032b80c:18f81ea7:11f41c537ad:-68c0</guid>
            <versionId>e8dbfadb-8cdb-49cf-ab01-df1eac2e126f</versionId>
            <layoutData>
                <controlPoints />
                <showEndState>false</showEndState>
                <showName>true</showName>
            </layoutData>
            <fromItemPort locationId="rightCenter" portType="1" />
            <toItemPort locationId="leftCenter" portType="2" />
            <fromProcessItemId>2025.27f69b1e-9aa5-485f-9ec9-9a849b555fee</fromProcessItemId>
            <toProcessItemId>2025.6d04281d-4f21-4cfe-8399-b6de478187c2</toProcessItemId>
        </link>
    </process>
</teamworks>

