<?xml version="1.0" encoding="UTF-8"?>
<teamworks>
    <process id="1.b5c87f00-d353-418a-8c93-4c9405ff035e" name="Call WebService via SOAP">
        <lastModified>1361372673512</lastModified>
        <lastModifiedBy>Internal TW Admin user</lastModifiedBy>
        <processId>1.b5c87f00-d353-418a-8c93-4c9405ff035e</processId>
        <image isNull="true" />
        <tabGroup isNull="true" />
        <startingProcessItemId>2025.089514ce-409b-4af5-ac05-110715800f1b</startingProcessItemId>
        <isRootProcess>false</isRootProcess>
        <processType>4</processType>
        <isErrorHandlerEnabled>false</isErrorHandlerEnabled>
        <errorHandlerItemId isNull="true" />
        <isLoggingVariables>false</isLoggingVariables>
        <isTransactional>false</isTransactional>
        <processTimingLevel isNull="true" />
        <participantRef isNull="true" />
        <exposedType isNull="true" />
        <isTrackingEnabled>true</isTrackingEnabled>
        <xmlData isNull="true" />
        <cachingType>false</cachingType>
        <itemLabel isNull="true" />
        <cacheLength>43200</cacheLength>
        <mobileReady>false</mobileReady>
        <sboSyncEnabled>true</sboSyncEnabled>
        <externalId isNull="true" />
        <isSecured>false</isSecured>
        <isAjaxExposed>false</isAjaxExposed>
        <description>Allows an author create a SOAP request XML document, and sends it as a SOAP request. The SOAP response is returned directly as an XML document.  Optionally authenticates with the SOAP endpoint using HTTP Basic Authentication.</description>
        <guid>guid:12be50909032b80c:18f81ea7:11f41c537ad:-63e8</guid>
        <versionId>ef8fe15d-2ae9-41a8-9e9e-48ef0242b3ab</versionId>
        <dependencySummary isNull="true" />
        <jsonData isNull="true" />
        <field1 isNull="true" />
        <field2 isNull="true" />
        <field3>0</field3>
        <field4 isNull="true" />
        <field5>false</field5>
        <clobField1 isNull="true" />
        <blobField1 isNull="true" />
        <processParameter name="wsdlURL">
            <lastModified isNull="true" />
            <lastModifiedBy isNull="true" />
            <processParameterId>2055.9edc7643-0c23-4d8e-8158-1fdea7ae2e4d</processParameterId>
            <processId>1.b5c87f00-d353-418a-8c93-4c9405ff035e</processId>
            <parameterType>1</parameterType>
            <isArrayOf>false</isArrayOf>
            <classId>/12.db884a3c-c533-44b7-bb2d-47bec8ad4022</classId>
            <seq>1</seq>
            <hasDefault>false</hasDefault>
            <defaultValue isNull="true" />
            <isLocked>false</isLocked>
            <description>The location of the WSDL</description>
            <guid>guid:12be50909032b80c:18f81ea7:11f41c537ad:-6361</guid>
            <versionId>0f5a62d9-b6df-4b87-aa92-3efa287a1432</versionId>
        </processParameter>
        <processParameter name="serviceNS">
            <lastModified isNull="true" />
            <lastModifiedBy isNull="true" />
            <processParameterId>2055.234bbb53-57e7-4613-9e40-f5be4c4607dc</processParameterId>
            <processId>1.b5c87f00-d353-418a-8c93-4c9405ff035e</processId>
            <parameterType>1</parameterType>
            <isArrayOf>false</isArrayOf>
            <classId>/12.db884a3c-c533-44b7-bb2d-47bec8ad4022</classId>
            <seq>2</seq>
            <hasDefault>false</hasDefault>
            <defaultValue isNull="true" />
            <isLocked>false</isLocked>
            <description>The namespace of the service</description>
            <guid>guid:12be50909032b80c:18f81ea7:11f41c537ad:-6354</guid>
            <versionId>f03b7c20-919b-4382-bf52-946d83bcd7c4</versionId>
        </processParameter>
        <processParameter name="serviceName">
            <lastModified isNull="true" />
            <lastModifiedBy isNull="true" />
            <processParameterId>2055.1ca69386-a949-4920-822d-4cf08c1bd710</processParameterId>
            <processId>1.b5c87f00-d353-418a-8c93-4c9405ff035e</processId>
            <parameterType>1</parameterType>
            <isArrayOf>false</isArrayOf>
            <classId>/12.db884a3c-c533-44b7-bb2d-47bec8ad4022</classId>
            <seq>3</seq>
            <hasDefault>false</hasDefault>
            <defaultValue isNull="true" />
            <isLocked>false</isLocked>
            <description>The name of the service</description>
            <guid>guid:12be50909032b80c:18f81ea7:11f41c537ad:-6353</guid>
            <versionId>503b9ecc-17c3-4fb9-875e-602c2c9046ad</versionId>
        </processParameter>
        <processParameter name="destinationAddress">
            <lastModified isNull="true" />
            <lastModifiedBy isNull="true" />
            <processParameterId>2055.6ddfebf4-150f-486b-b6b2-27380119c597</processParameterId>
            <processId>1.b5c87f00-d353-418a-8c93-4c9405ff035e</processId>
            <parameterType>1</parameterType>
            <isArrayOf>false</isArrayOf>
            <classId>/12.db884a3c-c533-44b7-bb2d-47bec8ad4022</classId>
            <seq>4</seq>
            <hasDefault>false</hasDefault>
            <defaultValue isNull="true" />
            <isLocked>false</isLocked>
            <description>The destination endpoint address</description>
            <guid>guid:12be50909032b80c:18f81ea7:11f41c537ad:-6352</guid>
            <versionId>29e02e0a-3870-4a79-8ce8-9db8079845d9</versionId>
        </processParameter>
        <processParameter name="request">
            <lastModified isNull="true" />
            <lastModifiedBy isNull="true" />
            <processParameterId>2055.53032928-e347-4d75-b66b-5a86c83fddf1</processParameterId>
            <processId>1.b5c87f00-d353-418a-8c93-4c9405ff035e</processId>
            <parameterType>1</parameterType>
            <isArrayOf>false</isArrayOf>
            <classId>/12.8a176cc2-eebb-4310-a9c7-9bc62b3a8002</classId>
            <seq>5</seq>
            <hasDefault>false</hasDefault>
            <defaultValue isNull="true" />
            <isLocked>false</isLocked>
            <description>The request XML</description>
            <guid>guid:12be50909032b80c:18f81ea7:11f41c537ad:-6351</guid>
            <versionId>3ad5019d-6dfc-4197-a56a-e43322f1631e</versionId>
        </processParameter>
        <processParameter name="soapAction">
            <lastModified isNull="true" />
            <lastModifiedBy isNull="true" />
            <processParameterId>2055.f245bd23-95c9-4d25-be3b-02ada30f0ecb</processParameterId>
            <processId>1.b5c87f00-d353-418a-8c93-4c9405ff035e</processId>
            <parameterType>1</parameterType>
            <isArrayOf>false</isArrayOf>
            <classId>/12.db884a3c-c533-44b7-bb2d-47bec8ad4022</classId>
            <seq>6</seq>
            <hasDefault>false</hasDefault>
            <defaultValue isNull="true" />
            <isLocked>false</isLocked>
            <description>The SOAP action</description>
            <guid>guid:12be50909032b80c:18f81ea7:11f41c537ad:-634d</guid>
            <versionId>4a3a396f-a827-46e3-8f44-efce5ac618c4</versionId>
        </processParameter>
        <processParameter name="response">
            <lastModified isNull="true" />
            <lastModifiedBy isNull="true" />
            <processParameterId>2055.a2c6e123-5919-4e2c-b407-8fe33236ad46</processParameterId>
            <processId>1.b5c87f00-d353-418a-8c93-4c9405ff035e</processId>
            <parameterType>2</parameterType>
            <isArrayOf>false</isArrayOf>
            <classId>/12.8a176cc2-eebb-4310-a9c7-9bc62b3a8002</classId>
            <seq>7</seq>
            <hasDefault>false</hasDefault>
            <defaultValue isNull="true" />
            <isLocked>false</isLocked>
            <description>The response XML</description>
            <guid>guid:12be50909032b80c:18f81ea7:11f41c537ad:-634c</guid>
            <versionId>ddf07ecb-fe48-4160-be73-15905c9f073c</versionId>
        </processParameter>
        <processParameter name="username">
            <lastModified isNull="true" />
            <lastModifiedBy isNull="true" />
            <processParameterId>2055.18799e50-4182-49ad-8ae9-2cc5e9246b0a</processParameterId>
            <processId>1.b5c87f00-d353-418a-8c93-4c9405ff035e</processId>
            <parameterType>1</parameterType>
            <isArrayOf>false</isArrayOf>
            <classId>/12.db884a3c-c533-44b7-bb2d-47bec8ad4022</classId>
            <seq>8</seq>
            <hasDefault>true</hasDefault>
            <defaultValue isNull="true" />
            <isLocked>false</isLocked>
            <description isNull="true" />
            <guid>guid:12be50909032b80c:18f81ea7:11f41c537ad:-6324</guid>
            <versionId>9877fc68-64bb-4011-bc50-3a769bbc1c81</versionId>
        </processParameter>
        <processParameter name="password">
            <lastModified isNull="true" />
            <lastModifiedBy isNull="true" />
            <processParameterId>2055.e8f317a4-9653-446c-933f-db674f336b54</processParameterId>
            <processId>1.b5c87f00-d353-418a-8c93-4c9405ff035e</processId>
            <parameterType>1</parameterType>
            <isArrayOf>false</isArrayOf>
            <classId>/12.db884a3c-c533-44b7-bb2d-47bec8ad4022</classId>
            <seq>9</seq>
            <hasDefault>true</hasDefault>
            <defaultValue isNull="true" />
            <isLocked>false</isLocked>
            <description isNull="true" />
            <guid>guid:12be50909032b80c:18f81ea7:11f41c537ad:-6317</guid>
            <versionId>371dd9c6-4e8b-4d50-80a4-a8375002401b</versionId>
        </processParameter>
        <item>
            <lastModified isNull="true" />
            <lastModifiedBy isNull="true" />
            <processItemId>2025.56330d1f-9e39-41c0-bc70-2c19a0bab943</processItemId>
            <processId>1.b5c87f00-d353-418a-8c93-4c9405ff035e</processId>
            <name>Call SOAP w/Auth</name>
            <tWComponentName>JavaConnector</tWComponentName>
            <tWComponentId>3022.aca59a5e-d775-4bc3-af78-f6712551438e</tWComponentId>
            <isLogEnabled>false</isLogEnabled>
            <isTraceEnabled>false</isTraceEnabled>
            <traceCategory isNull="true" />
            <traceLevel isNull="true" />
            <traceMessage isNull="true" />
            <traceSymbolTable isNull="true" />
            <isExecutionContextTraced>false</isExecutionContextTraced>
            <saveExecutionContext>false</saveExecutionContext>
            <documentation isNull="true" />
            <isErrorHandlerEnabled>false</isErrorHandlerEnabled>
            <errorHandlerItemId isNull="true" />
            <guid>guid:12be50909032b80c:18f81ea7:11f41c537ad:-639e</guid>
            <versionId>15593ddd-73a1-4f6c-8f80-e9b34b202d20</versionId>
            <externalServiceRef isNull="true" />
            <externalServiceOp isNull="true" />
            <nodeColor isNull="true" />
            <layoutData x="194" y="136">
                <errorLink>
                    <controlPoints />
                    <showEndState>false</showEndState>
                    <showName>false</showName>
                </errorLink>
            </layoutData>
            <TWComponent>
                <lastModified isNull="true" />
                <lastModifiedBy isNull="true" />
                <javaConnectorId>3022.aca59a5e-d775-4bc3-af78-f6712551438e</javaConnectorId>
                <definition>&lt;connector&gt;
  &lt;javaClassName&gt;teamworks.SOAPMessageConnector&lt;/javaClassName&gt;
  &lt;methodName&gt;callWebService&lt;/methodName&gt;
  &lt;inputRecord&gt;
    &lt;element type="java.lang.String" nativeType="java.lang.String" parameter="Parameter 0" argument="tw.local.wsdlURL" description="Parameter 1" /&gt;
    &lt;element type="java.lang.String" nativeType="java.lang.String" parameter="Parameter 1" argument="tw.local.serviceNS" description="Parameter 2" /&gt;
    &lt;element type="java.lang.String" nativeType="java.lang.String" parameter="Parameter 2" argument="tw.local.serviceName" description="Parameter 3" /&gt;
    &lt;element type="java.lang.String" nativeType="java.lang.String" parameter="Parameter 3" argument="tw.local.destinationAddress" description="Parameter 4" /&gt;
    &lt;element type="java.lang.String" nativeType="java.lang.String" parameter="Parameter 4" argument="tw.local.request.toString(true)" description="Parameter 5" /&gt;
    &lt;element type="java.lang.String" nativeType="java.lang.String" parameter="Parameter 5" argument="tw.local.soapAction" description="Parameter 6" /&gt;
    &lt;element type="java.lang.String" nativeType="java.lang.String" parameter="Parameter 6" argument="tw.local.username" description="Parameter 7" /&gt;
    &lt;element type="java.lang.String" nativeType="java.lang.String" parameter="Parameter 7" argument="tw.local.password" description="Parameter 8" /&gt;
  &lt;/inputRecord&gt;
  &lt;outputRecord&gt;
    &lt;element type="java.lang.String" nativeType="java.lang.String" parameter="Return Value" argument="tw.local.response" description="" /&gt;
  &lt;/outputRecord&gt;
&lt;/connector&gt;</definition>
                <guid>guid:12be50909032b80c:18f81ea7:11f41c537ad:-639f</guid>
                <versionId>d9977a6a-3845-4a73-a4b5-fd551ae3d330</versionId>
            </TWComponent>
        </item>
        <item>
            <lastModified isNull="true" />
            <lastModifiedBy isNull="true" />
            <processItemId>2025.089514ce-409b-4af5-ac05-110715800f1b</processItemId>
            <processId>1.b5c87f00-d353-418a-8c93-4c9405ff035e</processId>
            <name>Has Credentials?</name>
            <tWComponentName>Switch</tWComponentName>
            <tWComponentId>3013.628baf13-6174-4b1a-bcac-d45fc37417a5</tWComponentId>
            <isLogEnabled>false</isLogEnabled>
            <isTraceEnabled>false</isTraceEnabled>
            <traceCategory isNull="true" />
            <traceLevel isNull="true" />
            <traceMessage isNull="true" />
            <traceSymbolTable isNull="true" />
            <isExecutionContextTraced>false</isExecutionContextTraced>
            <saveExecutionContext>false</saveExecutionContext>
            <documentation isNull="true" />
            <isErrorHandlerEnabled>false</isErrorHandlerEnabled>
            <errorHandlerItemId isNull="true" />
            <guid>guid:12be50909032b80c:18f81ea7:11f41c537ad:-639a</guid>
            <versionId>60ae97ef-9009-4eb1-9998-e7992fabc495</versionId>
            <externalServiceRef isNull="true" />
            <externalServiceOp isNull="true" />
            <nodeColor isNull="true" />
            <layoutData x="89" y="100">
                <errorLink>
                    <controlPoints />
                    <showEndState>false</showEndState>
                    <showName>false</showName>
                </errorLink>
            </layoutData>
            <TWComponent>
                <lastModified isNull="true" />
                <lastModifiedBy isNull="true" />
                <switchId>3013.628baf13-6174-4b1a-bcac-d45fc37417a5</switchId>
                <guid>guid:12be50909032b80c:18f81ea7:11f41c537ad:-639b</guid>
                <versionId>8809fd32-eb16-4030-82f2-708f85fd3fb6</versionId>
                <SwitchCondition>
                    <lastModified isNull="true" />
                    <lastModifiedBy isNull="true" />
                    <switchConditionId>3014.a597554a-7134-4082-bba4-7658b39bebd4</switchConditionId>
                    <switchId>3013.628baf13-6174-4b1a-bcac-d45fc37417a5</switchId>
                    <seq>1</seq>
                    <endStateId>guid:12be50909032b80c:18f81ea7:11f41c537ad:-6394</endStateId>
                    <condition>tw.local.username != null &amp;&amp; tw.local.username.length &gt; 0</condition>
                    <guid>guid:12be50909032b80c:18f81ea7:11f41c537ad:-6395</guid>
                    <versionId>ad73cce4-1ae0-47eb-b8e9-7df5c7ccfa25</versionId>
                </SwitchCondition>
            </TWComponent>
        </item>
        <item>
            <lastModified isNull="true" />
            <lastModifiedBy isNull="true" />
            <processItemId>2025.045cd7ee-b666-4478-9391-1961c6258f04</processItemId>
            <processId>1.b5c87f00-d353-418a-8c93-4c9405ff035e</processId>
            <name>Call SOAP</name>
            <tWComponentName>JavaConnector</tWComponentName>
            <tWComponentId>3022.807375a0-d7c2-4856-9c6a-2610757f46eb</tWComponentId>
            <isLogEnabled>false</isLogEnabled>
            <isTraceEnabled>false</isTraceEnabled>
            <traceCategory isNull="true" />
            <traceLevel isNull="true" />
            <traceMessage isNull="true" />
            <traceSymbolTable isNull="true" />
            <isExecutionContextTraced>false</isExecutionContextTraced>
            <saveExecutionContext>false</saveExecutionContext>
            <documentation isNull="true" />
            <isErrorHandlerEnabled>false</isErrorHandlerEnabled>
            <errorHandlerItemId isNull="true" />
            <guid>guid:12be50909032b80c:18f81ea7:11f41c537ad:-63a5</guid>
            <versionId>7d38648f-31ce-4f3a-923c-56f7d2c70e5a</versionId>
            <externalServiceRef isNull="true" />
            <externalServiceOp isNull="true" />
            <nodeColor isNull="true" />
            <layoutData x="194" y="30">
                <errorLink>
                    <controlPoints />
                    <showEndState>false</showEndState>
                    <showName>false</showName>
                </errorLink>
            </layoutData>
            <TWComponent>
                <lastModified isNull="true" />
                <lastModifiedBy isNull="true" />
                <javaConnectorId>3022.807375a0-d7c2-4856-9c6a-2610757f46eb</javaConnectorId>
                <definition>&lt;connector&gt;
  &lt;javaClassName&gt;teamworks.SOAPMessageConnector&lt;/javaClassName&gt;
  &lt;methodName&gt;callWebService&lt;/methodName&gt;
  &lt;inputRecord&gt;
    &lt;element type="java.lang.String" nativeType="java.lang.String" parameter="Parameter 0" argument="tw.local.wsdlURL" description="Parameter 1" /&gt;
    &lt;element type="java.lang.String" nativeType="java.lang.String" parameter="Parameter 1" argument="tw.local.serviceNS" description="Parameter 2" /&gt;
    &lt;element type="java.lang.String" nativeType="java.lang.String" parameter="Parameter 2" argument="tw.local.serviceName" description="Parameter 3" /&gt;
    &lt;element type="java.lang.String" nativeType="java.lang.String" parameter="Parameter 3" argument="tw.local.destinationAddress" description="Parameter 4" /&gt;
    &lt;element type="java.lang.String" nativeType="java.lang.String" parameter="Parameter 4" argument="tw.local.request.toString(true)" description="Parameter 5" /&gt;
    &lt;element type="java.lang.String" nativeType="java.lang.String" parameter="Parameter 5" argument="tw.local.soapAction" description="Parameter 6" /&gt;
  &lt;/inputRecord&gt;
  &lt;outputRecord&gt;
    &lt;element type="java.lang.String" nativeType="java.lang.String" parameter="Return Value" argument="tw.local.response" description="" /&gt;
  &lt;/outputRecord&gt;
&lt;/connector&gt;</definition>
                <guid>guid:12be50909032b80c:18f81ea7:11f41c537ad:-63a6</guid>
                <versionId>7fe3ef6d-a67a-4f34-913a-48c1cec27604</versionId>
            </TWComponent>
        </item>
        <item>
            <lastModified isNull="true" />
            <lastModifiedBy isNull="true" />
            <processItemId>2025.d92ecb20-8233-42b6-9c7b-3d6da949e439</processItemId>
            <processId>1.b5c87f00-d353-418a-8c93-4c9405ff035e</processId>
            <name>End</name>
            <tWComponentName>ExitPoint</tWComponentName>
            <tWComponentId>3008.2904e4fd-859a-49bf-bce3-f111c196095a</tWComponentId>
            <isLogEnabled>false</isLogEnabled>
            <isTraceEnabled>false</isTraceEnabled>
            <traceCategory isNull="true" />
            <traceLevel isNull="true" />
            <traceMessage isNull="true" />
            <traceSymbolTable isNull="true" />
            <isExecutionContextTraced>false</isExecutionContextTraced>
            <saveExecutionContext>true</saveExecutionContext>
            <documentation isNull="true" />
            <isErrorHandlerEnabled>false</isErrorHandlerEnabled>
            <errorHandlerItemId isNull="true" />
            <guid>guid:12be50909032b80c:18f81ea7:11f41c537ad:-63e6</guid>
            <versionId>fa86a3e4-ae7c-441a-acf6-5ec2518bc56e</versionId>
            <externalServiceRef isNull="true" />
            <externalServiceOp isNull="true" />
            <nodeColor isNull="true" />
            <layoutData x="321" y="100">
                <errorLink>
                    <controlPoints />
                    <showEndState>false</showEndState>
                    <showName>false</showName>
                </errorLink>
            </layoutData>
            <TWComponent>
                <lastModified isNull="true" />
                <lastModifiedBy isNull="true" />
                <exitPointId>3008.2904e4fd-859a-49bf-bce3-f111c196095a</exitPointId>
                <haltProcess>false</haltProcess>
                <guid>guid:12be50909032b80c:18f81ea7:11f41c537ad:-63e5</guid>
                <versionId>eda7b0af-2512-4180-a427-cf0a255028c7</versionId>
            </TWComponent>
        </item>
        <startingProcessItemId>2025.089514ce-409b-4af5-ac05-110715800f1b</startingProcessItemId>
        <errorHandlerItemId isNull="true" />
        <layoutData noConversion="true">
            <errorLink>
                <controlPoints />
                <showEndState>false</showEndState>
                <showName>false</showName>
            </errorLink>
        </layoutData>
        <startPoint>
            <layoutData x="20" y="100">
                <errorLink>
                    <controlPoints />
                    <showEndState>false</showEndState>
                    <showName>false</showName>
                </errorLink>
            </layoutData>
        </startPoint>
        <startLink>
            <fromPort locationId="rightCenter" portType="1" />
            <toPort locationId="leftCenter" portType="2" />
            <layoutData>
                <controlPoints />
                <showEndState>false</showEndState>
                <showName>false</showName>
            </layoutData>
        </startLink>
        <link name="No">
            <lastModified isNull="true" />
            <lastModifiedBy isNull="true" />
            <processLinkId>2027.63fd26e1-cc8c-432f-b42b-e366b5cb17b8</processLinkId>
            <processId>1.b5c87f00-d353-418a-8c93-4c9405ff035e</processId>
            <description isNull="true" />
            <fromProcessItemId>2025.089514ce-409b-4af5-ac05-110715800f1b</fromProcessItemId>
            <endStateId>DEFAULT</endStateId>
            <toProcessItemId>2025.045cd7ee-b666-4478-9391-1961c6258f04</toProcessItemId>
            <guid>guid:12be50909032b80c:18f81ea7:11f41c537ad:-6396</guid>
            <versionId>10a698cd-23d7-447c-acd8-62d0b74c3b6f</versionId>
            <layoutData>
                <controlPoints />
                <showEndState>false</showEndState>
                <showName>true</showName>
            </layoutData>
            <fromItemPort locationId="rightCenter" portType="1" />
            <toItemPort locationId="leftCenter" portType="2" />
            <fromProcessItemId>2025.089514ce-409b-4af5-ac05-110715800f1b</fromProcessItemId>
            <toProcessItemId>2025.045cd7ee-b666-4478-9391-1961c6258f04</toProcessItemId>
        </link>
        <link name="Untitled">
            <lastModified isNull="true" />
            <lastModifiedBy isNull="true" />
            <processLinkId>2027.3982d1e9-e4d8-4a9b-b108-0c96b53adf82</processLinkId>
            <processId>1.b5c87f00-d353-418a-8c93-4c9405ff035e</processId>
            <description isNull="true" />
            <fromProcessItemId>2025.045cd7ee-b666-4478-9391-1961c6258f04</fromProcessItemId>
            <endStateId>Out</endStateId>
            <toProcessItemId>2025.d92ecb20-8233-42b6-9c7b-3d6da949e439</toProcessItemId>
            <guid>guid:12be50909032b80c:18f81ea7:11f41c537ad:-6392</guid>
            <versionId>266cd64f-3f5d-4f3c-9fa9-28dfa9d8e756</versionId>
            <layoutData>
                <controlPoints />
                <showEndState>false</showEndState>
                <showName>false</showName>
            </layoutData>
            <fromItemPort locationId="rightCenter" portType="1" />
            <toItemPort locationId="leftCenter" portType="2" />
            <fromProcessItemId>2025.045cd7ee-b666-4478-9391-1961c6258f04</fromProcessItemId>
            <toProcessItemId>2025.d92ecb20-8233-42b6-9c7b-3d6da949e439</toProcessItemId>
        </link>
        <link name="Yes">
            <lastModified isNull="true" />
            <lastModifiedBy isNull="true" />
            <processLinkId>2027.61643d01-5ef5-41ef-b615-2df72b013839</processLinkId>
            <processId>1.b5c87f00-d353-418a-8c93-4c9405ff035e</processId>
            <description isNull="true" />
            <fromProcessItemId>2025.089514ce-409b-4af5-ac05-110715800f1b</fromProcessItemId>
            <endStateId>guid:12be50909032b80c:18f81ea7:11f41c537ad:-6394</endStateId>
            <toProcessItemId>2025.56330d1f-9e39-41c0-bc70-2c19a0bab943</toProcessItemId>
            <guid>guid:12be50909032b80c:18f81ea7:11f41c537ad:-6393</guid>
            <versionId>c7cb6c62-1578-4751-8583-9eed85a600f6</versionId>
            <layoutData>
                <controlPoints />
                <showEndState>false</showEndState>
                <showName>true</showName>
            </layoutData>
            <fromItemPort locationId="rightCenter" portType="1" />
            <toItemPort locationId="leftCenter" portType="2" />
            <fromProcessItemId>2025.089514ce-409b-4af5-ac05-110715800f1b</fromProcessItemId>
            <toProcessItemId>2025.56330d1f-9e39-41c0-bc70-2c19a0bab943</toProcessItemId>
        </link>
        <link name="Untitled">
            <lastModified isNull="true" />
            <lastModifiedBy isNull="true" />
            <processLinkId>2027.d03aa3b8-af62-42db-810e-7dee15f43130</processLinkId>
            <processId>1.b5c87f00-d353-418a-8c93-4c9405ff035e</processId>
            <description isNull="true" />
            <fromProcessItemId>2025.56330d1f-9e39-41c0-bc70-2c19a0bab943</fromProcessItemId>
            <endStateId>Out</endStateId>
            <toProcessItemId>2025.d92ecb20-8233-42b6-9c7b-3d6da949e439</toProcessItemId>
            <guid>guid:12be50909032b80c:18f81ea7:11f41c537ad:-6391</guid>
            <versionId>e71ff778-2499-4e3e-b7ec-eeb8222b0c30</versionId>
            <layoutData>
                <controlPoints />
                <showEndState>false</showEndState>
                <showName>false</showName>
            </layoutData>
            <fromItemPort locationId="rightCenter" portType="1" />
            <toItemPort locationId="leftCenter" portType="2" />
            <fromProcessItemId>2025.56330d1f-9e39-41c0-bc70-2c19a0bab943</fromProcessItemId>
            <toProcessItemId>2025.d92ecb20-8233-42b6-9c7b-3d6da949e439</toProcessItemId>
        </link>
    </process>
</teamworks>

