<?xml version="1.0" encoding="UTF-8"?>
<teamworks>
    <process id="1.be6cfe21-8b93-4d24-92f8-8aaf761090a3" name="Transform XML file to Document using XSL file">
        <lastModified>1361372673512</lastModified>
        <lastModifiedBy>Internal TW Admin user</lastModifiedBy>
        <processId>1.be6cfe21-8b93-4d24-92f8-8aaf761090a3</processId>
        <image isNull="true" />
        <tabGroup isNull="true" />
        <startingProcessItemId>2025.e1d4eabd-c351-4d33-a705-fb9a92199a8d</startingProcessItemId>
        <isRootProcess>false</isRootProcess>
        <processType>4</processType>
        <isErrorHandlerEnabled>false</isErrorHandlerEnabled>
        <errorHandlerItemId isNull="true" />
        <isLoggingVariables>false</isLoggingVariables>
        <isTransactional>false</isTransactional>
        <processTimingLevel isNull="true" />
        <participantRef isNull="true" />
        <exposedType isNull="true" />
        <isTrackingEnabled>true</isTrackingEnabled>
        <xmlData isNull="true" />
        <cachingType>false</cachingType>
        <itemLabel isNull="true" />
        <cacheLength>43200</cacheLength>
        <mobileReady>false</mobileReady>
        <sboSyncEnabled>true</sboSyncEnabled>
        <externalId isNull="true" />
        <isSecured>false</isSecured>
        <isAjaxExposed>false</isAjaxExposed>
        <description>Transforms an XML file using the specified XSL file and returns the result as an XML DOM Document. This connector also accepts parameters.</description>
        <guid>guid:ac70c5102155843b:-c98e6e4:123fff4ea56:-5833</guid>
        <versionId>4545d513-a7c3-4dad-b225-8708593c8da1</versionId>
        <dependencySummary isNull="true" />
        <jsonData isNull="true" />
        <field1 isNull="true" />
        <field2 isNull="true" />
        <field3>0</field3>
        <field4 isNull="true" />
        <field5>false</field5>
        <clobField1 isNull="true" />
        <blobField1 isNull="true" />
        <processParameter name="xmlFile">
            <lastModified isNull="true" />
            <lastModifiedBy isNull="true" />
            <processParameterId>2055.26bdead2-0043-4f71-8dae-6e8b788b2502</processParameterId>
            <processId>1.be6cfe21-8b93-4d24-92f8-8aaf761090a3</processId>
            <parameterType>1</parameterType>
            <isArrayOf>false</isArrayOf>
            <classId>/12.db884a3c-c533-44b7-bb2d-47bec8ad4022</classId>
            <seq>1</seq>
            <hasDefault>false</hasDefault>
            <defaultValue isNull="true" />
            <isLocked>false</isLocked>
            <description>XML file to transform</description>
            <guid>guid:ac70c5102155843b:-c98e6e4:123fff4ea56:-5831</guid>
            <versionId>9023b01c-f303-4c03-9f52-4af49188f110</versionId>
        </processParameter>
        <processParameter name="xslFile">
            <lastModified isNull="true" />
            <lastModifiedBy isNull="true" />
            <processParameterId>2055.757e43fc-0f6a-44aa-be2e-8df50854ddf2</processParameterId>
            <processId>1.be6cfe21-8b93-4d24-92f8-8aaf761090a3</processId>
            <parameterType>1</parameterType>
            <isArrayOf>false</isArrayOf>
            <classId>/12.db884a3c-c533-44b7-bb2d-47bec8ad4022</classId>
            <seq>2</seq>
            <hasDefault>false</hasDefault>
            <defaultValue isNull="true" />
            <isLocked>false</isLocked>
            <description>Path to XSL file used to transform XML</description>
            <guid>guid:ac70c5102155843b:-c98e6e4:123fff4ea56:-582f</guid>
            <versionId>9ccab929-8f37-4c37-8031-0be9ce23148a</versionId>
        </processParameter>
        <processParameter name="params">
            <lastModified isNull="true" />
            <lastModifiedBy isNull="true" />
            <processParameterId>2055.d4b6f136-f3bb-4901-ba17-79d925f6f2b9</processParameterId>
            <processId>1.be6cfe21-8b93-4d24-92f8-8aaf761090a3</processId>
            <parameterType>1</parameterType>
            <isArrayOf>false</isArrayOf>
            <classId>/12.90c5b1d3-3fa1-4b3b-ab27-220b0652dc55</classId>
            <seq>3</seq>
            <hasDefault>false</hasDefault>
            <defaultValue isNull="true" />
            <isLocked>false</isLocked>
            <description>Parameters to be used during transformation.</description>
            <guid>guid:ac70c5102155843b:-c98e6e4:123fff4ea56:-582d</guid>
            <versionId>e2f9515f-756c-4a7b-ac3e-6cf614c8b62e</versionId>
        </processParameter>
        <processParameter name="results">
            <lastModified isNull="true" />
            <lastModifiedBy isNull="true" />
            <processParameterId>2055.1e076c85-7b94-407a-a8f7-45bf19f61fbd</processParameterId>
            <processId>1.be6cfe21-8b93-4d24-92f8-8aaf761090a3</processId>
            <parameterType>2</parameterType>
            <isArrayOf>false</isArrayOf>
            <classId>/12.4715ae70-6fe9-4d51-a010-20ddb068bcdb</classId>
            <seq>4</seq>
            <hasDefault>false</hasDefault>
            <defaultValue isNull="true" />
            <isLocked>false</isLocked>
            <description isNull="true" />
            <guid>guid:ac70c5102155843b:-c98e6e4:123fff4ea56:-582b</guid>
            <versionId>7bb073bb-012f-4a64-87fd-6a364f2abc8a</versionId>
        </processParameter>
        <item>
            <lastModified isNull="true" />
            <lastModifiedBy isNull="true" />
            <processItemId>2025.a9b19d3a-ca53-4473-ac52-7846d3764709</processItemId>
            <processId>1.be6cfe21-8b93-4d24-92f8-8aaf761090a3</processId>
            <name>End</name>
            <tWComponentName>ExitPoint</tWComponentName>
            <tWComponentId>3008.a7cc610a-1479-4777-86ba-eda9616e4be8</tWComponentId>
            <isLogEnabled>false</isLogEnabled>
            <isTraceEnabled>false</isTraceEnabled>
            <traceCategory isNull="true" />
            <traceLevel isNull="true" />
            <traceMessage isNull="true" />
            <traceSymbolTable isNull="true" />
            <isExecutionContextTraced>false</isExecutionContextTraced>
            <saveExecutionContext>true</saveExecutionContext>
            <documentation isNull="true" />
            <isErrorHandlerEnabled>false</isErrorHandlerEnabled>
            <errorHandlerItemId isNull="true" />
            <guid>guid:ac70c5102155843b:-c98e6e4:123fff4ea56:-581f</guid>
            <versionId>217bc050-b37c-4f15-bf52-b9dd31fcbab8</versionId>
            <externalServiceRef isNull="true" />
            <externalServiceOp isNull="true" />
            <nodeColor isNull="true" />
            <layoutData x="289" y="100">
                <errorLink>
                    <controlPoints />
                    <showEndState>false</showEndState>
                    <showName>false</showName>
                </errorLink>
            </layoutData>
            <TWComponent>
                <lastModified isNull="true" />
                <lastModifiedBy isNull="true" />
                <exitPointId>3008.a7cc610a-1479-4777-86ba-eda9616e4be8</exitPointId>
                <haltProcess>false</haltProcess>
                <guid>guid:ac70c5102155843b:-c98e6e4:123fff4ea56:-5822</guid>
                <versionId>cb227212-7fea-4c84-824c-9ab9f64f2add</versionId>
            </TWComponent>
        </item>
        <item>
            <lastModified isNull="true" />
            <lastModifiedBy isNull="true" />
            <processItemId>2025.e1d4eabd-c351-4d33-a705-fb9a92199a8d</processItemId>
            <processId>1.be6cfe21-8b93-4d24-92f8-8aaf761090a3</processId>
            <name>Transform XML</name>
            <tWComponentName>JavaConnector</tWComponentName>
            <tWComponentId>3022.cad81f66-69d7-45d0-90c8-17e6051b821f</tWComponentId>
            <isLogEnabled>false</isLogEnabled>
            <isTraceEnabled>false</isTraceEnabled>
            <traceCategory isNull="true" />
            <traceLevel isNull="true" />
            <traceMessage isNull="true" />
            <traceSymbolTable isNull="true" />
            <isExecutionContextTraced>false</isExecutionContextTraced>
            <saveExecutionContext>false</saveExecutionContext>
            <documentation isNull="true" />
            <isErrorHandlerEnabled>false</isErrorHandlerEnabled>
            <errorHandlerItemId isNull="true" />
            <guid>guid:ac70c5102155843b:-c98e6e4:123fff4ea56:-5820</guid>
            <versionId>b2482ec2-6859-47b5-bb2b-c688dcff8d94</versionId>
            <externalServiceRef isNull="true" />
            <externalServiceOp isNull="true" />
            <nodeColor isNull="true" />
            <layoutData x="140" y="85">
                <errorLink>
                    <controlPoints />
                    <showEndState>false</showEndState>
                    <showName>false</showName>
                </errorLink>
            </layoutData>
            <TWComponent>
                <lastModified isNull="true" />
                <lastModifiedBy isNull="true" />
                <javaConnectorId>3022.cad81f66-69d7-45d0-90c8-17e6051b821f</javaConnectorId>
                <definition>&lt;connector&gt;
  &lt;javaClassName&gt;teamworks.XSLConnector&lt;/javaClassName&gt;
  &lt;isCompatible&gt;false&lt;/isCompatible&gt;
  &lt;methodName&gt;transformToXML&lt;/methodName&gt;
  &lt;inputRecord&gt;
    &lt;element type="java.lang.String" nativeType="java.lang.String" parameter="Parameter 0" argument="tw.local.xmlFile" description="XML File Path" /&gt;
    &lt;element type="java.lang.String" nativeType="java.lang.String" parameter="Parameter 1" argument="tw.local.xslFile" description="XSL File Path" /&gt;
    &lt;element type="java.util.HashMap" nativeType="java.util.HashMap" parameter="Parameter 2" argument="tw.local.params" description="Parameters" /&gt;
  &lt;/inputRecord&gt;
  &lt;outputRecord&gt;
    &lt;element type="org.jdom.Document" nativeType="org.jdom.Document" parameter="Return Value" argument="tw.local.results" description="" /&gt;
  &lt;/outputRecord&gt;
&lt;/connector&gt;</definition>
                <guid>guid:ac70c5102155843b:-c98e6e4:123fff4ea56:-5827</guid>
                <versionId>8dfd90e8-55f4-4908-9b29-ed372c916bee</versionId>
            </TWComponent>
        </item>
        <startingProcessItemId>2025.e1d4eabd-c351-4d33-a705-fb9a92199a8d</startingProcessItemId>
        <errorHandlerItemId isNull="true" />
        <layoutData noConversion="true">
            <errorLink>
                <controlPoints />
                <showEndState>false</showEndState>
                <showName>false</showName>
            </errorLink>
        </layoutData>
        <startPoint>
            <layoutData x="20" y="100">
                <errorLink>
                    <controlPoints />
                    <showEndState>false</showEndState>
                    <showName>false</showName>
                </errorLink>
            </layoutData>
        </startPoint>
        <startLink>
            <fromPort locationId="rightCenter" portType="1" />
            <toPort locationId="leftCenter" portType="2" />
            <layoutData>
                <controlPoints />
                <showEndState>false</showEndState>
                <showName>false</showName>
            </layoutData>
        </startLink>
        <link name="Untitled">
            <lastModified isNull="true" />
            <lastModifiedBy isNull="true" />
            <processLinkId>2027.2d1d7c0c-8aa3-4044-9190-a4a9e886547d</processLinkId>
            <processId>1.be6cfe21-8b93-4d24-92f8-8aaf761090a3</processId>
            <description isNull="true" />
            <fromProcessItemId>2025.e1d4eabd-c351-4d33-a705-fb9a92199a8d</fromProcessItemId>
            <endStateId>Out</endStateId>
            <toProcessItemId>2025.a9b19d3a-ca53-4473-ac52-7846d3764709</toProcessItemId>
            <guid>guid:ac70c5102155843b:-c98e6e4:123fff4ea56:-581d</guid>
            <versionId>5ade9063-c1ab-4713-89e7-e3d8277d529f</versionId>
            <layoutData>
                <controlPoints />
                <showEndState>false</showEndState>
                <showName>false</showName>
            </layoutData>
            <fromItemPort locationId="rightCenter" portType="1" />
            <toItemPort locationId="leftCenter" portType="2" />
            <fromProcessItemId>2025.e1d4eabd-c351-4d33-a705-fb9a92199a8d</fromProcessItemId>
            <toProcessItemId>2025.a9b19d3a-ca53-4473-ac52-7846d3764709</toProcessItemId>
        </link>
    </process>
</teamworks>

