<?xml version="1.0" encoding="UTF-8"?>
<teamworks>
    <process id="1.d08dba76-2fff-4ec1-abb5-2b95ba2d4b7e" name="XSLConnector">
        <lastModified>1469214845298</lastModified>
        <lastModifiedBy>tw_admin</lastModifiedBy>
        <processId>1.d08dba76-2fff-4ec1-abb5-2b95ba2d4b7e</processId>
        <image isNull="true" />
        <tabGroup isNull="true" />
        <startingProcessItemId isNull="true" />
        <isRootProcess>false</isRootProcess>
        <processType>11</processType>
        <isErrorHandlerEnabled>false</isErrorHandlerEnabled>
        <errorHandlerItemId isNull="true" />
        <isLoggingVariables>false</isLoggingVariables>
        <isTransactional>false</isTransactional>
        <processTimingLevel isNull="true" />
        <participantRef isNull="true" />
        <exposedType isNull="true" />
        <isTrackingEnabled>true</isTrackingEnabled>
        <xmlData isNull="true" />
        <cachingType>false</cachingType>
        <itemLabel isNull="true" />
        <cacheLength isNull="true" />
        <mobileReady>false</mobileReady>
        <sboSyncEnabled>true</sboSyncEnabled>
        <externalId>{teamworks}_345cc9db-cbab-4113-b8f9-84df74724546</externalId>
        <isSecured>false</isSecured>
        <isAjaxExposed>false</isAjaxExposed>
        <description isNull="true" />
        <guid>guid:367ee477494e97ef:-7d75d2f1:15613495bba:-7b5a</guid>
        <versionId>8e6d6961-e247-4af6-befe-4c2b56745c30</versionId>
        <dependencySummary isNull="true" />
        <jsonData isNull="true" />
        <field1 isNull="true" />
        <field2 isNull="true" />
        <field3>0</field3>
        <field4 isNull="true" />
        <field5>false</field5>
        <clobField1 isNull="true" />
        <blobField1 isNull="true" />
        <item>
            <lastModified isNull="true" />
            <lastModifiedBy isNull="true" />
            <processItemId>2025.56fbfbb1-a0f6-4be6-9449-b250073cee5a</processItemId>
            <processId>1.d08dba76-2fff-4ec1-abb5-2b95ba2d4b7e</processId>
            <name>End</name>
            <tWComponentName>ExitPoint</tWComponentName>
            <tWComponentId>3008.db87ab05-6755-46eb-8e99-1493ffb0dda9</tWComponentId>
            <isLogEnabled>false</isLogEnabled>
            <isTraceEnabled>false</isTraceEnabled>
            <traceCategory isNull="true" />
            <traceLevel isNull="true" />
            <traceMessage isNull="true" />
            <traceSymbolTable isNull="true" />
            <isExecutionContextTraced>false</isExecutionContextTraced>
            <saveExecutionContext>true</saveExecutionContext>
            <documentation isNull="true" />
            <isErrorHandlerEnabled>false</isErrorHandlerEnabled>
            <errorHandlerItemId isNull="true" />
            <guid>guid:367ee477494e97ef:-7d75d2f1:15613495bba:-7b59</guid>
            <versionId>1f96c972-e3d7-4641-b39a-ab9b4a214730</versionId>
            <externalServiceRef isNull="true" />
            <externalServiceOp isNull="true" />
            <nodeColor isNull="true" />
            <layoutData x="0" y="0">
                <errorLink>
                    <controlPoints />
                    <showEndState>false</showEndState>
                    <showName>false</showName>
                </errorLink>
            </layoutData>
            <TWComponent>
                <lastModified isNull="true" />
                <lastModifiedBy isNull="true" />
                <exitPointId>3008.db87ab05-6755-46eb-8e99-1493ffb0dda9</exitPointId>
                <haltProcess>false</haltProcess>
                <guid>267c8fe0-e9ef-4985-9c13-9059c1871462</guid>
                <versionId>2c45fcaf-83f3-4501-a499-0ceeb3d8f817</versionId>
            </TWComponent>
        </item>
        <startingProcessItemId isNull="true" />
        <errorHandlerItemId isNull="true" />
        <layoutData noConversion="true">
            <errorLink>
                <controlPoints />
                <showEndState>false</showEndState>
                <showName>false</showName>
            </errorLink>
        </layoutData>
        <startPoint>
            <layoutData x="0" y="0">
                <errorLink>
                    <controlPoints />
                    <showEndState>false</showEndState>
                    <showName>false</showName>
                </errorLink>
            </layoutData>
        </startPoint>
        <startLink>
            <fromPort locationId="rightCenter" portType="1" />
            <toPort locationId="rightCenter" portType="2" />
            <layoutData>
                <controlPoints />
                <showEndState>false</showEndState>
                <showName>false</showName>
            </layoutData>
        </startLink>
        <bpmn2Model>
            <ns13:definitions xmlns:ns13="http://www.omg.org/spec/BPMN/20100524/MODEL" xmlns:ns2="http://www.ibm.com/xmlns/prod/bpm/bpmn/ext/trackinggroup" xmlns:ns3="http://www.ibm.com/xmlns/prod/bpm/bpmn/ext/process" xmlns:ns4="http://www.ibm.com/xmlns/prod/bpm/bpmn/ext/process/wle" xmlns:ns5="http://www.ibm.com/xmlns/prod/bpm/bpmn/ext/process/case" xmlns:ns6="http://www.ibm.com/bpm/Extensions" xmlns:ns7="http://www.ibm.com/xmlns/prod/bpm/bpmn/ext/team" xmlns:ns8="http://www.ibm.com/xmlns/bpmnx/20100524/v1/BusinessVocabulary" xmlns:ns9="http://www.omg.org/spec/DD/20100524/DI" xmlns:ns10="http://www.omg.org/spec/DD/20100524/DC" xmlns:ns11="http://www.omg.org/spec/BPMN/20100524/BPMNDI" xmlns:ns12="http://www.ibm.com/xmlns/prod/bpm/graph" xmlns:ns14="http://www.ibm.com/xmlns/prod/bpm/bpmn/ext/extservice" xmlns:ns15="http://www.ibm.com/xmlns/prod/bpm/bpmn/ext/process/auth" xmlns:ns16="http://www.ibm.com/xmlns/links" xmlns:ns17="http://www.ibm.com/bpm/uitheme" xmlns:ns18="http://www.ibm.com/xmlns/tagging" id="_e949d7ad-da43-4e62-afa7-4e391f053206" targetNamespace="teamworks" expressionLanguage="http://www.ibm.com/xmlns/prod/bpm/expression-lang/javascript">
                
                
                <ns13:interface name="XSLConnector" id="_7881d3d1-f128-4d18-aeee-4e45867268c2">
                    
                    
                    <ns13:documentation />
                    
                    
                    <ns13:operation name="transform" id="_3ab4bf22-1f54-4567-bf74-25360dc4c76f">
                        
                        
                        <ns13:extensionElements>
                            
                            
                            <ns15:businessSignature>
                                
                                
                                <ns15:input id="_b8266172-1281-4ccc-9904-d04209c2403a">
                                    
                                    
                                    <ns15:name>xmlDocument</ns15:name>
                                    
                                    
                                    <ns15:description>XML Document</ns15:description>
                                    
                                    
                                    <ns15:typeRefPO>itm.12.4715ae70-6fe9-4d51-a010-20ddb068bcdb</ns15:typeRefPO>
                                    
                                    
                                    <ns15:path>Parameter 1</ns15:path>
                                    
                                    
                                    <ns15:isCollection>false</ns15:isCollection>
                                    
                                
                                </ns15:input>
                                
                                
                                <ns15:input id="_03d31916-6157-4a46-ac1c-def6debab976">
                                    
                                    
                                    <ns15:name>xslDocument</ns15:name>
                                    
                                    
                                    <ns15:description>XSL Document</ns15:description>
                                    
                                    
                                    <ns15:typeRefPO>itm.12.4715ae70-6fe9-4d51-a010-20ddb068bcdb</ns15:typeRefPO>
                                    
                                    
                                    <ns15:path>Parameter 2</ns15:path>
                                    
                                    
                                    <ns15:isCollection>false</ns15:isCollection>
                                    
                                
                                </ns15:input>
                                
                                
                                <ns15:input id="_1c9efaa1-1bcb-4fe8-a213-92fff9a1fd63">
                                    
                                    
                                    <ns15:name>parameters</ns15:name>
                                    
                                    
                                    <ns15:description>Parameters</ns15:description>
                                    
                                    
                                    <ns15:typeRefPO>itm.12.90c5b1d3-3fa1-4b3b-ab27-220b0652dc55</ns15:typeRefPO>
                                    
                                    
                                    <ns15:path>Parameter 3</ns15:path>
                                    
                                    
                                    <ns15:isCollection>false</ns15:isCollection>
                                    
                                
                                </ns15:input>
                                
                                
                                <ns15:output id="_89022218-7628-453c-964a-2069d3c421b7">
                                    
                                    
                                    <ns15:name>results</ns15:name>
                                    
                                    
                                    <ns15:description />
                                    
                                    
                                    <ns15:typeRef>{http://www.w3.org/2001/XMLSchema}string</ns15:typeRef>
                                    
                                    
                                    <ns15:typeRefPO>itm.12.db884a3c-c533-44b7-bb2d-47bec8ad4022</ns15:typeRefPO>
                                    
                                    
                                    <ns15:path>Return Value</ns15:path>
                                    
                                    
                                    <ns15:isCollection>false</ns15:isCollection>
                                    
                                
                                </ns15:output>
                                
                            
                            </ns15:businessSignature>
                            
                        
                        </ns13:extensionElements>
                        
                    
                    </ns13:operation>
                    
                    
                    <ns13:operation name="transformToXML" id="_59eddc63-1914-4375-bcb1-1a7e0e1b7fb3">
                        
                        
                        <ns13:extensionElements>
                            
                            
                            <ns15:businessSignature>
                                
                                
                                <ns15:input id="_0ea5da30-a40b-455d-be7b-4ec574039854">
                                    
                                    
                                    <ns15:name>xmlDocument</ns15:name>
                                    
                                    
                                    <ns15:description>XML Document</ns15:description>
                                    
                                    
                                    <ns15:typeRefPO>itm.12.4715ae70-6fe9-4d51-a010-20ddb068bcdb</ns15:typeRefPO>
                                    
                                    
                                    <ns15:path>Parameter 1</ns15:path>
                                    
                                    
                                    <ns15:isCollection>false</ns15:isCollection>
                                    
                                
                                </ns15:input>
                                
                                
                                <ns15:input id="_4a62b082-21e5-4dec-a33f-4c45e1408910">
                                    
                                    
                                    <ns15:name>xslDocument</ns15:name>
                                    
                                    
                                    <ns15:description>XSL Document</ns15:description>
                                    
                                    
                                    <ns15:typeRefPO>itm.12.4715ae70-6fe9-4d51-a010-20ddb068bcdb</ns15:typeRefPO>
                                    
                                    
                                    <ns15:path>Parameter 2</ns15:path>
                                    
                                    
                                    <ns15:isCollection>false</ns15:isCollection>
                                    
                                
                                </ns15:input>
                                
                                
                                <ns15:input id="_a7350940-1d0f-4c0d-9c40-1eb523c415cc">
                                    
                                    
                                    <ns15:name>parameters</ns15:name>
                                    
                                    
                                    <ns15:description>Parameters</ns15:description>
                                    
                                    
                                    <ns15:typeRefPO>itm.12.90c5b1d3-3fa1-4b3b-ab27-220b0652dc55</ns15:typeRefPO>
                                    
                                    
                                    <ns15:path>Parameter 3</ns15:path>
                                    
                                    
                                    <ns15:isCollection>false</ns15:isCollection>
                                    
                                
                                </ns15:input>
                                
                                
                                <ns15:output id="_88aaf986-eb80-4233-bfaf-7cba3caefdd1">
                                    
                                    
                                    <ns15:name>results</ns15:name>
                                    
                                    
                                    <ns15:description />
                                    
                                    
                                    <ns15:typeRefPO>itm.12.4715ae70-6fe9-4d51-a010-20ddb068bcdb</ns15:typeRefPO>
                                    
                                    
                                    <ns15:path>Return Value</ns15:path>
                                    
                                    
                                    <ns15:isCollection>false</ns15:isCollection>
                                    
                                
                                </ns15:output>
                                
                            
                            </ns15:businessSignature>
                            
                        
                        </ns13:extensionElements>
                        
                    
                    </ns13:operation>
                    
                    
                    <ns13:operation name="transform" id="_88fc27a0-8eec-49ec-8b9c-2e1a74dbf901">
                        
                        
                        <ns13:extensionElements>
                            
                            
                            <ns15:businessSignature>
                                
                                
                                <ns15:input id="_5150dee6-8d88-4b7e-9af3-ea92935322d6">
                                    
                                    
                                    <ns15:name>xmlFile</ns15:name>
                                    
                                    
                                    <ns15:description>XML File Path</ns15:description>
                                    
                                    
                                    <ns15:typeRef>{http://www.w3.org/2001/XMLSchema}string</ns15:typeRef>
                                    
                                    
                                    <ns15:typeRefPO>itm.12.db884a3c-c533-44b7-bb2d-47bec8ad4022</ns15:typeRefPO>
                                    
                                    
                                    <ns15:path>Parameter 1</ns15:path>
                                    
                                    
                                    <ns15:isCollection>false</ns15:isCollection>
                                    
                                
                                </ns15:input>
                                
                                
                                <ns15:input id="_17c556da-532d-4ea9-b9b3-b0bce26d3260">
                                    
                                    
                                    <ns15:name>xslFile</ns15:name>
                                    
                                    
                                    <ns15:description>XSL File Path</ns15:description>
                                    
                                    
                                    <ns15:typeRef>{http://www.w3.org/2001/XMLSchema}string</ns15:typeRef>
                                    
                                    
                                    <ns15:typeRefPO>itm.12.db884a3c-c533-44b7-bb2d-47bec8ad4022</ns15:typeRefPO>
                                    
                                    
                                    <ns15:path>Parameter 2</ns15:path>
                                    
                                    
                                    <ns15:isCollection>false</ns15:isCollection>
                                    
                                
                                </ns15:input>
                                
                                
                                <ns15:input id="_3aa63c12-acaa-43e3-a0f7-379a0f544a2d">
                                    
                                    
                                    <ns15:name>parameters</ns15:name>
                                    
                                    
                                    <ns15:description>Parameters</ns15:description>
                                    
                                    
                                    <ns15:typeRefPO>itm.12.90c5b1d3-3fa1-4b3b-ab27-220b0652dc55</ns15:typeRefPO>
                                    
                                    
                                    <ns15:path>Parameter 3</ns15:path>
                                    
                                    
                                    <ns15:isCollection>false</ns15:isCollection>
                                    
                                
                                </ns15:input>
                                
                                
                                <ns15:output id="_7f677015-550b-461d-851a-024aac341c91">
                                    
                                    
                                    <ns15:name>results</ns15:name>
                                    
                                    
                                    <ns15:description />
                                    
                                    
                                    <ns15:typeRef>{http://www.w3.org/2001/XMLSchema}string</ns15:typeRef>
                                    
                                    
                                    <ns15:typeRefPO>itm.12.db884a3c-c533-44b7-bb2d-47bec8ad4022</ns15:typeRefPO>
                                    
                                    
                                    <ns15:path>Return Value</ns15:path>
                                    
                                    
                                    <ns15:isCollection>false</ns15:isCollection>
                                    
                                
                                </ns15:output>
                                
                            
                            </ns15:businessSignature>
                            
                        
                        </ns13:extensionElements>
                        
                    
                    </ns13:operation>
                    
                    
                    <ns13:operation name="transformToXML" id="_e3f7bcba-94da-4c4a-8050-88fb98b358a5">
                        
                        
                        <ns13:extensionElements>
                            
                            
                            <ns15:businessSignature>
                                
                                
                                <ns15:input id="_0d1d621e-ce3d-4fa1-8b82-be231c33fcab">
                                    
                                    
                                    <ns15:name>xmlDocument</ns15:name>
                                    
                                    
                                    <ns15:description>XML Document</ns15:description>
                                    
                                    
                                    <ns15:typeRefPO>itm.12.4715ae70-6fe9-4d51-a010-20ddb068bcdb</ns15:typeRefPO>
                                    
                                    
                                    <ns15:path>Parameter 1</ns15:path>
                                    
                                    
                                    <ns15:isCollection>false</ns15:isCollection>
                                    
                                
                                </ns15:input>
                                
                                
                                <ns15:input id="_e533fac8-59d6-4749-b323-3140c38c57ff">
                                    
                                    
                                    <ns15:name>xslFile</ns15:name>
                                    
                                    
                                    <ns15:description>XSL File Path</ns15:description>
                                    
                                    
                                    <ns15:typeRef>{http://www.w3.org/2001/XMLSchema}string</ns15:typeRef>
                                    
                                    
                                    <ns15:typeRefPO>itm.12.db884a3c-c533-44b7-bb2d-47bec8ad4022</ns15:typeRefPO>
                                    
                                    
                                    <ns15:path>Parameter 2</ns15:path>
                                    
                                    
                                    <ns15:isCollection>false</ns15:isCollection>
                                    
                                
                                </ns15:input>
                                
                                
                                <ns15:input id="_e7745db0-ed74-4101-ae39-4227925bc13a">
                                    
                                    
                                    <ns15:name>parameters</ns15:name>
                                    
                                    
                                    <ns15:description>Parameters</ns15:description>
                                    
                                    
                                    <ns15:typeRefPO>itm.12.90c5b1d3-3fa1-4b3b-ab27-220b0652dc55</ns15:typeRefPO>
                                    
                                    
                                    <ns15:path>Parameter 3</ns15:path>
                                    
                                    
                                    <ns15:isCollection>false</ns15:isCollection>
                                    
                                
                                </ns15:input>
                                
                                
                                <ns15:output id="_7a78782f-ce08-49ef-aa21-0087063b9262">
                                    
                                    
                                    <ns15:name>results</ns15:name>
                                    
                                    
                                    <ns15:description />
                                    
                                    
                                    <ns15:typeRefPO>itm.12.4715ae70-6fe9-4d51-a010-20ddb068bcdb</ns15:typeRefPO>
                                    
                                    
                                    <ns15:path>Return Value</ns15:path>
                                    
                                    
                                    <ns15:isCollection>false</ns15:isCollection>
                                    
                                
                                </ns15:output>
                                
                            
                            </ns15:businessSignature>
                            
                        
                        </ns13:extensionElements>
                        
                    
                    </ns13:operation>
                    
                    
                    <ns13:operation name="transform" id="_07ffe44d-5d72-4c73-a0b4-e91b46929bb5">
                        
                        
                        <ns13:extensionElements>
                            
                            
                            <ns15:businessSignature>
                                
                                
                                <ns15:input id="_194b9187-01c5-47d5-8005-bc462f3ce566">
                                    
                                    
                                    <ns15:name>xmlDocument</ns15:name>
                                    
                                    
                                    <ns15:description>XML Document</ns15:description>
                                    
                                    
                                    <ns15:typeRefPO>itm.12.4715ae70-6fe9-4d51-a010-20ddb068bcdb</ns15:typeRefPO>
                                    
                                    
                                    <ns15:path>Parameter 1</ns15:path>
                                    
                                    
                                    <ns15:isCollection>false</ns15:isCollection>
                                    
                                
                                </ns15:input>
                                
                                
                                <ns15:input id="_c9c4c3bc-83e8-4861-986c-3ea3a67d64be">
                                    
                                    
                                    <ns15:name>xslFile</ns15:name>
                                    
                                    
                                    <ns15:description>XSL File Path</ns15:description>
                                    
                                    
                                    <ns15:typeRef>{http://www.w3.org/2001/XMLSchema}string</ns15:typeRef>
                                    
                                    
                                    <ns15:typeRefPO>itm.12.db884a3c-c533-44b7-bb2d-47bec8ad4022</ns15:typeRefPO>
                                    
                                    
                                    <ns15:path>Parameter 2</ns15:path>
                                    
                                    
                                    <ns15:isCollection>false</ns15:isCollection>
                                    
                                
                                </ns15:input>
                                
                                
                                <ns15:input id="_7427f5dc-1a06-4b04-9066-a6b6ca6f6609">
                                    
                                    
                                    <ns15:name>parameters</ns15:name>
                                    
                                    
                                    <ns15:description>Parameters</ns15:description>
                                    
                                    
                                    <ns15:typeRefPO>itm.12.90c5b1d3-3fa1-4b3b-ab27-220b0652dc55</ns15:typeRefPO>
                                    
                                    
                                    <ns15:path>Parameter 3</ns15:path>
                                    
                                    
                                    <ns15:isCollection>false</ns15:isCollection>
                                    
                                
                                </ns15:input>
                                
                                
                                <ns15:output id="_30d2d096-b8a9-4fa1-be38-2e9faf3782d1">
                                    
                                    
                                    <ns15:name>results</ns15:name>
                                    
                                    
                                    <ns15:description />
                                    
                                    
                                    <ns15:typeRef>{http://www.w3.org/2001/XMLSchema}string</ns15:typeRef>
                                    
                                    
                                    <ns15:typeRefPO>itm.12.db884a3c-c533-44b7-bb2d-47bec8ad4022</ns15:typeRefPO>
                                    
                                    
                                    <ns15:path>Return Value</ns15:path>
                                    
                                    
                                    <ns15:isCollection>false</ns15:isCollection>
                                    
                                
                                </ns15:output>
                                
                            
                            </ns15:businessSignature>
                            
                        
                        </ns13:extensionElements>
                        
                    
                    </ns13:operation>
                    
                    
                    <ns13:operation name="transformToXML" id="_bab7dd3b-ae84-4e66-bec4-d19c8a23e04a">
                        
                        
                        <ns13:extensionElements>
                            
                            
                            <ns15:businessSignature>
                                
                                
                                <ns15:input id="_d733292c-32b7-446e-83c1-1c342e9f36ba">
                                    
                                    
                                    <ns15:name>xmlFile</ns15:name>
                                    
                                    
                                    <ns15:description>XML File Path</ns15:description>
                                    
                                    
                                    <ns15:typeRef>{http://www.w3.org/2001/XMLSchema}string</ns15:typeRef>
                                    
                                    
                                    <ns15:typeRefPO>itm.12.db884a3c-c533-44b7-bb2d-47bec8ad4022</ns15:typeRefPO>
                                    
                                    
                                    <ns15:path>Parameter 1</ns15:path>
                                    
                                    
                                    <ns15:isCollection>false</ns15:isCollection>
                                    
                                
                                </ns15:input>
                                
                                
                                <ns15:input id="_dd67debd-6ed6-47e4-b21e-0353f993bb14">
                                    
                                    
                                    <ns15:name>xslFile</ns15:name>
                                    
                                    
                                    <ns15:description>XSL File Path</ns15:description>
                                    
                                    
                                    <ns15:typeRef>{http://www.w3.org/2001/XMLSchema}string</ns15:typeRef>
                                    
                                    
                                    <ns15:typeRefPO>itm.12.db884a3c-c533-44b7-bb2d-47bec8ad4022</ns15:typeRefPO>
                                    
                                    
                                    <ns15:path>Parameter 2</ns15:path>
                                    
                                    
                                    <ns15:isCollection>false</ns15:isCollection>
                                    
                                
                                </ns15:input>
                                
                                
                                <ns15:input id="_ba95dbd0-2fbf-4e3f-a77f-bfe327254263">
                                    
                                    
                                    <ns15:name>parameters</ns15:name>
                                    
                                    
                                    <ns15:description>Parameters</ns15:description>
                                    
                                    
                                    <ns15:typeRefPO>itm.12.90c5b1d3-3fa1-4b3b-ab27-220b0652dc55</ns15:typeRefPO>
                                    
                                    
                                    <ns15:path>Parameter 3</ns15:path>
                                    
                                    
                                    <ns15:isCollection>false</ns15:isCollection>
                                    
                                
                                </ns15:input>
                                
                                
                                <ns15:output id="_499f9855-12fd-4424-878c-025b229f49f3">
                                    
                                    
                                    <ns15:name>results</ns15:name>
                                    
                                    
                                    <ns15:description />
                                    
                                    
                                    <ns15:typeRefPO>itm.12.4715ae70-6fe9-4d51-a010-20ddb068bcdb</ns15:typeRefPO>
                                    
                                    
                                    <ns15:path>Return Value</ns15:path>
                                    
                                    
                                    <ns15:isCollection>false</ns15:isCollection>
                                    
                                
                                </ns15:output>
                                
                            
                            </ns15:businessSignature>
                            
                        
                        </ns13:extensionElements>
                        
                    
                    </ns13:operation>
                    
                
                </ns13:interface>
                
                
                <ns13:endPoint>
                    
                    
                    <ns13:extensionElements>
                        
                        
                        <ns14:externalService interfaceRef="_7881d3d1-f128-4d18-aeee-4e45867268c2" name="XSLConnector" id="_345cc9db-cbab-4113-b8f9-84df74724546">
                            
                            
                            <ns14:javaBinding className="teamworks.XSLConnector">
                                
                                
                                <ns14:methodBindings name="transform">
                                    
                                    
                                    <ns14:inputParameter name="xmlDocument" type="org.jdom.Document" />
                                    
                                    
                                    <ns14:inputParameter name="xslDocument" type="org.jdom.Document" />
                                    
                                    
                                    <ns14:inputParameter name="parameters" type="java.util.HashMap" />
                                    
                                    
                                    <ns14:outputParameter name="results" type="java.lang.String" />
                                    
                                
                                </ns14:methodBindings>
                                
                                
                                <ns14:methodBindings name="transformToXML">
                                    
                                    
                                    <ns14:inputParameter name="xmlDocument" type="org.jdom.Document" />
                                    
                                    
                                    <ns14:inputParameter name="xslDocument" type="org.jdom.Document" />
                                    
                                    
                                    <ns14:inputParameter name="parameters" type="java.util.HashMap" />
                                    
                                    
                                    <ns14:outputParameter name="results" type="org.jdom.Document" />
                                    
                                
                                </ns14:methodBindings>
                                
                                
                                <ns14:methodBindings name="transform">
                                    
                                    
                                    <ns14:inputParameter name="xmlFile" type="java.lang.String" />
                                    
                                    
                                    <ns14:inputParameter name="xslFile" type="java.lang.String" />
                                    
                                    
                                    <ns14:inputParameter name="parameters" type="java.util.HashMap" />
                                    
                                    
                                    <ns14:outputParameter name="results" type="java.lang.String" />
                                    
                                
                                </ns14:methodBindings>
                                
                                
                                <ns14:methodBindings name="transformToXML">
                                    
                                    
                                    <ns14:inputParameter name="xmlDocument" type="org.jdom.Document" />
                                    
                                    
                                    <ns14:inputParameter name="xslFile" type="java.lang.String" />
                                    
                                    
                                    <ns14:inputParameter name="parameters" type="java.util.HashMap" />
                                    
                                    
                                    <ns14:outputParameter name="results" type="org.jdom.Document" />
                                    
                                
                                </ns14:methodBindings>
                                
                                
                                <ns14:methodBindings name="transform">
                                    
                                    
                                    <ns14:inputParameter name="xmlDocument" type="org.jdom.Document" />
                                    
                                    
                                    <ns14:inputParameter name="xslFile" type="java.lang.String" />
                                    
                                    
                                    <ns14:inputParameter name="parameters" type="java.util.HashMap" />
                                    
                                    
                                    <ns14:outputParameter name="results" type="java.lang.String" />
                                    
                                
                                </ns14:methodBindings>
                                
                                
                                <ns14:methodBindings name="transformToXML">
                                    
                                    
                                    <ns14:inputParameter name="xmlFile" type="java.lang.String" />
                                    
                                    
                                    <ns14:inputParameter name="xslFile" type="java.lang.String" />
                                    
                                    
                                    <ns14:inputParameter name="parameters" type="java.util.HashMap" />
                                    
                                    
                                    <ns14:outputParameter name="results" type="org.jdom.Document" />
                                    
                                
                                </ns14:methodBindings>
                                
                                
                                <ns14:endpoints>
                                    
                                    
                                    <ns14:jarFileRef>61.21055fe7-1372-40e0-bb0e-b887403bb7d1</ns14:jarFileRef>
                                    
                                
                                </ns14:endpoints>
                                
                            
                            </ns14:javaBinding>
                            
                        
                        </ns14:externalService>
                        
                    
                    </ns13:extensionElements>
                    
                
                </ns13:endPoint>
                
            
            </ns13:definitions>
        </bpmn2Model>
    </process>
</teamworks>

