<?xml version="1.0" encoding="UTF-8"?>
<teamworks>
    <process id="1.d4c27c48-abe5-4eaa-9f09-7412ad2ae2b3" name="SQL Blob to File">
        <lastModified>1361372673512</lastModified>
        <lastModifiedBy>Internal TW Admin user</lastModifiedBy>
        <processId>1.d4c27c48-abe5-4eaa-9f09-7412ad2ae2b3</processId>
        <image isNull="true" />
        <tabGroup isNull="true" />
        <startingProcessItemId>2025.f71357ec-7651-4734-acdd-b2bcf8dae8ea</startingProcessItemId>
        <isRootProcess>false</isRootProcess>
        <processType>4</processType>
        <isErrorHandlerEnabled>false</isErrorHandlerEnabled>
        <errorHandlerItemId isNull="true" />
        <isLoggingVariables>false</isLoggingVariables>
        <isTransactional>false</isTransactional>
        <processTimingLevel isNull="true" />
        <participantRef isNull="true" />
        <exposedType isNull="true" />
        <isTrackingEnabled>true</isTrackingEnabled>
        <xmlData isNull="true" />
        <cachingType>false</cachingType>
        <itemLabel isNull="true" />
        <cacheLength>43200</cacheLength>
        <mobileReady>false</mobileReady>
        <sboSyncEnabled>true</sboSyncEnabled>
        <externalId isNull="true" />
        <isSecured>false</isSecured>
        <isAjaxExposed>false</isAjaxExposed>
        <description>Reads a BLOB (using streams) from a database using the provided SQL statement and writes it to a file and returns the size of the BLOB in bytes. 
        
Note: the service will write the first result from the SQL statement into the file; it is the caller responsibility to ensure that the SQL statement will return a single result when needed.</description>
        <guid>guid:77a8b4ba28edc846:9d544eb:115aa79594a:-7ffd</guid>
        <versionId>8cec2ae1-fccf-4259-b947-6d47185dad32</versionId>
        <dependencySummary isNull="true" />
        <jsonData isNull="true" />
        <field1 isNull="true" />
        <field2 isNull="true" />
        <field3>0</field3>
        <field4 isNull="true" />
        <field5>false</field5>
        <clobField1 isNull="true" />
        <blobField1 isNull="true" />
        <processParameter name="sql">
            <lastModified isNull="true" />
            <lastModifiedBy isNull="true" />
            <processParameterId>2055.64b4860f-98c8-47e2-9622-b7309f475b84</processParameterId>
            <processId>1.d4c27c48-abe5-4eaa-9f09-7412ad2ae2b3</processId>
            <parameterType>1</parameterType>
            <isArrayOf>false</isArrayOf>
            <classId>/12.db884a3c-c533-44b7-bb2d-47bec8ad4022</classId>
            <seq>2</seq>
            <hasDefault>false</hasDefault>
            <defaultValue isNull="true" />
            <isLocked>false</isLocked>
            <description isNull="true" />
            <guid>guid:197d4ddc90fc5427:-1c619ffe:11def1582ed:-79a3</guid>
            <versionId>807c522c-ebd6-47cb-afef-6bc8d4102fde</versionId>
        </processParameter>
        <processParameter name="parameters">
            <lastModified isNull="true" />
            <lastModifiedBy isNull="true" />
            <processParameterId>2055.79cdcc70-a456-42b0-b8dc-72ac589fdf1f</processParameterId>
            <processId>1.d4c27c48-abe5-4eaa-9f09-7412ad2ae2b3</processId>
            <parameterType>1</parameterType>
            <isArrayOf>true</isArrayOf>
            <classId>/12.f453f500-ca4e-4264-a371-72c1892e8b7c</classId>
            <seq>3</seq>
            <hasDefault>true</hasDefault>
            <defaultValue>null</defaultValue>
            <isLocked>false</isLocked>
            <description isNull="true" />
            <guid>guid:197d4ddc90fc5427:-1c619ffe:11def1582ed:-79a1</guid>
            <versionId>4065e405-3ad7-4c58-a1b1-a89a41981450</versionId>
        </processParameter>
        <processParameter name="maxRows">
            <lastModified isNull="true" />
            <lastModifiedBy isNull="true" />
            <processParameterId>2055.ac17767f-8e9e-48b2-9c4e-f1810fcc208f</processParameterId>
            <processId>1.d4c27c48-abe5-4eaa-9f09-7412ad2ae2b3</processId>
            <parameterType>1</parameterType>
            <isArrayOf>false</isArrayOf>
            <classId>/12.3fa0d7a0-828a-4d60-99cc-db5ed143fc2d</classId>
            <seq>4</seq>
            <hasDefault>true</hasDefault>
            <defaultValue>-1</defaultValue>
            <isLocked>false</isLocked>
            <description isNull="true" />
            <guid>guid:197d4ddc90fc5427:-1c619ffe:11def1582ed:-799f</guid>
            <versionId>ce123fda-6c33-46a9-8749-4f01b6ad2359</versionId>
        </processParameter>
        <processParameter name="blobOutputIndex">
            <lastModified isNull="true" />
            <lastModifiedBy isNull="true" />
            <processParameterId>2055.85fbf3f1-737d-46e7-ae61-e8276f6fa12e</processParameterId>
            <processId>1.d4c27c48-abe5-4eaa-9f09-7412ad2ae2b3</processId>
            <parameterType>1</parameterType>
            <isArrayOf>false</isArrayOf>
            <classId>/12.3fa0d7a0-828a-4d60-99cc-db5ed143fc2d</classId>
            <seq>5</seq>
            <hasDefault>false</hasDefault>
            <defaultValue isNull="true" />
            <isLocked>false</isLocked>
            <description isNull="true" />
            <guid>guid:197d4ddc90fc5427:-1c619ffe:11def1582ed:-799d</guid>
            <versionId>5c752479-31ab-4552-b5dc-8db31d0d640a</versionId>
        </processParameter>
        <processParameter name="outputFilePath">
            <lastModified isNull="true" />
            <lastModifiedBy isNull="true" />
            <processParameterId>2055.90632ce2-224e-407b-be47-bc617a389e21</processParameterId>
            <processId>1.d4c27c48-abe5-4eaa-9f09-7412ad2ae2b3</processId>
            <parameterType>1</parameterType>
            <isArrayOf>false</isArrayOf>
            <classId>/12.db884a3c-c533-44b7-bb2d-47bec8ad4022</classId>
            <seq>6</seq>
            <hasDefault>false</hasDefault>
            <defaultValue isNull="true" />
            <isLocked>false</isLocked>
            <description isNull="true" />
            <guid>guid:197d4ddc90fc5427:-1c619ffe:11def1582ed:-799b</guid>
            <versionId>d1662d18-7761-47f0-a852-575fd08c0db0</versionId>
        </processParameter>
        <processParameter name="appendToOutputFile">
            <lastModified isNull="true" />
            <lastModifiedBy isNull="true" />
            <processParameterId>2055.3a0f4547-6457-4ccf-9ece-2bd742e78374</processParameterId>
            <processId>1.d4c27c48-abe5-4eaa-9f09-7412ad2ae2b3</processId>
            <parameterType>1</parameterType>
            <isArrayOf>false</isArrayOf>
            <classId>/12.83ff975e-8dbc-42e5-b738-fa8bc08274a2</classId>
            <seq>7</seq>
            <hasDefault>true</hasDefault>
            <defaultValue>false</defaultValue>
            <isLocked>false</isLocked>
            <description isNull="true" />
            <guid>guid:197d4ddc90fc5427:-1c619ffe:11def1582ed:-7999</guid>
            <versionId>5eb305f0-6356-4ad2-821b-56a7f016e737</versionId>
        </processParameter>
        <processParameter name="dataSourceName">
            <lastModified isNull="true" />
            <lastModifiedBy isNull="true" />
            <processParameterId>2055.59a5809f-d46e-47c1-9ec2-278efa40cc27</processParameterId>
            <processId>1.d4c27c48-abe5-4eaa-9f09-7412ad2ae2b3</processId>
            <parameterType>1</parameterType>
            <isArrayOf>false</isArrayOf>
            <classId>/12.db884a3c-c533-44b7-bb2d-47bec8ad4022</classId>
            <seq>8</seq>
            <hasDefault>true</hasDefault>
            <defaultValue>"jdbc/TeamWorksDB"</defaultValue>
            <isLocked>false</isLocked>
            <description isNull="true" />
            <guid>guid:197d4ddc90fc5427:-1c619ffe:11def1582ed:-7997</guid>
            <versionId>6542bc8c-e814-4f4b-b162-ac4cceae3b8c</versionId>
        </processParameter>
        <processParameter name="blobSize">
            <lastModified isNull="true" />
            <lastModifiedBy isNull="true" />
            <processParameterId>2055.06fae1e0-bb27-4bc9-893a-c266a6128b40</processParameterId>
            <processId>1.d4c27c48-abe5-4eaa-9f09-7412ad2ae2b3</processId>
            <parameterType>2</parameterType>
            <isArrayOf>false</isArrayOf>
            <classId>/12.3fa0d7a0-828a-4d60-99cc-db5ed143fc2d</classId>
            <seq>9</seq>
            <hasDefault>false</hasDefault>
            <defaultValue isNull="true" />
            <isLocked>false</isLocked>
            <description isNull="true" />
            <guid>guid:197d4ddc90fc5427:-1c619ffe:11def1582ed:-7995</guid>
            <versionId>d2bf68f0-ceda-4e8f-88fc-787e0903d32d</versionId>
        </processParameter>
        <processParameter name="allowDirectoriesCreation">
            <lastModified isNull="true" />
            <lastModifiedBy isNull="true" />
            <processParameterId>2055.0f54c162-7667-403b-b1a5-3ee9755d89b3</processParameterId>
            <processId>1.d4c27c48-abe5-4eaa-9f09-7412ad2ae2b3</processId>
            <parameterType>1</parameterType>
            <isArrayOf>false</isArrayOf>
            <classId>/12.83ff975e-8dbc-42e5-b738-fa8bc08274a2</classId>
            <seq>10</seq>
            <hasDefault>true</hasDefault>
            <defaultValue>false</defaultValue>
            <isLocked>false</isLocked>
            <description isNull="true" />
            <guid>guid:0d11db889bce25af:2226ca71:132dee2ea53:-7ffc</guid>
            <versionId>8d092c8a-465b-40d1-ab4f-0cc5accb79cb</versionId>
        </processParameter>
        <item>
            <lastModified isNull="true" />
            <lastModifiedBy isNull="true" />
            <processItemId>2025.33c107a2-9019-4d59-9a63-32e95f5df6d9</processItemId>
            <processId>1.d4c27c48-abe5-4eaa-9f09-7412ad2ae2b3</processId>
            <name>End</name>
            <tWComponentName>ExitPoint</tWComponentName>
            <tWComponentId>3008.11fe9245-905b-4a07-ac68-df929bf66373</tWComponentId>
            <isLogEnabled>false</isLogEnabled>
            <isTraceEnabled>false</isTraceEnabled>
            <traceCategory isNull="true" />
            <traceLevel isNull="true" />
            <traceMessage isNull="true" />
            <traceSymbolTable isNull="true" />
            <isExecutionContextTraced>false</isExecutionContextTraced>
            <saveExecutionContext>true</saveExecutionContext>
            <documentation isNull="true" />
            <isErrorHandlerEnabled>false</isErrorHandlerEnabled>
            <errorHandlerItemId isNull="true" />
            <guid>guid:77a8b4ba28edc846:9d544eb:115aa79594a:-7ffc</guid>
            <versionId>4fc07991-b270-4032-9af0-9911ff74a785</versionId>
            <externalServiceRef isNull="true" />
            <externalServiceOp isNull="true" />
            <nodeColor isNull="true" />
            <layoutData x="272" y="100">
                <errorLink>
                    <controlPoints />
                    <showEndState>false</showEndState>
                    <showName>false</showName>
                </errorLink>
            </layoutData>
            <TWComponent>
                <lastModified isNull="true" />
                <lastModifiedBy isNull="true" />
                <exitPointId>3008.11fe9245-905b-4a07-ac68-df929bf66373</exitPointId>
                <haltProcess>false</haltProcess>
                <guid>guid:197d4ddc90fc5427:-1c619ffe:11def1582ed:-7991</guid>
                <versionId>aca70a9a-b23c-454b-8f38-af7367e489a6</versionId>
            </TWComponent>
        </item>
        <item>
            <lastModified isNull="true" />
            <lastModifiedBy isNull="true" />
            <processItemId>2025.f71357ec-7651-4734-acdd-b2bcf8dae8ea</processItemId>
            <processId>1.d4c27c48-abe5-4eaa-9f09-7412ad2ae2b3</processId>
            <name>Write Blob to File</name>
            <tWComponentName>JavaConnector</tWComponentName>
            <tWComponentId>3022.da89aad8-74cd-41b8-b14e-2e08ce5046b3</tWComponentId>
            <isLogEnabled>false</isLogEnabled>
            <isTraceEnabled>false</isTraceEnabled>
            <traceCategory isNull="true" />
            <traceLevel isNull="true" />
            <traceMessage isNull="true" />
            <traceSymbolTable isNull="true" />
            <isExecutionContextTraced>false</isExecutionContextTraced>
            <saveExecutionContext>false</saveExecutionContext>
            <documentation isNull="true" />
            <isErrorHandlerEnabled>false</isErrorHandlerEnabled>
            <errorHandlerItemId isNull="true" />
            <guid>guid:12be50909032b80c:-237c9734:11f3e0778ac:-7686</guid>
            <versionId>fd3f44e5-cdb7-4d3d-ad26-7c647494fe75</versionId>
            <externalServiceRef isNull="true" />
            <externalServiceOp isNull="true" />
            <nodeColor isNull="true" />
            <layoutData x="125" y="85">
                <errorLink>
                    <controlPoints />
                    <showEndState>false</showEndState>
                    <showName>false</showName>
                </errorLink>
            </layoutData>
            <TWComponent>
                <lastModified isNull="true" />
                <lastModifiedBy isNull="true" />
                <javaConnectorId>3022.da89aad8-74cd-41b8-b14e-2e08ce5046b3</javaConnectorId>
                <definition>&lt;connector&gt;
  &lt;javaClassName&gt;teamworks.SQLConnector&lt;/javaClassName&gt;
  &lt;methodName&gt;blobToFileFlatAllowDirectoriesCreation&lt;/methodName&gt;
  &lt;inputRecord&gt;
    &lt;element type="java.lang.String" nativeType="java.lang.String" parameter="Parameter 0" argument="tw.local.sql" description="SQL Statement (String)" /&gt;
    &lt;element type="teamworks.TWList" nativeType="teamworks.TWList" parameter="Parameter 1" argument="tw.local.parameters" description="Parameter List (TWList)" /&gt;
    &lt;element type="java.lang.Integer" nativeType="java.lang.Integer" parameter="Parameter 2" argument="tw.local.maxRows" description="Max Rows (Integer)" /&gt;
    &lt;element type="java.lang.Integer" nativeType="int" parameter="Parameter 3" argument="tw.local.blobOutputIndex" description="Blob Output Index" /&gt;
    &lt;element type="java.lang.String" nativeType="java.lang.String" parameter="Parameter 4" argument="tw.local.outputFilePath" description="Output File Path" /&gt;
    &lt;element type="java.lang.Boolean" nativeType="boolean" parameter="Parameter 5" argument="tw.local.appendToOutputFile" description="Append to Output File" /&gt;
    &lt;element type="java.lang.String" nativeType="java.lang.String" parameter="Parameter 6" argument="tw.local.dataSourceName" description="JNDI DataSource Name" /&gt;
	&lt;element type="java.lang.Boolean" nativeType="boolean" parameter="Parameter 7" argument="tw.local.allowDirectoriesCreation" description="Allow System to create directories if output file path isn't exist" /&gt;
  &lt;/inputRecord&gt;
  &lt;outputRecord&gt;
    &lt;element type="java.lang.Integer" nativeType="int" parameter="Return Value" argument="tw.local.blobSize" description="" /&gt;
  &lt;/outputRecord&gt;
&lt;/connector&gt;</definition>
                <guid>guid:12be50909032b80c:-237c9734:11f3e0778ac:-7687</guid>
                <versionId>ab6438f9-5ad0-4798-b841-f2078c8aa26d</versionId>
            </TWComponent>
        </item>
        <startingProcessItemId>2025.f71357ec-7651-4734-acdd-b2bcf8dae8ea</startingProcessItemId>
        <errorHandlerItemId isNull="true" />
        <layoutData noConversion="true">
            <errorLink>
                <controlPoints />
                <showEndState>false</showEndState>
                <showName>false</showName>
            </errorLink>
        </layoutData>
        <startPoint>
            <layoutData x="20" y="100">
                <errorLink>
                    <controlPoints />
                    <showEndState>false</showEndState>
                    <showName>false</showName>
                </errorLink>
            </layoutData>
        </startPoint>
        <startLink>
            <fromPort locationId="rightCenter" portType="1" />
            <toPort locationId="leftCenter" portType="2" />
            <layoutData>
                <controlPoints />
                <showEndState>false</showEndState>
                <showName>false</showName>
            </layoutData>
        </startLink>
        <link name="Untitled">
            <lastModified isNull="true" />
            <lastModifiedBy isNull="true" />
            <processLinkId>2027.c1dfc3a9-827e-4410-8e0c-f929236043dd</processLinkId>
            <processId>1.d4c27c48-abe5-4eaa-9f09-7412ad2ae2b3</processId>
            <description isNull="true" />
            <fromProcessItemId>2025.f71357ec-7651-4734-acdd-b2bcf8dae8ea</fromProcessItemId>
            <endStateId>Out</endStateId>
            <toProcessItemId>2025.33c107a2-9019-4d59-9a63-32e95f5df6d9</toProcessItemId>
            <guid>guid:12be50909032b80c:-237c9734:11f3e0778ac:-7671</guid>
            <versionId>11dce8d2-b68f-4a32-b78c-fd7c27769305</versionId>
            <layoutData>
                <controlPoints />
                <showEndState>false</showEndState>
                <showName>false</showName>
            </layoutData>
            <fromItemPort locationId="rightCenter" portType="1" />
            <toItemPort locationId="leftCenter" portType="2" />
            <fromProcessItemId>2025.f71357ec-7651-4734-acdd-b2bcf8dae8ea</fromProcessItemId>
            <toProcessItemId>2025.33c107a2-9019-4d59-9a63-32e95f5df6d9</toProcessItemId>
        </link>
    </process>
</teamworks>

