<?xml version="1.0" encoding="UTF-8"?>
<teamworks>
    <process id="1.dd39f82b-4522-44a1-9c04-0e5cc8f31ddd" name="Mail">
        <lastModified>1469214715612</lastModified>
        <lastModifiedBy>tw_admin</lastModifiedBy>
        <processId>1.dd39f82b-4522-44a1-9c04-0e5cc8f31ddd</processId>
        <image isNull="true" />
        <tabGroup isNull="true" />
        <startingProcessItemId isNull="true" />
        <isRootProcess>false</isRootProcess>
        <processType>11</processType>
        <isErrorHandlerEnabled>false</isErrorHandlerEnabled>
        <errorHandlerItemId isNull="true" />
        <isLoggingVariables>false</isLoggingVariables>
        <isTransactional>false</isTransactional>
        <processTimingLevel isNull="true" />
        <participantRef isNull="true" />
        <exposedType isNull="true" />
        <isTrackingEnabled>true</isTrackingEnabled>
        <xmlData isNull="true" />
        <cachingType>false</cachingType>
        <itemLabel isNull="true" />
        <cacheLength isNull="true" />
        <mobileReady>false</mobileReady>
        <sboSyncEnabled>true</sboSyncEnabled>
        <externalId>{teamworks}_385032a8-fe44-4418-a3be-bf3139d57eb6</externalId>
        <isSecured>false</isSecured>
        <isAjaxExposed>false</isAjaxExposed>
        <description isNull="true" />
        <guid>guid:367ee477494e97ef:-7d75d2f1:15613495bba:-7b72</guid>
        <versionId>3051c411-20b8-4011-b9e0-6b714d236cc5</versionId>
        <dependencySummary isNull="true" />
        <jsonData isNull="true" />
        <field1 isNull="true" />
        <field2 isNull="true" />
        <field3>0</field3>
        <field4 isNull="true" />
        <field5>false</field5>
        <clobField1 isNull="true" />
        <blobField1 isNull="true" />
        <item>
            <lastModified isNull="true" />
            <lastModifiedBy isNull="true" />
            <processItemId>2025.9444d76b-7475-423f-88f5-36f183e5e436</processItemId>
            <processId>1.dd39f82b-4522-44a1-9c04-0e5cc8f31ddd</processId>
            <name>End</name>
            <tWComponentName>ExitPoint</tWComponentName>
            <tWComponentId>3008.d8ab23d9-e2c9-4663-ae43-bf6903037c7e</tWComponentId>
            <isLogEnabled>false</isLogEnabled>
            <isTraceEnabled>false</isTraceEnabled>
            <traceCategory isNull="true" />
            <traceLevel isNull="true" />
            <traceMessage isNull="true" />
            <traceSymbolTable isNull="true" />
            <isExecutionContextTraced>false</isExecutionContextTraced>
            <saveExecutionContext>true</saveExecutionContext>
            <documentation isNull="true" />
            <isErrorHandlerEnabled>false</isErrorHandlerEnabled>
            <errorHandlerItemId isNull="true" />
            <guid>guid:367ee477494e97ef:-7d75d2f1:15613495bba:-7b71</guid>
            <versionId>2d873db4-474b-467d-939d-8cb055d6db2b</versionId>
            <externalServiceRef isNull="true" />
            <externalServiceOp isNull="true" />
            <nodeColor isNull="true" />
            <layoutData x="0" y="0">
                <errorLink>
                    <controlPoints />
                    <showEndState>false</showEndState>
                    <showName>false</showName>
                </errorLink>
            </layoutData>
            <TWComponent>
                <lastModified isNull="true" />
                <lastModifiedBy isNull="true" />
                <exitPointId>3008.d8ab23d9-e2c9-4663-ae43-bf6903037c7e</exitPointId>
                <haltProcess>false</haltProcess>
                <guid>159cc1ea-75bd-4861-8d0c-76fe0330e5a9</guid>
                <versionId>e3b89626-1851-48b7-b11c-49c15693b1d4</versionId>
            </TWComponent>
        </item>
        <startingProcessItemId isNull="true" />
        <errorHandlerItemId isNull="true" />
        <layoutData noConversion="true">
            <errorLink>
                <controlPoints />
                <showEndState>false</showEndState>
                <showName>false</showName>
            </errorLink>
        </layoutData>
        <startPoint>
            <layoutData x="0" y="0">
                <errorLink>
                    <controlPoints />
                    <showEndState>false</showEndState>
                    <showName>false</showName>
                </errorLink>
            </layoutData>
        </startPoint>
        <startLink>
            <fromPort locationId="rightCenter" portType="1" />
            <toPort locationId="rightCenter" portType="2" />
            <layoutData>
                <controlPoints />
                <showEndState>false</showEndState>
                <showName>false</showName>
            </layoutData>
        </startLink>
        <bpmn2Model>
            <ns13:definitions xmlns:ns13="http://www.omg.org/spec/BPMN/20100524/MODEL" xmlns:ns2="http://www.ibm.com/xmlns/prod/bpm/bpmn/ext/trackinggroup" xmlns:ns3="http://www.ibm.com/xmlns/prod/bpm/bpmn/ext/process" xmlns:ns4="http://www.ibm.com/xmlns/prod/bpm/bpmn/ext/process/wle" xmlns:ns5="http://www.ibm.com/xmlns/prod/bpm/bpmn/ext/process/case" xmlns:ns6="http://www.ibm.com/bpm/Extensions" xmlns:ns7="http://www.ibm.com/xmlns/prod/bpm/bpmn/ext/team" xmlns:ns8="http://www.ibm.com/xmlns/bpmnx/20100524/v1/BusinessVocabulary" xmlns:ns9="http://www.omg.org/spec/DD/20100524/DI" xmlns:ns10="http://www.omg.org/spec/DD/20100524/DC" xmlns:ns11="http://www.omg.org/spec/BPMN/20100524/BPMNDI" xmlns:ns12="http://www.ibm.com/xmlns/prod/bpm/graph" xmlns:ns14="http://www.ibm.com/xmlns/prod/bpm/bpmn/ext/extservice" xmlns:ns15="http://www.ibm.com/xmlns/prod/bpm/bpmn/ext/process/auth" xmlns:ns16="http://www.ibm.com/xmlns/links" xmlns:ns17="http://www.ibm.com/bpm/uitheme" xmlns:ns18="http://www.ibm.com/xmlns/tagging" id="_a932d386-a882-466c-8b3d-38e9b61c4228" targetNamespace="teamworks" expressionLanguage="http://www.ibm.com/xmlns/prod/bpm/expression-lang/javascript">
                
                
                <ns13:interface name="Mail" id="_b5d4f864-2133-4194-8204-52616682b71d">
                    
                    
                    <ns13:documentation />
                    
                    
                    <ns13:operation name="sendMessage" id="_bf91edce-3b37-48a3-ac65-502aeae2d1c9">
                        
                        
                        <ns13:extensionElements>
                            
                            
                            <ns15:businessSignature>
                                
                                
                                <ns15:input id="_d361c2ca-c900-4594-8455-8108bdefbd49">
                                    
                                    
                                    <ns15:name>smtpServer</ns15:name>
                                    
                                    
                                    <ns15:description>*SMTP Server (IP Address or hostname)</ns15:description>
                                    
                                    
                                    <ns15:typeRef>{http://www.w3.org/2001/XMLSchema}string</ns15:typeRef>
                                    
                                    
                                    <ns15:typeRefPO>itm.12.db884a3c-c533-44b7-bb2d-47bec8ad4022</ns15:typeRefPO>
                                    
                                    
                                    <ns15:path>Parameter 1</ns15:path>
                                    
                                    
                                    <ns15:isCollection>false</ns15:isCollection>
                                    
                                
                                </ns15:input>
                                
                                
                                <ns15:input id="_df1b7718-5071-427c-a77a-94e22399cba2">
                                    
                                    
                                    <ns15:name>to</ns15:name>
                                    
                                    
                                    <ns15:description>*To</ns15:description>
                                    
                                    
                                    <ns15:typeRef>{http://www.w3.org/2001/XMLSchema}string</ns15:typeRef>
                                    
                                    
                                    <ns15:typeRefPO>itm.12.db884a3c-c533-44b7-bb2d-47bec8ad4022</ns15:typeRefPO>
                                    
                                    
                                    <ns15:path>Parameter 2</ns15:path>
                                    
                                    
                                    <ns15:isCollection>false</ns15:isCollection>
                                    
                                
                                </ns15:input>
                                
                                
                                <ns15:input id="_15ecef13-e2d6-4877-8f4f-0aed21c77c92">
                                    
                                    
                                    <ns15:name>from</ns15:name>
                                    
                                    
                                    <ns15:description>*From</ns15:description>
                                    
                                    
                                    <ns15:typeRef>{http://www.w3.org/2001/XMLSchema}string</ns15:typeRef>
                                    
                                    
                                    <ns15:typeRefPO>itm.12.db884a3c-c533-44b7-bb2d-47bec8ad4022</ns15:typeRefPO>
                                    
                                    
                                    <ns15:path>Parameter 3</ns15:path>
                                    
                                    
                                    <ns15:isCollection>false</ns15:isCollection>
                                    
                                
                                </ns15:input>
                                
                                
                                <ns15:input id="_ea0687ce-62a5-4212-833e-76f0910a957d">
                                    
                                    
                                    <ns15:name>replyTo</ns15:name>
                                    
                                    
                                    <ns15:description>Reply To</ns15:description>
                                    
                                    
                                    <ns15:typeRef>{http://www.w3.org/2001/XMLSchema}string</ns15:typeRef>
                                    
                                    
                                    <ns15:typeRefPO>itm.12.db884a3c-c533-44b7-bb2d-47bec8ad4022</ns15:typeRefPO>
                                    
                                    
                                    <ns15:path>Parameter 4</ns15:path>
                                    
                                    
                                    <ns15:isCollection>false</ns15:isCollection>
                                    
                                
                                </ns15:input>
                                
                                
                                <ns15:input id="_cb2bb7f1-9634-41e5-a828-e8bc6e14f7c5">
                                    
                                    
                                    <ns15:name>cc</ns15:name>
                                    
                                    
                                    <ns15:description>Cc</ns15:description>
                                    
                                    
                                    <ns15:typeRef>{http://www.w3.org/2001/XMLSchema}string</ns15:typeRef>
                                    
                                    
                                    <ns15:typeRefPO>itm.12.db884a3c-c533-44b7-bb2d-47bec8ad4022</ns15:typeRefPO>
                                    
                                    
                                    <ns15:path>Parameter 5</ns15:path>
                                    
                                    
                                    <ns15:isCollection>false</ns15:isCollection>
                                    
                                
                                </ns15:input>
                                
                                
                                <ns15:input id="_2a78beba-0985-470a-8b05-270dbf712c6c">
                                    
                                    
                                    <ns15:name>bcc</ns15:name>
                                    
                                    
                                    <ns15:description>Bcc</ns15:description>
                                    
                                    
                                    <ns15:typeRef>{http://www.w3.org/2001/XMLSchema}string</ns15:typeRef>
                                    
                                    
                                    <ns15:typeRefPO>itm.12.db884a3c-c533-44b7-bb2d-47bec8ad4022</ns15:typeRefPO>
                                    
                                    
                                    <ns15:path>Parameter 6</ns15:path>
                                    
                                    
                                    <ns15:isCollection>false</ns15:isCollection>
                                    
                                
                                </ns15:input>
                                
                                
                                <ns15:input id="_785fbd0a-c79f-42a9-a089-8f9ef18dbb0d">
                                    
                                    
                                    <ns15:name>subject</ns15:name>
                                    
                                    
                                    <ns15:description>*Subject</ns15:description>
                                    
                                    
                                    <ns15:typeRef>{http://www.w3.org/2001/XMLSchema}string</ns15:typeRef>
                                    
                                    
                                    <ns15:typeRefPO>itm.12.db884a3c-c533-44b7-bb2d-47bec8ad4022</ns15:typeRefPO>
                                    
                                    
                                    <ns15:path>Parameter 7</ns15:path>
                                    
                                    
                                    <ns15:isCollection>false</ns15:isCollection>
                                    
                                
                                </ns15:input>
                                
                                
                                <ns15:input id="_604812d9-49f4-4c71-8b89-952ef43c4e7c">
                                    
                                    
                                    <ns15:name>contentType</ns15:name>
                                    
                                    
                                    <ns15:description>*Content MIME Type (text/plain or text/html)</ns15:description>
                                    
                                    
                                    <ns15:typeRef>{http://www.w3.org/2001/XMLSchema}string</ns15:typeRef>
                                    
                                    
                                    <ns15:typeRefPO>itm.12.db884a3c-c533-44b7-bb2d-47bec8ad4022</ns15:typeRefPO>
                                    
                                    
                                    <ns15:path>Parameter 8</ns15:path>
                                    
                                    
                                    <ns15:isCollection>false</ns15:isCollection>
                                    
                                
                                </ns15:input>
                                
                                
                                <ns15:input id="_73affbd8-3bef-434e-8273-24b4192761eb">
                                    
                                    
                                    <ns15:name>body</ns15:name>
                                    
                                    
                                    <ns15:description>*Body</ns15:description>
                                    
                                    
                                    <ns15:typeRef>{http://www.w3.org/2001/XMLSchema}string</ns15:typeRef>
                                    
                                    
                                    <ns15:typeRefPO>itm.12.db884a3c-c533-44b7-bb2d-47bec8ad4022</ns15:typeRefPO>
                                    
                                    
                                    <ns15:path>Parameter 9</ns15:path>
                                    
                                    
                                    <ns15:isCollection>false</ns15:isCollection>
                                    
                                
                                </ns15:input>
                                
                                
                                <ns15:input id="_e9fa30c8-ac6c-4dfe-a0f9-10c7acc3af77">
                                    
                                    
                                    <ns15:name>importance</ns15:name>
                                    
                                    
                                    <ns15:description>Importance (high, normal, low)</ns15:description>
                                    
                                    
                                    <ns15:typeRef>{http://www.w3.org/2001/XMLSchema}string</ns15:typeRef>
                                    
                                    
                                    <ns15:typeRefPO>itm.12.db884a3c-c533-44b7-bb2d-47bec8ad4022</ns15:typeRefPO>
                                    
                                    
                                    <ns15:path>Parameter 10</ns15:path>
                                    
                                    
                                    <ns15:isCollection>false</ns15:isCollection>
                                    
                                
                                </ns15:input>
                                
                                
                                <ns15:input id="_3efc46b8-4e06-4025-9e11-639a04b51c1e">
                                    
                                    
                                    <ns15:name>attachmentFileNames</ns15:name>
                                    
                                    
                                    <ns15:description>File names to be attached to email, comma separated</ns15:description>
                                    
                                    
                                    <ns15:typeRef>{http://www.w3.org/2001/XMLSchema}string</ns15:typeRef>
                                    
                                    
                                    <ns15:typeRefPO>itm.12.db884a3c-c533-44b7-bb2d-47bec8ad4022</ns15:typeRefPO>
                                    
                                    
                                    <ns15:path>Parameter 11</ns15:path>
                                    
                                    
                                    <ns15:isCollection>false</ns15:isCollection>
                                    
                                
                                </ns15:input>
                                
                            
                            </ns15:businessSignature>
                            
                        
                        </ns13:extensionElements>
                        
                    
                    </ns13:operation>
                    
                    
                    <ns13:operation name="sendMessage" id="_ce84d3cf-59b4-4d94-acaf-afada4f703b1">
                        
                        
                        <ns13:extensionElements>
                            
                            
                            <ns15:businessSignature>
                                
                                
                                <ns15:input id="_bb7330d0-0645-42b9-843c-973554c28b70">
                                    
                                    
                                    <ns15:name>smtpServer</ns15:name>
                                    
                                    
                                    <ns15:description>*SMTP Server (IP Address or hostname)</ns15:description>
                                    
                                    
                                    <ns15:typeRef>{http://www.w3.org/2001/XMLSchema}string</ns15:typeRef>
                                    
                                    
                                    <ns15:typeRefPO>itm.12.db884a3c-c533-44b7-bb2d-47bec8ad4022</ns15:typeRefPO>
                                    
                                    
                                    <ns15:path>Parameter 1</ns15:path>
                                    
                                    
                                    <ns15:isCollection>false</ns15:isCollection>
                                    
                                
                                </ns15:input>
                                
                                
                                <ns15:input id="_611a7e9c-0bb0-42b2-a08d-9463c1db3716">
                                    
                                    
                                    <ns15:name>to</ns15:name>
                                    
                                    
                                    <ns15:description>*To</ns15:description>
                                    
                                    
                                    <ns15:typeRef>{http://www.w3.org/2001/XMLSchema}string</ns15:typeRef>
                                    
                                    
                                    <ns15:typeRefPO>itm.12.db884a3c-c533-44b7-bb2d-47bec8ad4022</ns15:typeRefPO>
                                    
                                    
                                    <ns15:path>Parameter 2</ns15:path>
                                    
                                    
                                    <ns15:isCollection>false</ns15:isCollection>
                                    
                                
                                </ns15:input>
                                
                                
                                <ns15:input id="_4952e1a9-f1d7-41ad-9665-8d0b3b05d930">
                                    
                                    
                                    <ns15:name>from</ns15:name>
                                    
                                    
                                    <ns15:description>*From</ns15:description>
                                    
                                    
                                    <ns15:typeRef>{http://www.w3.org/2001/XMLSchema}string</ns15:typeRef>
                                    
                                    
                                    <ns15:typeRefPO>itm.12.db884a3c-c533-44b7-bb2d-47bec8ad4022</ns15:typeRefPO>
                                    
                                    
                                    <ns15:path>Parameter 3</ns15:path>
                                    
                                    
                                    <ns15:isCollection>false</ns15:isCollection>
                                    
                                
                                </ns15:input>
                                
                                
                                <ns15:input id="_e2f4af81-c0d5-41fe-9394-a0706c511114">
                                    
                                    
                                    <ns15:name>replyTo</ns15:name>
                                    
                                    
                                    <ns15:description>Reply To</ns15:description>
                                    
                                    
                                    <ns15:typeRef>{http://www.w3.org/2001/XMLSchema}string</ns15:typeRef>
                                    
                                    
                                    <ns15:typeRefPO>itm.12.db884a3c-c533-44b7-bb2d-47bec8ad4022</ns15:typeRefPO>
                                    
                                    
                                    <ns15:path>Parameter 4</ns15:path>
                                    
                                    
                                    <ns15:isCollection>false</ns15:isCollection>
                                    
                                
                                </ns15:input>
                                
                                
                                <ns15:input id="_e524e600-e9bd-4adb-8472-8e308bc8d05f">
                                    
                                    
                                    <ns15:name>cc</ns15:name>
                                    
                                    
                                    <ns15:description>Cc</ns15:description>
                                    
                                    
                                    <ns15:typeRef>{http://www.w3.org/2001/XMLSchema}string</ns15:typeRef>
                                    
                                    
                                    <ns15:typeRefPO>itm.12.db884a3c-c533-44b7-bb2d-47bec8ad4022</ns15:typeRefPO>
                                    
                                    
                                    <ns15:path>Parameter 5</ns15:path>
                                    
                                    
                                    <ns15:isCollection>false</ns15:isCollection>
                                    
                                
                                </ns15:input>
                                
                                
                                <ns15:input id="_22b6ff74-02a1-4098-851f-3ad8506ee453">
                                    
                                    
                                    <ns15:name>bcc</ns15:name>
                                    
                                    
                                    <ns15:description>Bcc</ns15:description>
                                    
                                    
                                    <ns15:typeRef>{http://www.w3.org/2001/XMLSchema}string</ns15:typeRef>
                                    
                                    
                                    <ns15:typeRefPO>itm.12.db884a3c-c533-44b7-bb2d-47bec8ad4022</ns15:typeRefPO>
                                    
                                    
                                    <ns15:path>Parameter 6</ns15:path>
                                    
                                    
                                    <ns15:isCollection>false</ns15:isCollection>
                                    
                                
                                </ns15:input>
                                
                                
                                <ns15:input id="_be1ab704-5b8d-4c90-aa18-be77fd931cb9">
                                    
                                    
                                    <ns15:name>subject</ns15:name>
                                    
                                    
                                    <ns15:description>*Subject</ns15:description>
                                    
                                    
                                    <ns15:typeRef>{http://www.w3.org/2001/XMLSchema}string</ns15:typeRef>
                                    
                                    
                                    <ns15:typeRefPO>itm.12.db884a3c-c533-44b7-bb2d-47bec8ad4022</ns15:typeRefPO>
                                    
                                    
                                    <ns15:path>Parameter 7</ns15:path>
                                    
                                    
                                    <ns15:isCollection>false</ns15:isCollection>
                                    
                                
                                </ns15:input>
                                
                                
                                <ns15:input id="_f8c6c601-9d66-4d6e-828e-122803fcff33">
                                    
                                    
                                    <ns15:name>contentType</ns15:name>
                                    
                                    
                                    <ns15:description>*Content MIME Type (text/plain or text/html)</ns15:description>
                                    
                                    
                                    <ns15:typeRef>{http://www.w3.org/2001/XMLSchema}string</ns15:typeRef>
                                    
                                    
                                    <ns15:typeRefPO>itm.12.db884a3c-c533-44b7-bb2d-47bec8ad4022</ns15:typeRefPO>
                                    
                                    
                                    <ns15:path>Parameter 8</ns15:path>
                                    
                                    
                                    <ns15:isCollection>false</ns15:isCollection>
                                    
                                
                                </ns15:input>
                                
                                
                                <ns15:input id="_5ed1eed6-c2f5-4d16-a453-d0055884cfa4">
                                    
                                    
                                    <ns15:name>body</ns15:name>
                                    
                                    
                                    <ns15:description>*Body</ns15:description>
                                    
                                    
                                    <ns15:typeRef>{http://www.w3.org/2001/XMLSchema}string</ns15:typeRef>
                                    
                                    
                                    <ns15:typeRefPO>itm.12.db884a3c-c533-44b7-bb2d-47bec8ad4022</ns15:typeRefPO>
                                    
                                    
                                    <ns15:path>Parameter 9</ns15:path>
                                    
                                    
                                    <ns15:isCollection>false</ns15:isCollection>
                                    
                                
                                </ns15:input>
                                
                                
                                <ns15:input id="_1c93ab41-7ca8-4375-b00d-1521717b4410">
                                    
                                    
                                    <ns15:name>importance</ns15:name>
                                    
                                    
                                    <ns15:description>Importance (high, normal, low)</ns15:description>
                                    
                                    
                                    <ns15:typeRef>{http://www.w3.org/2001/XMLSchema}string</ns15:typeRef>
                                    
                                    
                                    <ns15:typeRefPO>itm.12.db884a3c-c533-44b7-bb2d-47bec8ad4022</ns15:typeRefPO>
                                    
                                    
                                    <ns15:path>Parameter 10</ns15:path>
                                    
                                    
                                    <ns15:isCollection>false</ns15:isCollection>
                                    
                                
                                </ns15:input>
                                
                                
                                <ns15:input id="_7bdea6ff-3fbf-4117-8f77-fee2d28342a6">
                                    
                                    
                                    <ns15:name>attachmentFileNames</ns15:name>
                                    
                                    
                                    <ns15:description>File names to be attached to email, comma separated</ns15:description>
                                    
                                    
                                    <ns15:typeRef>{http://www.w3.org/2001/XMLSchema}string</ns15:typeRef>
                                    
                                    
                                    <ns15:typeRefPO>itm.12.db884a3c-c533-44b7-bb2d-47bec8ad4022</ns15:typeRefPO>
                                    
                                    
                                    <ns15:path>Parameter 11</ns15:path>
                                    
                                    
                                    <ns15:isCollection>false</ns15:isCollection>
                                    
                                
                                </ns15:input>
                                
                                
                                <ns15:input id="_e4ca307c-e7d6-4700-8710-d461a0223b6a">
                                    
                                    
                                    <ns15:name>replaceFullPathsByFileNames</ns15:name>
                                    
                                    
                                    <ns15:description>Replace Full Paths By File Names</ns15:description>
                                    
                                    
                                    <ns15:typeRef>{http://www.w3.org/2001/XMLSchema}boolean</ns15:typeRef>
                                    
                                    
                                    <ns15:typeRefPO>itm.12.83ff975e-8dbc-42e5-b738-fa8bc08274a2</ns15:typeRefPO>
                                    
                                    
                                    <ns15:path>Parameter 12</ns15:path>
                                    
                                    
                                    <ns15:isCollection>false</ns15:isCollection>
                                    
                                
                                </ns15:input>
                                
                            
                            </ns15:businessSignature>
                            
                        
                        </ns13:extensionElements>
                        
                    
                    </ns13:operation>
                    
                    
                    <ns13:operation name="getIMAPMessages" id="_54cfee46-8696-40f7-9f8d-04f0f67e8ba2">
                        
                        
                        <ns13:extensionElements>
                            
                            
                            <ns15:businessSignature>
                                
                                
                                <ns15:input id="_44cd02ba-8792-417c-8c4d-0a13614e8670">
                                    
                                    
                                    <ns15:name>server</ns15:name>
                                    
                                    
                                    <ns15:description>Server</ns15:description>
                                    
                                    
                                    <ns15:typeRef>{http://www.w3.org/2001/XMLSchema}string</ns15:typeRef>
                                    
                                    
                                    <ns15:typeRefPO>itm.12.db884a3c-c533-44b7-bb2d-47bec8ad4022</ns15:typeRefPO>
                                    
                                    
                                    <ns15:path>Parameter 1</ns15:path>
                                    
                                    
                                    <ns15:isCollection>false</ns15:isCollection>
                                    
                                
                                </ns15:input>
                                
                                
                                <ns15:input id="_a40692e2-5597-4762-8587-2641d66170de">
                                    
                                    
                                    <ns15:name>username</ns15:name>
                                    
                                    
                                    <ns15:description>Username</ns15:description>
                                    
                                    
                                    <ns15:typeRef>{http://www.w3.org/2001/XMLSchema}string</ns15:typeRef>
                                    
                                    
                                    <ns15:typeRefPO>itm.12.db884a3c-c533-44b7-bb2d-47bec8ad4022</ns15:typeRefPO>
                                    
                                    
                                    <ns15:path>Parameter 2</ns15:path>
                                    
                                    
                                    <ns15:isCollection>false</ns15:isCollection>
                                    
                                
                                </ns15:input>
                                
                                
                                <ns15:input id="_c6070fcf-7cc0-4e41-b429-b5728711101f">
                                    
                                    
                                    <ns15:name>password</ns15:name>
                                    
                                    
                                    <ns15:description>Password</ns15:description>
                                    
                                    
                                    <ns15:typeRef>{http://www.w3.org/2001/XMLSchema}string</ns15:typeRef>
                                    
                                    
                                    <ns15:typeRefPO>itm.12.db884a3c-c533-44b7-bb2d-47bec8ad4022</ns15:typeRefPO>
                                    
                                    
                                    <ns15:path>Parameter 3</ns15:path>
                                    
                                    
                                    <ns15:isCollection>false</ns15:isCollection>
                                    
                                
                                </ns15:input>
                                
                                
                                <ns15:input id="_ba5e458b-16b4-4a22-9bf1-026319bcebe3">
                                    
                                    
                                    <ns15:name>mailBox</ns15:name>
                                    
                                    
                                    <ns15:description>Mail Box</ns15:description>
                                    
                                    
                                    <ns15:typeRef>{http://www.w3.org/2001/XMLSchema}string</ns15:typeRef>
                                    
                                    
                                    <ns15:typeRefPO>itm.12.db884a3c-c533-44b7-bb2d-47bec8ad4022</ns15:typeRefPO>
                                    
                                    
                                    <ns15:path>Parameter 4</ns15:path>
                                    
                                    
                                    <ns15:isCollection>false</ns15:isCollection>
                                    
                                
                                </ns15:input>
                                
                                
                                <ns15:input id="_733b99a9-2c74-4ab5-8377-6de9f0e2b4f3">
                                    
                                    
                                    <ns15:name>includeAttachments</ns15:name>
                                    
                                    
                                    <ns15:description>Include Attachments</ns15:description>
                                    
                                    
                                    <ns15:typeRef>{http://www.w3.org/2001/XMLSchema}boolean</ns15:typeRef>
                                    
                                    
                                    <ns15:typeRefPO>itm.12.83ff975e-8dbc-42e5-b738-fa8bc08274a2</ns15:typeRefPO>
                                    
                                    
                                    <ns15:path>Parameter 5</ns15:path>
                                    
                                    
                                    <ns15:isCollection>false</ns15:isCollection>
                                    
                                
                                </ns15:input>
                                
                                
                                <ns15:input id="_a5e47c94-846a-497f-a972-bea58c9d0ea9">
                                    
                                    
                                    <ns15:name>scanNarrativeForVariables</ns15:name>
                                    
                                    
                                    <ns15:description>Scan Narrative For Variables</ns15:description>
                                    
                                    
                                    <ns15:typeRef>{http://www.w3.org/2001/XMLSchema}boolean</ns15:typeRef>
                                    
                                    
                                    <ns15:typeRefPO>itm.12.83ff975e-8dbc-42e5-b738-fa8bc08274a2</ns15:typeRefPO>
                                    
                                    
                                    <ns15:path>Parameter 6</ns15:path>
                                    
                                    
                                    <ns15:isCollection>false</ns15:isCollection>
                                    
                                
                                </ns15:input>
                                
                                
                                <ns15:input id="_72554d36-e2a1-4fac-ab7a-72e067d1b050">
                                    
                                    
                                    <ns15:name>deleteAfterRead</ns15:name>
                                    
                                    
                                    <ns15:description>Delete After Read</ns15:description>
                                    
                                    
                                    <ns15:typeRef>{http://www.w3.org/2001/XMLSchema}boolean</ns15:typeRef>
                                    
                                    
                                    <ns15:typeRefPO>itm.12.83ff975e-8dbc-42e5-b738-fa8bc08274a2</ns15:typeRefPO>
                                    
                                    
                                    <ns15:path>Parameter 7</ns15:path>
                                    
                                    
                                    <ns15:isCollection>false</ns15:isCollection>
                                    
                                
                                </ns15:input>
                                
                                
                                <ns15:output id="_c46fc645-1a27-4063-9443-184f5b10c94a">
                                    
                                    
                                    <ns15:name>results</ns15:name>
                                    
                                    
                                    <ns15:description />
                                    
                                    
                                    <ns15:typeRefPO>itm.12.8a176cc2-eebb-4310-a9c7-9bc62b3a8002</ns15:typeRefPO>
                                    
                                    
                                    <ns15:path>Return Value</ns15:path>
                                    
                                    
                                    <ns15:isCollection>false</ns15:isCollection>
                                    
                                
                                </ns15:output>
                                
                            
                            </ns15:businessSignature>
                            
                        
                        </ns13:extensionElements>
                        
                    
                    </ns13:operation>
                    
                    
                    <ns13:operation name="getPOPMessages" id="_317e6ab1-e860-4272-b170-16488fdc1b07">
                        
                        
                        <ns13:extensionElements>
                            
                            
                            <ns15:businessSignature>
                                
                                
                                <ns15:input id="_5811954c-bae0-453d-ac73-ab3ca8f993ed">
                                    
                                    
                                    <ns15:name>server</ns15:name>
                                    
                                    
                                    <ns15:description>Server</ns15:description>
                                    
                                    
                                    <ns15:typeRef>{http://www.w3.org/2001/XMLSchema}string</ns15:typeRef>
                                    
                                    
                                    <ns15:typeRefPO>itm.12.db884a3c-c533-44b7-bb2d-47bec8ad4022</ns15:typeRefPO>
                                    
                                    
                                    <ns15:path>Parameter 1</ns15:path>
                                    
                                    
                                    <ns15:isCollection>false</ns15:isCollection>
                                    
                                
                                </ns15:input>
                                
                                
                                <ns15:input id="_569cf6d3-6e88-4ea8-9195-60dcb1c307ba">
                                    
                                    
                                    <ns15:name>username</ns15:name>
                                    
                                    
                                    <ns15:description>Username</ns15:description>
                                    
                                    
                                    <ns15:typeRef>{http://www.w3.org/2001/XMLSchema}string</ns15:typeRef>
                                    
                                    
                                    <ns15:typeRefPO>itm.12.db884a3c-c533-44b7-bb2d-47bec8ad4022</ns15:typeRefPO>
                                    
                                    
                                    <ns15:path>Parameter 2</ns15:path>
                                    
                                    
                                    <ns15:isCollection>false</ns15:isCollection>
                                    
                                
                                </ns15:input>
                                
                                
                                <ns15:input id="_8f11ed46-47f5-440a-8f39-63de2f5c43c9">
                                    
                                    
                                    <ns15:name>password</ns15:name>
                                    
                                    
                                    <ns15:description>Password</ns15:description>
                                    
                                    
                                    <ns15:typeRef>{http://www.w3.org/2001/XMLSchema}string</ns15:typeRef>
                                    
                                    
                                    <ns15:typeRefPO>itm.12.db884a3c-c533-44b7-bb2d-47bec8ad4022</ns15:typeRefPO>
                                    
                                    
                                    <ns15:path>Parameter 3</ns15:path>
                                    
                                    
                                    <ns15:isCollection>false</ns15:isCollection>
                                    
                                
                                </ns15:input>
                                
                                
                                <ns15:input id="_9493442e-3d15-4f69-bf99-4e1837024f89">
                                    
                                    
                                    <ns15:name>includeAttachments</ns15:name>
                                    
                                    
                                    <ns15:description>Include Attachments</ns15:description>
                                    
                                    
                                    <ns15:typeRef>{http://www.w3.org/2001/XMLSchema}boolean</ns15:typeRef>
                                    
                                    
                                    <ns15:typeRefPO>itm.12.83ff975e-8dbc-42e5-b738-fa8bc08274a2</ns15:typeRefPO>
                                    
                                    
                                    <ns15:path>Parameter 4</ns15:path>
                                    
                                    
                                    <ns15:isCollection>false</ns15:isCollection>
                                    
                                
                                </ns15:input>
                                
                                
                                <ns15:input id="_94aa4ce8-c1ee-48e1-b8b8-1621874e1f28">
                                    
                                    
                                    <ns15:name>scanNarrativeForVariables</ns15:name>
                                    
                                    
                                    <ns15:description>Scan Narrative For Variables</ns15:description>
                                    
                                    
                                    <ns15:typeRef>{http://www.w3.org/2001/XMLSchema}boolean</ns15:typeRef>
                                    
                                    
                                    <ns15:typeRefPO>itm.12.83ff975e-8dbc-42e5-b738-fa8bc08274a2</ns15:typeRefPO>
                                    
                                    
                                    <ns15:path>Parameter 5</ns15:path>
                                    
                                    
                                    <ns15:isCollection>false</ns15:isCollection>
                                    
                                
                                </ns15:input>
                                
                                
                                <ns15:input id="_9353e924-0d13-4317-8eda-4651021f2803">
                                    
                                    
                                    <ns15:name>deleteAfterRead</ns15:name>
                                    
                                    
                                    <ns15:description>Delete After Read</ns15:description>
                                    
                                    
                                    <ns15:typeRef>{http://www.w3.org/2001/XMLSchema}boolean</ns15:typeRef>
                                    
                                    
                                    <ns15:typeRefPO>itm.12.83ff975e-8dbc-42e5-b738-fa8bc08274a2</ns15:typeRefPO>
                                    
                                    
                                    <ns15:path>Parameter 6</ns15:path>
                                    
                                    
                                    <ns15:isCollection>false</ns15:isCollection>
                                    
                                
                                </ns15:input>
                                
                                
                                <ns15:output id="_13e89180-0630-4493-b4f0-4bdabd6a29a1">
                                    
                                    
                                    <ns15:name>results</ns15:name>
                                    
                                    
                                    <ns15:description />
                                    
                                    
                                    <ns15:typeRefPO>itm.12.8a176cc2-eebb-4310-a9c7-9bc62b3a8002</ns15:typeRefPO>
                                    
                                    
                                    <ns15:path>Return Value</ns15:path>
                                    
                                    
                                    <ns15:isCollection>false</ns15:isCollection>
                                    
                                
                                </ns15:output>
                                
                            
                            </ns15:businessSignature>
                            
                        
                        </ns13:extensionElements>
                        
                    
                    </ns13:operation>
                    
                    
                    <ns13:operation name="sendMessage" id="_5496adfd-ea6f-4866-ae7f-b02cf65febdc">
                        
                        
                        <ns13:extensionElements>
                            
                            
                            <ns15:businessSignature>
                                
                                
                                <ns15:input id="_e6d0b5b7-7fa8-41c4-b5e5-64566ab14d35">
                                    
                                    
                                    <ns15:name>smtpServer</ns15:name>
                                    
                                    
                                    <ns15:description>*SMTP Server (IP Address or hostname)</ns15:description>
                                    
                                    
                                    <ns15:typeRef>{http://www.w3.org/2001/XMLSchema}string</ns15:typeRef>
                                    
                                    
                                    <ns15:typeRefPO>itm.12.db884a3c-c533-44b7-bb2d-47bec8ad4022</ns15:typeRefPO>
                                    
                                    
                                    <ns15:path>Parameter 1</ns15:path>
                                    
                                    
                                    <ns15:isCollection>false</ns15:isCollection>
                                    
                                
                                </ns15:input>
                                
                                
                                <ns15:input id="_a143c52b-0600-403c-b8f7-7ce5f7605c6c">
                                    
                                    
                                    <ns15:name>to</ns15:name>
                                    
                                    
                                    <ns15:description>*To</ns15:description>
                                    
                                    
                                    <ns15:typeRef>{http://www.w3.org/2001/XMLSchema}string</ns15:typeRef>
                                    
                                    
                                    <ns15:typeRefPO>itm.12.db884a3c-c533-44b7-bb2d-47bec8ad4022</ns15:typeRefPO>
                                    
                                    
                                    <ns15:path>Parameter 2</ns15:path>
                                    
                                    
                                    <ns15:isCollection>false</ns15:isCollection>
                                    
                                
                                </ns15:input>
                                
                                
                                <ns15:input id="_b8c3fbf6-5a86-4129-be1a-1abe31a59bcc">
                                    
                                    
                                    <ns15:name>from</ns15:name>
                                    
                                    
                                    <ns15:description>*From</ns15:description>
                                    
                                    
                                    <ns15:typeRef>{http://www.w3.org/2001/XMLSchema}string</ns15:typeRef>
                                    
                                    
                                    <ns15:typeRefPO>itm.12.db884a3c-c533-44b7-bb2d-47bec8ad4022</ns15:typeRefPO>
                                    
                                    
                                    <ns15:path>Parameter 3</ns15:path>
                                    
                                    
                                    <ns15:isCollection>false</ns15:isCollection>
                                    
                                
                                </ns15:input>
                                
                                
                                <ns15:input id="_934e1c86-9208-42f7-acee-731ccba55aaf">
                                    
                                    
                                    <ns15:name>replyTo</ns15:name>
                                    
                                    
                                    <ns15:description>Reply To</ns15:description>
                                    
                                    
                                    <ns15:typeRef>{http://www.w3.org/2001/XMLSchema}string</ns15:typeRef>
                                    
                                    
                                    <ns15:typeRefPO>itm.12.db884a3c-c533-44b7-bb2d-47bec8ad4022</ns15:typeRefPO>
                                    
                                    
                                    <ns15:path>Parameter 4</ns15:path>
                                    
                                    
                                    <ns15:isCollection>false</ns15:isCollection>
                                    
                                
                                </ns15:input>
                                
                                
                                <ns15:input id="_86d62309-c57c-40f6-b8f2-4081adcc40ee">
                                    
                                    
                                    <ns15:name>cc</ns15:name>
                                    
                                    
                                    <ns15:description>Cc</ns15:description>
                                    
                                    
                                    <ns15:typeRef>{http://www.w3.org/2001/XMLSchema}string</ns15:typeRef>
                                    
                                    
                                    <ns15:typeRefPO>itm.12.db884a3c-c533-44b7-bb2d-47bec8ad4022</ns15:typeRefPO>
                                    
                                    
                                    <ns15:path>Parameter 5</ns15:path>
                                    
                                    
                                    <ns15:isCollection>false</ns15:isCollection>
                                    
                                
                                </ns15:input>
                                
                                
                                <ns15:input id="_602939af-f425-4b71-a6bc-a3bd87bae18e">
                                    
                                    
                                    <ns15:name>bcc</ns15:name>
                                    
                                    
                                    <ns15:description>Bcc</ns15:description>
                                    
                                    
                                    <ns15:typeRef>{http://www.w3.org/2001/XMLSchema}string</ns15:typeRef>
                                    
                                    
                                    <ns15:typeRefPO>itm.12.db884a3c-c533-44b7-bb2d-47bec8ad4022</ns15:typeRefPO>
                                    
                                    
                                    <ns15:path>Parameter 6</ns15:path>
                                    
                                    
                                    <ns15:isCollection>false</ns15:isCollection>
                                    
                                
                                </ns15:input>
                                
                                
                                <ns15:input id="_bf45428e-fbec-44ad-994c-d74b5488a62a">
                                    
                                    
                                    <ns15:name>subject</ns15:name>
                                    
                                    
                                    <ns15:description>*Subject</ns15:description>
                                    
                                    
                                    <ns15:typeRef>{http://www.w3.org/2001/XMLSchema}string</ns15:typeRef>
                                    
                                    
                                    <ns15:typeRefPO>itm.12.db884a3c-c533-44b7-bb2d-47bec8ad4022</ns15:typeRefPO>
                                    
                                    
                                    <ns15:path>Parameter 7</ns15:path>
                                    
                                    
                                    <ns15:isCollection>false</ns15:isCollection>
                                    
                                
                                </ns15:input>
                                
                                
                                <ns15:input id="_28cd69f9-d04e-4ced-958e-1154da3a9d49">
                                    
                                    
                                    <ns15:name>contentType</ns15:name>
                                    
                                    
                                    <ns15:description>*Content MIME Type (text/plain or text/html)</ns15:description>
                                    
                                    
                                    <ns15:typeRef>{http://www.w3.org/2001/XMLSchema}string</ns15:typeRef>
                                    
                                    
                                    <ns15:typeRefPO>itm.12.db884a3c-c533-44b7-bb2d-47bec8ad4022</ns15:typeRefPO>
                                    
                                    
                                    <ns15:path>Parameter 8</ns15:path>
                                    
                                    
                                    <ns15:isCollection>false</ns15:isCollection>
                                    
                                
                                </ns15:input>
                                
                                
                                <ns15:input id="_1bf2ae98-867b-46b4-9c0e-44218b531054">
                                    
                                    
                                    <ns15:name>body</ns15:name>
                                    
                                    
                                    <ns15:description>*Body</ns15:description>
                                    
                                    
                                    <ns15:typeRef>{http://www.w3.org/2001/XMLSchema}string</ns15:typeRef>
                                    
                                    
                                    <ns15:typeRefPO>itm.12.db884a3c-c533-44b7-bb2d-47bec8ad4022</ns15:typeRefPO>
                                    
                                    
                                    <ns15:path>Parameter 9</ns15:path>
                                    
                                    
                                    <ns15:isCollection>false</ns15:isCollection>
                                    
                                
                                </ns15:input>
                                
                                
                                <ns15:input id="_e8432bb1-5dab-4aa3-b3e1-66aa58af7c58">
                                    
                                    
                                    <ns15:name>importance</ns15:name>
                                    
                                    
                                    <ns15:description>Importance (high, normal, low)</ns15:description>
                                    
                                    
                                    <ns15:typeRef>{http://www.w3.org/2001/XMLSchema}string</ns15:typeRef>
                                    
                                    
                                    <ns15:typeRefPO>itm.12.db884a3c-c533-44b7-bb2d-47bec8ad4022</ns15:typeRefPO>
                                    
                                    
                                    <ns15:path>Parameter 10</ns15:path>
                                    
                                    
                                    <ns15:isCollection>false</ns15:isCollection>
                                    
                                
                                </ns15:input>
                                
                                
                                <ns15:input id="_b88c7e5f-0c39-45a7-9900-bead78e7ae18">
                                    
                                    
                                    <ns15:name>attachmentFileNames</ns15:name>
                                    
                                    
                                    <ns15:description>File names to be attached to email, comma separated</ns15:description>
                                    
                                    
                                    <ns15:typeRef>{http://www.w3.org/2001/XMLSchema}string</ns15:typeRef>
                                    
                                    
                                    <ns15:typeRefPO>itm.12.db884a3c-c533-44b7-bb2d-47bec8ad4022</ns15:typeRefPO>
                                    
                                    
                                    <ns15:path>Parameter 11</ns15:path>
                                    
                                    
                                    <ns15:isCollection>false</ns15:isCollection>
                                    
                                
                                </ns15:input>
                                
                                
                                <ns15:input id="_7d6a4885-0a09-4db7-81d5-07a0d03355ab">
                                    
                                    
                                    <ns15:name>attachmentNames</ns15:name>
                                    
                                    
                                    <ns15:description>Attachment Names</ns15:description>
                                    
                                    
                                    <ns15:typeRef>{http://www.w3.org/2001/XMLSchema}string</ns15:typeRef>
                                    
                                    
                                    <ns15:typeRefPO>itm.12.db884a3c-c533-44b7-bb2d-47bec8ad4022</ns15:typeRefPO>
                                    
                                    
                                    <ns15:path>Parameter 12</ns15:path>
                                    
                                    
                                    <ns15:isCollection>false</ns15:isCollection>
                                    
                                
                                </ns15:input>
                                
                            
                            </ns15:businessSignature>
                            
                        
                        </ns13:extensionElements>
                        
                    
                    </ns13:operation>
                    
                
                </ns13:interface>
                
                
                <ns13:endPoint>
                    
                    
                    <ns13:extensionElements>
                        
                        
                        <ns14:externalService interfaceRef="_b5d4f864-2133-4194-8204-52616682b71d" name="Mail" id="_385032a8-fe44-4418-a3be-bf3139d57eb6">
                            
                            
                            <ns14:javaBinding className="teamworks.Mail">
                                
                                
                                <ns14:methodBindings name="sendMessage">
                                    
                                    
                                    <ns14:inputParameter name="smtpServer" type="java.lang.String" />
                                    
                                    
                                    <ns14:inputParameter name="to" type="java.lang.String" />
                                    
                                    
                                    <ns14:inputParameter name="from" type="java.lang.String" />
                                    
                                    
                                    <ns14:inputParameter name="replyTo" type="java.lang.String" />
                                    
                                    
                                    <ns14:inputParameter name="cc" type="java.lang.String" />
                                    
                                    
                                    <ns14:inputParameter name="bcc" type="java.lang.String" />
                                    
                                    
                                    <ns14:inputParameter name="subject" type="java.lang.String" />
                                    
                                    
                                    <ns14:inputParameter name="contentType" type="java.lang.String" />
                                    
                                    
                                    <ns14:inputParameter name="body" type="java.lang.String" />
                                    
                                    
                                    <ns14:inputParameter name="importance" type="java.lang.String" />
                                    
                                    
                                    <ns14:inputParameter name="attachmentFileNames" type="java.lang.String" />
                                    
                                
                                </ns14:methodBindings>
                                
                                
                                <ns14:methodBindings name="sendMessage">
                                    
                                    
                                    <ns14:inputParameter name="smtpServer" type="java.lang.String" />
                                    
                                    
                                    <ns14:inputParameter name="to" type="java.lang.String" />
                                    
                                    
                                    <ns14:inputParameter name="from" type="java.lang.String" />
                                    
                                    
                                    <ns14:inputParameter name="replyTo" type="java.lang.String" />
                                    
                                    
                                    <ns14:inputParameter name="cc" type="java.lang.String" />
                                    
                                    
                                    <ns14:inputParameter name="bcc" type="java.lang.String" />
                                    
                                    
                                    <ns14:inputParameter name="subject" type="java.lang.String" />
                                    
                                    
                                    <ns14:inputParameter name="contentType" type="java.lang.String" />
                                    
                                    
                                    <ns14:inputParameter name="body" type="java.lang.String" />
                                    
                                    
                                    <ns14:inputParameter name="importance" type="java.lang.String" />
                                    
                                    
                                    <ns14:inputParameter name="attachmentFileNames" type="java.lang.String" />
                                    
                                    
                                    <ns14:inputParameter name="replaceFullPathsByFileNames" type="boolean" />
                                    
                                
                                </ns14:methodBindings>
                                
                                
                                <ns14:methodBindings name="getIMAPMessages">
                                    
                                    
                                    <ns14:inputParameter name="server" type="java.lang.String" />
                                    
                                    
                                    <ns14:inputParameter name="username" type="java.lang.String" />
                                    
                                    
                                    <ns14:inputParameter name="password" type="java.lang.String" />
                                    
                                    
                                    <ns14:inputParameter name="mailBox" type="java.lang.String" />
                                    
                                    
                                    <ns14:inputParameter name="includeAttachments" type="boolean" />
                                    
                                    
                                    <ns14:inputParameter name="scanNarrativeForVariables" type="boolean" />
                                    
                                    
                                    <ns14:inputParameter name="deleteAfterRead" type="boolean" />
                                    
                                    
                                    <ns14:outputParameter name="results" type="org.jdom.Element" />
                                    
                                
                                </ns14:methodBindings>
                                
                                
                                <ns14:methodBindings name="getPOPMessages">
                                    
                                    
                                    <ns14:inputParameter name="server" type="java.lang.String" />
                                    
                                    
                                    <ns14:inputParameter name="username" type="java.lang.String" />
                                    
                                    
                                    <ns14:inputParameter name="password" type="java.lang.String" />
                                    
                                    
                                    <ns14:inputParameter name="includeAttachments" type="boolean" />
                                    
                                    
                                    <ns14:inputParameter name="scanNarrativeForVariables" type="boolean" />
                                    
                                    
                                    <ns14:inputParameter name="deleteAfterRead" type="boolean" />
                                    
                                    
                                    <ns14:outputParameter name="results" type="org.jdom.Element" />
                                    
                                
                                </ns14:methodBindings>
                                
                                
                                <ns14:methodBindings name="sendMessage">
                                    
                                    
                                    <ns14:inputParameter name="smtpServer" type="java.lang.String" />
                                    
                                    
                                    <ns14:inputParameter name="to" type="java.lang.String" />
                                    
                                    
                                    <ns14:inputParameter name="from" type="java.lang.String" />
                                    
                                    
                                    <ns14:inputParameter name="replyTo" type="java.lang.String" />
                                    
                                    
                                    <ns14:inputParameter name="cc" type="java.lang.String" />
                                    
                                    
                                    <ns14:inputParameter name="bcc" type="java.lang.String" />
                                    
                                    
                                    <ns14:inputParameter name="subject" type="java.lang.String" />
                                    
                                    
                                    <ns14:inputParameter name="contentType" type="java.lang.String" />
                                    
                                    
                                    <ns14:inputParameter name="body" type="java.lang.String" />
                                    
                                    
                                    <ns14:inputParameter name="importance" type="java.lang.String" />
                                    
                                    
                                    <ns14:inputParameter name="attachmentFileNames" type="java.lang.String" />
                                    
                                    
                                    <ns14:inputParameter name="attachmentNames" type="java.lang.String" />
                                    
                                
                                </ns14:methodBindings>
                                
                                
                                <ns14:endpoints>
                                    
                                    
                                    <ns14:jarFileRef>61.21055fe7-1372-40e0-bb0e-b887403bb7d1</ns14:jarFileRef>
                                    
                                
                                </ns14:endpoints>
                                
                            
                            </ns14:javaBinding>
                            
                        
                        </ns14:externalService>
                        
                    
                    </ns13:extensionElements>
                    
                
                </ns13:endPoint>
                
            
            </ns13:definitions>
        </bpmn2Model>
    </process>
</teamworks>

