<?xml version="1.0" encoding="UTF-8"?>
<teamworks>
    <process id="1.f19596ff-93b8-4f49-875c-1edec488e96a" name="lsw Save Conditional Activity Template Coach">
        <lastModified>1361372673512</lastModified>
        <lastModifiedBy>Internal TW Admin user</lastModifiedBy>
        <processId>1.f19596ff-93b8-4f49-875c-1edec488e96a</processId>
        <image isNull="true" />
        <tabGroup isNull="true" />
        <startingProcessItemId>2025.d2ad4500-c2ce-4dfe-80f9-6d51ca89907f</startingProcessItemId>
        <isRootProcess>false</isRootProcess>
        <processType>3</processType>
        <isErrorHandlerEnabled>false</isErrorHandlerEnabled>
        <errorHandlerItemId isNull="true" />
        <isLoggingVariables>false</isLoggingVariables>
        <isTransactional>false</isTransactional>
        <processTimingLevel isNull="true" />
        <participantRef isNull="true" />
        <exposedType isNull="true" />
        <isTrackingEnabled>true</isTrackingEnabled>
        <xmlData isNull="true" />
        <cachingType>false</cachingType>
        <itemLabel isNull="true" />
        <cacheLength>43200</cacheLength>
        <mobileReady>false</mobileReady>
        <sboSyncEnabled>true</sboSyncEnabled>
        <externalId isNull="true" />
        <isSecured>false</isSecured>
        <isAjaxExposed>false</isAjaxExposed>
        <description isNull="true" />
        <guid>guid:5a54f1704f1c1577:-6b56085f:12370558356:-7f4b</guid>
        <versionId>8e8c8fa1-8df1-458d-bdf8-0edefc09c7b9</versionId>
        <dependencySummary isNull="true" />
        <jsonData isNull="true" />
        <field1 isNull="true" />
        <field2 isNull="true" />
        <field3>0</field3>
        <field4 isNull="true" />
        <field5>false</field5>
        <clobField1 isNull="true" />
        <blobField1 isNull="true" />
        <processParameter name="templateID">
            <lastModified isNull="true" />
            <lastModifiedBy isNull="true" />
            <processParameterId>2055.3a4c317f-68ba-41d3-a1c9-0700892d0d24</processParameterId>
            <processId>1.f19596ff-93b8-4f49-875c-1edec488e96a</processId>
            <parameterType>1</parameterType>
            <isArrayOf>false</isArrayOf>
            <classId>/12.db884a3c-c533-44b7-bb2d-47bec8ad4022</classId>
            <seq>1</seq>
            <hasDefault>false</hasDefault>
            <defaultValue isNull="true" />
            <isLocked>false</isLocked>
            <description isNull="true" />
            <guid>guid:5a54f1704f1c1577:-6b56085f:12370558356:-7f47</guid>
            <versionId>1a305ba9-89c4-4a7c-9aa6-1334dd961991</versionId>
        </processParameter>
        <processParameter name="templateName">
            <lastModified isNull="true" />
            <lastModifiedBy isNull="true" />
            <processParameterId>2055.c5a947e3-255c-48b0-bc62-8b6e4887727d</processParameterId>
            <processId>1.f19596ff-93b8-4f49-875c-1edec488e96a</processId>
            <parameterType>1</parameterType>
            <isArrayOf>false</isArrayOf>
            <classId>/12.db884a3c-c533-44b7-bb2d-47bec8ad4022</classId>
            <seq>2</seq>
            <hasDefault>false</hasDefault>
            <defaultValue isNull="true" />
            <isLocked>false</isLocked>
            <description isNull="true" />
            <guid>guid:5a54f1704f1c1577:-6b56085f:12370558356:-7f46</guid>
            <versionId>755955d5-3ae7-4157-b57d-3691764c8e2b</versionId>
        </processParameter>
        <processParameter name="bpdGUID">
            <lastModified isNull="true" />
            <lastModifiedBy isNull="true" />
            <processParameterId>2055.7acbd8d2-9d83-4791-8ad8-78e1b394d9be</processParameterId>
            <processId>1.f19596ff-93b8-4f49-875c-1edec488e96a</processId>
            <parameterType>1</parameterType>
            <isArrayOf>false</isArrayOf>
            <classId>/12.db884a3c-c533-44b7-bb2d-47bec8ad4022</classId>
            <seq>3</seq>
            <hasDefault>false</hasDefault>
            <defaultValue isNull="true" />
            <isLocked>false</isLocked>
            <description isNull="true" />
            <guid>guid:5a54f1704f1c1577:-6b56085f:12370558356:-7f45</guid>
            <versionId>3649f697-6c96-48f1-b9f6-e8cf034385dc</versionId>
        </processParameter>
        <processParameter name="selectedConditionalActivities">
            <lastModified isNull="true" />
            <lastModifiedBy isNull="true" />
            <processParameterId>2055.72e1a622-756a-4092-bed2-e61da437e51a</processParameterId>
            <processId>1.f19596ff-93b8-4f49-875c-1edec488e96a</processId>
            <parameterType>1</parameterType>
            <isArrayOf>true</isArrayOf>
            <classId>/12.db884a3c-c533-44b7-bb2d-47bec8ad4022</classId>
            <seq>4</seq>
            <hasDefault>false</hasDefault>
            <defaultValue isNull="true" />
            <isLocked>false</isLocked>
            <description isNull="true" />
            <guid>guid:5a54f1704f1c1577:-6b56085f:12370558356:-7f44</guid>
            <versionId>ed678ea7-9549-49c7-bc46-3d4483aaebe0</versionId>
        </processParameter>
        <processParameter name="readonly">
            <lastModified isNull="true" />
            <lastModifiedBy isNull="true" />
            <processParameterId>2055.20d55c27-521f-4c57-b082-f0e2abcadba1</processParameterId>
            <processId>1.f19596ff-93b8-4f49-875c-1edec488e96a</processId>
            <parameterType>1</parameterType>
            <isArrayOf>false</isArrayOf>
            <classId>/12.83ff975e-8dbc-42e5-b738-fa8bc08274a2</classId>
            <seq>5</seq>
            <hasDefault>true</hasDefault>
            <defaultValue>false</defaultValue>
            <isLocked>false</isLocked>
            <description isNull="true" />
            <guid>guid:5a54f1704f1c1577:-6b56085f:12370558356:-7f43</guid>
            <versionId>c4118dfb-f907-4b24-9466-e10c0d902c82</versionId>
        </processParameter>
        <processParameter name="templateID">
            <lastModified isNull="true" />
            <lastModifiedBy isNull="true" />
            <processParameterId>2055.52c05d42-68fb-49cb-ad65-9e30edf8c6e6</processParameterId>
            <processId>1.f19596ff-93b8-4f49-875c-1edec488e96a</processId>
            <parameterType>2</parameterType>
            <isArrayOf>false</isArrayOf>
            <classId>/12.db884a3c-c533-44b7-bb2d-47bec8ad4022</classId>
            <seq>6</seq>
            <hasDefault>false</hasDefault>
            <defaultValue isNull="true" />
            <isLocked>false</isLocked>
            <description isNull="true" />
            <guid>guid:5a54f1704f1c1577:-6b56085f:12370558356:-7f42</guid>
            <versionId>1a8bc677-ea5b-4dbc-b793-96944127e101</versionId>
        </processParameter>
        <item>
            <lastModified isNull="true" />
            <lastModifiedBy isNull="true" />
            <processItemId>2025.d2ad4500-c2ce-4dfe-80f9-6d51ca89907f</processItemId>
            <processId>1.f19596ff-93b8-4f49-875c-1edec488e96a</processId>
            <name>Template Selected?</name>
            <tWComponentName>Switch</tWComponentName>
            <tWComponentId>3013.57f52eb5-184e-4127-b9c0-74f06e43c7f6</tWComponentId>
            <isLogEnabled>false</isLogEnabled>
            <isTraceEnabled>false</isTraceEnabled>
            <traceCategory isNull="true" />
            <traceLevel isNull="true" />
            <traceMessage isNull="true" />
            <traceSymbolTable isNull="true" />
            <isExecutionContextTraced>false</isExecutionContextTraced>
            <saveExecutionContext>false</saveExecutionContext>
            <documentation isNull="true" />
            <isErrorHandlerEnabled>false</isErrorHandlerEnabled>
            <errorHandlerItemId isNull="true" />
            <guid>guid:5a54f1704f1c1577:-6b56085f:12370558356:-7f3e</guid>
            <versionId>007412c6-0820-4fc2-b039-98dad4cb6616</versionId>
            <externalServiceRef isNull="true" />
            <externalServiceOp isNull="true" />
            <nodeColor isNull="true" />
            <layoutData x="136" y="201">
                <errorLink>
                    <controlPoints />
                    <showEndState>false</showEndState>
                    <showName>false</showName>
                </errorLink>
            </layoutData>
            <TWComponent>
                <lastModified isNull="true" />
                <lastModifiedBy isNull="true" />
                <switchId>3013.57f52eb5-184e-4127-b9c0-74f06e43c7f6</switchId>
                <guid>guid:5a54f1704f1c1577:-6b56085f:12370558356:-7f3f</guid>
                <versionId>6edb526c-6abf-428b-8f44-0d77ba477cbf</versionId>
                <SwitchCondition>
                    <lastModified isNull="true" />
                    <lastModifiedBy isNull="true" />
                    <switchConditionId>3014.1876b2d7-888d-4931-b501-68c999e2a474</switchConditionId>
                    <switchId>3013.57f52eb5-184e-4127-b9c0-74f06e43c7f6</switchId>
                    <seq>1</seq>
                    <endStateId>guid:5a54f1704f1c1577:-6b56085f:12370558356:-7f27</endStateId>
                    <condition>tw.local.templateID != null &amp;&amp; tw.local.templateID.length &gt; 0</condition>
                    <guid>guid:5a54f1704f1c1577:-6b56085f:12370558356:-7f28</guid>
                    <versionId>51f916f8-f99c-47b3-95ee-81d2a4e2a5ba</versionId>
                </SwitchCondition>
            </TWComponent>
        </item>
        <item>
            <lastModified isNull="true" />
            <lastModifiedBy isNull="true" />
            <processItemId>2025.e89de155-ebf5-4035-80cd-b3d7d04b9a69</processItemId>
            <processId>1.f19596ff-93b8-4f49-875c-1edec488e96a</processId>
            <name>Template Name</name>
            <tWComponentName>Coach</tWComponentName>
            <tWComponentId>3003.d23d69da-fc88-40f5-b12b-493c3c3fa7c3</tWComponentId>
            <isLogEnabled>false</isLogEnabled>
            <isTraceEnabled>false</isTraceEnabled>
            <traceCategory isNull="true" />
            <traceLevel isNull="true" />
            <traceMessage isNull="true" />
            <traceSymbolTable isNull="true" />
            <isExecutionContextTraced>false</isExecutionContextTraced>
            <saveExecutionContext>true</saveExecutionContext>
            <documentation isNull="true" />
            <isErrorHandlerEnabled>false</isErrorHandlerEnabled>
            <errorHandlerItemId isNull="true" />
            <guid>guid:5a54f1704f1c1577:-6b56085f:12370558356:-7f30</guid>
            <versionId>0253cf72-08f8-4e91-97d9-408d9e859fac</versionId>
            <externalServiceRef isNull="true" />
            <externalServiceOp isNull="true" />
            <nodeColor isNull="true" />
            <layoutData x="286" y="192">
                <errorLink>
                    <controlPoints />
                    <showEndState>false</showEndState>
                    <showName>false</showName>
                </errorLink>
            </layoutData>
            <TWComponent>
                <lastModified isNull="true" />
                <lastModifiedBy isNull="true" />
                <coachId>3003.d23d69da-fc88-40f5-b12b-493c3c3fa7c3</coachId>
                <title>Untitled2</title>
                <layoutRef>/20.fa3fc599-a72a-4a82-8f14-6bba1565444a</layoutRef>
                <layoutData isNull="true" />
                <xslRef isNull="true" />
                <guid>guid:5a54f1704f1c1577:-6b56085f:12370558356:-7f31</guid>
                <versionId>ee4ec844-693d-44c6-8699-be7279fa3eec</versionId>
                <CoachResources>
                    <lastModified isNull="true" />
                    <lastModifiedBy isNull="true" />
                    <coachResourceId>3004.de2dbcb2-b28f-4c52-8f6f-a262aec67f59</coachResourceId>
                    <coachId>3003.d23d69da-fc88-40f5-b12b-493c3c3fa7c3</coachId>
                    <virtualName>CoachDesignerXML</virtualName>
                    <type>text/HTML</type>
                    <resourceData>&lt;tw:Form xmlns:tw="http://lombardisoftware.com/schema/coachdesigner" xmlns:xsi="http://www.w3.org/2001/XMLSchema-instance" xsi:schemaLocation="http://lombardisoftware.com/schema/forms Form.xsd"&gt;
  &lt;tw:FormTitle&gt;Save Template&lt;/tw:FormTitle&gt;
  &lt;tw:Layout tw:id="section" tw:styleClass=""&gt;
    &lt;tw:Section tw:columns="1"&gt;
      &lt;tw:SectionTitle tw:id="sectionTitle" tw:visible="false"&gt;Section Title&lt;/tw:SectionTitle&gt;
      &lt;tw:SectionHeading tw:id="sectionHeading" tw:visible="false"&gt;Section Heading&lt;/tw:SectionHeading&gt;
      &lt;tw:Row tw:rows="2"&gt;
        &lt;tw:Column&gt;
          &lt;tw:Control tw:col="1" tw:colspan="1" tw:id="InputText0" tw:row="1" tw:rowspan="1"&gt;
            &lt;tw:Documentation&gt;Text as Input Text control with just one line.&lt;/tw:Documentation&gt;
            &lt;tw:PaletteIcon&gt;coachdesigner16/text_obj.gif&lt;/tw:PaletteIcon&gt;
            &lt;tw:InputText tw:binding="tw.local.templateName"&gt;
              &lt;tw:Label tw:visible="true"&gt;Template Name:&lt;/tw:Label&gt;
            &lt;/tw:InputText&gt;
          &lt;/tw:Control&gt;
          &lt;tw:Control tw:col="1" tw:colspan="1" tw:id="ButtonGroup0" tw:row="2" tw:rowspan="1"&gt;
            &lt;tw:Documentation&gt;A ButtonGroup containing one Button.&lt;/tw:Documentation&gt;
            &lt;tw:PaletteIcon&gt;coachdesigner16/button_obj.gif&lt;/tw:PaletteIcon&gt;
            &lt;tw:ButtonGroup&gt;
              &lt;tw:Label tw:visible="false"&gt;A Button:&lt;/tw:Label&gt;
              &lt;tw:Button tw:decisionPoint="true" tw:id="Button0"&gt;
                &lt;tw:Label&gt;Save&lt;/tw:Label&gt;
                &lt;tw:EventHandler tw:event="onClick" /&gt;
              &lt;/tw:Button&gt;
              &lt;tw:Button tw:decisionPoint="true" tw:id="Button1" tw:isCancel="true"&gt;
                &lt;tw:Label&gt;Cancel&lt;/tw:Label&gt;
              &lt;/tw:Button&gt;
            &lt;/tw:ButtonGroup&gt;
          &lt;/tw:Control&gt;
        &lt;/tw:Column&gt;
      &lt;/tw:Row&gt;
    &lt;/tw:Section&gt;
  &lt;/tw:Layout&gt;
&lt;/tw:Form&gt;

</resourceData>
                    <guid>guid:5a54f1704f1c1577:-6b56085f:12370558356:-7f2e</guid>
                    <versionId>1e5328d7-fe45-4bf2-bab6-7f6c127632c0</versionId>
                </CoachResources>
                <CoachButtons>
                    <lastModified isNull="true" />
                    <lastModifiedBy isNull="true" />
                    <coachButtonId>3005.3c455239-7017-4e91-b1ad-9e99458455c0</coachButtonId>
                    <coachId>3003.d23d69da-fc88-40f5-b12b-493c3c3fa7c3</coachId>
                    <seq>1</seq>
                    <endStateId>guid:5a54f1704f1c1577:-6b56085f:12370558356:-7f2c</endStateId>
                    <isSpecial>false</isSpecial>
                    <isDisplayed>true</isDisplayed>
                    <buttonLabel>Save</buttonLabel>
                    <buttonHint>ButtonGroup0_Button0</buttonHint>
                    <buttonText isNull="true" />
                    <isCheckBoxVisible>false</isCheckBoxVisible>
                    <isUncheckAllowed>false</isUncheckAllowed>
                    <metaData>CoachDesignerButtonId:ButtonGroup0_Button0;CoachDesignerIsCancel:false</metaData>
                    <buttonExpression>ButtonGroup0_Button0</buttonExpression>
                    <guid>dcb02a25-4104-4449-bc9e-fce137a47556</guid>
                    <versionId>47885c6c-5067-49de-b0e1-2717223661c4</versionId>
                </CoachButtons>
                <CoachButtons>
                    <lastModified isNull="true" />
                    <lastModifiedBy isNull="true" />
                    <coachButtonId>3005.01e4e39a-0426-433f-b3c0-432e30f665dd</coachButtonId>
                    <coachId>3003.d23d69da-fc88-40f5-b12b-493c3c3fa7c3</coachId>
                    <seq>2</seq>
                    <endStateId>guid:5a54f1704f1c1577:-6b56085f:12370558356:-7f2a</endStateId>
                    <isSpecial>false</isSpecial>
                    <isDisplayed>true</isDisplayed>
                    <buttonLabel>Cancel</buttonLabel>
                    <buttonHint>ButtonGroup0_Button1</buttonHint>
                    <buttonText isNull="true" />
                    <isCheckBoxVisible>false</isCheckBoxVisible>
                    <isUncheckAllowed>false</isUncheckAllowed>
                    <metaData>CoachDesignerButtonId:ButtonGroup0_Button1;CoachDesignerIsCancel:true</metaData>
                    <buttonExpression>ButtonGroup0_Button1</buttonExpression>
                    <guid>03244958-a517-4ff3-a248-7f99094e88e6</guid>
                    <versionId>e4cff23f-c57d-4d02-bef8-1f4ec567fc9a</versionId>
                </CoachButtons>
            </TWComponent>
        </item>
        <item>
            <lastModified isNull="true" />
            <lastModifiedBy isNull="true" />
            <processItemId>2025.663bef93-998d-4bc3-9cac-c7c197edf6df</processItemId>
            <processId>1.f19596ff-93b8-4f49-875c-1edec488e96a</processId>
            <name>Save Template</name>
            <tWComponentName>SubProcess</tWComponentName>
            <tWComponentId>3012.5c18fa26-93fd-4bdf-800b-4be5a310fd0e</tWComponentId>
            <isLogEnabled>false</isLogEnabled>
            <isTraceEnabled>false</isTraceEnabled>
            <traceCategory isNull="true" />
            <traceLevel isNull="true" />
            <traceMessage isNull="true" />
            <traceSymbolTable isNull="true" />
            <isExecutionContextTraced>false</isExecutionContextTraced>
            <saveExecutionContext>false</saveExecutionContext>
            <documentation isNull="true" />
            <isErrorHandlerEnabled>false</isErrorHandlerEnabled>
            <errorHandlerItemId isNull="true" />
            <guid>guid:5a54f1704f1c1577:-6b56085f:12370558356:-7f20</guid>
            <versionId>267fec9c-35f7-44cc-8fe0-09a5f09c454d</versionId>
            <externalServiceRef isNull="true" />
            <externalServiceOp isNull="true" />
            <nodeColor isNull="true" />
            <layoutData x="459" y="193">
                <errorLink>
                    <controlPoints />
                    <showEndState>false</showEndState>
                    <showName>false</showName>
                </errorLink>
            </layoutData>
            <TWComponent>
                <lastModified isNull="true" />
                <lastModifiedBy isNull="true" />
                <subProcessId>3012.5c18fa26-93fd-4bdf-800b-4be5a310fd0e</subProcessId>
                <attachedProcessRef>/1.36841ef6-754a-43cd-8da8-73429737a99d</attachedProcessRef>
                <guid>guid:5a54f1704f1c1577:-6b56085f:12370558356:-7f1f</guid>
                <versionId>94332218-432d-468c-99d8-efd26d7d8f35</versionId>
                <parameterMapping name="templateName">
                    <lastModified isNull="true" />
                    <lastModifiedBy isNull="true" />
                    <parameterMappingId>2054.6bf7e12b-9e8d-41c8-b7a9-9864f89b030e</parameterMappingId>
                    <processParameterId>2055.4a53e946-34d3-48f3-976d-656822584aef</processParameterId>
                    <parameterMappingParentId>3012.5c18fa26-93fd-4bdf-800b-4be5a310fd0e</parameterMappingParentId>
                    <useDefault>false</useDefault>
                    <value>tw.local.templateName</value>
                    <classRef>/12.db884a3c-c533-44b7-bb2d-47bec8ad4022</classRef>
                    <isList>false</isList>
                    <isInput>true</isInput>
                    <guid>guid:5a54f1704f1c1577:-6b56085f:12370558356:-7f1d</guid>
                    <versionId>35ddb210-2cf0-4338-b7af-db5d3409e7ec</versionId>
                    <description isNull="true" />
                </parameterMapping>
                <parameterMapping name="templateID">
                    <lastModified isNull="true" />
                    <lastModifiedBy isNull="true" />
                    <parameterMappingId>2054.391cf5dc-9a19-4d67-a20e-362c2709533c</parameterMappingId>
                    <processParameterId>2055.c96fa454-3b43-450b-8668-34e3263238e0</processParameterId>
                    <parameterMappingParentId>3012.5c18fa26-93fd-4bdf-800b-4be5a310fd0e</parameterMappingParentId>
                    <useDefault>false</useDefault>
                    <value>tw.local.templateID</value>
                    <classRef>/12.db884a3c-c533-44b7-bb2d-47bec8ad4022</classRef>
                    <isList>false</isList>
                    <isInput>true</isInput>
                    <guid>guid:5a54f1704f1c1577:-6b56085f:12370558356:-7f1e</guid>
                    <versionId>5535cc8c-4ce3-4028-89da-a3baeb3afd40</versionId>
                    <description isNull="true" />
                </parameterMapping>
                <parameterMapping name="selectedConditionalActivities">
                    <lastModified isNull="true" />
                    <lastModifiedBy isNull="true" />
                    <parameterMappingId>2054.4c0fc049-330c-453a-b339-5cefef8c873c</parameterMappingId>
                    <processParameterId>2055.01d29e81-2b95-4725-96e6-f211606652b1</processParameterId>
                    <parameterMappingParentId>3012.5c18fa26-93fd-4bdf-800b-4be5a310fd0e</parameterMappingParentId>
                    <useDefault>false</useDefault>
                    <value>tw.local.selectedConditionalActivities</value>
                    <classRef>/12.db884a3c-c533-44b7-bb2d-47bec8ad4022</classRef>
                    <isList>true</isList>
                    <isInput>true</isInput>
                    <guid>guid:5a54f1704f1c1577:-6b56085f:12370558356:-7f1b</guid>
                    <versionId>c53b9c4c-e343-4fcf-8ebe-274764dd82b7</versionId>
                    <description isNull="true" />
                </parameterMapping>
                <parameterMapping name="bpdGUID">
                    <lastModified isNull="true" />
                    <lastModifiedBy isNull="true" />
                    <parameterMappingId>2054.7d905841-0c96-4b09-8784-6051698d2369</parameterMappingId>
                    <processParameterId>2055.0c8b09c0-2b28-49e1-be8d-b178ded2be09</processParameterId>
                    <parameterMappingParentId>3012.5c18fa26-93fd-4bdf-800b-4be5a310fd0e</parameterMappingParentId>
                    <useDefault>false</useDefault>
                    <value>tw.local.bpdGUID</value>
                    <classRef>/12.db884a3c-c533-44b7-bb2d-47bec8ad4022</classRef>
                    <isList>false</isList>
                    <isInput>true</isInput>
                    <guid>guid:5a54f1704f1c1577:-6b56085f:12370558356:-7f1c</guid>
                    <versionId>d807de23-aa4a-461e-adfc-e9f3d4ff9292</versionId>
                    <description isNull="true" />
                </parameterMapping>
                <parameterMapping name="templateID">
                    <lastModified isNull="true" />
                    <lastModifiedBy isNull="true" />
                    <parameterMappingId>2054.7f9cca5b-47d5-4e43-bf7b-a9bdb6f57b21</parameterMappingId>
                    <processParameterId>2055.65430e7d-2164-4c1d-bc82-6f62f25ce6ab</processParameterId>
                    <parameterMappingParentId>3012.5c18fa26-93fd-4bdf-800b-4be5a310fd0e</parameterMappingParentId>
                    <useDefault>false</useDefault>
                    <value>tw.local.templateID</value>
                    <classRef>/12.db884a3c-c533-44b7-bb2d-47bec8ad4022</classRef>
                    <isList>false</isList>
                    <isInput>false</isInput>
                    <guid>guid:5a54f1704f1c1577:-6b56085f:12370558356:-7f1a</guid>
                    <versionId>e3ad7b4e-ccac-4e27-b368-42b9240f9d90</versionId>
                    <description isNull="true" />
                </parameterMapping>
            </TWComponent>
        </item>
        <item>
            <lastModified isNull="true" />
            <lastModifiedBy isNull="true" />
            <processItemId>2025.55de07ff-f462-48ce-acf7-015a464db797</processItemId>
            <processId>1.f19596ff-93b8-4f49-875c-1edec488e96a</processId>
            <name>Reset Template ID and Name</name>
            <tWComponentName>Script</tWComponentName>
            <tWComponentId>3011.e5f27ed0-1bef-4514-91e7-c11227ce4356</tWComponentId>
            <isLogEnabled>false</isLogEnabled>
            <isTraceEnabled>false</isTraceEnabled>
            <traceCategory isNull="true" />
            <traceLevel isNull="true" />
            <traceMessage isNull="true" />
            <traceSymbolTable isNull="true" />
            <isExecutionContextTraced>false</isExecutionContextTraced>
            <saveExecutionContext>false</saveExecutionContext>
            <documentation isNull="true" />
            <isErrorHandlerEnabled>false</isErrorHandlerEnabled>
            <errorHandlerItemId isNull="true" />
            <guid>guid:5a54f1704f1c1577:-6b56085f:12370558356:-7f12</guid>
            <versionId>433e952a-229f-4880-8c4e-d7d9c4f56937</versionId>
            <externalServiceRef isNull="true" />
            <externalServiceOp isNull="true" />
            <nodeColor isNull="true" />
            <layoutData x="284" y="74">
                <errorLink>
                    <controlPoints />
                    <showEndState>false</showEndState>
                    <showName>false</showName>
                </errorLink>
            </layoutData>
            <TWComponent>
                <lastModified isNull="true" />
                <lastModifiedBy isNull="true" />
                <scriptId>3011.e5f27ed0-1bef-4514-91e7-c11227ce4356</scriptId>
                <scriptTypeId>2</scriptTypeId>
                <isActive>true</isActive>
                <script>tw.local.templateID = null;
tw.local.templateName += " Copy";</script>
                <isRule>false</isRule>
                <guid>guid:5a54f1704f1c1577:-6b56085f:12370558356:-7f13</guid>
                <versionId>9e70756c-a54c-400c-bce1-b07c6ea77303</versionId>
            </TWComponent>
        </item>
        <item>
            <lastModified isNull="true" />
            <lastModifiedBy isNull="true" />
            <processItemId>2025.2601e71d-cff9-4a89-b45e-aa51be9e318b</processItemId>
            <processId>1.f19596ff-93b8-4f49-875c-1edec488e96a</processId>
            <name>Update Template?</name>
            <tWComponentName>Coach</tWComponentName>
            <tWComponentId>3003.d1ac9da6-f9b3-44b2-bd08-3b143b88243d</tWComponentId>
            <isLogEnabled>false</isLogEnabled>
            <isTraceEnabled>false</isTraceEnabled>
            <traceCategory isNull="true" />
            <traceLevel isNull="true" />
            <traceMessage isNull="true" />
            <traceSymbolTable isNull="true" />
            <isExecutionContextTraced>false</isExecutionContextTraced>
            <saveExecutionContext>true</saveExecutionContext>
            <documentation isNull="true" />
            <isErrorHandlerEnabled>false</isErrorHandlerEnabled>
            <errorHandlerItemId isNull="true" />
            <guid>guid:5a54f1704f1c1577:-6b56085f:12370558356:-7f3a</guid>
            <versionId>9258b1dd-b2ca-4df9-a0fa-37823c98a68a</versionId>
            <externalServiceRef isNull="true" />
            <externalServiceOp isNull="true" />
            <nodeColor isNull="true" />
            <layoutData x="130" y="76">
                <errorLink>
                    <controlPoints />
                    <showEndState>false</showEndState>
                    <showName>false</showName>
                </errorLink>
            </layoutData>
            <TWComponent>
                <lastModified isNull="true" />
                <lastModifiedBy isNull="true" />
                <coachId>3003.d1ac9da6-f9b3-44b2-bd08-3b143b88243d</coachId>
                <title>Untitled1</title>
                <layoutRef>/20.fa3fc599-a72a-4a82-8f14-6bba1565444a</layoutRef>
                <layoutData isNull="true" />
                <xslRef isNull="true" />
                <guid>guid:5a54f1704f1c1577:-6b56085f:12370558356:-7f3b</guid>
                <versionId>d22cd215-59ff-4194-ba41-7ad8085236ce</versionId>
                <CoachResources>
                    <lastModified isNull="true" />
                    <lastModifiedBy isNull="true" />
                    <coachResourceId>3004.9c2c22b2-3e8c-4cb7-880a-020e56b64ff8</coachResourceId>
                    <coachId>3003.d1ac9da6-f9b3-44b2-bd08-3b143b88243d</coachId>
                    <virtualName>CoachDesignerXML</virtualName>
                    <type>text/HTML</type>
                    <resourceData>&lt;tw:Form xmlns:tw="http://lombardisoftware.com/schema/coachdesigner" xmlns:xsi="http://www.w3.org/2001/XMLSchema-instance" xsi:schemaLocation="http://lombardisoftware.com/schema/forms Form.xsd"&gt;
  &lt;tw:FormTitle&gt;Confirm Template Update&lt;/tw:FormTitle&gt;
  &lt;tw:Layout tw:id="section" tw:styleClass=""&gt;
    &lt;tw:Section tw:columns="1"&gt;
      &lt;tw:SectionTitle tw:id="sectionTitle" tw:visible="false"&gt;Section Title&lt;/tw:SectionTitle&gt;
      &lt;tw:SectionHeading tw:id="sectionHeading" tw:visible="false"&gt;Section Heading&lt;/tw:SectionHeading&gt;
      &lt;tw:Row tw:rows="2"&gt;
        &lt;tw:Column&gt;
          &lt;tw:Control tw:col="1" tw:colspan="1" tw:id="CustomHTML0" tw:row="1" tw:rowspan="1"&gt;
            &lt;tw:Documentation&gt;A block of HTML, possibly with embedded server side JavaScript surrounded by &amp;lt;#= and &amp;gt;, that is placed in the generated form.&lt;/tw:Documentation&gt;
            &lt;tw:PaletteIcon&gt;coachdesigner16/customhtml.gif&lt;/tw:PaletteIcon&gt;
            &lt;tw:LabeledCustomHTML&gt;
              &lt;tw:Content&gt;Are you sure you want to replace the template &amp;lt;#=tw.local.templateName#&amp;gt;?&lt;/tw:Content&gt;
            &lt;/tw:LabeledCustomHTML&gt;
          &lt;/tw:Control&gt;
          &lt;tw:Control tw:col="1" tw:colspan="1" tw:id="ButtonGroup0" tw:row="2" tw:rowspan="1"&gt;
            &lt;tw:Documentation&gt;A ButtonGroup containing one Button.&lt;/tw:Documentation&gt;
            &lt;tw:PaletteIcon&gt;coachdesigner16/button_obj.gif&lt;/tw:PaletteIcon&gt;
            &lt;tw:ButtonGroup&gt;
              &lt;tw:Label tw:visible="false"&gt;A Button:&lt;/tw:Label&gt;
              &lt;tw:Button tw:decisionPoint="true" tw:id="Button0"&gt;
                &lt;tw:Label&gt;Yes&lt;/tw:Label&gt;
                &lt;tw:EventHandler tw:event="onClick" /&gt;
              &lt;/tw:Button&gt;
              &lt;tw:Button tw:decisionPoint="true" tw:id="Button1" tw:isCancel="false"&gt;
                &lt;tw:Label&gt;No&lt;/tw:Label&gt;
                &lt;tw:EventHandler tw:event="onClick" /&gt;
              &lt;/tw:Button&gt;
            &lt;/tw:ButtonGroup&gt;
          &lt;/tw:Control&gt;
        &lt;/tw:Column&gt;
      &lt;/tw:Row&gt;
    &lt;/tw:Section&gt;
  &lt;/tw:Layout&gt;
&lt;/tw:Form&gt;

</resourceData>
                    <guid>guid:5a54f1704f1c1577:-6b56085f:12370558356:-7f38</guid>
                    <versionId>9e2b58d3-010e-4f63-bf04-d449324fc42b</versionId>
                </CoachResources>
                <CoachButtons>
                    <lastModified isNull="true" />
                    <lastModifiedBy isNull="true" />
                    <coachButtonId>3005.85f5db7b-e8f0-47da-a0e5-de0dc3426158</coachButtonId>
                    <coachId>3003.d1ac9da6-f9b3-44b2-bd08-3b143b88243d</coachId>
                    <seq>1</seq>
                    <endStateId>guid:5a54f1704f1c1577:-6b56085f:12370558356:-7f36</endStateId>
                    <isSpecial>false</isSpecial>
                    <isDisplayed>true</isDisplayed>
                    <buttonLabel>Yes</buttonLabel>
                    <buttonHint>ButtonGroup0_Button0</buttonHint>
                    <buttonText isNull="true" />
                    <isCheckBoxVisible>false</isCheckBoxVisible>
                    <isUncheckAllowed>false</isUncheckAllowed>
                    <metaData>CoachDesignerButtonId:ButtonGroup0_Button0;CoachDesignerIsCancel:false</metaData>
                    <buttonExpression>ButtonGroup0_Button0</buttonExpression>
                    <guid>faa4c0af-aa42-416a-a4c4-6a10c84fc9f6</guid>
                    <versionId>97cbcc87-6ef2-4f7c-abdb-d1216a29e97f</versionId>
                </CoachButtons>
                <CoachButtons>
                    <lastModified isNull="true" />
                    <lastModifiedBy isNull="true" />
                    <coachButtonId>3005.5be04633-8796-451d-b419-d838fd116fef</coachButtonId>
                    <coachId>3003.d1ac9da6-f9b3-44b2-bd08-3b143b88243d</coachId>
                    <seq>2</seq>
                    <endStateId>guid:5a54f1704f1c1577:-6b56085f:12370558356:-7f34</endStateId>
                    <isSpecial>false</isSpecial>
                    <isDisplayed>true</isDisplayed>
                    <buttonLabel>No</buttonLabel>
                    <buttonHint>ButtonGroup0_Button1</buttonHint>
                    <buttonText isNull="true" />
                    <isCheckBoxVisible>false</isCheckBoxVisible>
                    <isUncheckAllowed>false</isUncheckAllowed>
                    <metaData>CoachDesignerButtonId:ButtonGroup0_Button1;CoachDesignerIsCancel:false</metaData>
                    <buttonExpression>ButtonGroup0_Button1</buttonExpression>
                    <guid>32e7a554-54f5-4337-9cd5-53937de57839</guid>
                    <versionId>911c7cc3-cfb6-4d94-a9df-be771d60f7c4</versionId>
                </CoachButtons>
            </TWComponent>
        </item>
        <item>
            <lastModified isNull="true" />
            <lastModifiedBy isNull="true" />
            <processItemId>2025.32bb6553-b51a-4780-8c02-f17cd94fc627</processItemId>
            <processId>1.f19596ff-93b8-4f49-875c-1edec488e96a</processId>
            <name>Cancel</name>
            <tWComponentName>ExitPoint</tWComponentName>
            <tWComponentId>3008.767f1a6f-32bc-43f9-87eb-27705f3310ad</tWComponentId>
            <isLogEnabled>false</isLogEnabled>
            <isTraceEnabled>false</isTraceEnabled>
            <traceCategory isNull="true" />
            <traceLevel isNull="true" />
            <traceMessage isNull="true" />
            <traceSymbolTable isNull="true" />
            <isExecutionContextTraced>false</isExecutionContextTraced>
            <saveExecutionContext>false</saveExecutionContext>
            <documentation isNull="true" />
            <isErrorHandlerEnabled>false</isErrorHandlerEnabled>
            <errorHandlerItemId isNull="true" />
            <guid>guid:5a54f1704f1c1577:-6b56085f:12370558356:-7f22</guid>
            <versionId>c9f261c2-7586-4dd9-a6e5-17e51f8fb5c9</versionId>
            <externalServiceRef isNull="true" />
            <externalServiceOp isNull="true" />
            <nodeColor isNull="true" />
            <layoutData x="577" y="312">
                <errorLink>
                    <controlPoints />
                    <showEndState>false</showEndState>
                    <showName>false</showName>
                </errorLink>
            </layoutData>
            <TWComponent>
                <lastModified isNull="true" />
                <lastModifiedBy isNull="true" />
                <exitPointId>3008.767f1a6f-32bc-43f9-87eb-27705f3310ad</exitPointId>
                <haltProcess>false</haltProcess>
                <guid>guid:5a54f1704f1c1577:-6b56085f:12370558356:-7f23</guid>
                <versionId>91017c79-485b-4a58-88fa-a25177f427f0</versionId>
            </TWComponent>
        </item>
        <item>
            <lastModified isNull="true" />
            <lastModifiedBy isNull="true" />
            <processItemId>2025.8d5e65dd-3c73-4c6a-aa0a-00923e43dcc4</processItemId>
            <processId>1.f19596ff-93b8-4f49-875c-1edec488e96a</processId>
            <name>Saved</name>
            <tWComponentName>ExitPoint</tWComponentName>
            <tWComponentId>3008.8d2301be-c699-4a01-9efb-af54ea6b1de5</tWComponentId>
            <isLogEnabled>false</isLogEnabled>
            <isTraceEnabled>false</isTraceEnabled>
            <traceCategory isNull="true" />
            <traceLevel isNull="true" />
            <traceMessage isNull="true" />
            <traceSymbolTable isNull="true" />
            <isExecutionContextTraced>false</isExecutionContextTraced>
            <saveExecutionContext>true</saveExecutionContext>
            <documentation isNull="true" />
            <isErrorHandlerEnabled>false</isErrorHandlerEnabled>
            <errorHandlerItemId isNull="true" />
            <guid>guid:5a54f1704f1c1577:-6b56085f:12370558356:-7f49</guid>
            <versionId>ea380ae0-ab34-47bc-a1e5-8d15659bcfb9</versionId>
            <externalServiceRef isNull="true" />
            <externalServiceOp isNull="true" />
            <nodeColor isNull="true" />
            <layoutData x="577" y="205">
                <errorLink>
                    <controlPoints />
                    <showEndState>false</showEndState>
                    <showName>false</showName>
                </errorLink>
            </layoutData>
            <TWComponent>
                <lastModified isNull="true" />
                <lastModifiedBy isNull="true" />
                <exitPointId>3008.8d2301be-c699-4a01-9efb-af54ea6b1de5</exitPointId>
                <haltProcess>false</haltProcess>
                <guid>guid:5a54f1704f1c1577:-6b56085f:12370558356:-7f48</guid>
                <versionId>561d27a7-e8be-48af-a85b-e0c5bea93e67</versionId>
            </TWComponent>
        </item>
        <startingProcessItemId>2025.d2ad4500-c2ce-4dfe-80f9-6d51ca89907f</startingProcessItemId>
        <errorHandlerItemId isNull="true" />
        <layoutData noConversion="true">
            <errorLink>
                <controlPoints />
                <showEndState>false</showEndState>
                <showName>false</showName>
            </errorLink>
        </layoutData>
        <startPoint>
            <layoutData x="19" y="201">
                <errorLink>
                    <controlPoints />
                    <showEndState>false</showEndState>
                    <showName>false</showName>
                </errorLink>
            </layoutData>
        </startPoint>
        <startLink>
            <fromPort locationId="rightCenter" portType="1" />
            <toPort locationId="leftCenter" portType="2" />
            <layoutData>
                <controlPoints />
                <showEndState>false</showEndState>
                <showName>false</showName>
            </layoutData>
        </startLink>
        <link name="Untitled">
            <lastModified isNull="true" />
            <lastModifiedBy isNull="true" />
            <processLinkId>2027.5b2bea0f-cb6e-4572-9d6a-f9b408e2d143</processLinkId>
            <processId>1.f19596ff-93b8-4f49-875c-1edec488e96a</processId>
            <description isNull="true" />
            <fromProcessItemId>2025.663bef93-998d-4bc3-9cac-c7c197edf6df</fromProcessItemId>
            <endStateId>guid:5a54f1704f1c1577:-6b56085f:12370558356:-7f82</endStateId>
            <toProcessItemId>2025.8d5e65dd-3c73-4c6a-aa0a-00923e43dcc4</toProcessItemId>
            <guid>guid:5a54f1704f1c1577:-6b56085f:12370558356:-7f16</guid>
            <versionId>0354d14d-a3c2-4514-aaa9-6c6ec461494e</versionId>
            <layoutData>
                <controlPoints />
                <showEndState>false</showEndState>
                <showName>false</showName>
            </layoutData>
            <fromItemPort locationId="rightCenter" portType="1" />
            <toItemPort locationId="leftCenter" portType="2" />
            <fromProcessItemId>2025.663bef93-998d-4bc3-9cac-c7c197edf6df</fromProcessItemId>
            <toProcessItemId>2025.8d5e65dd-3c73-4c6a-aa0a-00923e43dcc4</toProcessItemId>
        </link>
        <link name="Untitled">
            <lastModified isNull="true" />
            <lastModifiedBy isNull="true" />
            <processLinkId>2027.83213855-7891-4ab0-8155-468fe8617b20</processLinkId>
            <processId>1.f19596ff-93b8-4f49-875c-1edec488e96a</processId>
            <description isNull="true" />
            <fromProcessItemId>2025.e89de155-ebf5-4035-80cd-b3d7d04b9a69</fromProcessItemId>
            <endStateId>guid:5a54f1704f1c1577:-6b56085f:12370558356:-7f2c</endStateId>
            <toProcessItemId>2025.663bef93-998d-4bc3-9cac-c7c197edf6df</toProcessItemId>
            <guid>guid:5a54f1704f1c1577:-6b56085f:12370558356:-7f19</guid>
            <versionId>191ba2cc-05a1-4339-b701-1aa85c139be9</versionId>
            <layoutData>
                <controlPoints />
                <showEndState>true</showEndState>
                <showName>false</showName>
            </layoutData>
            <fromItemPort locationId="rightCenter" portType="1" />
            <toItemPort locationId="leftCenter" portType="2" />
            <fromProcessItemId>2025.e89de155-ebf5-4035-80cd-b3d7d04b9a69</fromProcessItemId>
            <toProcessItemId>2025.663bef93-998d-4bc3-9cac-c7c197edf6df</toProcessItemId>
        </link>
        <link name="Untitled">
            <lastModified isNull="true" />
            <lastModifiedBy isNull="true" />
            <processLinkId>2027.96ac04b6-d4f1-43bd-a009-e020086be77f</processLinkId>
            <processId>1.f19596ff-93b8-4f49-875c-1edec488e96a</processId>
            <description isNull="true" />
            <fromProcessItemId>2025.55de07ff-f462-48ce-acf7-015a464db797</fromProcessItemId>
            <endStateId>Out</endStateId>
            <toProcessItemId>2025.e89de155-ebf5-4035-80cd-b3d7d04b9a69</toProcessItemId>
            <guid>guid:5a54f1704f1c1577:-6b56085f:12370558356:-7f0f</guid>
            <versionId>21f6b6d0-310d-4292-945f-845ce24fd3f2</versionId>
            <layoutData>
                <controlPoints />
                <showEndState>false</showEndState>
                <showName>false</showName>
            </layoutData>
            <fromItemPort locationId="bottomCenter" portType="1" />
            <toItemPort locationId="topCenter" portType="2" />
            <fromProcessItemId>2025.55de07ff-f462-48ce-acf7-015a464db797</fromProcessItemId>
            <toProcessItemId>2025.e89de155-ebf5-4035-80cd-b3d7d04b9a69</toProcessItemId>
        </link>
        <link name="No">
            <lastModified isNull="true" />
            <lastModifiedBy isNull="true" />
            <processLinkId>2027.0d98a258-a8a0-4323-8267-1c8ca7f4bfca</processLinkId>
            <processId>1.f19596ff-93b8-4f49-875c-1edec488e96a</processId>
            <description isNull="true" />
            <fromProcessItemId>2025.d2ad4500-c2ce-4dfe-80f9-6d51ca89907f</fromProcessItemId>
            <endStateId>DEFAULT</endStateId>
            <toProcessItemId>2025.e89de155-ebf5-4035-80cd-b3d7d04b9a69</toProcessItemId>
            <guid>guid:5a54f1704f1c1577:-6b56085f:12370558356:-7f26</guid>
            <versionId>282270a3-92ad-4838-af3b-dca033ef59a7</versionId>
            <layoutData>
                <controlPoints />
                <showEndState>false</showEndState>
                <showName>true</showName>
            </layoutData>
            <fromItemPort locationId="rightCenter" portType="1" />
            <toItemPort locationId="leftCenter" portType="2" />
            <fromProcessItemId>2025.d2ad4500-c2ce-4dfe-80f9-6d51ca89907f</fromProcessItemId>
            <toProcessItemId>2025.e89de155-ebf5-4035-80cd-b3d7d04b9a69</toProcessItemId>
        </link>
        <link name="Untitled">
            <lastModified isNull="true" />
            <lastModifiedBy isNull="true" />
            <processLinkId>2027.7807954b-72bc-4baf-81ac-fcf48bfe66d8</processLinkId>
            <processId>1.f19596ff-93b8-4f49-875c-1edec488e96a</processId>
            <description isNull="true" />
            <fromProcessItemId>2025.e89de155-ebf5-4035-80cd-b3d7d04b9a69</fromProcessItemId>
            <endStateId>guid:5a54f1704f1c1577:-6b56085f:12370558356:-7f2a</endStateId>
            <toProcessItemId>2025.32bb6553-b51a-4780-8c02-f17cd94fc627</toProcessItemId>
            <guid>guid:5a54f1704f1c1577:-6b56085f:12370558356:-7f18</guid>
            <versionId>65c81916-f778-4e19-a7e7-12cd1d2571f2</versionId>
            <layoutData>
                <controlPoints />
                <showEndState>true</showEndState>
                <showName>false</showName>
            </layoutData>
            <fromItemPort locationId="bottomCenter" portType="1" />
            <toItemPort locationId="leftCenter" portType="2" />
            <fromProcessItemId>2025.e89de155-ebf5-4035-80cd-b3d7d04b9a69</fromProcessItemId>
            <toProcessItemId>2025.32bb6553-b51a-4780-8c02-f17cd94fc627</toProcessItemId>
        </link>
        <link name="Untitled">
            <lastModified isNull="true" />
            <lastModifiedBy isNull="true" />
            <processLinkId>2027.cf57bb1d-3207-44c3-a924-309e994fb816</processLinkId>
            <processId>1.f19596ff-93b8-4f49-875c-1edec488e96a</processId>
            <description isNull="true" />
            <fromProcessItemId>2025.2601e71d-cff9-4a89-b45e-aa51be9e318b</fromProcessItemId>
            <endStateId>guid:5a54f1704f1c1577:-6b56085f:12370558356:-7f34</endStateId>
            <toProcessItemId>2025.55de07ff-f462-48ce-acf7-015a464db797</toProcessItemId>
            <guid>guid:5a54f1704f1c1577:-6b56085f:12370558356:-7f10</guid>
            <versionId>9ea79dd5-e7a3-454f-a803-063f5ce4011d</versionId>
            <layoutData>
                <controlPoints />
                <showEndState>true</showEndState>
                <showName>false</showName>
            </layoutData>
            <fromItemPort locationId="rightCenter" portType="1" />
            <toItemPort locationId="leftCenter" portType="2" />
            <fromProcessItemId>2025.2601e71d-cff9-4a89-b45e-aa51be9e318b</fromProcessItemId>
            <toProcessItemId>2025.55de07ff-f462-48ce-acf7-015a464db797</toProcessItemId>
        </link>
        <link name="Untitled">
            <lastModified isNull="true" />
            <lastModifiedBy isNull="true" />
            <processLinkId>2027.2ef0202b-4de1-4bd0-b0bf-81e901db9592</processLinkId>
            <processId>1.f19596ff-93b8-4f49-875c-1edec488e96a</processId>
            <description isNull="true" />
            <fromProcessItemId>2025.2601e71d-cff9-4a89-b45e-aa51be9e318b</fromProcessItemId>
            <endStateId>guid:5a54f1704f1c1577:-6b56085f:12370558356:-7f36</endStateId>
            <toProcessItemId>2025.663bef93-998d-4bc3-9cac-c7c197edf6df</toProcessItemId>
            <guid>guid:5a54f1704f1c1577:-6b56085f:12370558356:-7f11</guid>
            <versionId>c06cbe44-3e62-4c0b-9bc6-2dd6767102bb</versionId>
            <layoutData>
                <controlPoints />
                <showEndState>true</showEndState>
                <showName>false</showName>
            </layoutData>
            <fromItemPort locationId="topCenter" portType="1" />
            <toItemPort locationId="topCenter" portType="2" />
            <fromProcessItemId>2025.2601e71d-cff9-4a89-b45e-aa51be9e318b</fromProcessItemId>
            <toProcessItemId>2025.663bef93-998d-4bc3-9cac-c7c197edf6df</toProcessItemId>
        </link>
        <link name="Yes">
            <lastModified isNull="true" />
            <lastModifiedBy isNull="true" />
            <processLinkId>2027.c9e63e0c-078e-4642-a87d-28dc152b76bc</processLinkId>
            <processId>1.f19596ff-93b8-4f49-875c-1edec488e96a</processId>
            <description isNull="true" />
            <fromProcessItemId>2025.d2ad4500-c2ce-4dfe-80f9-6d51ca89907f</fromProcessItemId>
            <endStateId>guid:5a54f1704f1c1577:-6b56085f:12370558356:-7f27</endStateId>
            <toProcessItemId>2025.2601e71d-cff9-4a89-b45e-aa51be9e318b</toProcessItemId>
            <guid>guid:5a54f1704f1c1577:-6b56085f:12370558356:-7f29</guid>
            <versionId>ebc811d8-11f0-4c07-b75f-c75e59614225</versionId>
            <layoutData>
                <controlPoints />
                <showEndState>false</showEndState>
                <showName>true</showName>
            </layoutData>
            <fromItemPort locationId="topCenter" portType="1" />
            <toItemPort locationId="bottomCenter" portType="2" />
            <fromProcessItemId>2025.d2ad4500-c2ce-4dfe-80f9-6d51ca89907f</fromProcessItemId>
            <toProcessItemId>2025.2601e71d-cff9-4a89-b45e-aa51be9e318b</toProcessItemId>
        </link>
    </process>
</teamworks>

