<?xml version="1.0" encoding="UTF-8"?>
<teamworks>
    <process id="1.f5a30b77-741c-40d0-a521-5b36f224f6b7" name="SQL Call Multiple Stored Procedures  (SQLResult)">
        <lastModified>1361372673512</lastModified>
        <lastModifiedBy>Internal TW Admin user</lastModifiedBy>
        <processId>1.f5a30b77-741c-40d0-a521-5b36f224f6b7</processId>
        <image isNull="true" />
        <tabGroup isNull="true" />
        <startingProcessItemId>2025.afc78c19-9b1e-4475-b83f-7d6b652bf94e</startingProcessItemId>
        <isRootProcess>false</isRootProcess>
        <processType>4</processType>
        <isErrorHandlerEnabled>false</isErrorHandlerEnabled>
        <errorHandlerItemId isNull="true" />
        <isLoggingVariables>false</isLoggingVariables>
        <isTransactional>false</isTransactional>
        <processTimingLevel isNull="true" />
        <participantRef isNull="true" />
        <exposedType isNull="true" />
        <isTrackingEnabled>true</isTrackingEnabled>
        <xmlData isNull="true" />
        <cachingType>false</cachingType>
        <itemLabel isNull="true" />
        <cacheLength>43200</cacheLength>
        <mobileReady>false</mobileReady>
        <sboSyncEnabled>true</sboSyncEnabled>
        <externalId isNull="true" />
        <isSecured>false</isSecured>
        <isAjaxExposed>false</isAjaxExposed>
        <description>Calls multiple SQL stored procedures or functions and returns the results based on the supplied return type.</description>
        <guid>guid:b5ffa6577ed3a684:-4e3a2174:115951f71d3:-7fec</guid>
        <versionId>0bd9a8aa-1192-420c-8e5c-c75f286e8ca4</versionId>
        <dependencySummary isNull="true" />
        <jsonData isNull="true" />
        <field1 isNull="true" />
        <field2 isNull="true" />
        <field3>0</field3>
        <field4 isNull="true" />
        <field5>false</field5>
        <clobField1 isNull="true" />
        <blobField1 isNull="true" />
        <processParameter name="sqlStatements">
            <lastModified isNull="true" />
            <lastModifiedBy isNull="true" />
            <processParameterId>2055.02b7bb02-8645-4622-a4d7-5bea6c3ebcf5</processParameterId>
            <processId>1.f5a30b77-741c-40d0-a521-5b36f224f6b7</processId>
            <parameterType>1</parameterType>
            <isArrayOf>true</isArrayOf>
            <classId>/12.3990d8b4-983d-4250-bd06-3600f527fed0</classId>
            <seq>1</seq>
            <hasDefault>false</hasDefault>
            <defaultValue isNull="true" />
            <isLocked>false</isLocked>
            <description isNull="true" />
            <guid>guid:197d4ddc90fc5427:-1c619ffe:11def1582ed:-7909</guid>
            <versionId>97772418-fb11-4e5e-ac19-75490b6a54a9</versionId>
        </processParameter>
        <processParameter name="dataSourceName">
            <lastModified isNull="true" />
            <lastModifiedBy isNull="true" />
            <processParameterId>2055.2061c64e-6a53-42be-ac6d-1d4e052e2bc4</processParameterId>
            <processId>1.f5a30b77-741c-40d0-a521-5b36f224f6b7</processId>
            <parameterType>1</parameterType>
            <isArrayOf>false</isArrayOf>
            <classId>/12.db884a3c-c533-44b7-bb2d-47bec8ad4022</classId>
            <seq>2</seq>
            <hasDefault>true</hasDefault>
            <defaultValue>"jdbc/TeamWorksDB"</defaultValue>
            <isLocked>false</isLocked>
            <description isNull="true" />
            <guid>guid:197d4ddc90fc5427:-1c619ffe:11def1582ed:-7907</guid>
            <versionId>d80dc030-5307-41fa-8879-3e1270182dfe</versionId>
        </processParameter>
        <processParameter name="results">
            <lastModified isNull="true" />
            <lastModifiedBy isNull="true" />
            <processParameterId>2055.62853ada-5936-491e-8dda-1e7b460152e6</processParameterId>
            <processId>1.f5a30b77-741c-40d0-a521-5b36f224f6b7</processId>
            <parameterType>2</parameterType>
            <isArrayOf>true</isArrayOf>
            <classId>/12.3b1e3757-a1f4-4c3f-bbb8-16fecd4d65c1</classId>
            <seq>3</seq>
            <hasDefault>false</hasDefault>
            <defaultValue isNull="true" />
            <isLocked>false</isLocked>
            <description isNull="true" />
            <guid>guid:197d4ddc90fc5427:-1c619ffe:11def1582ed:-7905</guid>
            <versionId>09902ec4-ec44-4d88-8493-4402b7c81c87</versionId>
        </processParameter>
        <processVariable name="returnType">
            <lastModified isNull="true" />
            <lastModifiedBy isNull="true" />
            <processVariableId>2056.dc1def85-f0ca-41cd-a20a-01ef18f69d3e</processVariableId>
            <description isNull="true" />
            <processId>1.f5a30b77-741c-40d0-a521-5b36f224f6b7</processId>
            <namespace>2</namespace>
            <seq>1</seq>
            <isArrayOf>false</isArrayOf>
            <isTransient>false</isTransient>
            <classId>/12.db884a3c-c533-44b7-bb2d-47bec8ad4022</classId>
            <hasDefault>true</hasDefault>
            <defaultValue>"SQLResult"</defaultValue>
            <guid>guid:197d4ddc90fc5427:-1c619ffe:11def1582ed:-78ff</guid>
            <versionId>66dbd4f6-609f-400c-8653-e008f779bbe4</versionId>
        </processVariable>
        <item>
            <lastModified isNull="true" />
            <lastModifiedBy isNull="true" />
            <processItemId>2025.bcc1bdb3-6e2e-4c2e-8987-973a4a7c0684</processItemId>
            <processId>1.f5a30b77-741c-40d0-a521-5b36f224f6b7</processId>
            <name>End</name>
            <tWComponentName>ExitPoint</tWComponentName>
            <tWComponentId>3008.7ed12c0f-c5e0-4010-b1ac-fdec9f753f8b</tWComponentId>
            <isLogEnabled>false</isLogEnabled>
            <isTraceEnabled>false</isTraceEnabled>
            <traceCategory isNull="true" />
            <traceLevel isNull="true" />
            <traceMessage isNull="true" />
            <traceSymbolTable isNull="true" />
            <isExecutionContextTraced>false</isExecutionContextTraced>
            <saveExecutionContext>true</saveExecutionContext>
            <documentation isNull="true" />
            <isErrorHandlerEnabled>false</isErrorHandlerEnabled>
            <errorHandlerItemId isNull="true" />
            <guid>guid:b5ffa6577ed3a684:-4e3a2174:115951f71d3:-7feb</guid>
            <versionId>b57f7547-d623-48bc-89e0-d4b6dfe7b562</versionId>
            <externalServiceRef isNull="true" />
            <externalServiceOp isNull="true" />
            <nodeColor isNull="true" />
            <layoutData x="280" y="100">
                <errorLink>
                    <controlPoints />
                    <showEndState>false</showEndState>
                    <showName>false</showName>
                </errorLink>
            </layoutData>
            <TWComponent>
                <lastModified isNull="true" />
                <lastModifiedBy isNull="true" />
                <exitPointId>3008.7ed12c0f-c5e0-4010-b1ac-fdec9f753f8b</exitPointId>
                <haltProcess>false</haltProcess>
                <guid>guid:197d4ddc90fc5427:-1c619ffe:11def1582ed:-7901</guid>
                <versionId>6acc2d68-1636-45ab-ba72-02c8ab2426f5</versionId>
            </TWComponent>
        </item>
        <item>
            <lastModified isNull="true" />
            <lastModifiedBy isNull="true" />
            <processItemId>2025.afc78c19-9b1e-4475-b83f-7d6b652bf94e</processItemId>
            <processId>1.f5a30b77-741c-40d0-a521-5b36f224f6b7</processId>
            <name>SQL Call Multiple Stored Procedures</name>
            <tWComponentName>SubProcess</tWComponentName>
            <tWComponentId>3012.cd97d798-14fd-43b7-aa4e-d6b1c2f44534</tWComponentId>
            <isLogEnabled>false</isLogEnabled>
            <isTraceEnabled>false</isTraceEnabled>
            <traceCategory isNull="true" />
            <traceLevel isNull="true" />
            <traceMessage isNull="true" />
            <traceSymbolTable isNull="true" />
            <isExecutionContextTraced>false</isExecutionContextTraced>
            <saveExecutionContext>false</saveExecutionContext>
            <documentation isNull="true" />
            <isErrorHandlerEnabled>false</isErrorHandlerEnabled>
            <errorHandlerItemId isNull="true" />
            <guid>guid:12be50909032b80c:-237c9734:11f3e0778ac:-6ad0</guid>
            <versionId>c6f6fc1f-abde-4443-9b37-768046cacbeb</versionId>
            <externalServiceRef isNull="true" />
            <externalServiceOp isNull="true" />
            <nodeColor isNull="true" />
            <layoutData x="130" y="85">
                <errorLink>
                    <controlPoints />
                    <showEndState>false</showEndState>
                    <showName>false</showName>
                </errorLink>
            </layoutData>
            <TWComponent>
                <lastModified isNull="true" />
                <lastModifiedBy isNull="true" />
                <subProcessId>3012.cd97d798-14fd-43b7-aa4e-d6b1c2f44534</subProcessId>
                <attachedProcessRef>/1.c4631faa-1372-42eb-a4a2-7f2e86f95f83</attachedProcessRef>
                <guid>guid:12be50909032b80c:-237c9734:11f3e0778ac:-6acf</guid>
                <versionId>05109a04-e9ac-44fc-8c64-ee92e2b17d68</versionId>
                <parameterMapping name="dataSourceName">
                    <lastModified isNull="true" />
                    <lastModifiedBy isNull="true" />
                    <parameterMappingId>2054.a697a43a-b798-41c8-be01-9539bc6108f4</parameterMappingId>
                    <processParameterId>2055.66d1f197-84cf-41aa-83ac-444cdebe7ef4</processParameterId>
                    <parameterMappingParentId>3012.cd97d798-14fd-43b7-aa4e-d6b1c2f44534</parameterMappingParentId>
                    <useDefault>false</useDefault>
                    <value>tw.local.dataSourceName</value>
                    <classRef>/12.db884a3c-c533-44b7-bb2d-47bec8ad4022</classRef>
                    <isList>false</isList>
                    <isInput>true</isInput>
                    <guid>guid:12be50909032b80c:-237c9734:11f3e0778ac:-6abd</guid>
                    <versionId>116182f4-a748-4533-9922-700ec3c363ef</versionId>
                    <description isNull="true" />
                </parameterMapping>
                <parameterMapping name="returnType">
                    <lastModified isNull="true" />
                    <lastModifiedBy isNull="true" />
                    <parameterMappingId>2054.d662bd10-4f4e-4a90-b064-ea94ea20e758</parameterMappingId>
                    <processParameterId>2055.7f0e0551-4f4b-4b7e-8fc6-5153c90bf984</processParameterId>
                    <parameterMappingParentId>3012.cd97d798-14fd-43b7-aa4e-d6b1c2f44534</parameterMappingParentId>
                    <useDefault>false</useDefault>
                    <value>"SQLResult"</value>
                    <classRef>/12.db884a3c-c533-44b7-bb2d-47bec8ad4022</classRef>
                    <isList>false</isList>
                    <isInput>true</isInput>
                    <guid>guid:12be50909032b80c:-237c9734:11f3e0778ac:-6abe</guid>
                    <versionId>2586edad-486a-4669-8a11-6b10e1a32cd7</versionId>
                    <description isNull="true" />
                </parameterMapping>
                <parameterMapping name="sqlStatements">
                    <lastModified isNull="true" />
                    <lastModifiedBy isNull="true" />
                    <parameterMappingId>2054.db9a4e3d-e30f-494f-b816-cb293ed71607</parameterMappingId>
                    <processParameterId>2055.ea642f5b-029c-4613-8b2c-c01a34c186a3</processParameterId>
                    <parameterMappingParentId>3012.cd97d798-14fd-43b7-aa4e-d6b1c2f44534</parameterMappingParentId>
                    <useDefault>false</useDefault>
                    <value>tw.local.sqlStatements</value>
                    <classRef>/12.3990d8b4-983d-4250-bd06-3600f527fed0</classRef>
                    <isList>true</isList>
                    <isInput>true</isInput>
                    <guid>guid:12be50909032b80c:-237c9734:11f3e0778ac:-6abf</guid>
                    <versionId>3f959407-714c-4adb-84a8-47ea5d5d9ba7</versionId>
                    <description isNull="true" />
                </parameterMapping>
                <parameterMapping name="results">
                    <lastModified isNull="true" />
                    <lastModifiedBy isNull="true" />
                    <parameterMappingId>2054.edbe709d-7a78-4894-8bad-d8c27c4bcde4</parameterMappingId>
                    <processParameterId>2055.f8a84a7e-6d5f-49c1-9ff3-65560783a876</processParameterId>
                    <parameterMappingParentId>3012.cd97d798-14fd-43b7-aa4e-d6b1c2f44534</parameterMappingParentId>
                    <useDefault>false</useDefault>
                    <value>tw.local.results</value>
                    <classRef>/12.c09c9b6e-aabd-4897-bef2-ed61db106297</classRef>
                    <isList>false</isList>
                    <isInput>false</isInput>
                    <guid>guid:12be50909032b80c:-237c9734:11f3e0778ac:-6a91</guid>
                    <versionId>7b8005e0-f7bc-427a-9fb2-897cb8473524</versionId>
                    <description isNull="true" />
                </parameterMapping>
            </TWComponent>
        </item>
        <startingProcessItemId>2025.afc78c19-9b1e-4475-b83f-7d6b652bf94e</startingProcessItemId>
        <errorHandlerItemId isNull="true" />
        <layoutData noConversion="true">
            <errorLink>
                <controlPoints />
                <showEndState>false</showEndState>
                <showName>false</showName>
            </errorLink>
        </layoutData>
        <startPoint>
            <layoutData x="20" y="100">
                <errorLink>
                    <controlPoints />
                    <showEndState>false</showEndState>
                    <showName>false</showName>
                </errorLink>
            </layoutData>
        </startPoint>
        <startLink>
            <fromPort locationId="rightCenter" portType="1" />
            <toPort locationId="leftCenter" portType="2" />
            <layoutData>
                <controlPoints />
                <showEndState>false</showEndState>
                <showName>false</showName>
            </layoutData>
        </startLink>
        <link name="Untitled">
            <lastModified isNull="true" />
            <lastModifiedBy isNull="true" />
            <processLinkId>2027.3fb3a2d5-fce8-4aca-9b03-bb1289bef7e5</processLinkId>
            <processId>1.f5a30b77-741c-40d0-a521-5b36f224f6b7</processId>
            <description isNull="true" />
            <fromProcessItemId>2025.afc78c19-9b1e-4475-b83f-7d6b652bf94e</fromProcessItemId>
            <endStateId>guid:a93dd992dce2d4cc:-381cc70d:115a5e00b05:-7fe8</endStateId>
            <toProcessItemId>2025.bcc1bdb3-6e2e-4c2e-8987-973a4a7c0684</toProcessItemId>
            <guid>guid:12be50909032b80c:-237c9734:11f3e0778ac:-6a97</guid>
            <versionId>4b234ad3-cd3f-49bc-b95c-b29512dcea3e</versionId>
            <layoutData>
                <controlPoints />
                <showEndState>false</showEndState>
                <showName>false</showName>
            </layoutData>
            <fromItemPort locationId="rightCenter" portType="1" />
            <toItemPort locationId="leftCenter" portType="2" />
            <fromProcessItemId>2025.afc78c19-9b1e-4475-b83f-7d6b652bf94e</fromProcessItemId>
            <toProcessItemId>2025.bcc1bdb3-6e2e-4c2e-8987-973a4a7c0684</toProcessItemId>
        </link>
    </process>
</teamworks>

