<?xml version="1.0" encoding="UTF-8"?>
<teamworks>
    <twClass id="12.07e8bc37-eb9d-42a2-9863-9212ce153191" name="Record">
        <lastModified>1322559514605</lastModified>
        <lastModifiedBy>Internal TW Admin user</lastModifiedBy>
        <classId>12.07e8bc37-eb9d-42a2-9863-9212ce153191</classId>
        <type>3</type>
        <isSystem>true</isSystem>
        <shared>false</shared>
        <isShadow>false</isShadow>
        <globalLifetime>false</globalLifetime>
        <internalName isNull="true" />
        <extensionType isNull="true" />
        <saveServiceRef isNull="true" />
        <bpmn2Data isNull="true" />
        <externalId isNull="true" />
        <dependencySummary isNull="true" />
        <jsonData isNull="true" />
        <description>This class represents Record type in IBM BPM. Use this class to indicate that a variable is structured type and you don't want to specify all properties or the number of properties is determined at runtime. There is no need to predeclare all properties that will be used. The type of every property will be ANY</description>
        <guid>prePebbles:1023:11-25-2003 12:16:17</guid>
        <versionId>1c9f1df3-ea3a-4df5-8590-026a71a1b78c</versionId>
        <definition>
            <validator>
                <className isNull="true" />
                <errorMessage isNull="true" />
                <webWidgetJavaClass isNull="true" />
                <externalType isNull="true" />
                <configData>
                    <schema>
                        <simpleType name="Record">
                            <restriction base="String" />
                        </simpleType>
                    </schema>
                </configData>
            </validator>
        </definition>
    </twClass>
</teamworks>

