<?xml version="1.0" encoding="UTF-8"?>
<teamworks>
    <twClass id="12.237f6bc0-b848-419f-b7f1-666276ec2f5a" name="Variable">
        <lastModified>1576597125325</lastModified>
        <lastModifiedBy>tw_admin</lastModifiedBy>
        <classId>12.237f6bc0-b848-419f-b7f1-666276ec2f5a</classId>
        <type>1</type>
        <isSystem>false</isSystem>
        <shared>false</shared>
        <isShadow>false</isShadow>
        <globalLifetime>false</globalLifetime>
        <internalName isNull="true" />
        <extensionType isNull="true" />
        <saveServiceRef isNull="true" />
        <bpmn2Data isNull="true" />
        <externalId>itm.12.237f6bc0-b848-419f-b7f1-666276ec2f5a</externalId>
        <dependencySummary isNull="true" />
        <jsonData>{"attributeFormDefault":"unqualified","elementFormDefault":"unqualified","targetNamespace":"http:\/\/lombardi.ibm.com\/schema\/","complexType":[{"annotation":{"documentation":[{}],"appinfo":[{"shared":[false],"advancedProperties":[{}],"shadow":[false]}]},"sequence":{"element":[{"annotation":{"documentation":[{}],"appinfo":[{"propertyName":["name"],"advancedParameterProperties":[{}]}]},"name":"name","type":"{http:\/\/lombardi.ibm.com\/schema\/}String","otherAttributes":{"{http:\/\/www.ibm.com\/bpmsdk}refid":"12.db884a3c-c533-44b7-bb2d-47bec8ad4022"}},{"annotation":{"documentation":[{}],"appinfo":[{"propertyName":["type"],"advancedParameterProperties":[{}]}]},"name":"type","type":"{http:\/\/lombardi.ibm.com\/schema\/}String","otherAttributes":{"{http:\/\/www.ibm.com\/bpmsdk}refid":"12.db884a3c-c533-44b7-bb2d-47bec8ad4022"}},{"annotation":{"documentation":[{}],"appinfo":[{"propertyName":["isList"],"advancedParameterProperties":[{}]}]},"name":"isList","type":"{http:\/\/lombardi.ibm.com\/schema\/}Boolean","otherAttributes":{"{http:\/\/www.ibm.com\/bpmsdk}refid":"12.83ff975e-8dbc-42e5-b738-fa8bc08274a2"}},{"annotation":{"documentation":[{}],"appinfo":[{"propertyName":["documentation"],"advancedParameterProperties":[{}]}]},"name":"documentation","type":"{http:\/\/lombardi.ibm.com\/schema\/}String","otherAttributes":{"{http:\/\/www.ibm.com\/bpmsdk}refid":"12.db884a3c-c533-44b7-bb2d-47bec8ad4022"}}]},"name":"Variable"}],"id":"_12.237f6bc0-b848-419f-b7f1-666276ec2f5a"}</jsonData>
        <description isNull="true" />
        <guid>guid:4ff1444d516089a9:6b8a6ca9:16b95312884:-6f1f</guid>
        <versionId>bd33dc8b-53dd-4a6a-b55b-fbef437ed6a1</versionId>
        <definition>
            <property>
                <name>name</name>
                <description isNull="true" />
                <classRef>/12.db884a3c-c533-44b7-bb2d-47bec8ad4022</classRef>
                <arrayProperty>false</arrayProperty>
                <propertyDefault isNull="true" />
                <propertyRequired>false</propertyRequired>
                <propertyHidden>false</propertyHidden>
                <annotation type="com.lombardisoftware.core.xml.XMLFieldAnnotation" version="2.0">
                    <exclude isNull="true" />
                    <nodeType isNull="true" />
                    <name isNull="true" />
                    <namespace isNull="true" />
                    <typeName isNull="true" />
                    <typeNamespace isNull="true" />
                    <minOccurs isNull="true" />
                    <maxOccurs isNull="true" />
                    <nillable isNull="true" />
                    <order isNull="true" />
                    <wrapArray isNull="true" />
                    <arrayTypeName isNull="true" />
                    <arrayTypeAnonymous isNull="true" />
                    <arrayItemName isNull="true" />
                    <arrayItemWildcard isNull="true" />
                    <wildcard isNull="true" />
                    <wildcardVariety isNull="true" />
                    <wildcardMode isNull="true" />
                    <wildcardNamespace isNull="true" />
                    <parentModelGroupCompositor isNull="true" />
                    <timeZone isNull="true" />
                </annotation>
            </property>
            <property>
                <name>type</name>
                <description isNull="true" />
                <classRef>/12.db884a3c-c533-44b7-bb2d-47bec8ad4022</classRef>
                <arrayProperty>false</arrayProperty>
                <propertyDefault isNull="true" />
                <propertyRequired>false</propertyRequired>
                <propertyHidden>false</propertyHidden>
                <annotation type="com.lombardisoftware.core.xml.XMLFieldAnnotation" version="2.0">
                    <exclude isNull="true" />
                    <nodeType isNull="true" />
                    <name isNull="true" />
                    <namespace isNull="true" />
                    <typeName isNull="true" />
                    <typeNamespace isNull="true" />
                    <minOccurs isNull="true" />
                    <maxOccurs isNull="true" />
                    <nillable isNull="true" />
                    <order isNull="true" />
                    <wrapArray isNull="true" />
                    <arrayTypeName isNull="true" />
                    <arrayTypeAnonymous isNull="true" />
                    <arrayItemName isNull="true" />
                    <arrayItemWildcard isNull="true" />
                    <wildcard isNull="true" />
                    <wildcardVariety isNull="true" />
                    <wildcardMode isNull="true" />
                    <wildcardNamespace isNull="true" />
                    <parentModelGroupCompositor isNull="true" />
                    <timeZone isNull="true" />
                </annotation>
            </property>
            <property>
                <name>isList</name>
                <description isNull="true" />
                <classRef>/12.83ff975e-8dbc-42e5-b738-fa8bc08274a2</classRef>
                <arrayProperty>false</arrayProperty>
                <propertyDefault isNull="true" />
                <propertyRequired>false</propertyRequired>
                <propertyHidden>false</propertyHidden>
                <annotation type="com.lombardisoftware.core.xml.XMLFieldAnnotation" version="2.0">
                    <exclude isNull="true" />
                    <nodeType isNull="true" />
                    <name isNull="true" />
                    <namespace isNull="true" />
                    <typeName isNull="true" />
                    <typeNamespace isNull="true" />
                    <minOccurs isNull="true" />
                    <maxOccurs isNull="true" />
                    <nillable isNull="true" />
                    <order isNull="true" />
                    <wrapArray isNull="true" />
                    <arrayTypeName isNull="true" />
                    <arrayTypeAnonymous isNull="true" />
                    <arrayItemName isNull="true" />
                    <arrayItemWildcard isNull="true" />
                    <wildcard isNull="true" />
                    <wildcardVariety isNull="true" />
                    <wildcardMode isNull="true" />
                    <wildcardNamespace isNull="true" />
                    <parentModelGroupCompositor isNull="true" />
                    <timeZone isNull="true" />
                </annotation>
            </property>
            <property>
                <name>documentation</name>
                <description isNull="true" />
                <classRef>/12.db884a3c-c533-44b7-bb2d-47bec8ad4022</classRef>
                <arrayProperty>false</arrayProperty>
                <propertyDefault isNull="true" />
                <propertyRequired>false</propertyRequired>
                <propertyHidden>false</propertyHidden>
                <annotation type="com.lombardisoftware.core.xml.XMLFieldAnnotation" version="2.0">
                    <exclude isNull="true" />
                    <nodeType isNull="true" />
                    <name isNull="true" />
                    <namespace isNull="true" />
                    <typeName isNull="true" />
                    <typeNamespace isNull="true" />
                    <minOccurs isNull="true" />
                    <maxOccurs isNull="true" />
                    <nillable isNull="true" />
                    <order isNull="true" />
                    <wrapArray isNull="true" />
                    <arrayTypeName isNull="true" />
                    <arrayTypeAnonymous isNull="true" />
                    <arrayItemName isNull="true" />
                    <arrayItemWildcard isNull="true" />
                    <wildcard isNull="true" />
                    <wildcardVariety isNull="true" />
                    <wildcardMode isNull="true" />
                    <wildcardNamespace isNull="true" />
                    <parentModelGroupCompositor isNull="true" />
                    <timeZone isNull="true" />
                </annotation>
            </property>
            <validator>
                <className isNull="true" />
                <errorMessage isNull="true" />
                <webWidgetJavaClass isNull="true" />
                <externalType isNull="true" />
                <configData>
                    <schema>
                        <simpleType name="Variable">
                            <restriction base="String" />
                        </simpleType>
                    </schema>
                </configData>
            </validator>
            <annotation type="com.lombardisoftware.core.xml.XMLTypeAnnotation" version="2.0">
                <exclude isNull="true" />
                <anonymous isNull="true" />
                <local isNull="true" />
                <name isNull="true" />
                <namespace isNull="true" />
                <elementName isNull="true" />
                <elementNamespace isNull="true" />
                <protoTypeName isNull="true" />
                <baseTypeName isNull="true" />
                <specialType isNull="true" />
                <contentTypeVariety isNull="true" />
                <xscRef isNull="true" />
            </annotation>
        </definition>
    </twClass>
</teamworks>

