<?xml version="1.0" encoding="UTF-8"?>
<teamworks>
    <twClass id="12.b5768b8e-68d4-4e50-a064-39a0512cf8fd" name="VariableTypeMap">
        <lastModified>1561641058171</lastModified>
        <lastModifiedBy>tw_admin</lastModifiedBy>
        <classId>12.b5768b8e-68d4-4e50-a064-39a0512cf8fd</classId>
        <type>1</type>
        <isSystem>false</isSystem>
        <shared>false</shared>
        <isShadow>false</isShadow>
        <globalLifetime>false</globalLifetime>
        <internalName isNull="true" />
        <extensionType isNull="true" />
        <saveServiceRef isNull="true" />
        <bpmn2Data isNull="true" />
        <externalId>itm.12.b5768b8e-68d4-4e50-a064-39a0512cf8fd</externalId>
        <dependencySummary isNull="true" />
        <jsonData>{"attributeFormDefault":"unqualified","elementFormDefault":"unqualified","targetNamespace":"http:\/\/lombardi.ibm.com\/schema\/","complexType":[{"annotation":{"documentation":[{"content":["VariableTypeMap is used to handle\u00a0 ANY inputs, outputs,\u00a0 or other simple typed\u00a0 variables that should\u00a0 be mapped\u00a0 to a variable for ActionConfigurator."]}],"appinfo":[{"shared":[false],"advancedProperties":[{}],"shadow":[false]}]},"sequence":{"element":[{"annotation":{"documentation":[{}],"appinfo":[{"propertyName":["inputs"],"advancedParameterProperties":[{}]}]},"name":"inputs","maxOccurs":"unbounded","type":"{http:\/\/lombardi.ibm.com\/schema\/}InputVariableEntry","otherAttributes":{"{http:\/\/www.ibm.com\/bpmsdk}refid":"12.451010cc-771f-42f7-878f-4a1c841f1ec8"}},{"annotation":{"documentation":[{}],"appinfo":[{"propertyName":["outputs"],"advancedParameterProperties":[{}]}]},"name":"outputs","maxOccurs":"unbounded","type":"{http:\/\/lombardi.ibm.com\/schema\/}OutputVariableEntry","otherAttributes":{"{http:\/\/www.ibm.com\/bpmsdk}refid":"12.e0659f63-3a2b-4864-9c54-7b80a06a19e6"}}]},"name":"VariableTypeMap"}],"id":"_12.b5768b8e-68d4-4e50-a064-39a0512cf8fd"}</jsonData>
        <description>VariableTypeMap is used to handle  ANY inputs, outputs,  or other simple typed  variables that should  be mapped  to a variable for ActionConfigurator.</description>
        <guid>guid:4ff1444d516089a9:6b8a6ca9:16b95312884:-6f2d</guid>
        <versionId>1a161e62-414b-4a97-8955-bfdb0337b197</versionId>
        <definition>
            <property>
                <name>inputs</name>
                <description isNull="true" />
                <classRef>/12.451010cc-771f-42f7-878f-4a1c841f1ec8</classRef>
                <arrayProperty>true</arrayProperty>
                <propertyDefault isNull="true" />
                <propertyRequired>false</propertyRequired>
                <propertyHidden>false</propertyHidden>
                <annotation type="com.lombardisoftware.core.xml.XMLFieldAnnotation" version="2.0">
                    <exclude isNull="true" />
                    <nodeType isNull="true" />
                    <name isNull="true" />
                    <namespace isNull="true" />
                    <typeName isNull="true" />
                    <typeNamespace isNull="true" />
                    <minOccurs isNull="true" />
                    <maxOccurs isNull="true" />
                    <nillable isNull="true" />
                    <order isNull="true" />
                    <wrapArray isNull="true" />
                    <arrayTypeName isNull="true" />
                    <arrayTypeAnonymous isNull="true" />
                    <arrayItemName isNull="true" />
                    <arrayItemWildcard isNull="true" />
                    <wildcard isNull="true" />
                    <wildcardVariety isNull="true" />
                    <wildcardMode isNull="true" />
                    <wildcardNamespace isNull="true" />
                    <parentModelGroupCompositor isNull="true" />
                    <timeZone isNull="true" />
                </annotation>
            </property>
            <property>
                <name>outputs</name>
                <description isNull="true" />
                <classRef>/12.e0659f63-3a2b-4864-9c54-7b80a06a19e6</classRef>
                <arrayProperty>true</arrayProperty>
                <propertyDefault isNull="true" />
                <propertyRequired>false</propertyRequired>
                <propertyHidden>false</propertyHidden>
                <annotation type="com.lombardisoftware.core.xml.XMLFieldAnnotation" version="2.0">
                    <exclude isNull="true" />
                    <nodeType isNull="true" />
                    <name isNull="true" />
                    <namespace isNull="true" />
                    <typeName isNull="true" />
                    <typeNamespace isNull="true" />
                    <minOccurs isNull="true" />
                    <maxOccurs isNull="true" />
                    <nillable isNull="true" />
                    <order isNull="true" />
                    <wrapArray isNull="true" />
                    <arrayTypeName isNull="true" />
                    <arrayTypeAnonymous isNull="true" />
                    <arrayItemName isNull="true" />
                    <arrayItemWildcard isNull="true" />
                    <wildcard isNull="true" />
                    <wildcardVariety isNull="true" />
                    <wildcardMode isNull="true" />
                    <wildcardNamespace isNull="true" />
                    <parentModelGroupCompositor isNull="true" />
                    <timeZone isNull="true" />
                </annotation>
            </property>
            <validator>
                <className isNull="true" />
                <errorMessage isNull="true" />
                <webWidgetJavaClass isNull="true" />
                <externalType isNull="true" />
                <configData>
                    <schema>
                        <simpleType name="VariableTypeMap">
                            <restriction base="String" />
                        </simpleType>
                    </schema>
                </configData>
            </validator>
            <annotation type="com.lombardisoftware.core.xml.XMLTypeAnnotation" version="2.0">
                <exclude isNull="true" />
                <anonymous isNull="true" />
                <local isNull="true" />
                <name isNull="true" />
                <namespace isNull="true" />
                <elementName isNull="true" />
                <elementNamespace isNull="true" />
                <protoTypeName isNull="true" />
                <baseTypeName isNull="true" />
                <specialType isNull="true" />
                <contentTypeVariety isNull="true" />
                <xscRef isNull="true" />
            </annotation>
        </definition>
    </twClass>
</teamworks>

