<?xml version="1.0" encoding="UTF-8"?>
<teamworks>
    <trackingGroup id="14.ec6aa3e3-b4d2-4a8b-b4f5-dbdb6fefc510" name="SLASTATUS">
        <lastModified>1361372673512</lastModified>
        <lastModifiedBy>Internal TW Admin user</lastModifiedBy>
        <trackingGroupId>14.ec6aa3e3-b4d2-4a8b-b4f5-dbdb6fefc510</trackingGroupId>
        <externalUniqueId>l2ce88464a111</externalUniqueId>
        <isEnabled>true</isEnabled>
        <jsonData isNull="true" />
        <description isNull="true" />
        <guid>guid:83285d56cb05ab2c:-7ad2c951:111a45c77ea:-7f61</guid>
        <versionId>1dcd3c54-8087-4f28-9ff0-1f12e7538fab</versionId>
        <trackedVariable name="INTERIM">
            <lastModified isNull="true" />
            <lastModifiedBy isNull="true" />
            <trackedVariableId>17.cda142f4-084d-4706-b2e1-cec34dd461a7</trackedVariableId>
            <trackingGroupId>14.ec6aa3e3-b4d2-4a8b-b4f5-dbdb6fefc510</trackingGroupId>
            <externalUniqueId>D5213c664a111</externalUniqueId>
            <description>"Y" for an interim SLA status "N" for a non-interim SLA status Interim SLA status values are recorded during the middle of a SLA calculation windows such as "today", and as such should probably be ignored for over time graphs (such a window will record a non-interim value at the end of the day)</description>
            <type>string  </type>
            <guid>guid:197d4ddc90fc5427:-1c619ffe:11def1582ed:-7c47</guid>
            <versionId>31edc025-1385-4c3b-b99c-876cb1dd0a17</versionId>
        </trackedVariable>
        <trackedVariable name="SLA_VALUE">
            <lastModified isNull="true" />
            <lastModifiedBy isNull="true" />
            <trackedVariableId>17.e786a496-a96d-4386-b168-9b1f19fd89ef</trackedVariableId>
            <trackingGroupId>14.ec6aa3e3-b4d2-4a8b-b4f5-dbdb6fefc510</trackingGroupId>
            <externalUniqueId>F43e2c664a111</externalUniqueId>
            <description isNull="true" />
            <type>number  </type>
            <guid>guid:197d4ddc90fc5427:-1c619ffe:11def1582ed:-7c4b</guid>
            <versionId>67602ab8-debb-49fd-9b67-417b3343d39b</versionId>
        </trackedVariable>
        <trackedVariable name="VIOLATION_LEVEL">
            <lastModified isNull="true" />
            <lastModifiedBy isNull="true" />
            <trackedVariableId>17.098c972b-7aa1-43a0-95be-9b4a63f47751</trackedVariableId>
            <trackingGroupId>14.ec6aa3e3-b4d2-4a8b-b4f5-dbdb6fefc510</trackingGroupId>
            <externalUniqueId>Y33d2c664a111</externalUniqueId>
            <description isNull="true" />
            <type>number  </type>
            <guid>guid:197d4ddc90fc5427:-1c619ffe:11def1582ed:-7c49</guid>
            <versionId>d71c8cc7-aa44-464e-a9f1-47ebfebc40ce</versionId>
        </trackedVariable>
    </trackingGroup>
</teamworks>

