<?xml version="1.0" encoding="UTF-8"?>
<teamworks>
    <layout id="20.6b1c4ea8-f9e3-4151-a3cd-e2be4a53ce5a" name="Advanced - Insert EPV Value">
        <lastModified>1361372673512</lastModified>
        <lastModifiedBy>Internal TW Admin user</lastModifiedBy>
        <layoutId>20.6b1c4ea8-f9e3-4151-a3cd-e2be4a53ce5a</layoutId>
        <metaDataLabel isNull="true" />
        <metaDataUI isNull="true" />
        <type>SCRIPT</type>
        <url isNull="true" />
        <documentType>datasource</documentType>
        <imageUrl>datasource_images/datasource_function.jpg</imageUrl>
        <layoutData>var labels = reportLabels;
var seriesName = settings.legendName;
if (seriesName == null)
   seriesName = "unnamed";

if (labels.arrayLength == 0)
   throw "Cannot use expression transformation with no other datasource present as well (no labels found). Make sure " +
         "another datasource is present and executed before the expression one.";

for (var i = 0 ; i &lt; labels.arrayLength ; i++ ) {
   var value = String(report.epv[settings.epvName][settings.epvVariableName]);
   addDataToSeries(seriesName, i, value);
}</layoutData>
        <description>Creates a serie based on a EPV Variable value. This datasource cannot be used alone it has to be together with another datasource providing the possible x labels</description>
        <guid>prePebbles:4355:11-25-2003 12:13:46</guid>
        <versionId>ff1c214b-275e-4244-a586-1883423b87e8</versionId>
        <layoutParam name="legendName">
            <lastModified isNull="true" />
            <lastModifiedBy isNull="true" />
            <layoutParamId>2023.58f2b05b-65b5-429c-aeb2-01a00b75a278</layoutParamId>
            <layoutId>20.6b1c4ea8-f9e3-4151-a3cd-e2be4a53ce5a</layoutId>
            <value isNull="true" />
            <type isNull="true" />
            <seq isNull="true" />
            <guid>guid:197d4ddc90fc5427:-1c619ffe:11def1582ed:-7fe2</guid>
            <versionId>98913288-36fa-488f-8dc5-6ff529c67fd1</versionId>
        </layoutParam>
        <layoutParam name="epvVariableName">
            <lastModified isNull="true" />
            <lastModifiedBy isNull="true" />
            <layoutParamId>2023.fddc705c-7ccd-40be-b959-94d346cbb438</layoutParamId>
            <layoutId>20.6b1c4ea8-f9e3-4151-a3cd-e2be4a53ce5a</layoutId>
            <value isNull="true" />
            <type isNull="true" />
            <seq isNull="true" />
            <guid>guid:197d4ddc90fc5427:-1c619ffe:11def1582ed:-7fde</guid>
            <versionId>cf8a3b79-846b-4efa-9b2d-787d9d28fd3e</versionId>
        </layoutParam>
        <layoutParam name="epvName">
            <lastModified isNull="true" />
            <lastModifiedBy isNull="true" />
            <layoutParamId>2023.da8ccc2a-8b2b-469d-8c2a-9b4d3bbc27f7</layoutParamId>
            <layoutId>20.6b1c4ea8-f9e3-4151-a3cd-e2be4a53ce5a</layoutId>
            <value isNull="true" />
            <type isNull="true" />
            <seq isNull="true" />
            <guid>guid:197d4ddc90fc5427:-1c619ffe:11def1582ed:-7fe0</guid>
            <versionId>f1224aeb-cf55-4b41-9423-258d500f9694</versionId>
        </layoutParam>
    </layout>
</teamworks>

