<?xml version="1.0" encoding="UTF-8"?>
<teamworks>
    <participant id="24.5dfdeb91-03c9-4af3-ab98-31a4db406563" name="Managers of All Users">
        <lastModified>1368425649289</lastModified>
        <lastModifiedBy>tw_admin</lastModifiedBy>
        <participantId>24.5dfdeb91-03c9-4af3-ab98-31a4db406563</participantId>
        <participantDefinition isNull="true" />
        <simulationGroupSize>2</simulationGroupSize>
        <capacityType>1</capacityType>
        <definitionType>3</definitionType>
        <percentAvailable isNull="true" />
        <percentEfficiency isNull="true" />
        <cost>10</cost>
        <currencyCode isNull="true" />
        <image isNull="true" />
        <serviceMembersRef isNull="true" />
        <managersRef isNull="true" />
        <jsonData isNull="true" />
        <externalId isNull="true" />
        <description isNull="true" />
        <guid>guid:e5bd615902f9a645:-6536cd94:13e9c82f8f0:-7ffc</guid>
        <versionId>1c312c3f-5978-4bac-ac0e-386d9952f42a</versionId>
        <standardMembers>
            <standardMember>
                <type>Group</type>
                <name>tw_allusers_managers</name>
            </standardMember>
        </standardMembers>
        <teamAssignments />
    </participant>
</teamworks>

