<?xml version="1.0" encoding="UTF-8"?>
<teamworks>
    <participant id="24.de7e55ae-a5d2-49e2-8640-287b04e3b81c" name="Background">
        <lastModified>1361372673512</lastModified>
        <lastModifiedBy>Internal TW Admin user</lastModifiedBy>
        <participantId>24.de7e55ae-a5d2-49e2-8640-287b04e3b81c</participantId>
        <participantDefinition isNull="true" />
        <simulationGroupSize>9999</simulationGroupSize>
        <capacityType>1</capacityType>
        <definitionType>4</definitionType>
        <percentAvailable isNull="true" />
        <percentEfficiency isNull="true" />
        <cost>10</cost>
        <currencyCode isNull="true" />
        <image isNull="true" />
        <serviceMembersRef isNull="true" />
        <managersRef isNull="true" />
        <jsonData isNull="true" />
        <externalId isNull="true" />
        <description>This is the background participant. It performs background operations.</description>
        <guid>guid:733c765a2b694b4c:43a819:fe92c5f5b3:-7ffd</guid>
        <versionId>437b6935-eb4b-4ebe-9640-5f5cbfb9d57e</versionId>
        <teamAssignments />
    </participant>
</teamworks>

