<?xml version="1.0" encoding="UTF-8"?>
<teamworks>
    <bpd id="25.784afc31-e47b-4e83-b596-20b3cee2b422" name="Send SLA Violation Email">
        <bpdParameter name="violationRecord">
            <lastModified isNull="true" />
            <lastModifiedBy isNull="true" />
            <bpdParameterId>2007.4d9f7068-84fe-4c22-9946-63af13d739ed</bpdParameterId>
            <bpdId>25.784afc31-e47b-4e83-b596-20b3cee2b422</bpdId>
            <parameterType>1</parameterType>
            <isArrayOf>false</isArrayOf>
            <classId>/12.859ce530-119a-499c-afdf-77446889d535</classId>
            <seq>0</seq>
            <documentation>The information about the violated SLA</documentation>
            <hasDefault>false</hasDefault>
            <defaultValue isNull="true" />
            <isReadOnly>false</isReadOnly>
            <guid>guid:197d4ddc90fc5427:-1c619ffe:11def1582ed:-784c</guid>
            <versionId>31c2207f-b3a7-4a75-b3d3-d38845ce9474</versionId>
            <field1 isNull="true" />
            <field2 isNull="true" />
            <field3>0</field3>
            <field4 isNull="true" />
            <field5>false</field5>
        </bpdParameter>
        <bpdParameter name="parameters">
            <lastModified isNull="true" />
            <lastModifiedBy isNull="true" />
            <bpdParameterId>2007.8fa3d24d-e35e-4612-bff6-85f6c9f86575</bpdParameterId>
            <bpdId>25.784afc31-e47b-4e83-b596-20b3cee2b422</bpdId>
            <parameterType>1</parameterType>
            <isArrayOf>false</isArrayOf>
            <classId>/12.8a176cc2-eebb-4310-a9c7-9bc62b3a8002</classId>
            <seq>1</seq>
            <documentation>Sample Input:

&lt;parameters&gt;&lt;emails&gt;&lt;item&gt;&lt;address&gt;&lt;![CDATA[foo@bar.com]]&gt;&lt;/address&gt;&lt;/item&gt;&lt;/emails&gt;&lt;/parameters&gt;</documentation>
            <hasDefault>false</hasDefault>
            <defaultValue isNull="true" />
            <isReadOnly>false</isReadOnly>
            <guid>guid:197d4ddc90fc5427:-1c619ffe:11def1582ed:-784a</guid>
            <versionId>1e150a46-7ce9-4984-b004-32eb02d8f0af</versionId>
            <field1 isNull="true" />
            <field2 isNull="true" />
            <field3>0</field3>
            <field4 isNull="true" />
            <field5>false</field5>
        </bpdParameter>
        <lastModified>1361372673512</lastModified>
        <lastModifiedBy>Internal TW Admin user</lastModifiedBy>
        <bpdId>25.784afc31-e47b-4e83-b596-20b3cee2b422</bpdId>
        <isTrackingEnabled>true</isTrackingEnabled>
        <isSpcEnabled>false</isSpcEnabled>
        <restrictedName isNull="true" />
        <isCriticalPathEnabled>false</isCriticalPathEnabled>
        <participantRef isNull="true" />
        <businessDataParticipantRef isNull="true" />
        <perfMetricParticipantRef isNull="true" />
        <ownerTeamParticipantRef isNull="true" />
        <timeScheduleType isNull="true" />
        <timeScheduleName isNull="true" />
        <timeScheduleExpression isNull="true" />
        <holidayScheduleType isNull="true" />
        <holidayScheduleName isNull="true" />
        <holidayScheduleExpression isNull="true" />
        <timezoneType isNull="true" />
        <timezone isNull="true" />
        <timezoneExpression isNull="true" />
        <internalName isNull="true" />
        <description>Stock business process which sends an email with BPD violation information.

This process is used when the "send email" consequence is specified for an SLA</description>
        <type isNull="true" />
        <rootBpdId isNull="true" />
        <parentBpdId isNull="true" />
        <parentFlowObjectId isNull="true" />
        <xmlData isNull="true" />
        <bpmn2Data isNull="true" />
        <dependencySummary isNull="true" />
        <jsonData isNull="true" />
        <migrationData isNull="true" />
        <rwfData isNull="true" />
        <rwfStatus isNull="true" />
        <templateId isNull="true" />
        <externalId isNull="true" />
        <guid>guid:83285d56cb05ab2c:45b34905:111af2beb38:-7d17</guid>
        <versionId>aafc9622-face-403f-ac02-dcd93d08dfad</versionId>
        <field1 isNull="true" />
        <field2 isNull="true" />
        <field3>0</field3>
        <field4 isNull="true" />
        <field5>false</field5>
        <clobField1 isNull="true" />
        <blobField1 isNull="true" />
        <BusinessProcessDiagram id="bpdid:e2447af0dcf530fb:-7f193603:178bca87197:-7f56">
            <metadata>
                <entry>
                    <key>SAP_META.SHOULDRECOVER</key>
                    <value>no</value>
                </entry>
            </metadata>
            <name>Send SLA Violation Email</name>
            <documentation>Stock business process which sends an email with BPD violation information.

This process is used when the "send email" consequence is specified for an SLA</documentation>
            <name>Send SLA Violation Email</name>
            <dimension>
                <size w="600" h="150" />
            </dimension>
            <author>dmgr_admin</author>
            <isTrackingEnabled>true</isTrackingEnabled>
            <isCriticalPathEnabled>false</isCriticalPathEnabled>
            <isSpcEnabled>false</isSpcEnabled>
            <isDueDateEnabled>true</isDueDateEnabled>
            <isAtRiskCalcEnabled>true</isAtRiskCalcEnabled>
            <creationDate>1175551919338</creationDate>
            <modificationDate>1618072865000</modificationDate>
            <metricSettings itemType="2" />
            <instanceNameExpression>"Send SLA Violation Email:" + tw.system.process.instanceId</instanceNameExpression>
            <dueDateType>1</dueDateType>
            <dueDateTime>14</dueDateTime>
            <dueDateTimeResolution>2</dueDateTimeResolution>
            <dueDateTimeTOD>00:00</dueDateTimeTOD>
            <officeIntegration>
                <sharePointLCID>1033</sharePointLCID>
            </officeIntegration>
            <timeScheduleType>0</timeScheduleType>
            <holidayScheduleType>0</holidayScheduleType>
            <timezoneType>0</timezoneType>
            <executionProfile>default</executionProfile>
            <isSBOSyncEnabled>false</isSBOSyncEnabled>
            <allowContentOperations>true</allowContentOperations>
            <isLegacyCaseMigrated>false</isLegacyCaseMigrated>
            <hasCaseObjectParams>false</hasCaseObjectParams>
            <defaultPool>
                <BpmnObjectId id="bpdid:83285d56cb05ab2c:45b34905:111af2beb38:-7d16" />
            </defaultPool>
            <defaultInstanceUI id="bpdid:e2447af0dcf530fb:-7f193603:178bca87197:-7f52" />
            <ownerTeamInstanceUI id="bpdid:e2447af0dcf530fb:-7f193603:178bca87197:-7f53" />
            <simulationScenario id="bpdid:83285d56cb05ab2c:-1e530e2:111b889504c:-7f04">
                <name>Default</name>
                <simNumInstances>100</simNumInstances>
                <simMinutesBetween>30</simMinutesBetween>
                <maxInstances>100</maxInstances>
                <useMaxInstances>true</useMaxInstances>
                <continueFromReal>false</continueFromReal>
                <useParticipantCalendars>false</useParticipantCalendars>
                <useDuration>false</useDuration>
                <duration>86400</duration>
                <startTime>1175622588312</startTime>
            </simulationScenario>
            <flow id="bpdid:83285d56cb05ab2c:-1e530e2:111b889504c:-7efa" connectionType="SequenceFlow">
                <nameVisible>false</nameVisible>
                <metricSettings itemType="32" />
                <connection>
                    <lineType>0</lineType>
                    <condition id="bpdid:a91f9200ad68eb58:576c6190:12034fbdb1f:-7ade" />
                </connection>
            </flow>
            <flow id="bpdid:83285d56cb05ab2c:3fe32d0:111b5082322:-7f8a" connectionType="SequenceFlow">
                <nameVisible>false</nameVisible>
                <metricSettings itemType="32" />
                <simulationScenarioConfig id="bpdid:83285d56cb05ab2c:-1e530e2:111b889504c:-7efe">
                    <owningSimulationScenarioId>
                        <BpmnObjectId id="bpdid:83285d56cb05ab2c:-1e530e2:111b889504c:-7f04" />
                    </owningSimulationScenarioId>
                    <percentage>10</percentage>
                </simulationScenarioConfig>
                <connection>
                    <lineType>0</lineType>
                    <condition id="bpdid:a91f9200ad68eb58:576c6190:12034fbdb1f:-7adf" />
                </connection>
            </flow>
            <pool id="bpdid:83285d56cb05ab2c:45b34905:111af2beb38:-7d16">
                <name>TeamWorks</name>
                <documentation>This is my pool.</documentation>
                <dimension>
                    <size w="3000" h="150" />
                </dimension>
                <autoTrackingEnabled>false</autoTrackingEnabled>
                <lane id="bpdid:83285d56cb05ab2c:45b34905:111af2beb38:-7d15">
                    <name>System</name>
                    <height>150</height>
                    <laneColor>0</laneColor>
                    <systemLane>true</systemLane>
                    <attachedParticipant>/24.6fd38d02-81cf-48ab-bd42-8ff4c0a1628b</attachedParticipant>
                    <flowObject id="bpdid:83285d56cb05ab2c:45b34905:111af2beb38:-7d13" componentType="Event">
                        <name>Start</name>
                        <position>
                            <location x="50" y="50" />
                        </position>
                        <dropIconUrl>0</dropIconUrl>
                        <colorInput>Color</colorInput>
                        <component>
                            <nameVisible>true</nameVisible>
                            <eventType>1</eventType>
                            <cancelActivity>true</cancelActivity>
                            <repeatable>false</repeatable>
                            <doCloseTask>true</doCloseTask>
                        </component>
                        <outputPort id="bpdid:83285d56cb05ab2c:3fe32d0:111b5082322:-7f8c">
                            <positionId>rightCenter</positionId>
                            <flow ref="bpdid:83285d56cb05ab2c:3fe32d0:111b5082322:-7f8a" />
                        </outputPort>
                        <outputPort id="bpdid:83285d56cb05ab2c:3fe32d0:111b5082322:-7f8d">
                            <positionId>topLeft</positionId>
                        </outputPort>
                    </flowObject>
                    <flowObject id="bpdid:83285d56cb05ab2c:45b34905:111af2beb38:-7d12" componentType="Event">
                        <name>End</name>
                        <position>
                            <location x="350" y="50" />
                        </position>
                        <dropIconUrl>0</dropIconUrl>
                        <colorInput>Color</colorInput>
                        <component>
                            <nameVisible>true</nameVisible>
                            <eventType>2</eventType>
                            <cancelActivity>true</cancelActivity>
                            <repeatable>false</repeatable>
                            <doCloseTask>true</doCloseTask>
                        </component>
                        <inputPort id="bpdid:83285d56cb05ab2c:-1e530e2:111b889504c:-7efb">
                            <positionId>leftCenter</positionId>
                            <input>true</input>
                            <flow ref="bpdid:83285d56cb05ab2c:-1e530e2:111b889504c:-7efa" />
                        </inputPort>
                    </flowObject>
                    <flowObject id="bpdid:83285d56cb05ab2c:-1e530e2:111b889504c:-7f05" componentType="Activity">
                        <name>Send SLA Alert Email</name>
                        <position>
                            <location x="190" y="30" />
                        </position>
                        <dropIconUrl>0</dropIconUrl>
                        <colorInput>Color</colorInput>
                        <component>
                            <loopType>0</loopType>
                            <loopMaximum>1</loopMaximum>
                            <startQuantity>1</startQuantity>
                            <isAutoflowable>false</isAutoflowable>
                            <MIOrdering>1</MIOrdering>
                            <MIFlowCondition>0</MIFlowCondition>
                            <cancelRemainingInstances>false</cancelRemainingInstances>
                            <metricSettings itemType="4">
                                <settings metricId="/49.e30cf309-a884-4a7b-a2db-16e8a371a4c1" assignmentType="1" useDefaultAssignments="true" useDefaultThresholds="false">
                                    <assignment assignmentType="1" value="1" />
                                </settings>
                                <settings metricId="/49.0f650e6c-a9d7-4355-90bd-06530fa3eeec" assignmentType="16" useDefaultAssignments="true" useDefaultThresholds="false">
                                    <assignment assignmentType="16" value="1" />
                                </settings>
                            </metricSettings>
                            <implementationType>1</implementationType>
                            <isConditional>false</isConditional>
                            <bpmnTaskType>3</bpmnTaskType>
                            <activityOptionType>REQUIRED</activityOptionType>
                            <activityExecutionType>NONE</activityExecutionType>
                            <activityExecutionTypePreviousValue>AUTOMATIC</activityExecutionTypePreviousValue>
                            <isHidden>false</isHidden>
                            <isRepeatable>false</isRepeatable>
                            <transactionalBehavior>0</transactionalBehavior>
                            <isRobotTask>false</isRobotTask>
                            <implementation>
                                <attachedActivityId>/1.a3433bd0-b0ca-4049-8edb-f20064e86696</attachedActivityId>
                                <sendToType>1</sendToType>
                                <taskRouting>0</taskRouting>
                                <dueDateType>0</dueDateType>
                                <dueDateTime>1</dueDateTime>
                                <dueDateTimeResolution>1</dueDateTimeResolution>
                                <dueDateTimeTOD>00:00</dueDateTimeTOD>
                                <priorityType>0</priorityType>
                                <priority>30.30</priority>
                                <subject>SLA Triggers (slaname: &lt;#= tw.local.violationRecord.slaName #&gt;) : Send Email</subject>
                                <narrative>slaName: &lt;#= tw.local.violationRecord.slaName #&gt;&lt;br/&gt;
parameters: &lt;#= tw.local.parameters.toString(true).replace(/&amp;/g,'&amp;amp;').replace(/&gt;/g,'&amp;gt;').replace(/&lt;/g,'&amp;lt;').replace(/"/g,'&amp;quot;'); #&gt;</narrative>
                                <forceSend>false</forceSend>
                                <timeSchedule>(use default)</timeSchedule>
                                <timeScheduleType>0</timeScheduleType>
                                <timeZone>(use default)</timeZone>
                                <timeZoneType>0</timeZoneType>
                                <holidaySchedule>(use default)</holidaySchedule>
                                <holidayScheduleType>0</holidayScheduleType>
                                <inputActivityParameterMapping id="bpdid:197d4ddc90fc5427:-1c619ffe:11def1582ed:-8000">
                                    <name>violationRecord</name>
                                    <classId>/12.859ce530-119a-499c-afdf-77446889d535</classId>
                                    <input>true</input>
                                    <value>tw.local.violationRecord</value>
                                    <parameterId>2055.91b0e7cb-e1b5-48c8-9176-7e3980f49f18</parameterId>
                                </inputActivityParameterMapping>
                                <inputActivityParameterMapping id="bpdid:197d4ddc90fc5427:-1c619ffe:11def1582ed:-7fff">
                                    <name>parameters</name>
                                    <classId>/12.8a176cc2-eebb-4310-a9c7-9bc62b3a8002</classId>
                                    <input>true</input>
                                    <value>tw.local.parameters</value>
                                    <parameterId>2055.3aeef2d5-bb0a-42ec-98de-18da7f4eb207</parameterId>
                                </inputActivityParameterMapping>
                            </implementation>
                            <simulationScenarioConfig id="bpdid:83285d56cb05ab2c:-1e530e2:111b889504c:-7f03">
                                <owningSimulationScenarioId>
                                    <BpmnObjectId id="bpdid:83285d56cb05ab2c:-1e530e2:111b889504c:-7f04" />
                                </owningSimulationScenarioId>
                                <simulateSubProcess>false</simulateSubProcess>
                                <execTimeDistributions>
                                    <selectedDistributionId>
                                        <BpmnObjectId id="bpdid:83285d56cb05ab2c:-1e530e2:111b889504c:-7eff" />
                                    </selectedDistributionId>
                                    <distribution id="bpdid:83285d56cb05ab2c:-1e530e2:111b889504c:-7f01">
                                        <distribution distributionType="SingleValue" pos="1800.0" value="1.0" />
                                    </distribution>
                                    <distribution id="bpdid:83285d56cb05ab2c:-1e530e2:111b889504c:-7f00">
                                        <distribution distributionType="UniformDistribution" value="1.0">
                                            <bounds from="0.0" to="3600.0" />
                                        </distribution>
                                    </distribution>
                                    <distribution id="bpdid:83285d56cb05ab2c:-1e530e2:111b889504c:-7eff">
                                        <distribution distributionType="NormalDistribution" mu="1800.0" sigma="300.0">
                                            <bounds from="900.0" to="2700.0" />
                                        </distribution>
                                    </distribution>
                                </execTimeDistributions>
                            </simulationScenarioConfig>
                        </component>
                        <inputPort id="bpdid:83285d56cb05ab2c:-1e530e2:111b889504c:-7efd">
                            <positionId>leftCenter</positionId>
                            <input>true</input>
                            <flow ref="bpdid:83285d56cb05ab2c:3fe32d0:111b5082322:-7f8a" />
                        </inputPort>
                        <outputPort id="bpdid:83285d56cb05ab2c:-1e530e2:111b889504c:-7efc">
                            <positionId>rightCenter</positionId>
                            <flow ref="bpdid:83285d56cb05ab2c:-1e530e2:111b889504c:-7efa" />
                        </outputPort>
                    </flowObject>
                </lane>
                <inputParameter id="bpdid:83285d56cb05ab2c:45b34905:111af2beb38:-7cb1">
                    <bpdParameterId>2007.4d9f7068-84fe-4c22-9946-63af13d739ed</bpdParameterId>
                    <isProcessInstanceCorrelator>false</isProcessInstanceCorrelator>
                </inputParameter>
                <inputParameter id="bpdid:fece600bc84005df:669576:1123e394ef3:-7ebc">
                    <bpdParameterId>2007.8fa3d24d-e35e-4612-bff6-85f6c9f86575</bpdParameterId>
                    <isProcessInstanceCorrelator>false</isProcessInstanceCorrelator>
                </inputParameter>
            </pool>
        </BusinessProcessDiagram>
    </bpd>
</teamworks>

