<?xml version="1.0" encoding="UTF-8"?>
<teamworks>
    <metric id="49.0cd51fdb-6703-4f7e-aadd-4255faba9081" name="Wait Time (Calendar)">
        <lastModified>1336850762920</lastModified>
        <lastModifiedBy>Internal TW Admin user</lastModifiedBy>
        <metricId>49.0cd51fdb-6703-4f7e-aadd-4255faba9081</metricId>
        <rollupMetricRef isNull="true" />
        <rollupMultiplier>1</rollupMultiplier>
        <unit>2</unit>
        <description isNull="true" />
        <guid>guid:0daab08e2712fc36:160c21a:110e190354b:-7ffb</guid>
        <versionId>880a4cc6-5205-418e-bd2d-bd50d2c3136f</versionId>
        <xmlData>
            <itemTypeConfig itemType="4" validAssignmentTypes="0" validThresholdTypes="1" autoInclude="false" parametricAssignmentUnit="0">
                <defaultSettings assignmentType="0" useDefaultAssignments="false" useDefaultThresholds="false">
                    <threshold type="MinExpMaxThreshold" min="0" expected="0" max="1800" />
                </defaultSettings>
            </itemTypeConfig>
        </xmlData>
    </metric>
</teamworks>

