<?xml version="1.0" encoding="UTF-8"?>
<teamworks>
    <metric id="49.43b503bd-63e7-4c42-8268-92d1033e0997" name="Wait Time (Clock)">
        <lastModified>1336850763059</lastModified>
        <lastModifiedBy>Internal TW Admin user</lastModifiedBy>
        <metricId>49.43b503bd-63e7-4c42-8268-92d1033e0997</metricId>
        <rollupMetricRef isNull="true" />
        <rollupMultiplier>1</rollupMultiplier>
        <unit>2</unit>
        <description isNull="true" />
        <guid>guid:0daab08e2712fc36:160c21a:110e190354b:-7ffc</guid>
        <versionId>44806be0-9d17-4afe-b056-a08237fe0716</versionId>
        <xmlData>
            <itemTypeConfig itemType="4" validAssignmentTypes="0" validThresholdTypes="1" autoInclude="true" parametricAssignmentUnit="0">
                <defaultSettings assignmentType="0" useDefaultAssignments="false" useDefaultThresholds="false">
                    <threshold type="MinExpMaxThreshold" min="0" expected="0" max="1800" />
                </defaultSettings>
            </itemTypeConfig>
        </xmlData>
    </metric>
</teamworks>

