<?xml version="1.0" encoding="UTF-8"?>
<teamworks>
    <metric id="49.67cbb213-0032-4f14-be44-7e9c7a1a146f" name="Total Time (Clock)">
        <lastModified>1336850763067</lastModified>
        <lastModifiedBy>Internal TW Admin user</lastModifiedBy>
        <metricId>49.67cbb213-0032-4f14-be44-7e9c7a1a146f</metricId>
        <rollupMetricRef isNull="true" />
        <rollupMultiplier>1</rollupMultiplier>
        <unit>2</unit>
        <description isNull="true" />
        <guid>guid:0daab08e2712fc36:160c21a:110e190354b:-7ff5</guid>
        <versionId>abb5f683-c25a-4bb9-a7eb-eee76ac7cfbf</versionId>
        <xmlData>
            <itemTypeConfig itemType="1" validAssignmentTypes="0" validThresholdTypes="1" autoInclude="true" parametricAssignmentUnit="0">
                <defaultSettings assignmentType="0" useDefaultAssignments="false" useDefaultThresholds="false" />
            </itemTypeConfig>
            <itemTypeConfig itemType="2" validAssignmentTypes="0" validThresholdTypes="1" autoInclude="true" parametricAssignmentUnit="0">
                <defaultSettings assignmentType="0" useDefaultAssignments="false" useDefaultThresholds="false">
                    <threshold type="MinExpMaxThreshold" min="0" expected="108000" max="252000" />
                </defaultSettings>
            </itemTypeConfig>
            <itemTypeConfig itemType="4" validAssignmentTypes="0" validThresholdTypes="1" autoInclude="true" parametricAssignmentUnit="0">
                <defaultSettings assignmentType="0" useDefaultAssignments="false" useDefaultThresholds="false">
                    <threshold type="MinExpMaxThreshold" min="0" expected="1800" max="4200" />
                </defaultSettings>
            </itemTypeConfig>
        </xmlData>
    </metric>
</teamworks>

