<?xml version="1.0" encoding="UTF-8"?>
<teamworks>
    <metric id="49.d5da2c80-b2af-40a6-981d-9de4df12ed12" name="Resource Cost">
        <lastModified>1336850763109</lastModified>
        <lastModifiedBy>Internal TW Admin user</lastModifiedBy>
        <metricId>49.d5da2c80-b2af-40a6-981d-9de4df12ed12</metricId>
        <rollupMetricRef>/49.995ba3fc-e786-45eb-b356-47acb3d3ebbc</rollupMetricRef>
        <rollupMultiplier>1</rollupMultiplier>
        <unit>1</unit>
        <description isNull="true" />
        <guid>guid:0daab08e2712fc36:160c21a:110e190354b:-7ff6</guid>
        <versionId>9ae5d150-a6ec-499e-869e-2abf2a0221cb</versionId>
        <xmlData>
            <itemTypeConfig itemType="4" validAssignmentTypes="47" validThresholdTypes="1" autoInclude="true" parametricAssignmentUnit="0">
                <defaultSettings assignmentType="1" useDefaultAssignments="false" useDefaultThresholds="false">
                    <assignment assignmentType="1" value="0" />
                    <threshold type="MinExpMaxThreshold" min="0" expected="100" max="1000" />
                </defaultSettings>
            </itemTypeConfig>
        </xmlData>
    </metric>
</teamworks>

