<?xml version="1.0" encoding="UTF-8"?>
<teamworks>
    <metric id="49.fbec4968-5e4c-4f2b-b11b-f3c9ef63d09b" name="Labor Cost">
        <lastModified>1336850763201</lastModified>
        <lastModifiedBy>Internal TW Admin user</lastModifiedBy>
        <metricId>49.fbec4968-5e4c-4f2b-b11b-f3c9ef63d09b</metricId>
        <rollupMetricRef>/49.995ba3fc-e786-45eb-b356-47acb3d3ebbc</rollupMetricRef>
        <rollupMultiplier>1</rollupMultiplier>
        <unit>1</unit>
        <description isNull="true" />
        <guid>guid:0daab08e2712fc36:160c21a:110e190354b:-7ff7</guid>
        <versionId>390b1fe3-4c4b-4f27-9735-d3f122e6568b</versionId>
        <xmlData>
            <itemTypeConfig itemType="4" validAssignmentTypes="47" validThresholdTypes="1" autoInclude="true" parametricAssignmentUnit="0">
                <defaultSettings assignmentType="1" useDefaultAssignments="false" useDefaultThresholds="false">
                    <assignment assignmentType="1" value="0" />
                    <threshold type="MinExpMaxThreshold" min="0" expected="100" max="1000" />
                </defaultSettings>
            </itemTypeConfig>
        </xmlData>
    </metric>
</teamworks>

