<?xml version="1.0" encoding="UTF-8"?>
<teamworks>
    <userAttributeDefinition id="51.7d01b1b3-848f-4834-b32a-818173120c65" name="Portal Invoke Task Filter Service">
        <lastModified>1585846219750</lastModified>
        <lastModifiedBy>Internal TW Admin user</lastModifiedBy>
        <userAttributeId>51.7d01b1b3-848f-4834-b32a-818173120c65</userAttributeId>
        <classRef>/12.83ff975e-8dbc-42e5-b738-fa8bc08274a2</classRef>
        <storageProvider>0</storageProvider>
        <storageProviderAttribute isNull="true" />
        <storageSource>0</storageSource>
        <storageService isNull="true" />
        <valuesSource>2</valuesSource>
        <valuesService isNull="true" />
        <description>&lt;html&gt;&lt;body&gt;&lt;/body&gt;&lt;/html&gt;</description>
        <guid>guid:dea5747aa164e074:37a866ee:1713bc38aea:-7fcb</guid>
        <versionId>131410e5-7816-4bac-b133-0fb5fb64b454</versionId>
        <userAttributeValues>
            <userAttributeValue>
                <lastModified isNull="true" />
                <lastModifiedBy isNull="true" />
                <userAttributeDefValueId>2050.243e6476-0387-4067-81ae-40931ebda059</userAttributeDefValueId>
                <userAttributeDefId>51.7d01b1b3-848f-4834-b32a-818173120c65</userAttributeDefId>
                <value>true</value>
                <seq>0</seq>
                <guid>dd84730e-f472-4136-921c-c2ff5ea3ac19</guid>
                <versionId>379e6e97-3c27-4ca7-9168-7c22cfb98e09</versionId>
            </userAttributeValue>
            <userAttributeValue>
                <lastModified isNull="true" />
                <lastModifiedBy isNull="true" />
                <userAttributeDefValueId>2050.b7be5531-71de-41b1-8db9-90b78c8ee6c1</userAttributeDefValueId>
                <userAttributeDefId>51.7d01b1b3-848f-4834-b32a-818173120c65</userAttributeDefId>
                <value>false</value>
                <seq>1</seq>
                <guid>99f0c81c-6a12-462c-bc08-60bda0259972</guid>
                <versionId>3022dfd8-1fd4-4fdb-a748-be2bd4d2ef39</versionId>
            </userAttributeValue>
        </userAttributeValues>
    </userAttributeDefinition>
</teamworks>

