<?xml version="1.0" encoding="UTF-8"?>
<teamworks>
    <userAttributeDefinition id="51.e3920643-482a-4e2f-a8cc-aea701a796e1" name="View Mode">
        <lastModified>1582578167862</lastModified>
        <lastModifiedBy>tw_admin</lastModifiedBy>
        <userAttributeId>51.e3920643-482a-4e2f-a8cc-aea701a796e1</userAttributeId>
        <classRef>/12.db884a3c-c533-44b7-bb2d-47bec8ad4022</classRef>
        <storageProvider>0</storageProvider>
        <storageProviderAttribute isNull="true" />
        <storageSource>0</storageSource>
        <storageService isNull="true" />
        <valuesSource>2</valuesSource>
        <valuesService isNull="true" />
        <description>&lt;html&gt;&lt;body&gt;&lt;/body&gt;&lt;/html&gt;</description>
        <guid>guid:8253c7b9954ce584:6d4b863c:166687092d6:-7fdf</guid>
        <versionId>bc7f23e0-aaea-4982-aa38-51287183b202</versionId>
        <userAttributeValues>
            <userAttributeValue>
                <lastModified isNull="true" />
                <lastModifiedBy isNull="true" />
                <userAttributeDefValueId>2050.53e6850d-9b68-4d0f-8afe-14e44277d6c7</userAttributeDefValueId>
                <userAttributeDefId>51.e3920643-482a-4e2f-a8cc-aea701a796e1</userAttributeDefId>
                <value>advanced</value>
                <seq>0</seq>
                <guid>61c93efa-64f3-4892-a8eb-36a9c7eccd3e</guid>
                <versionId>6e4ce75d-18c6-4dd4-8e78-7d077315a69f</versionId>
            </userAttributeValue>
            <userAttributeValue>
                <lastModified isNull="true" />
                <lastModifiedBy isNull="true" />
                <userAttributeDefValueId>2050.e40e3e39-19c9-4d7f-80b9-603a28e987a3</userAttributeDefValueId>
                <userAttributeDefId>51.e3920643-482a-4e2f-a8cc-aea701a796e1</userAttributeDefId>
                <value>basic</value>
                <seq>1</seq>
                <guid>0b353828-ab6a-4bd8-8414-562ca6069227</guid>
                <versionId>c9b592b0-aa05-466d-b840-e0893b0e1ef8</versionId>
            </userAttributeValue>
        </userAttributeValues>
    </userAttributeDefinition>
</teamworks>

