<?xml version="1.0" encoding="UTF-8"?>
<teamworks>
    <managedAsset id="61.1f8d3067-7412-45bc-b803-3c77a94da3a7" name="indicator_white.gif">
        <lastModified>1336850768722</lastModified>
        <lastModifiedBy>Internal TW Admin user</lastModifiedBy>
        <managedAssetId>61.1f8d3067-7412-45bc-b803-3c77a94da3a7</managedAssetId>
        <assetUuid>8d6c82f0-7f4d-4c9e-8fbf-6ca8b4b80342</assetUuid>
        <mimeType>image/gif</mimeType>
        <charEncoding isNull="true" />
        <assetTypeCode>W</assetTypeCode>
        <length>1542</length>
        <localLastModification>1285108899105</localLastModification>
        <description isNull="true" />
        <isDocumentationFile>false</isDocumentationFile>
        <guid>guid:09fccecb508e1552:24370940:12b7ce0cf14:-77d0</guid>
        <versionId>7871408d-9363-49e4-842e-8f36ebaf8729</versionId>
    </managedAsset>
</teamworks>

