<?xml version="1.0" encoding="UTF-8"?>
<teamworks>
    <managedAsset id="61.21055fe7-1372-40e0-bb0e-b887403bb7d1" name="integration.jar">
        <lastModified>1392796374879</lastModified>
        <lastModifiedBy>Internal TW Admin user</lastModifiedBy>
        <managedAssetId>61.21055fe7-1372-40e0-bb0e-b887403bb7d1</managedAssetId>
        <assetUuid>b1bd7269-d353-4e29-80e1-833d5c351cce</assetUuid>
        <mimeType isNull="true" />
        <charEncoding isNull="true" />
        <assetTypeCode>J</assetTypeCode>
        <length>168893</length>
        <localLastModification>1237839248419</localLastModification>
        <description>This JAR contains classes used for the core system integrations.</description>
        <isDocumentationFile>false</isDocumentationFile>
        <guid>guid:a91f9200ad68eb58:-4ee838d0:12034c85855:-7f8b</guid>
        <versionId>ec0b6796-4571-44fc-b481-00cd5e92cea1</versionId>
    </managedAsset>
</teamworks>

