<?xml version="1.0" encoding="UTF-8"?>
<teamworks>
    <managedAsset id="61.2666f848-af2c-4ab9-b902-e1cdd84eb177" name="sk_bg_slice_heading_content.gif">
        <lastModified>1336850768740</lastModified>
        <lastModifiedBy>Internal TW Admin user</lastModifiedBy>
        <managedAssetId>61.2666f848-af2c-4ab9-b902-e1cdd84eb177</managedAssetId>
        <assetUuid>fe68f588-0b8b-42d0-9fb0-c1b223755c26</assetUuid>
        <mimeType>image/gif</mimeType>
        <charEncoding isNull="true" />
        <assetTypeCode>W</assetTypeCode>
        <length>152</length>
        <localLastModification>1285108822895</localLastModification>
        <description isNull="true" />
        <isDocumentationFile>false</isDocumentationFile>
        <guid>guid:09fccecb508e1552:24370940:12b7ce0cf14:-7b27</guid>
        <versionId>4fde80ae-5ead-4f71-b50c-c7e20b711d7e</versionId>
    </managedAsset>
</teamworks>

