<?xml version="1.0" encoding="UTF-8"?>
<teamworks>
    <managedAsset id="61.61ce8eed-a609-4e20-b0d0-fecea416f1d6" name="skin1.css">
        <lastModified>1461275322793</lastModified>
        <lastModifiedBy>Internal TW Admin user</lastModifiedBy>
        <managedAssetId>61.61ce8eed-a609-4e20-b0d0-fecea416f1d6</managedAssetId>
        <assetUuid>169c89ee-40f0-4345-a34d-2d879f2550cb</assetUuid>
        <mimeType>text/css</mimeType>
        <charEncoding isNull="true" />
        <assetTypeCode>W</assetTypeCode>
        <length>12597</length>
        <localLastModification>1461274322793</localLastModification>
        <description isNull="true" />
        <isDocumentationFile>false</isDocumentationFile>
        <guid>guid:09fccecb508e1552:24370940:12b7ce0cf14:-7782</guid>
        <versionId>24e57fe0-f262-4c3a-8bb9-746b34e1dc2f</versionId>
    </managedAsset>
</teamworks>

