<?xml version="1.0" encoding="UTF-8"?>
<teamworks>
    <managedAsset id="61.aabe9f91-df4b-43db-857c-41dbed4820a3" name="coach_designer.css">
        <lastModified>1461275451975</lastModified>
        <lastModifiedBy>Internal TW Admin user</lastModifiedBy>
        <managedAssetId>61.aabe9f91-df4b-43db-857c-41dbed4820a3</managedAssetId>
        <assetUuid>77e9ef33-a5d0-41d6-b7e4-621820205ddd</assetUuid>
        <mimeType>text/css</mimeType>
        <charEncoding isNull="true" />
        <assetTypeCode>W</assetTypeCode>
        <length>165</length>
        <localLastModification>1461274451975</localLastModification>
        <description isNull="true" />
        <isDocumentationFile>false</isDocumentationFile>
        <guid>guid:09fccecb508e1552:24370940:12b7ce0cf14:-7735</guid>
        <versionId>9fc06e6d-039b-477b-bb84-db40d5133422</versionId>
    </managedAsset>
</teamworks>

