<?xml version="1.0" encoding="UTF-8"?>
<teamworks>
    <managedAsset id="61.d38cacce-6c33-47cd-8606-9e473cbefe5b" name="coach_designer_base.css">
        <lastModified>1461275696858</lastModified>
        <lastModifiedBy>Internal TW Admin user</lastModifiedBy>
        <managedAssetId>61.d38cacce-6c33-47cd-8606-9e473cbefe5b</managedAssetId>
        <assetUuid>a3e59885-7f97-4593-89c1-dd47e8bd7a9a</assetUuid>
        <mimeType>text/css</mimeType>
        <charEncoding isNull="true" />
        <assetTypeCode>W</assetTypeCode>
        <length>18445</length>
        <localLastModification>1461275496858</localLastModification>
        <description isNull="true" />
        <isDocumentationFile>false</isDocumentationFile>
        <guid>guid:09fccecb508e1552:24370940:12b7ce0cf14:-7cf2</guid>
        <versionId>90a48d88-781c-4f43-a74e-4565f125d2a3</versionId>
    </managedAsset>
</teamworks>

