<?xml version="1.0" encoding="UTF-8"?>
<teamworks>
    <managedAsset id="61.e700edd5-c441-49ed-b821-38624d157d58" name="tableheader.png">
        <lastModified>1336850768861</lastModified>
        <lastModifiedBy>Internal TW Admin user</lastModifiedBy>
        <managedAssetId>61.e700edd5-c441-49ed-b821-38624d157d58</managedAssetId>
        <assetUuid>6280cb3d-af3e-4f75-a989-1a122270af09</assetUuid>
        <mimeType>image/png</mimeType>
        <charEncoding isNull="true" />
        <assetTypeCode>W</assetTypeCode>
        <length>228</length>
        <localLastModification>1285108899094</localLastModification>
        <description isNull="true" />
        <isDocumentationFile>false</isDocumentationFile>
        <guid>guid:09fccecb508e1552:24370940:12b7ce0cf14:-781e</guid>
        <versionId>88cfdba9-41e9-4086-8063-e4633d4e1351</versionId>
    </managedAsset>
</teamworks>

