<?xml version="1.0" encoding="UTF-8"?>
<teamworks>
    <process id="1.4cdefff8-110e-4820-81af-2f91af5ff465" name="SQL Call Stored Procedure  (SQLResult)">
        <lastModified>1361372673512</lastModified>
        <lastModifiedBy>Internal TW Admin user</lastModifiedBy>
        <processId>1.4cdefff8-110e-4820-81af-2f91af5ff465</processId>
        <image isNull="true" />
        <tabGroup isNull="true" />
        <startingProcessItemId>2025.514b237c-6aee-4e84-b48c-161d3001f189</startingProcessItemId>
        <isRootProcess>false</isRootProcess>
        <processType>4</processType>
        <isErrorHandlerEnabled>false</isErrorHandlerEnabled>
        <errorHandlerItemId isNull="true" />
        <isLoggingVariables>false</isLoggingVariables>
        <isTransactional>false</isTransactional>
        <processTimingLevel isNull="true" />
        <participantRef isNull="true" />
        <exposedType isNull="true" />
        <isTrackingEnabled>true</isTrackingEnabled>
        <xmlData isNull="true" />
        <cachingType>false</cachingType>
        <itemLabel isNull="true" />
        <cacheLength>43200</cacheLength>
        <mobileReady>false</mobileReady>
        <sboSyncEnabled>true</sboSyncEnabled>
        <externalId isNull="true" />
        <isSecured>false</isSecured>
        <isAjaxExposed>false</isAjaxExposed>
        <description>Calls a SQL stored procedure or function and returns the results based on the supplied return type.</description>
        <guid>guid:d7766b7587753602:16bdf27c:11586c10093:-7ffb</guid>
        <versionId>376afa55-1bc9-449f-aa62-50432eb13e98</versionId>
        <dependencySummary isNull="true" />
        <jsonData isNull="true" />
        <field1 isNull="true" />
        <field2 isNull="true" />
        <field3>0</field3>
        <field4 isNull="true" />
        <field5>false</field5>
        <clobField1 isNull="true" />
        <blobField1 isNull="true" />
        <processParameter name="results">
            <lastModified isNull="true" />
            <lastModifiedBy isNull="true" />
            <processParameterId>2055.7e127262-e4fb-4089-99dd-77f610619c8c</processParameterId>
            <processId>1.4cdefff8-110e-4820-81af-2f91af5ff465</processId>
            <parameterType>2</parameterType>
            <isArrayOf>true</isArrayOf>
            <classId>/12.3b1e3757-a1f4-4c3f-bbb8-16fecd4d65c1</classId>
            <seq>1</seq>
            <hasDefault>false</hasDefault>
            <defaultValue isNull="true" />
            <isLocked>false</isLocked>
            <description isNull="true" />
            <guid>guid:197d4ddc90fc5427:-1c619ffe:11def1582ed:-7937</guid>
            <versionId>f693f34d-022d-4699-be5e-370598d9d89b</versionId>
        </processParameter>
        <processParameter name="sql">
            <lastModified isNull="true" />
            <lastModifiedBy isNull="true" />
            <processParameterId>2055.b50e959b-ece2-43bc-b7c2-e71c7e7f638c</processParameterId>
            <processId>1.4cdefff8-110e-4820-81af-2f91af5ff465</processId>
            <parameterType>1</parameterType>
            <isArrayOf>false</isArrayOf>
            <classId>/12.db884a3c-c533-44b7-bb2d-47bec8ad4022</classId>
            <seq>7</seq>
            <hasDefault>false</hasDefault>
            <defaultValue isNull="true" />
            <isLocked>false</isLocked>
            <description isNull="true" />
            <guid>guid:197d4ddc90fc5427:-1c619ffe:11def1582ed:-7935</guid>
            <versionId>e6491687-1f94-4546-8c47-be61b37d9e6f</versionId>
        </processParameter>
        <processParameter name="parameters">
            <lastModified isNull="true" />
            <lastModifiedBy isNull="true" />
            <processParameterId>2055.445bdf54-adf8-4cb4-861f-c3509d6d9901</processParameterId>
            <processId>1.4cdefff8-110e-4820-81af-2f91af5ff465</processId>
            <parameterType>1</parameterType>
            <isArrayOf>true</isArrayOf>
            <classId>/12.f453f500-ca4e-4264-a371-72c1892e8b7c</classId>
            <seq>8</seq>
            <hasDefault>true</hasDefault>
            <defaultValue>null</defaultValue>
            <isLocked>false</isLocked>
            <description isNull="true" />
            <guid>guid:197d4ddc90fc5427:-1c619ffe:11def1582ed:-7933</guid>
            <versionId>86ae0642-ba40-4ab5-bc45-bc658a7739c6</versionId>
        </processParameter>
        <processParameter name="maxRows">
            <lastModified isNull="true" />
            <lastModifiedBy isNull="true" />
            <processParameterId>2055.7815e939-f857-4cf3-9c9f-4f4289496f2e</processParameterId>
            <processId>1.4cdefff8-110e-4820-81af-2f91af5ff465</processId>
            <parameterType>1</parameterType>
            <isArrayOf>false</isArrayOf>
            <classId>/12.3fa0d7a0-828a-4d60-99cc-db5ed143fc2d</classId>
            <seq>10</seq>
            <hasDefault>true</hasDefault>
            <defaultValue>-1</defaultValue>
            <isLocked>false</isLocked>
            <description isNull="true" />
            <guid>guid:197d4ddc90fc5427:-1c619ffe:11def1582ed:-7931</guid>
            <versionId>a2542d0c-8dbc-451a-a1bc-3297356773fb</versionId>
        </processParameter>
        <processParameter name="dataSourceName">
            <lastModified isNull="true" />
            <lastModifiedBy isNull="true" />
            <processParameterId>2055.de45839d-cf87-4f0a-bae2-a1897762f27c</processParameterId>
            <processId>1.4cdefff8-110e-4820-81af-2f91af5ff465</processId>
            <parameterType>1</parameterType>
            <isArrayOf>false</isArrayOf>
            <classId>/12.db884a3c-c533-44b7-bb2d-47bec8ad4022</classId>
            <seq>11</seq>
            <hasDefault>true</hasDefault>
            <defaultValue>"jdbc/TeamWorksDB"</defaultValue>
            <isLocked>false</isLocked>
            <description isNull="true" />
            <guid>guid:197d4ddc90fc5427:-1c619ffe:11def1582ed:-792f</guid>
            <versionId>55788f47-bf9f-43c1-b511-edff2909aeb2</versionId>
        </processParameter>
        <processVariable name="returnType">
            <lastModified isNull="true" />
            <lastModifiedBy isNull="true" />
            <processVariableId>2056.d8315722-273b-42e9-9166-7a70093236e5</processVariableId>
            <description isNull="true" />
            <processId>1.4cdefff8-110e-4820-81af-2f91af5ff465</processId>
            <namespace>2</namespace>
            <seq>1</seq>
            <isArrayOf>false</isArrayOf>
            <isTransient>false</isTransient>
            <classId>/12.db884a3c-c533-44b7-bb2d-47bec8ad4022</classId>
            <hasDefault>true</hasDefault>
            <defaultValue>"SQLResult"</defaultValue>
            <guid>guid:197d4ddc90fc5427:-1c619ffe:11def1582ed:-7929</guid>
            <versionId>b42aea63-fa0c-46d7-a2e1-d85b4bd427e3</versionId>
        </processVariable>
        <item>
            <lastModified isNull="true" />
            <lastModifiedBy isNull="true" />
            <processItemId>2025.514b237c-6aee-4e84-b48c-161d3001f189</processItemId>
            <processId>1.4cdefff8-110e-4820-81af-2f91af5ff465</processId>
            <name>SQL Call Stored Procedure</name>
            <tWComponentName>SubProcess</tWComponentName>
            <tWComponentId>3012.8f896cd0-7be8-4b38-abd4-4ecca5d2aad9</tWComponentId>
            <isLogEnabled>false</isLogEnabled>
            <isTraceEnabled>false</isTraceEnabled>
            <traceCategory isNull="true" />
            <traceLevel isNull="true" />
            <traceMessage isNull="true" />
            <traceSymbolTable isNull="true" />
            <isExecutionContextTraced>false</isExecutionContextTraced>
            <saveExecutionContext>true</saveExecutionContext>
            <documentation isNull="true" />
            <isErrorHandlerEnabled>false</isErrorHandlerEnabled>
            <errorHandlerItemId isNull="true" />
            <guid>guid:12be50909032b80c:18f81ea7:11f41c537ad:-7e7f</guid>
            <versionId>267ec893-2594-4519-8a3b-7f216999072a</versionId>
            <externalServiceRef isNull="true" />
            <externalServiceOp isNull="true" />
            <nodeColor isNull="true" />
            <layoutData x="245" y="95">
                <errorLink>
                    <controlPoints />
                    <showEndState>false</showEndState>
                    <showName>false</showName>
                </errorLink>
            </layoutData>
            <TWComponent>
                <lastModified isNull="true" />
                <lastModifiedBy isNull="true" />
                <subProcessId>3012.8f896cd0-7be8-4b38-abd4-4ecca5d2aad9</subProcessId>
                <attachedProcessRef>/1.6f946df6-0ae4-49ca-a697-45dc95ccfbb8</attachedProcessRef>
                <guid>guid:12be50909032b80c:18f81ea7:11f41c537ad:-7e7e</guid>
                <versionId>0535febe-f37f-4b4a-9815-1011764ca348</versionId>
                <parameterMapping name="results">
                    <lastModified isNull="true" />
                    <lastModifiedBy isNull="true" />
                    <parameterMappingId>2054.ea2a2a1a-2d78-4b5d-98f1-9f20db92f42e</parameterMappingId>
                    <processParameterId>2055.6e37fad7-0c5a-4d09-8fda-c205099bc823</processParameterId>
                    <parameterMappingParentId>3012.8f896cd0-7be8-4b38-abd4-4ecca5d2aad9</parameterMappingParentId>
                    <useDefault>false</useDefault>
                    <value>tw.local.results</value>
                    <classRef>/12.c09c9b6e-aabd-4897-bef2-ed61db106297</classRef>
                    <isList>false</isList>
                    <isInput>false</isInput>
                    <guid>guid:12be50909032b80c:18f81ea7:11f41c537ad:-7e4d</guid>
                    <versionId>332f914a-0798-4f3c-9b2b-1339d685628a</versionId>
                    <description isNull="true" />
                </parameterMapping>
                <parameterMapping name="dataSourceName">
                    <lastModified isNull="true" />
                    <lastModifiedBy isNull="true" />
                    <parameterMappingId>2054.589b3509-4cc4-45bc-a380-6b35ca1b1d68</parameterMappingId>
                    <processParameterId>2055.99913216-879f-4266-993c-c618bcdc45f4</processParameterId>
                    <parameterMappingParentId>3012.8f896cd0-7be8-4b38-abd4-4ecca5d2aad9</parameterMappingParentId>
                    <useDefault>false</useDefault>
                    <value>tw.local.dataSourceName</value>
                    <classRef>/12.db884a3c-c533-44b7-bb2d-47bec8ad4022</classRef>
                    <isList>false</isList>
                    <isInput>true</isInput>
                    <guid>guid:12be50909032b80c:18f81ea7:11f41c537ad:-7e51</guid>
                    <versionId>375a2724-8abd-47b3-8dcf-92b85ac8a8de</versionId>
                    <description isNull="true" />
                </parameterMapping>
                <parameterMapping name="sql">
                    <lastModified isNull="true" />
                    <lastModifiedBy isNull="true" />
                    <parameterMappingId>2054.6b88f8f2-a8ed-42e1-a342-7da56e4e9a5e</parameterMappingId>
                    <processParameterId>2055.52689c74-1562-4959-b106-19a96624ca55</processParameterId>
                    <parameterMappingParentId>3012.8f896cd0-7be8-4b38-abd4-4ecca5d2aad9</parameterMappingParentId>
                    <useDefault>false</useDefault>
                    <value>tw.local.sql</value>
                    <classRef>/12.db884a3c-c533-44b7-bb2d-47bec8ad4022</classRef>
                    <isList>false</isList>
                    <isInput>true</isInput>
                    <guid>guid:12be50909032b80c:18f81ea7:11f41c537ad:-7e55</guid>
                    <versionId>5fb4f878-1195-42dd-93de-2b33d2690cdd</versionId>
                    <description isNull="true" />
                </parameterMapping>
                <parameterMapping name="returnType">
                    <lastModified isNull="true" />
                    <lastModifiedBy isNull="true" />
                    <parameterMappingId>2054.0e4dec19-27e1-4217-9386-814030f21b5b</parameterMappingId>
                    <processParameterId>2055.a52e1761-80aa-494b-b33f-d3273a69c4e3</processParameterId>
                    <parameterMappingParentId>3012.8f896cd0-7be8-4b38-abd4-4ecca5d2aad9</parameterMappingParentId>
                    <useDefault>false</useDefault>
                    <value>"SQLResult"</value>
                    <classRef>/12.db884a3c-c533-44b7-bb2d-47bec8ad4022</classRef>
                    <isList>false</isList>
                    <isInput>true</isInput>
                    <guid>guid:12be50909032b80c:18f81ea7:11f41c537ad:-7e52</guid>
                    <versionId>6f6f1d5f-fa19-45bb-a0ed-55ff6899ec58</versionId>
                    <description isNull="true" />
                </parameterMapping>
                <parameterMapping name="parameters">
                    <lastModified isNull="true" />
                    <lastModifiedBy isNull="true" />
                    <parameterMappingId>2054.2d456a2a-7737-4a76-855c-3a4863ad162b</parameterMappingId>
                    <processParameterId>2055.89d3bbf2-890d-4ad6-a0be-270882db3603</processParameterId>
                    <parameterMappingParentId>3012.8f896cd0-7be8-4b38-abd4-4ecca5d2aad9</parameterMappingParentId>
                    <useDefault>false</useDefault>
                    <value>tw.local.parameters</value>
                    <classRef>/12.f453f500-ca4e-4264-a371-72c1892e8b7c</classRef>
                    <isList>true</isList>
                    <isInput>true</isInput>
                    <guid>guid:12be50909032b80c:18f81ea7:11f41c537ad:-7e54</guid>
                    <versionId>ac4ff136-6438-4d11-8766-e02a4adeafa0</versionId>
                    <description isNull="true" />
                </parameterMapping>
                <parameterMapping name="maxRows">
                    <lastModified isNull="true" />
                    <lastModifiedBy isNull="true" />
                    <parameterMappingId>2054.9ef221cc-4d0f-498c-88fc-90241b961898</parameterMappingId>
                    <processParameterId>2055.87718862-8536-46d2-8408-656818df17bb</processParameterId>
                    <parameterMappingParentId>3012.8f896cd0-7be8-4b38-abd4-4ecca5d2aad9</parameterMappingParentId>
                    <useDefault>false</useDefault>
                    <value>tw.local.maxRows</value>
                    <classRef>/12.3fa0d7a0-828a-4d60-99cc-db5ed143fc2d</classRef>
                    <isList>false</isList>
                    <isInput>true</isInput>
                    <guid>guid:12be50909032b80c:18f81ea7:11f41c537ad:-7e53</guid>
                    <versionId>d08937c4-c664-48b2-b1ef-435966482bd9</versionId>
                    <description isNull="true" />
                </parameterMapping>
            </TWComponent>
        </item>
        <item>
            <lastModified isNull="true" />
            <lastModifiedBy isNull="true" />
            <processItemId>2025.e456de06-1a94-40e7-8565-b17281a3e5db</processItemId>
            <processId>1.4cdefff8-110e-4820-81af-2f91af5ff465</processId>
            <name>End</name>
            <tWComponentName>ExitPoint</tWComponentName>
            <tWComponentId>3008.0659aa6e-3622-4bee-adc0-9f82f900796f</tWComponentId>
            <isLogEnabled>false</isLogEnabled>
            <isTraceEnabled>false</isTraceEnabled>
            <traceCategory isNull="true" />
            <traceLevel isNull="true" />
            <traceMessage isNull="true" />
            <traceSymbolTable isNull="true" />
            <isExecutionContextTraced>false</isExecutionContextTraced>
            <saveExecutionContext>true</saveExecutionContext>
            <documentation isNull="true" />
            <isErrorHandlerEnabled>false</isErrorHandlerEnabled>
            <errorHandlerItemId isNull="true" />
            <guid>guid:d7766b7587753602:16bdf27c:11586c10093:-7ffa</guid>
            <versionId>b096b4fb-c3b8-4f85-ae04-6dbc06ac3e4a</versionId>
            <externalServiceRef isNull="true" />
            <externalServiceOp isNull="true" />
            <nodeColor isNull="true" />
            <layoutData x="420" y="110">
                <errorLink>
                    <controlPoints />
                    <showEndState>false</showEndState>
                    <showName>false</showName>
                </errorLink>
            </layoutData>
            <TWComponent>
                <lastModified isNull="true" />
                <lastModifiedBy isNull="true" />
                <exitPointId>3008.0659aa6e-3622-4bee-adc0-9f82f900796f</exitPointId>
                <haltProcess>false</haltProcess>
                <guid>guid:197d4ddc90fc5427:-1c619ffe:11def1582ed:-792b</guid>
                <versionId>4c372b6a-2208-4f5a-a1c1-2b257d536f9f</versionId>
            </TWComponent>
        </item>
        <startingProcessItemId>2025.514b237c-6aee-4e84-b48c-161d3001f189</startingProcessItemId>
        <errorHandlerItemId isNull="true" />
        <layoutData noConversion="true">
            <errorLink>
                <controlPoints />
                <showEndState>false</showEndState>
                <showName>false</showName>
            </errorLink>
        </layoutData>
        <startPoint>
            <layoutData x="98" y="110">
                <errorLink>
                    <controlPoints />
                    <showEndState>false</showEndState>
                    <showName>false</showName>
                </errorLink>
            </layoutData>
        </startPoint>
        <startLink>
            <fromPort locationId="rightCenter" portType="1" />
            <toPort locationId="leftCenter" portType="2" />
            <layoutData>
                <controlPoints />
                <showEndState>false</showEndState>
                <showName>false</showName>
            </layoutData>
        </startLink>
        <link name="Untitled">
            <lastModified isNull="true" />
            <lastModifiedBy isNull="true" />
            <processLinkId>2027.7633764a-fe0f-4075-bf10-e06bdf39c529</processLinkId>
            <processId>1.4cdefff8-110e-4820-81af-2f91af5ff465</processId>
            <description isNull="true" />
            <fromProcessItemId>2025.514b237c-6aee-4e84-b48c-161d3001f189</fromProcessItemId>
            <endStateId>guid:d7766b7587753602:-9d2f0f9:11586bfc263:-7f84</endStateId>
            <toProcessItemId>2025.e456de06-1a94-40e7-8565-b17281a3e5db</toProcessItemId>
            <guid>guid:12be50909032b80c:18f81ea7:11f41c537ad:-7e77</guid>
            <versionId>812be128-06a5-4e66-9a68-8b819285974b</versionId>
            <layoutData>
                <controlPoints />
                <showEndState>false</showEndState>
                <showName>false</showName>
            </layoutData>
            <fromItemPort locationId="rightCenter" portType="1" />
            <toItemPort locationId="leftCenter" portType="2" />
            <fromProcessItemId>2025.514b237c-6aee-4e84-b48c-161d3001f189</fromProcessItemId>
            <toProcessItemId>2025.e456de06-1a94-40e7-8565-b17281a3e5db</toProcessItemId>
        </link>
    </process>
</teamworks>

