<?xml version="1.0" encoding="UTF-8"?>
<teamworks>
    <process id="1.4e480adb-5741-4f5e-aead-27b3654e9cd2" name="SQL Execute Statement (SQLResult)">
        <lastModified>1361372673512</lastModified>
        <lastModifiedBy>Internal TW Admin user</lastModifiedBy>
        <processId>1.4e480adb-5741-4f5e-aead-27b3654e9cd2</processId>
        <image isNull="true" />
        <tabGroup isNull="true" />
        <startingProcessItemId>2025.58f2a373-915c-4996-bbf5-78a22495401a</startingProcessItemId>
        <isRootProcess>false</isRootProcess>
        <processType>4</processType>
        <isErrorHandlerEnabled>false</isErrorHandlerEnabled>
        <errorHandlerItemId isNull="true" />
        <isLoggingVariables>false</isLoggingVariables>
        <isTransactional>false</isTransactional>
        <processTimingLevel isNull="true" />
        <participantRef isNull="true" />
        <exposedType isNull="true" />
        <isTrackingEnabled>true</isTrackingEnabled>
        <xmlData isNull="true" />
        <cachingType>false</cachingType>
        <itemLabel isNull="true" />
        <cacheLength>43200</cacheLength>
        <mobileReady>false</mobileReady>
        <sboSyncEnabled>true</sboSyncEnabled>
        <externalId isNull="true" />
        <isSecured>false</isSecured>
        <isAjaxExposed>false</isAjaxExposed>
        <description>Executes a SQL statement and returns the results based on the supplied return type.</description>
        <guid>guid:d7766b7587753602:16bdf27c:11586c10093:-7fe8</guid>
        <versionId>070ee808-249c-4b2f-b9ee-d6de36000af2</versionId>
        <dependencySummary isNull="true" />
        <jsonData isNull="true" />
        <field1 isNull="true" />
        <field2 isNull="true" />
        <field3>0</field3>
        <field4 isNull="true" />
        <field5>false</field5>
        <clobField1 isNull="true" />
        <blobField1 isNull="true" />
        <processParameter name="sql">
            <lastModified isNull="true" />
            <lastModifiedBy isNull="true" />
            <processParameterId>2055.25f5990f-9abf-4cf6-9101-497d43dee141</processParameterId>
            <processId>1.4e480adb-5741-4f5e-aead-27b3654e9cd2</processId>
            <parameterType>1</parameterType>
            <isArrayOf>false</isArrayOf>
            <classId>/12.db884a3c-c533-44b7-bb2d-47bec8ad4022</classId>
            <seq>6</seq>
            <hasDefault>false</hasDefault>
            <defaultValue isNull="true" />
            <isLocked>false</isLocked>
            <description isNull="true" />
            <guid>guid:197d4ddc90fc5427:-1c619ffe:11def1582ed:-7a06</guid>
            <versionId>cd6e252c-ddda-4706-9b9c-18116e90e622</versionId>
        </processParameter>
        <processParameter name="parameters">
            <lastModified isNull="true" />
            <lastModifiedBy isNull="true" />
            <processParameterId>2055.8b844f2a-0a1f-4f12-b34b-e9fd5191dc43</processParameterId>
            <processId>1.4e480adb-5741-4f5e-aead-27b3654e9cd2</processId>
            <parameterType>1</parameterType>
            <isArrayOf>true</isArrayOf>
            <classId>/12.f453f500-ca4e-4264-a371-72c1892e8b7c</classId>
            <seq>7</seq>
            <hasDefault>true</hasDefault>
            <defaultValue>null</defaultValue>
            <isLocked>false</isLocked>
            <description isNull="true" />
            <guid>guid:197d4ddc90fc5427:-1c619ffe:11def1582ed:-7a04</guid>
            <versionId>bd5bc47a-a459-4bbc-9940-bf43296695e9</versionId>
        </processParameter>
        <processParameter name="maxRows">
            <lastModified isNull="true" />
            <lastModifiedBy isNull="true" />
            <processParameterId>2055.53ee0328-837f-427d-b0a1-0255f36f7e0c</processParameterId>
            <processId>1.4e480adb-5741-4f5e-aead-27b3654e9cd2</processId>
            <parameterType>1</parameterType>
            <isArrayOf>false</isArrayOf>
            <classId>/12.3fa0d7a0-828a-4d60-99cc-db5ed143fc2d</classId>
            <seq>8</seq>
            <hasDefault>true</hasDefault>
            <defaultValue>-1</defaultValue>
            <isLocked>false</isLocked>
            <description isNull="true" />
            <guid>guid:197d4ddc90fc5427:-1c619ffe:11def1582ed:-7a02</guid>
            <versionId>47758b80-0ff0-47a9-9707-d3053a4be3df</versionId>
        </processParameter>
        <processParameter name="dataSourceName">
            <lastModified isNull="true" />
            <lastModifiedBy isNull="true" />
            <processParameterId>2055.81a41d09-a504-4a63-bdaa-a92bac26ad7e</processParameterId>
            <processId>1.4e480adb-5741-4f5e-aead-27b3654e9cd2</processId>
            <parameterType>1</parameterType>
            <isArrayOf>false</isArrayOf>
            <classId>/12.db884a3c-c533-44b7-bb2d-47bec8ad4022</classId>
            <seq>9</seq>
            <hasDefault>true</hasDefault>
            <defaultValue>"jdbc/TeamWorksDB"</defaultValue>
            <isLocked>false</isLocked>
            <description isNull="true" />
            <guid>guid:197d4ddc90fc5427:-1c619ffe:11def1582ed:-7a00</guid>
            <versionId>339d82ea-f2a7-4b6b-a02c-cdba36521169</versionId>
        </processParameter>
        <processParameter name="results">
            <lastModified isNull="true" />
            <lastModifiedBy isNull="true" />
            <processParameterId>2055.976cdc78-9d8d-41d4-ae85-f6c9a50c6764</processParameterId>
            <processId>1.4e480adb-5741-4f5e-aead-27b3654e9cd2</processId>
            <parameterType>2</parameterType>
            <isArrayOf>true</isArrayOf>
            <classId>/12.3b1e3757-a1f4-4c3f-bbb8-16fecd4d65c1</classId>
            <seq>10</seq>
            <hasDefault>false</hasDefault>
            <defaultValue isNull="true" />
            <isLocked>false</isLocked>
            <description isNull="true" />
            <guid>guid:197d4ddc90fc5427:-1c619ffe:11def1582ed:-79fe</guid>
            <versionId>5a262862-7edb-45b1-a604-58577112078c</versionId>
        </processParameter>
        <processVariable name="returnType">
            <lastModified isNull="true" />
            <lastModifiedBy isNull="true" />
            <processVariableId>2056.63b547a0-9e92-4698-96d6-1c589bba364b</processVariableId>
            <description isNull="true" />
            <processId>1.4e480adb-5741-4f5e-aead-27b3654e9cd2</processId>
            <namespace>2</namespace>
            <seq>1</seq>
            <isArrayOf>false</isArrayOf>
            <isTransient>false</isTransient>
            <classId>/12.db884a3c-c533-44b7-bb2d-47bec8ad4022</classId>
            <hasDefault>true</hasDefault>
            <defaultValue>"SQLResult"</defaultValue>
            <guid>guid:197d4ddc90fc5427:-1c619ffe:11def1582ed:-79f8</guid>
            <versionId>ca8b9847-d8dc-469a-a498-c25906fb1f7a</versionId>
        </processVariable>
        <item>
            <lastModified isNull="true" />
            <lastModifiedBy isNull="true" />
            <processItemId>2025.58f2a373-915c-4996-bbf5-78a22495401a</processItemId>
            <processId>1.4e480adb-5741-4f5e-aead-27b3654e9cd2</processId>
            <name>SQL Execute Statement</name>
            <tWComponentName>SubProcess</tWComponentName>
            <tWComponentId>3012.66db458e-79c0-4f38-ac79-01dfb6be2019</tWComponentId>
            <isLogEnabled>false</isLogEnabled>
            <isTraceEnabled>false</isTraceEnabled>
            <traceCategory isNull="true" />
            <traceLevel isNull="true" />
            <traceMessage isNull="true" />
            <traceSymbolTable isNull="true" />
            <isExecutionContextTraced>false</isExecutionContextTraced>
            <saveExecutionContext>false</saveExecutionContext>
            <documentation isNull="true" />
            <isErrorHandlerEnabled>false</isErrorHandlerEnabled>
            <errorHandlerItemId isNull="true" />
            <guid>guid:12be50909032b80c:18f81ea7:11f41c537ad:-7978</guid>
            <versionId>4f13928e-7676-4b1b-8cd1-bd0d1f23c924</versionId>
            <externalServiceRef isNull="true" />
            <externalServiceOp isNull="true" />
            <nodeColor isNull="true" />
            <layoutData x="140" y="85">
                <errorLink>
                    <controlPoints />
                    <showEndState>false</showEndState>
                    <showName>false</showName>
                </errorLink>
            </layoutData>
            <TWComponent>
                <lastModified isNull="true" />
                <lastModifiedBy isNull="true" />
                <subProcessId>3012.66db458e-79c0-4f38-ac79-01dfb6be2019</subProcessId>
                <attachedProcessRef>/1.8ca80af0-a727-4b90-9e04-21b32cd0c65c</attachedProcessRef>
                <guid>guid:12be50909032b80c:18f81ea7:11f41c537ad:-7977</guid>
                <versionId>0bd62a1b-d740-4b1e-bb4f-9bb064c373ae</versionId>
                <parameterMapping name="results">
                    <lastModified isNull="true" />
                    <lastModifiedBy isNull="true" />
                    <parameterMappingId>2054.0a98ea2d-838e-496f-9916-c281aeadcadc</parameterMappingId>
                    <processParameterId>2055.21cdb854-d222-4fc8-b991-17aef09de0c4</processParameterId>
                    <parameterMappingParentId>3012.66db458e-79c0-4f38-ac79-01dfb6be2019</parameterMappingParentId>
                    <useDefault>false</useDefault>
                    <value>tw.local.results</value>
                    <classRef>/12.c09c9b6e-aabd-4897-bef2-ed61db106297</classRef>
                    <isList>false</isList>
                    <isInput>false</isInput>
                    <guid>guid:12be50909032b80c:18f81ea7:11f41c537ad:-7958</guid>
                    <versionId>01256f3e-1005-400d-ad75-c460d0f969b4</versionId>
                    <description isNull="true" />
                </parameterMapping>
                <parameterMapping name="sql">
                    <lastModified isNull="true" />
                    <lastModifiedBy isNull="true" />
                    <parameterMappingId>2054.fadcdc56-1eb5-475e-9c79-eb643265a668</parameterMappingId>
                    <processParameterId>2055.e3bfe8f3-c801-4ef8-bb77-77156e3b0326</processParameterId>
                    <parameterMappingParentId>3012.66db458e-79c0-4f38-ac79-01dfb6be2019</parameterMappingParentId>
                    <useDefault>false</useDefault>
                    <value>tw.local.sql</value>
                    <classRef>/12.db884a3c-c533-44b7-bb2d-47bec8ad4022</classRef>
                    <isList>false</isList>
                    <isInput>true</isInput>
                    <guid>guid:12be50909032b80c:18f81ea7:11f41c537ad:-795d</guid>
                    <versionId>29bf578e-d554-48b9-9dbd-00f97cdf4006</versionId>
                    <description isNull="true" />
                </parameterMapping>
                <parameterMapping name="dataSourceName">
                    <lastModified isNull="true" />
                    <lastModifiedBy isNull="true" />
                    <parameterMappingId>2054.0530acb2-78c9-4245-9363-5d07cd21e276</parameterMappingId>
                    <processParameterId>2055.a5856f85-7a86-4327-9481-b1df1c075ff9</processParameterId>
                    <parameterMappingParentId>3012.66db458e-79c0-4f38-ac79-01dfb6be2019</parameterMappingParentId>
                    <useDefault>false</useDefault>
                    <value>tw.local.dataSourceName</value>
                    <classRef>/12.db884a3c-c533-44b7-bb2d-47bec8ad4022</classRef>
                    <isList>false</isList>
                    <isInput>true</isInput>
                    <guid>guid:12be50909032b80c:18f81ea7:11f41c537ad:-795a</guid>
                    <versionId>333daa3b-ad39-4482-8d4b-4adc83336261</versionId>
                    <description isNull="true" />
                </parameterMapping>
                <parameterMapping name="maxRows">
                    <lastModified isNull="true" />
                    <lastModifiedBy isNull="true" />
                    <parameterMappingId>2054.cc155b72-6781-4870-a810-047e26bd6808</parameterMappingId>
                    <processParameterId>2055.ec350cc0-a909-411a-b0c2-96e08b779c85</processParameterId>
                    <parameterMappingParentId>3012.66db458e-79c0-4f38-ac79-01dfb6be2019</parameterMappingParentId>
                    <useDefault>false</useDefault>
                    <value>tw.local.maxRows</value>
                    <classRef>/12.3fa0d7a0-828a-4d60-99cc-db5ed143fc2d</classRef>
                    <isList>false</isList>
                    <isInput>true</isInput>
                    <guid>guid:12be50909032b80c:18f81ea7:11f41c537ad:-795b</guid>
                    <versionId>4a41706d-01e4-4bee-87ab-19669975cce1</versionId>
                    <description isNull="true" />
                </parameterMapping>
                <parameterMapping name="returnType">
                    <lastModified isNull="true" />
                    <lastModifiedBy isNull="true" />
                    <parameterMappingId>2054.f41c7e12-3b67-4989-aa3c-7415005555d9</parameterMappingId>
                    <processParameterId>2055.7081e3db-2301-4308-b93d-61cf78b25816</processParameterId>
                    <parameterMappingParentId>3012.66db458e-79c0-4f38-ac79-01dfb6be2019</parameterMappingParentId>
                    <useDefault>false</useDefault>
                    <value>"SQLResult"</value>
                    <classRef>/12.db884a3c-c533-44b7-bb2d-47bec8ad4022</classRef>
                    <isList>false</isList>
                    <isInput>true</isInput>
                    <guid>guid:12be50909032b80c:18f81ea7:11f41c537ad:-7959</guid>
                    <versionId>6e50d32e-b6e1-4b66-bc45-d9afd325a72a</versionId>
                    <description isNull="true" />
                </parameterMapping>
                <parameterMapping name="parameters">
                    <lastModified isNull="true" />
                    <lastModifiedBy isNull="true" />
                    <parameterMappingId>2054.b4dce38b-8272-497c-a688-a90f784a4dc6</parameterMappingId>
                    <processParameterId>2055.8b3c4f58-67b5-49b0-8df4-bdb407fbe076</processParameterId>
                    <parameterMappingParentId>3012.66db458e-79c0-4f38-ac79-01dfb6be2019</parameterMappingParentId>
                    <useDefault>false</useDefault>
                    <value>tw.local.parameters</value>
                    <classRef>/12.f453f500-ca4e-4264-a371-72c1892e8b7c</classRef>
                    <isList>true</isList>
                    <isInput>true</isInput>
                    <guid>guid:12be50909032b80c:18f81ea7:11f41c537ad:-795c</guid>
                    <versionId>c9e121a7-a46a-4413-971f-96597a15f16d</versionId>
                    <description isNull="true" />
                </parameterMapping>
            </TWComponent>
        </item>
        <item>
            <lastModified isNull="true" />
            <lastModifiedBy isNull="true" />
            <processItemId>2025.99f6b1db-1d4e-4a2f-89a2-8cffa28d79c8</processItemId>
            <processId>1.4e480adb-5741-4f5e-aead-27b3654e9cd2</processId>
            <name>End</name>
            <tWComponentName>ExitPoint</tWComponentName>
            <tWComponentId>3008.f7c0e6c2-45c0-4d41-a8ef-61de24d4ccfd</tWComponentId>
            <isLogEnabled>false</isLogEnabled>
            <isTraceEnabled>false</isTraceEnabled>
            <traceCategory isNull="true" />
            <traceLevel isNull="true" />
            <traceMessage isNull="true" />
            <traceSymbolTable isNull="true" />
            <isExecutionContextTraced>false</isExecutionContextTraced>
            <saveExecutionContext>true</saveExecutionContext>
            <documentation isNull="true" />
            <isErrorHandlerEnabled>false</isErrorHandlerEnabled>
            <errorHandlerItemId isNull="true" />
            <guid>guid:d7766b7587753602:16bdf27c:11586c10093:-7fe7</guid>
            <versionId>b26339dc-2b3c-4c52-b9ec-d279bcb98c86</versionId>
            <externalServiceRef isNull="true" />
            <externalServiceOp isNull="true" />
            <nodeColor isNull="true" />
            <layoutData x="295" y="100">
                <errorLink>
                    <controlPoints />
                    <showEndState>false</showEndState>
                    <showName>false</showName>
                </errorLink>
            </layoutData>
            <TWComponent>
                <lastModified isNull="true" />
                <lastModifiedBy isNull="true" />
                <exitPointId>3008.f7c0e6c2-45c0-4d41-a8ef-61de24d4ccfd</exitPointId>
                <haltProcess>false</haltProcess>
                <guid>guid:197d4ddc90fc5427:-1c619ffe:11def1582ed:-79fa</guid>
                <versionId>45ba9669-3c72-48d8-81cd-426ed6410c79</versionId>
            </TWComponent>
        </item>
        <startingProcessItemId>2025.58f2a373-915c-4996-bbf5-78a22495401a</startingProcessItemId>
        <errorHandlerItemId isNull="true" />
        <layoutData noConversion="true">
            <errorLink>
                <controlPoints />
                <showEndState>false</showEndState>
                <showName>false</showName>
            </errorLink>
        </layoutData>
        <startPoint>
            <layoutData x="20" y="100">
                <errorLink>
                    <controlPoints />
                    <showEndState>false</showEndState>
                    <showName>false</showName>
                </errorLink>
            </layoutData>
        </startPoint>
        <startLink>
            <fromPort locationId="rightCenter" portType="1" />
            <toPort locationId="leftCenter" portType="2" />
            <layoutData>
                <controlPoints />
                <showEndState>false</showEndState>
                <showName>false</showName>
            </layoutData>
        </startLink>
        <link name="Untitled">
            <lastModified isNull="true" />
            <lastModifiedBy isNull="true" />
            <processLinkId>2027.1ef3eff7-a681-4043-bdce-e68597dae258</processLinkId>
            <processId>1.4e480adb-5741-4f5e-aead-27b3654e9cd2</processId>
            <description isNull="true" />
            <fromProcessItemId>2025.58f2a373-915c-4996-bbf5-78a22495401a</fromProcessItemId>
            <endStateId>guid:d7766b7587753602:-9d2f0f9:11586bfc263:-7f6f</endStateId>
            <toProcessItemId>2025.99f6b1db-1d4e-4a2f-89a2-8cffa28d79c8</toProcessItemId>
            <guid>guid:12be50909032b80c:18f81ea7:11f41c537ad:-7967</guid>
            <versionId>e657c3a3-d6af-4759-b8c6-6553f0bab6e2</versionId>
            <layoutData>
                <controlPoints />
                <showEndState>false</showEndState>
                <showName>false</showName>
            </layoutData>
            <fromItemPort locationId="rightCenter" portType="1" />
            <toItemPort locationId="leftCenter" portType="2" />
            <fromProcessItemId>2025.58f2a373-915c-4996-bbf5-78a22495401a</fromProcessItemId>
            <toProcessItemId>2025.99f6b1db-1d4e-4a2f-89a2-8cffa28d79c8</toProcessItemId>
        </link>
    </process>
</teamworks>

