<?xml version="1.0" encoding="UTF-8"?>
<teamworks>
    <process id="1.75441aee-57ba-47b2-8cdf-be21c2328718" name="SQL Execute Script (SQLResult)">
        <lastModified>1361372673512</lastModified>
        <lastModifiedBy>Internal TW Admin user</lastModifiedBy>
        <processId>1.75441aee-57ba-47b2-8cdf-be21c2328718</processId>
        <image isNull="true" />
        <tabGroup isNull="true" />
        <startingProcessItemId>2025.d6a0c322-a908-4b46-bc79-213835c7181d</startingProcessItemId>
        <isRootProcess>false</isRootProcess>
        <processType>4</processType>
        <isErrorHandlerEnabled>false</isErrorHandlerEnabled>
        <errorHandlerItemId isNull="true" />
        <isLoggingVariables>false</isLoggingVariables>
        <isTransactional>false</isTransactional>
        <processTimingLevel isNull="true" />
        <participantRef isNull="true" />
        <exposedType isNull="true" />
        <isTrackingEnabled>true</isTrackingEnabled>
        <xmlData isNull="true" />
        <cachingType>false</cachingType>
        <itemLabel isNull="true" />
        <cacheLength>43200</cacheLength>
        <mobileReady>false</mobileReady>
        <sboSyncEnabled>true</sboSyncEnabled>
        <externalId isNull="true" />
        <isSecured>false</isSecured>
        <isAjaxExposed>false</isAjaxExposed>
        <description>Execute a literal SQL script string that contains multiple statements separated by the specified separator (such as "/" for Oracle, "GO" for SQL Server, and "@" for DB2) and returns the results based on the supplied return type.</description>
        <guid>guid:d7766b7587753602:16bdf27c:11586c10093:-7ff3</guid>
        <versionId>f47b1f6f-e1bb-4ca7-92c8-25549079cee5</versionId>
        <dependencySummary isNull="true" />
        <jsonData isNull="true" />
        <field1 isNull="true" />
        <field2 isNull="true" />
        <field3>0</field3>
        <field4 isNull="true" />
        <field5>false</field5>
        <clobField1 isNull="true" />
        <blobField1 isNull="true" />
        <processParameter name="sqlScript">
            <lastModified isNull="true" />
            <lastModifiedBy isNull="true" />
            <processParameterId>2055.cb81f922-810f-40a6-ab43-0d026c602632</processParameterId>
            <processId>1.75441aee-57ba-47b2-8cdf-be21c2328718</processId>
            <parameterType>1</parameterType>
            <isArrayOf>false</isArrayOf>
            <classId>/12.db884a3c-c533-44b7-bb2d-47bec8ad4022</classId>
            <seq>1</seq>
            <hasDefault>false</hasDefault>
            <defaultValue isNull="true" />
            <isLocked>false</isLocked>
            <description isNull="true" />
            <guid>guid:197d4ddc90fc5427:-1c619ffe:11def1582ed:-7a1b</guid>
            <versionId>a8ec5cd3-0317-43f4-b88c-1607920d35bd</versionId>
        </processParameter>
        <processParameter name="sqlStatementSeparator">
            <lastModified isNull="true" />
            <lastModifiedBy isNull="true" />
            <processParameterId>2055.c4b59b3f-ed4a-4321-9802-28ca3fcd394a</processParameterId>
            <processId>1.75441aee-57ba-47b2-8cdf-be21c2328718</processId>
            <parameterType>1</parameterType>
            <isArrayOf>false</isArrayOf>
            <classId>/12.db884a3c-c533-44b7-bb2d-47bec8ad4022</classId>
            <seq>2</seq>
            <hasDefault>true</hasDefault>
            <defaultValue>","</defaultValue>
            <isLocked>false</isLocked>
            <description isNull="true" />
            <guid>guid:197d4ddc90fc5427:-1c619ffe:11def1582ed:-7a19</guid>
            <versionId>4b24bf00-5586-4ff8-ad06-57009c1b7ec7</versionId>
        </processParameter>
        <processParameter name="dataSourceName">
            <lastModified isNull="true" />
            <lastModifiedBy isNull="true" />
            <processParameterId>2055.17a7ead4-c0f4-4bdb-bc34-27b030a4ee50</processParameterId>
            <processId>1.75441aee-57ba-47b2-8cdf-be21c2328718</processId>
            <parameterType>1</parameterType>
            <isArrayOf>false</isArrayOf>
            <classId>/12.db884a3c-c533-44b7-bb2d-47bec8ad4022</classId>
            <seq>4</seq>
            <hasDefault>true</hasDefault>
            <defaultValue>"jdbc/TeamWorksDB"</defaultValue>
            <isLocked>false</isLocked>
            <description isNull="true" />
            <guid>guid:197d4ddc90fc5427:-1c619ffe:11def1582ed:-7a17</guid>
            <versionId>03ab5294-6c3f-4298-9cb9-52f1f3d21d24</versionId>
        </processParameter>
        <processParameter name="results">
            <lastModified isNull="true" />
            <lastModifiedBy isNull="true" />
            <processParameterId>2055.33947126-7ccf-4283-8b87-cf8847ad22e7</processParameterId>
            <processId>1.75441aee-57ba-47b2-8cdf-be21c2328718</processId>
            <parameterType>2</parameterType>
            <isArrayOf>true</isArrayOf>
            <classId>/12.3b1e3757-a1f4-4c3f-bbb8-16fecd4d65c1</classId>
            <seq>6</seq>
            <hasDefault>false</hasDefault>
            <defaultValue isNull="true" />
            <isLocked>false</isLocked>
            <description isNull="true" />
            <guid>guid:197d4ddc90fc5427:-1c619ffe:11def1582ed:-7a15</guid>
            <versionId>1a7a888b-9d9c-4b24-9f12-704a459d8461</versionId>
        </processParameter>
        <processVariable name="returnType">
            <lastModified isNull="true" />
            <lastModifiedBy isNull="true" />
            <processVariableId>2056.d0fc74b3-c11d-48ac-b0d3-0d0bf53f61e1</processVariableId>
            <description isNull="true" />
            <processId>1.75441aee-57ba-47b2-8cdf-be21c2328718</processId>
            <namespace>2</namespace>
            <seq>1</seq>
            <isArrayOf>false</isArrayOf>
            <isTransient>false</isTransient>
            <classId>/12.db884a3c-c533-44b7-bb2d-47bec8ad4022</classId>
            <hasDefault>true</hasDefault>
            <defaultValue>"SQLResult"</defaultValue>
            <guid>guid:197d4ddc90fc5427:-1c619ffe:11def1582ed:-7a0f</guid>
            <versionId>43d08677-2eff-4d07-8d4b-8dd8465c556b</versionId>
        </processVariable>
        <item>
            <lastModified isNull="true" />
            <lastModifiedBy isNull="true" />
            <processItemId>2025.774677f4-fe03-4b9d-b21d-8b1de4db9742</processItemId>
            <processId>1.75441aee-57ba-47b2-8cdf-be21c2328718</processId>
            <name>End</name>
            <tWComponentName>ExitPoint</tWComponentName>
            <tWComponentId>3008.50e91136-770a-455a-91b1-b7cf1c10f8c7</tWComponentId>
            <isLogEnabled>false</isLogEnabled>
            <isTraceEnabled>false</isTraceEnabled>
            <traceCategory isNull="true" />
            <traceLevel isNull="true" />
            <traceMessage isNull="true" />
            <traceSymbolTable isNull="true" />
            <isExecutionContextTraced>false</isExecutionContextTraced>
            <saveExecutionContext>true</saveExecutionContext>
            <documentation isNull="true" />
            <isErrorHandlerEnabled>false</isErrorHandlerEnabled>
            <errorHandlerItemId isNull="true" />
            <guid>guid:d7766b7587753602:16bdf27c:11586c10093:-7ff2</guid>
            <versionId>1c18fa67-4504-4436-af62-f9c23e07f3a9</versionId>
            <externalServiceRef isNull="true" />
            <externalServiceOp isNull="true" />
            <nodeColor isNull="true" />
            <layoutData x="294" y="100">
                <errorLink>
                    <controlPoints />
                    <showEndState>false</showEndState>
                    <showName>false</showName>
                </errorLink>
            </layoutData>
            <TWComponent>
                <lastModified isNull="true" />
                <lastModifiedBy isNull="true" />
                <exitPointId>3008.50e91136-770a-455a-91b1-b7cf1c10f8c7</exitPointId>
                <haltProcess>false</haltProcess>
                <guid>guid:197d4ddc90fc5427:-1c619ffe:11def1582ed:-7a11</guid>
                <versionId>79db25f8-a130-4d86-97d9-ecba9c5a9829</versionId>
            </TWComponent>
        </item>
        <item>
            <lastModified isNull="true" />
            <lastModifiedBy isNull="true" />
            <processItemId>2025.d6a0c322-a908-4b46-bc79-213835c7181d</processItemId>
            <processId>1.75441aee-57ba-47b2-8cdf-be21c2328718</processId>
            <name>Execute Script</name>
            <tWComponentName>JavaConnector</tWComponentName>
            <tWComponentId>3022.b943d828-af3e-48b6-a474-33555a4c5494</tWComponentId>
            <isLogEnabled>false</isLogEnabled>
            <isTraceEnabled>false</isTraceEnabled>
            <traceCategory isNull="true" />
            <traceLevel isNull="true" />
            <traceMessage isNull="true" />
            <traceSymbolTable isNull="true" />
            <isExecutionContextTraced>false</isExecutionContextTraced>
            <saveExecutionContext>false</saveExecutionContext>
            <documentation isNull="true" />
            <isErrorHandlerEnabled>false</isErrorHandlerEnabled>
            <errorHandlerItemId isNull="true" />
            <guid>guid:12be50909032b80c:18f81ea7:11f41c537ad:-79cf</guid>
            <versionId>8cb09840-3545-4556-95dd-50a8948d363a</versionId>
            <externalServiceRef isNull="true" />
            <externalServiceOp isNull="true" />
            <nodeColor isNull="true" />
            <layoutData x="137" y="85">
                <errorLink>
                    <controlPoints />
                    <showEndState>false</showEndState>
                    <showName>false</showName>
                </errorLink>
            </layoutData>
            <TWComponent>
                <lastModified isNull="true" />
                <lastModifiedBy isNull="true" />
                <javaConnectorId>3022.b943d828-af3e-48b6-a474-33555a4c5494</javaConnectorId>
                <definition>&lt;connector&gt;
  &lt;javaClassName&gt;teamworks.SQLConnector&lt;/javaClassName&gt;
  &lt;methodName&gt;executeScript&lt;/methodName&gt;
  &lt;inputRecord&gt;
    &lt;element type="java.lang.String" nativeType="java.lang.String" parameter="Parameter 0" argument="tw.local.sqlScript" description="SQL Script" /&gt;
    &lt;element type="java.lang.String" nativeType="java.lang.String" parameter="Parameter 1" argument="tw.local.sqlStatementSeparator" description="SQL Statement Separator" /&gt;
    &lt;element type="java.lang.String" nativeType="java.lang.String" parameter="Parameter 2" argument="tw.local.dataSourceName" description="JNDI DataSource Name" /&gt;
    &lt;element type="java.lang.String" nativeType="java.lang.String" parameter="Parameter 3" argument="&amp;quot;SQLResult&amp;quot;" description="Return Type (SQLResult, XMLElement, Record, or complex type name)" /&gt;
  &lt;/inputRecord&gt;
  &lt;outputRecord&gt;
    &lt;element type="java.lang.Object" nativeType="java.lang.Object" parameter="Return Value" argument="tw.local.results" description="" /&gt;
  &lt;/outputRecord&gt;
&lt;/connector&gt;</definition>
                <guid>guid:12be50909032b80c:18f81ea7:11f41c537ad:-79d0</guid>
                <versionId>b88d9aed-6575-4415-be5c-660fc08ae77a</versionId>
            </TWComponent>
        </item>
        <startingProcessItemId>2025.d6a0c322-a908-4b46-bc79-213835c7181d</startingProcessItemId>
        <errorHandlerItemId isNull="true" />
        <layoutData noConversion="true">
            <errorLink>
                <controlPoints />
                <showEndState>false</showEndState>
                <showName>false</showName>
            </errorLink>
        </layoutData>
        <startPoint>
            <layoutData x="20" y="100">
                <errorLink>
                    <controlPoints />
                    <showEndState>false</showEndState>
                    <showName>false</showName>
                </errorLink>
            </layoutData>
        </startPoint>
        <startLink>
            <fromPort locationId="rightCenter" portType="1" />
            <toPort locationId="leftCenter" portType="2" />
            <layoutData>
                <controlPoints />
                <showEndState>false</showEndState>
                <showName>false</showName>
            </layoutData>
        </startLink>
        <link name="Untitled">
            <lastModified isNull="true" />
            <lastModifiedBy isNull="true" />
            <processLinkId>2027.fb852b6b-b4be-40c2-9799-3ab4c4cec59d</processLinkId>
            <processId>1.75441aee-57ba-47b2-8cdf-be21c2328718</processId>
            <description isNull="true" />
            <fromProcessItemId>2025.d6a0c322-a908-4b46-bc79-213835c7181d</fromProcessItemId>
            <endStateId>Out</endStateId>
            <toProcessItemId>2025.774677f4-fe03-4b9d-b21d-8b1de4db9742</toProcessItemId>
            <guid>guid:12be50909032b80c:18f81ea7:11f41c537ad:-79b6</guid>
            <versionId>07788636-c2d4-4c25-9998-f0e098d00ec7</versionId>
            <layoutData>
                <controlPoints />
                <showEndState>false</showEndState>
                <showName>false</showName>
            </layoutData>
            <fromItemPort locationId="rightCenter" portType="1" />
            <toItemPort locationId="leftCenter" portType="2" />
            <fromProcessItemId>2025.d6a0c322-a908-4b46-bc79-213835c7181d</fromProcessItemId>
            <toProcessItemId>2025.774677f4-fe03-4b9d-b21d-8b1de4db9742</toProcessItemId>
        </link>
    </process>
</teamworks>

