<?xml version="1.0" encoding="UTF-8"?>
<teamworks>
    <process id="1.85df87d8-852a-4df1-9123-cfe1c1e75350" name="SQL File to Clob (SQLStatement)">
        <lastModified>1361372673512</lastModified>
        <lastModifiedBy>Internal TW Admin user</lastModifiedBy>
        <processId>1.85df87d8-852a-4df1-9123-cfe1c1e75350</processId>
        <image isNull="true" />
        <tabGroup isNull="true" />
        <startingProcessItemId>2025.63e6c7c4-9bc3-4d1f-ab30-c621a63de013</startingProcessItemId>
        <isRootProcess>false</isRootProcess>
        <processType>4</processType>
        <isErrorHandlerEnabled>false</isErrorHandlerEnabled>
        <errorHandlerItemId isNull="true" />
        <isLoggingVariables>false</isLoggingVariables>
        <isTransactional>false</isTransactional>
        <processTimingLevel isNull="true" />
        <participantRef isNull="true" />
        <exposedType isNull="true" />
        <isTrackingEnabled>true</isTrackingEnabled>
        <xmlData isNull="true" />
        <cachingType>false</cachingType>
        <itemLabel isNull="true" />
        <cacheLength>43200</cacheLength>
        <mobileReady>false</mobileReady>
        <sboSyncEnabled>true</sboSyncEnabled>
        <externalId isNull="true" />
        <isSecured>false</isSecured>
        <isAjaxExposed>false</isAjaxExposed>
        <description>Reads character data from a file (using streams) and writes the data to a CLOB using the specified SQL statement and returns the results as a list of SQLResult.</description>
        <guid>guid:12be50909032b80c:18f81ea7:11f41c537ad:-766a</guid>
        <versionId>265ef7da-14da-462a-90a0-1442e8c5dbcd</versionId>
        <dependencySummary isNull="true" />
        <jsonData isNull="true" />
        <field1 isNull="true" />
        <field2 isNull="true" />
        <field3>0</field3>
        <field4 isNull="true" />
        <field5>false</field5>
        <clobField1 isNull="true" />
        <blobField1 isNull="true" />
        <processParameter name="sqlStatement">
            <lastModified isNull="true" />
            <lastModifiedBy isNull="true" />
            <processParameterId>2055.5bce708e-14fd-4a88-9cf3-e6cf84b901b4</processParameterId>
            <processId>1.85df87d8-852a-4df1-9123-cfe1c1e75350</processId>
            <parameterType>1</parameterType>
            <isArrayOf>false</isArrayOf>
            <classId>/12.3990d8b4-983d-4250-bd06-3600f527fed0</classId>
            <seq>1</seq>
            <hasDefault>false</hasDefault>
            <defaultValue isNull="true" />
            <isLocked>false</isLocked>
            <description isNull="true" />
            <guid>guid:12be50909032b80c:18f81ea7:11f41c537ad:-7640</guid>
            <versionId>ae7a6aba-598f-44fa-b4ee-458b8c63e45f</versionId>
        </processParameter>
        <processParameter name="clobParameterIndex">
            <lastModified isNull="true" />
            <lastModifiedBy isNull="true" />
            <processParameterId>2055.2929a939-852f-4ffd-b295-a6e57845867a</processParameterId>
            <processId>1.85df87d8-852a-4df1-9123-cfe1c1e75350</processId>
            <parameterType>1</parameterType>
            <isArrayOf>false</isArrayOf>
            <classId>/12.3fa0d7a0-828a-4d60-99cc-db5ed143fc2d</classId>
            <seq>2</seq>
            <hasDefault>false</hasDefault>
            <defaultValue isNull="true" />
            <isLocked>false</isLocked>
            <description isNull="true" />
            <guid>guid:12be50909032b80c:18f81ea7:11f41c537ad:-7633</guid>
            <versionId>bc24a811-58cb-402d-b972-2d4241291703</versionId>
        </processParameter>
        <processParameter name="inputFilePath">
            <lastModified isNull="true" />
            <lastModifiedBy isNull="true" />
            <processParameterId>2055.95ebf09f-3bff-4131-91bc-20ed114668c4</processParameterId>
            <processId>1.85df87d8-852a-4df1-9123-cfe1c1e75350</processId>
            <parameterType>1</parameterType>
            <isArrayOf>false</isArrayOf>
            <classId>/12.db884a3c-c533-44b7-bb2d-47bec8ad4022</classId>
            <seq>3</seq>
            <hasDefault>false</hasDefault>
            <defaultValue isNull="true" />
            <isLocked>false</isLocked>
            <description isNull="true" />
            <guid>guid:12be50909032b80c:18f81ea7:11f41c537ad:-7632</guid>
            <versionId>234d685f-5a98-45ba-b86b-f3a8401de456</versionId>
        </processParameter>
        <processParameter name="characterEncoding">
            <lastModified isNull="true" />
            <lastModifiedBy isNull="true" />
            <processParameterId>2055.38cd8fbf-002c-40d9-abc6-ec00c5bc48a8</processParameterId>
            <processId>1.85df87d8-852a-4df1-9123-cfe1c1e75350</processId>
            <parameterType>1</parameterType>
            <isArrayOf>false</isArrayOf>
            <classId>/12.db884a3c-c533-44b7-bb2d-47bec8ad4022</classId>
            <seq>4</seq>
            <hasDefault>false</hasDefault>
            <defaultValue isNull="true" />
            <isLocked>false</isLocked>
            <description isNull="true" />
            <guid>guid:12be50909032b80c:18f81ea7:11f41c537ad:-762e</guid>
            <versionId>909218c4-0667-49c1-811d-0248dc3cf882</versionId>
        </processParameter>
        <processParameter name="dataSourceName">
            <lastModified isNull="true" />
            <lastModifiedBy isNull="true" />
            <processParameterId>2055.d422cae5-8e9f-4a45-8a19-f74edc732312</processParameterId>
            <processId>1.85df87d8-852a-4df1-9123-cfe1c1e75350</processId>
            <parameterType>1</parameterType>
            <isArrayOf>false</isArrayOf>
            <classId>/12.db884a3c-c533-44b7-bb2d-47bec8ad4022</classId>
            <seq>5</seq>
            <hasDefault>true</hasDefault>
            <defaultValue>"jdbc/TeamWorksDB"</defaultValue>
            <isLocked>false</isLocked>
            <description isNull="true" />
            <guid>guid:12be50909032b80c:18f81ea7:11f41c537ad:-762d</guid>
            <versionId>84974bbe-6197-452e-a8f3-5de6eb3ef22c</versionId>
        </processParameter>
        <processParameter name="results">
            <lastModified isNull="true" />
            <lastModifiedBy isNull="true" />
            <processParameterId>2055.7b1ccbe9-06f4-4f68-8288-05895c598997</processParameterId>
            <processId>1.85df87d8-852a-4df1-9123-cfe1c1e75350</processId>
            <parameterType>2</parameterType>
            <isArrayOf>false</isArrayOf>
            <classId>/12.c09c9b6e-aabd-4897-bef2-ed61db106297</classId>
            <seq>6</seq>
            <hasDefault>false</hasDefault>
            <defaultValue isNull="true" />
            <isLocked>false</isLocked>
            <description isNull="true" />
            <guid>guid:12be50909032b80c:18f81ea7:11f41c537ad:-762c</guid>
            <versionId>111b4405-f528-4b24-9f7a-1a714b6535a5</versionId>
        </processParameter>
        <item>
            <lastModified isNull="true" />
            <lastModifiedBy isNull="true" />
            <processItemId>2025.63e6c7c4-9bc3-4d1f-ab30-c621a63de013</processItemId>
            <processId>1.85df87d8-852a-4df1-9123-cfe1c1e75350</processId>
            <name>Write File to Clob</name>
            <tWComponentName>JavaConnector</tWComponentName>
            <tWComponentId>3022.4698009e-5383-42c0-9015-28bef3c77d3e</tWComponentId>
            <isLogEnabled>false</isLogEnabled>
            <isTraceEnabled>false</isTraceEnabled>
            <traceCategory isNull="true" />
            <traceLevel isNull="true" />
            <traceMessage isNull="true" />
            <traceSymbolTable isNull="true" />
            <isExecutionContextTraced>false</isExecutionContextTraced>
            <saveExecutionContext>false</saveExecutionContext>
            <documentation isNull="true" />
            <isErrorHandlerEnabled>false</isErrorHandlerEnabled>
            <errorHandlerItemId isNull="true" />
            <guid>guid:12be50909032b80c:18f81ea7:11f41c537ad:-7657</guid>
            <versionId>bedbe989-86e0-4d1d-a210-06c3eafa40dd</versionId>
            <externalServiceRef isNull="true" />
            <externalServiceOp isNull="true" />
            <nodeColor isNull="true" />
            <layoutData x="140" y="85">
                <errorLink>
                    <controlPoints />
                    <showEndState>false</showEndState>
                    <showName>false</showName>
                </errorLink>
            </layoutData>
            <TWComponent>
                <lastModified isNull="true" />
                <lastModifiedBy isNull="true" />
                <javaConnectorId>3022.4698009e-5383-42c0-9015-28bef3c77d3e</javaConnectorId>
                <definition>&lt;connector&gt;
  &lt;javaClassName&gt;teamworks.SQLConnector&lt;/javaClassName&gt;
  &lt;methodName&gt;fileToClob&lt;/methodName&gt;
  &lt;inputRecord&gt;
    &lt;element type="teamworks.TWObject" nativeType="teamworks.TWObject" parameter="Parameter 0" argument="tw.local.sqlStatement" description="SQL Statement (SQLStatement)" /&gt;
    &lt;element type="java.lang.Integer" nativeType="int" parameter="Parameter 1" argument="tw.local.clobParameterIndex" description="Clob Parameter Index" /&gt;
    &lt;element type="java.lang.String" nativeType="java.lang.String" parameter="Parameter 2" argument="tw.local.inputFilePath" description="Input File Path" /&gt;
    &lt;element type="java.lang.String" nativeType="java.lang.String" parameter="Parameter 3" argument="tw.local.characterEncoding" description="Character Encoding" /&gt;
    &lt;element type="java.lang.String" nativeType="java.lang.String" parameter="Parameter 4" argument="tw.local.dataSourceName" description="JNDI DataSource Name" /&gt;
  &lt;/inputRecord&gt;
  &lt;outputRecord&gt;
    &lt;element type="java.lang.Object" nativeType="java.lang.Object" parameter="Return Value" argument="tw.local.results" description="" /&gt;
  &lt;/outputRecord&gt;
&lt;/connector&gt;</definition>
                <guid>guid:12be50909032b80c:18f81ea7:11f41c537ad:-7658</guid>
                <versionId>c38f3203-7983-4e9c-90ca-fde5bf96a825</versionId>
            </TWComponent>
        </item>
        <item>
            <lastModified isNull="true" />
            <lastModifiedBy isNull="true" />
            <processItemId>2025.efac7625-1c75-4c37-8b48-35f36bc7df8a</processItemId>
            <processId>1.85df87d8-852a-4df1-9123-cfe1c1e75350</processId>
            <name>End</name>
            <tWComponentName>ExitPoint</tWComponentName>
            <tWComponentId>3008.984ef1ca-3aee-498a-87aa-80b6c50162ae</tWComponentId>
            <isLogEnabled>false</isLogEnabled>
            <isTraceEnabled>false</isTraceEnabled>
            <traceCategory isNull="true" />
            <traceLevel isNull="true" />
            <traceMessage isNull="true" />
            <traceSymbolTable isNull="true" />
            <isExecutionContextTraced>false</isExecutionContextTraced>
            <saveExecutionContext>true</saveExecutionContext>
            <documentation isNull="true" />
            <isErrorHandlerEnabled>false</isErrorHandlerEnabled>
            <errorHandlerItemId isNull="true" />
            <guid>guid:12be50909032b80c:18f81ea7:11f41c537ad:-7668</guid>
            <versionId>f1c76d95-853e-492a-bb70-44e2a4bb8e3c</versionId>
            <externalServiceRef isNull="true" />
            <externalServiceOp isNull="true" />
            <nodeColor isNull="true" />
            <layoutData x="296" y="100">
                <errorLink>
                    <controlPoints />
                    <showEndState>false</showEndState>
                    <showName>false</showName>
                </errorLink>
            </layoutData>
            <TWComponent>
                <lastModified isNull="true" />
                <lastModifiedBy isNull="true" />
                <exitPointId>3008.984ef1ca-3aee-498a-87aa-80b6c50162ae</exitPointId>
                <haltProcess>false</haltProcess>
                <guid>guid:12be50909032b80c:18f81ea7:11f41c537ad:-7667</guid>
                <versionId>d99ec995-9797-4def-8ea7-b93ab3200bd8</versionId>
            </TWComponent>
        </item>
        <startingProcessItemId>2025.63e6c7c4-9bc3-4d1f-ab30-c621a63de013</startingProcessItemId>
        <errorHandlerItemId isNull="true" />
        <layoutData noConversion="true">
            <errorLink>
                <controlPoints />
                <showEndState>false</showEndState>
                <showName>false</showName>
            </errorLink>
        </layoutData>
        <startPoint>
            <layoutData x="20" y="100">
                <errorLink>
                    <controlPoints />
                    <showEndState>false</showEndState>
                    <showName>false</showName>
                </errorLink>
            </layoutData>
        </startPoint>
        <startLink>
            <fromPort locationId="rightCenter" portType="1" />
            <toPort locationId="leftCenter" portType="2" />
            <layoutData>
                <controlPoints />
                <showEndState>false</showEndState>
                <showName>false</showName>
            </layoutData>
        </startLink>
        <link name="Untitled">
            <lastModified isNull="true" />
            <lastModifiedBy isNull="true" />
            <processLinkId>2027.181e4504-ec6f-44be-a279-6e7e324273dd</processLinkId>
            <processId>1.85df87d8-852a-4df1-9123-cfe1c1e75350</processId>
            <description isNull="true" />
            <fromProcessItemId>2025.63e6c7c4-9bc3-4d1f-ab30-c621a63de013</fromProcessItemId>
            <endStateId>Out</endStateId>
            <toProcessItemId>2025.efac7625-1c75-4c37-8b48-35f36bc7df8a</toProcessItemId>
            <guid>guid:12be50909032b80c:18f81ea7:11f41c537ad:-764d</guid>
            <versionId>58758842-e80f-4ee3-a923-e84793b88731</versionId>
            <layoutData>
                <controlPoints />
                <showEndState>false</showEndState>
                <showName>false</showName>
            </layoutData>
            <fromItemPort locationId="rightCenter" portType="1" />
            <toItemPort locationId="leftCenter" portType="2" />
            <fromProcessItemId>2025.63e6c7c4-9bc3-4d1f-ab30-c621a63de013</fromProcessItemId>
            <toProcessItemId>2025.efac7625-1c75-4c37-8b48-35f36bc7df8a</toProcessItemId>
        </link>
    </process>
</teamworks>

