<?xml version="1.0" encoding="UTF-8"?>
<teamworks>
    <process id="1.b9e22b6d-11ac-4f2f-805b-087c97945350" name="SQL Blob to File (SQLStatement)">
        <lastModified>1361372673512</lastModified>
        <lastModifiedBy>Internal TW Admin user</lastModifiedBy>
        <processId>1.b9e22b6d-11ac-4f2f-805b-087c97945350</processId>
        <image isNull="true" />
        <tabGroup isNull="true" />
        <startingProcessItemId>2025.898ddbd7-34ca-41e6-a1c3-e3dd22d0ff1c</startingProcessItemId>
        <isRootProcess>false</isRootProcess>
        <processType>4</processType>
        <isErrorHandlerEnabled>false</isErrorHandlerEnabled>
        <errorHandlerItemId isNull="true" />
        <isLoggingVariables>false</isLoggingVariables>
        <isTransactional>false</isTransactional>
        <processTimingLevel isNull="true" />
        <participantRef isNull="true" />
        <exposedType isNull="true" />
        <isTrackingEnabled>true</isTrackingEnabled>
        <xmlData isNull="true" />
        <cachingType>false</cachingType>
        <itemLabel isNull="true" />
        <cacheLength>43200</cacheLength>
        <mobileReady>false</mobileReady>
        <sboSyncEnabled>true</sboSyncEnabled>
        <externalId isNull="true" />
        <isSecured>false</isSecured>
        <isAjaxExposed>false</isAjaxExposed>
        <description>Reads a BLOB (using streams) from a database using the provided SQL statement and writes it to a file and returns the size of the BLOB in bytes.</description>
        <guid>guid:12be50909032b80c:-237c9734:11f3e0778ac:-75fd</guid>
        <versionId>1bf7e426-bfd1-436e-93b0-6e58d2228d3b</versionId>
        <dependencySummary isNull="true" />
        <jsonData isNull="true" />
        <field1 isNull="true" />
        <field2 isNull="true" />
        <field3>0</field3>
        <field4 isNull="true" />
        <field5>false</field5>
        <clobField1 isNull="true" />
        <blobField1 isNull="true" />
        <processParameter name="sqlStatement">
            <lastModified isNull="true" />
            <lastModifiedBy isNull="true" />
            <processParameterId>2055.db925fef-8a18-4602-891d-cc9224b624ee</processParameterId>
            <processId>1.b9e22b6d-11ac-4f2f-805b-087c97945350</processId>
            <parameterType>1</parameterType>
            <isArrayOf>false</isArrayOf>
            <classId>/12.3990d8b4-983d-4250-bd06-3600f527fed0</classId>
            <seq>1</seq>
            <hasDefault>false</hasDefault>
            <defaultValue isNull="true" />
            <isLocked>false</isLocked>
            <description>The SQL statement</description>
            <guid>guid:12be50909032b80c:-237c9734:11f3e0778ac:-70fb</guid>
            <versionId>fde7497b-94c1-473f-90b1-dd077e042107</versionId>
        </processParameter>
        <processParameter name="blobOutputIndex">
            <lastModified isNull="true" />
            <lastModifiedBy isNull="true" />
            <processParameterId>2055.a44e1110-4554-475b-8363-eb7670dd4db3</processParameterId>
            <processId>1.b9e22b6d-11ac-4f2f-805b-087c97945350</processId>
            <parameterType>1</parameterType>
            <isArrayOf>false</isArrayOf>
            <classId>/12.3fa0d7a0-828a-4d60-99cc-db5ed143fc2d</classId>
            <seq>2</seq>
            <hasDefault>false</hasDefault>
            <defaultValue isNull="true" />
            <isLocked>false</isLocked>
            <description isNull="true" />
            <guid>guid:12be50909032b80c:-237c9734:11f3e0778ac:-70eb</guid>
            <versionId>fd17aed2-eb5c-445e-98c7-d14a852fdd85</versionId>
        </processParameter>
        <processParameter name="outputFilePath">
            <lastModified isNull="true" />
            <lastModifiedBy isNull="true" />
            <processParameterId>2055.8bb053b1-7ee5-48c2-956f-b1337f35605e</processParameterId>
            <processId>1.b9e22b6d-11ac-4f2f-805b-087c97945350</processId>
            <parameterType>1</parameterType>
            <isArrayOf>false</isArrayOf>
            <classId>/12.db884a3c-c533-44b7-bb2d-47bec8ad4022</classId>
            <seq>3</seq>
            <hasDefault>false</hasDefault>
            <defaultValue isNull="true" />
            <isLocked>false</isLocked>
            <description isNull="true" />
            <guid>guid:12be50909032b80c:-237c9734:11f3e0778ac:-70ca</guid>
            <versionId>6ae1d863-45db-4bbe-b8fe-bf0f2fc565f9</versionId>
        </processParameter>
        <processParameter name="appendToOutputFile">
            <lastModified isNull="true" />
            <lastModifiedBy isNull="true" />
            <processParameterId>2055.b04f2a2d-e21b-4bff-bb41-5b81f2915415</processParameterId>
            <processId>1.b9e22b6d-11ac-4f2f-805b-087c97945350</processId>
            <parameterType>1</parameterType>
            <isArrayOf>false</isArrayOf>
            <classId>/12.83ff975e-8dbc-42e5-b738-fa8bc08274a2</classId>
            <seq>4</seq>
            <hasDefault>true</hasDefault>
            <defaultValue>false</defaultValue>
            <isLocked>false</isLocked>
            <description isNull="true" />
            <guid>guid:12be50909032b80c:-237c9734:11f3e0778ac:-70b1</guid>
            <versionId>a54c5a3f-8e1f-438b-994c-1b5c6efefbc1</versionId>
        </processParameter>
        <processParameter name="dataSourceName">
            <lastModified isNull="true" />
            <lastModifiedBy isNull="true" />
            <processParameterId>2055.d18a5627-bbee-482b-b954-d9750810bbc5</processParameterId>
            <processId>1.b9e22b6d-11ac-4f2f-805b-087c97945350</processId>
            <parameterType>1</parameterType>
            <isArrayOf>false</isArrayOf>
            <classId>/12.db884a3c-c533-44b7-bb2d-47bec8ad4022</classId>
            <seq>5</seq>
            <hasDefault>true</hasDefault>
            <defaultValue>"jdbc/TeamWorksDB"</defaultValue>
            <isLocked>false</isLocked>
            <description isNull="true" />
            <guid>guid:12be50909032b80c:-237c9734:11f3e0778ac:-7092</guid>
            <versionId>b19b9698-9a03-4ba8-9ed1-2106a8247d0c</versionId>
        </processParameter>
        <processParameter name="blobSize">
            <lastModified isNull="true" />
            <lastModifiedBy isNull="true" />
            <processParameterId>2055.c9f92c68-23d4-47fd-94ca-2cd1caf8a843</processParameterId>
            <processId>1.b9e22b6d-11ac-4f2f-805b-087c97945350</processId>
            <parameterType>2</parameterType>
            <isArrayOf>false</isArrayOf>
            <classId>/12.3fa0d7a0-828a-4d60-99cc-db5ed143fc2d</classId>
            <seq>6</seq>
            <hasDefault>false</hasDefault>
            <defaultValue isNull="true" />
            <isLocked>false</isLocked>
            <description isNull="true" />
            <guid>guid:12be50909032b80c:-237c9734:11f3e0778ac:-7082</guid>
            <versionId>0248a9bd-c3f1-4f2d-aab6-dd0aa62fac4a</versionId>
        </processParameter>
        <item>
            <lastModified isNull="true" />
            <lastModifiedBy isNull="true" />
            <processItemId>2025.898ddbd7-34ca-41e6-a1c3-e3dd22d0ff1c</processItemId>
            <processId>1.b9e22b6d-11ac-4f2f-805b-087c97945350</processId>
            <name>Write Blob to File</name>
            <tWComponentName>JavaConnector</tWComponentName>
            <tWComponentId>3022.edc2d460-5ace-4312-832a-fb57ded5f7a4</tWComponentId>
            <isLogEnabled>false</isLogEnabled>
            <isTraceEnabled>false</isTraceEnabled>
            <traceCategory isNull="true" />
            <traceLevel isNull="true" />
            <traceMessage isNull="true" />
            <traceSymbolTable isNull="true" />
            <isExecutionContextTraced>false</isExecutionContextTraced>
            <saveExecutionContext>false</saveExecutionContext>
            <documentation isNull="true" />
            <isErrorHandlerEnabled>false</isErrorHandlerEnabled>
            <errorHandlerItemId isNull="true" />
            <guid>guid:12be50909032b80c:-237c9734:11f3e0778ac:-7139</guid>
            <versionId>50445e6e-fe12-4f10-9c4c-c4572f9ccf2c</versionId>
            <externalServiceRef isNull="true" />
            <externalServiceOp isNull="true" />
            <nodeColor isNull="true" />
            <layoutData x="143" y="85">
                <errorLink>
                    <controlPoints />
                    <showEndState>false</showEndState>
                    <showName>false</showName>
                </errorLink>
            </layoutData>
            <TWComponent>
                <lastModified isNull="true" />
                <lastModifiedBy isNull="true" />
                <javaConnectorId>3022.edc2d460-5ace-4312-832a-fb57ded5f7a4</javaConnectorId>
                <definition>&lt;connector&gt;
  &lt;javaClassName&gt;teamworks.SQLConnector&lt;/javaClassName&gt;
  &lt;methodName&gt;blobToFile&lt;/methodName&gt;
  &lt;inputRecord&gt;
    &lt;element type="teamworks.TWObject" nativeType="teamworks.TWObject" parameter="Parameter 0" argument="tw.local.sqlStatement" description="SQL Statement (SQLStatement)" /&gt;
    &lt;element type="java.lang.Integer" nativeType="int" parameter="Parameter 1" argument="tw.local.blobOutputIndex" description="Blob Output Index" /&gt;
    &lt;element type="java.lang.String" nativeType="java.lang.String" parameter="Parameter 2" argument="tw.local.outputFilePath" description="Output File Path" /&gt;
    &lt;element type="java.lang.Boolean" nativeType="boolean" parameter="Parameter 3" argument="tw.local.appendToOutputFile" description="Append to Output File" /&gt;
    &lt;element type="java.lang.String" nativeType="java.lang.String" parameter="Parameter 4" argument="tw.local.dataSourceName" description="JNDI DataSource Name" /&gt;
  &lt;/inputRecord&gt;
  &lt;outputRecord&gt;
    &lt;element type="java.lang.Integer" nativeType="int" parameter="Return Value" argument="tw.local.blobSize" description="" /&gt;
  &lt;/outputRecord&gt;
&lt;/connector&gt;</definition>
                <guid>guid:12be50909032b80c:-237c9734:11f3e0778ac:-713a</guid>
                <versionId>c5003bfa-4a3a-4ad9-983e-e9a9a12b74e2</versionId>
            </TWComponent>
        </item>
        <item>
            <lastModified isNull="true" />
            <lastModifiedBy isNull="true" />
            <processItemId>2025.2bbbe51e-7212-448c-a027-2cae48f56cbd</processItemId>
            <processId>1.b9e22b6d-11ac-4f2f-805b-087c97945350</processId>
            <name>End</name>
            <tWComponentName>ExitPoint</tWComponentName>
            <tWComponentId>3008.8dd3f891-6dbe-476c-8a4f-5b4cb4efd936</tWComponentId>
            <isLogEnabled>false</isLogEnabled>
            <isTraceEnabled>false</isTraceEnabled>
            <traceCategory isNull="true" />
            <traceLevel isNull="true" />
            <traceMessage isNull="true" />
            <traceSymbolTable isNull="true" />
            <isExecutionContextTraced>false</isExecutionContextTraced>
            <saveExecutionContext>true</saveExecutionContext>
            <documentation isNull="true" />
            <isErrorHandlerEnabled>false</isErrorHandlerEnabled>
            <errorHandlerItemId isNull="true" />
            <guid>guid:12be50909032b80c:-237c9734:11f3e0778ac:-75fb</guid>
            <versionId>59d46d10-eb1a-46f3-b8c9-ff106621b8de</versionId>
            <externalServiceRef isNull="true" />
            <externalServiceOp isNull="true" />
            <nodeColor isNull="true" />
            <layoutData x="307" y="100">
                <errorLink>
                    <controlPoints />
                    <showEndState>false</showEndState>
                    <showName>false</showName>
                </errorLink>
            </layoutData>
            <TWComponent>
                <lastModified isNull="true" />
                <lastModifiedBy isNull="true" />
                <exitPointId>3008.8dd3f891-6dbe-476c-8a4f-5b4cb4efd936</exitPointId>
                <haltProcess>false</haltProcess>
                <guid>guid:12be50909032b80c:-237c9734:11f3e0778ac:-75fa</guid>
                <versionId>f8f0d377-4ddc-40ad-8c67-2b5e635db54b</versionId>
            </TWComponent>
        </item>
        <startingProcessItemId>2025.898ddbd7-34ca-41e6-a1c3-e3dd22d0ff1c</startingProcessItemId>
        <errorHandlerItemId isNull="true" />
        <layoutData noConversion="true">
            <errorLink>
                <controlPoints />
                <showEndState>false</showEndState>
                <showName>false</showName>
            </errorLink>
        </layoutData>
        <startPoint>
            <layoutData x="20" y="100">
                <errorLink>
                    <controlPoints />
                    <showEndState>false</showEndState>
                    <showName>false</showName>
                </errorLink>
            </layoutData>
        </startPoint>
        <startLink>
            <fromPort locationId="rightCenter" portType="1" />
            <toPort locationId="leftCenter" portType="2" />
            <layoutData>
                <controlPoints />
                <showEndState>false</showEndState>
                <showName>false</showName>
            </layoutData>
        </startLink>
        <link name="Untitled">
            <lastModified isNull="true" />
            <lastModifiedBy isNull="true" />
            <processLinkId>2027.eb3da017-882a-4d74-9394-1db5f15f15f7</processLinkId>
            <processId>1.b9e22b6d-11ac-4f2f-805b-087c97945350</processId>
            <description isNull="true" />
            <fromProcessItemId>2025.898ddbd7-34ca-41e6-a1c3-e3dd22d0ff1c</fromProcessItemId>
            <endStateId>Out</endStateId>
            <toProcessItemId>2025.2bbbe51e-7212-448c-a027-2cae48f56cbd</toProcessItemId>
            <guid>guid:12be50909032b80c:-237c9734:11f3e0778ac:-7126</guid>
            <versionId>4b10ba20-1c40-4609-9ca3-492ae5c782ae</versionId>
            <layoutData>
                <controlPoints />
                <showEndState>false</showEndState>
                <showName>false</showName>
            </layoutData>
            <fromItemPort locationId="rightCenter" portType="1" />
            <toItemPort locationId="leftCenter" portType="2" />
            <fromProcessItemId>2025.898ddbd7-34ca-41e6-a1c3-e3dd22d0ff1c</fromProcessItemId>
            <toProcessItemId>2025.2bbbe51e-7212-448c-a027-2cae48f56cbd</toProcessItemId>
        </link>
    </process>
</teamworks>

