<?xml version="1.0" encoding="UTF-8"?>
<teamworks>
    <twClass id="12.83ff975e-8dbc-42e5-b738-fa8bc08274a2" name="Boolean">
        <lastModified>1322559515136</lastModified>
        <lastModifiedBy>Internal TW Admin user</lastModifiedBy>
        <classId>12.83ff975e-8dbc-42e5-b738-fa8bc08274a2</classId>
        <type>0</type>
        <isSystem>true</isSystem>
        <shared>false</shared>
        <isShadow>false</isShadow>
        <globalLifetime>false</globalLifetime>
        <internalName isNull="true" />
        <extensionType isNull="true" />
        <saveServiceRef isNull="true" />
        <bpmn2Data isNull="true" />
        <externalId isNull="true" />
        <dependencySummary isNull="true" />
        <jsonData isNull="true" />
        <description>Boolean Type</description>
        <guid>prePebbles:1006:11-25-2003 12:16:17</guid>
        <versionId>b6b53992-7292-41f0-ba47-cdf28cadb484</versionId>
        <definition>
            <validator>
                <className isNull="true" />
                <errorMessage>Please enter 'true' or 'false'</errorMessage>
                <webWidgetJavaClass>com.lombardisoftware.servlet.util.WebCheckBoxWidget</webWidgetJavaClass>
                <externalType isNull="true" />
                <configData>
                    <schema>
                        <simpleType name="Boolean">
                            <restriction base="boolean" />
                        </simpleType>
                    </schema>
                </configData>
            </validator>
        </definition>
    </twClass>
</teamworks>

