<?xml version="1.0" encoding="UTF-8"?>
<teamworks>
    <twClass id="12.b9d2ad88-db15-4daf-8d17-6b686c12731e" name="EnvironmentVariable">
        <lastModified>1594913367501</lastModified>
        <lastModifiedBy>tw_admin</lastModifiedBy>
        <classId>12.b9d2ad88-db15-4daf-8d17-6b686c12731e</classId>
        <type>0</type>
        <isSystem>false</isSystem>
        <shared>false</shared>
        <isShadow>false</isShadow>
        <globalLifetime>false</globalLifetime>
        <internalName isNull="true" />
        <extensionType isNull="true" />
        <saveServiceRef isNull="true" />
        <bpmn2Data isNull="true" />
        <externalId>itm.12.b9d2ad88-db15-4daf-8d17-6b686c12731e</externalId>
        <dependencySummary isNull="true" />
        <jsonData>{"simpleType":[{"annotation":{"documentation":[{}],"appinfo":[{"advancedProperties":[{}]}]},"name":"EnvironmentVariable","restriction":{"annotation":{"appinfo":[{"stringLengthType":["0"],"simpleBaseType":["String"]}]},"base":"{http:\/\/www.w3.org\/2001\/XMLSchema}string"}}],"attributeFormDefault":"unqualified","elementFormDefault":"unqualified","targetNamespace":"http:\/\/lombardi.ibm.com\/schema\/","id":"_12.b9d2ad88-db15-4daf-8d17-6b686c12731e"}</jsonData>
        <description isNull="true" />
        <guid>guid:752ad2963f3c94cf:-7af98b7a:173583179f9:-7fbf</guid>
        <versionId>4e39f3c1-6a58-4677-9755-801fcafe9707</versionId>
        <definition>
            <validator>
                <className isNull="true" />
                <errorMessage isNull="true" />
                <webWidgetJavaClass isNull="true" />
                <externalType isNull="true" />
                <configData>
                    <schema>
                        <simpleType name="EnvironmentVariable">
                            <restriction base="String" />
                        </simpleType>
                    </schema>
                </configData>
            </validator>
            <annotation type="com.lombardisoftware.core.xml.XMLTypeAnnotation" version="2.0">
                <exclude isNull="true" />
                <anonymous isNull="true" />
                <local isNull="true" />
                <name isNull="true" />
                <namespace isNull="true" />
                <elementName isNull="true" />
                <elementNamespace isNull="true" />
                <protoTypeName isNull="true" />
                <baseTypeName isNull="true" />
                <specialType isNull="true" />
                <contentTypeVariety isNull="true" />
                <xscRef isNull="true" />
            </annotation>
        </definition>
    </twClass>
</teamworks>

