<?xml version="1.0" encoding="UTF-8"?>
<teamworks>
    <twClass id="12.e9d8a76b-6dba-4316-80e0-d6ac49366c82" name="DocumentFile">
        <lastModified>1581436853066</lastModified>
        <lastModifiedBy>tw_admin</lastModifiedBy>
        <classId>12.e9d8a76b-6dba-4316-80e0-d6ac49366c82</classId>
        <type>1</type>
        <isSystem>false</isSystem>
        <shared>false</shared>
        <isShadow>false</isShadow>
        <globalLifetime>false</globalLifetime>
        <internalName isNull="true" />
        <extensionType isNull="true" />
        <saveServiceRef isNull="true" />
        <bpmn2Data isNull="true" />
        <externalId>itm.12.e9d8a76b-6dba-4316-80e0-d6ac49366c82</externalId>
        <dependencySummary isNull="true" />
        <jsonData>{"attributeFormDefault": "unqualified","elementFormDefault": "unqualified","targetNamespace": "http://lombardi.ibm.com/schema/","complexType": [{"annotation": {"documentation": [{}],"appinfo": [{"shared": [false],"advancedProperties": [{}],"shadow": [false]}]},"sequence": {"element": [{"annotation": {"documentation": [{}],"appinfo": [{"propertyName": ["name"],"propertyRequired": [false],"propertyHidden": [false],"advancedParameterProperties": [{}]}]},"name": "name","type": "{http://lombardi.ibm.com/schema/}String","otherAttributes": {"{http://www.ibm.com/bpmsdk}refid": "12.db884a3c-c533-44b7-bb2d-47bec8ad4022"}},{"annotation": {"documentation": [{}],"appinfo": [{"propertyName": ["url"],"propertyRequired": [false],"propertyHidden": [false],"advancedParameterProperties": [{}]}]},"name": "url","type": "{http://lombardi.ibm.com/schema/}String","otherAttributes": {"{http://www.ibm.com/bpmsdk}refid": "12.db884a3c-c533-44b7-bb2d-47bec8ad4022"}},{"annotation": {"documentation": [{}],"appinfo": [{"propertyName": ["content"],"propertyRequired": [false],"propertyHidden": [false],"advancedParameterProperties": [{}]}]},"name": "content","type": "{http://lombardi.ibm.com/schema/}ANY","otherAttributes": {"{http://www.ibm.com/bpmsdk}refid": "12.c09c9b6e-aabd-4897-bef2-ed61db106297"}},{"annotation": {"documentation": [{}],"appinfo": [{"propertyName": ["type"],"propertyRequired": [false],"propertyHidden": [false],"advancedParameterProperties": [{}]}]},"name": "type","type": "{http://lombardi.ibm.com/schema/}String","otherAttributes": {"{http://www.ibm.com/bpmsdk}refid": "12.db884a3c-c533-44b7-bb2d-47bec8ad4022"}},{"annotation": {"documentation": [{}],"appinfo": [{"propertyName": ["size"],"propertyRequired": [false],"propertyHidden": [false],"advancedParameterProperties": [{}]}]},"name": "size","type": "{http://lombardi.ibm.com/schema/}Integer","otherAttributes": {"{http://www.ibm.com/bpmsdk}refid": "12.3fa0d7a0-828a-4d60-99cc-db5ed143fc2d"}},{"annotation": {"documentation": [{}],"appinfo": [{"propertyName": ["id"],"propertyRequired": [false],"propertyHidden": [false],"advancedParameterProperties": [{}]}]},"name": "id","type": "{http://lombardi.ibm.com/schema/}String","otherAttributes": {"{http://www.ibm.com/bpmsdk}refid": "12.db884a3c-c533-44b7-bb2d-47bec8ad4022"}},{"annotation": {"documentation": [{}],"appinfo": [{"propertyName": ["lastModified"],"propertyRequired": [false],"propertyHidden": [false],"advancedParameterProperties": [{}]}]},"name": "lastModified","type": "{http://lombardi.ibm.com/schema/}String","otherAttributes": {"{http://www.ibm.com/bpmsdk}refid": "12.db884a3c-c533-44b7-bb2d-47bec8ad4022"}}]},"name": "DocumentFile"}],"id": "_12.e9d8a76b-6dba-4316-80e0-d6ac49366c82"}</jsonData>
        <description>DocumentFile is used to represent a document for file upload or download.</description>
        <guid>guid:954ec9473d5a24b8:19ac79cb:1700b8caf6f:3507</guid>
        <versionId>7350e5a0-91fb-48ee-9c81-82b4b353ccfa</versionId>
        <definition>
            <property>
                <name>name</name>
                <description>The name of the document.  In a download scenario, if the system providing the file does not provide a name, the name will be a randomly generated string.</description>
                <classRef>/12.db884a3c-c533-44b7-bb2d-47bec8ad4022</classRef>
                <arrayProperty>false</arrayProperty>
                <propertyDefault isNull="true" />
                <propertyRequired>false</propertyRequired>
                <propertyHidden>false</propertyHidden>
                <annotation type="com.lombardisoftware.core.xml.XMLFieldAnnotation" version="2.0">
                    <exclude isNull="true" />
                    <nodeType isNull="true" />
                    <name isNull="true" />
                    <namespace isNull="true" />
                    <typeName isNull="true" />
                    <typeNamespace isNull="true" />
                    <minOccurs isNull="true" />
                    <maxOccurs isNull="true" />
                    <nillable isNull="true" />
                    <order isNull="true" />
                    <wrapArray isNull="true" />
                    <arrayTypeName isNull="true" />
                    <arrayTypeAnonymous isNull="true" />
                    <arrayItemName isNull="true" />
                    <arrayItemWildcard isNull="true" />
                    <wildcard isNull="true" />
                    <wildcardVariety isNull="true" />
                    <wildcardMode isNull="true" />
                    <wildcardNamespace isNull="true" />
                    <parentModelGroupCompositor isNull="true" />
                    <timeZone isNull="true" />
                </annotation>
            </property>
            <property>
                <name>type</name>
                <description>The MIME type of the document.</description>
                <classRef>/12.db884a3c-c533-44b7-bb2d-47bec8ad4022</classRef>
                <arrayProperty>false</arrayProperty>
                <propertyDefault isNull="true" />
                <propertyRequired>false</propertyRequired>
                <propertyHidden>false</propertyHidden>
                <annotation type="com.lombardisoftware.core.xml.XMLFieldAnnotation" version="2.0">
                    <exclude isNull="true" />
                    <nodeType isNull="true" />
                    <name isNull="true" />
                    <namespace isNull="true" />
                    <typeName isNull="true" />
                    <typeNamespace isNull="true" />
                    <minOccurs isNull="true" />
                    <maxOccurs isNull="true" />
                    <nillable isNull="true" />
                    <order isNull="true" />
                    <wrapArray isNull="true" />
                    <arrayTypeName isNull="true" />
                    <arrayTypeAnonymous isNull="true" />
                    <arrayItemName isNull="true" />
                    <arrayItemWildcard isNull="true" />
                    <wildcard isNull="true" />
                    <wildcardVariety isNull="true" />
                    <wildcardMode isNull="true" />
                    <wildcardNamespace isNull="true" />
                    <parentModelGroupCompositor isNull="true" />
                    <timeZone isNull="true" />
                </annotation>
            </property>
            <property>
                <name>size</name>
                <description>The size of the document in bytes.</description>
                <classRef>/12.3fa0d7a0-828a-4d60-99cc-db5ed143fc2d</classRef>
                <arrayProperty>false</arrayProperty>
                <propertyDefault isNull="true" />
                <propertyRequired>false</propertyRequired>
                <propertyHidden>false</propertyHidden>
                <annotation type="com.lombardisoftware.core.xml.XMLFieldAnnotation" version="2.0">
                    <exclude isNull="true" />
                    <nodeType isNull="true" />
                    <name isNull="true" />
                    <namespace isNull="true" />
                    <typeName isNull="true" />
                    <typeNamespace isNull="true" />
                    <minOccurs isNull="true" />
                    <maxOccurs isNull="true" />
                    <nillable isNull="true" />
                    <order isNull="true" />
                    <wrapArray isNull="true" />
                    <arrayTypeName isNull="true" />
                    <arrayTypeAnonymous isNull="true" />
                    <arrayItemName isNull="true" />
                    <arrayItemWildcard isNull="true" />
                    <wildcard isNull="true" />
                    <wildcardVariety isNull="true" />
                    <wildcardMode isNull="true" />
                    <wildcardNamespace isNull="true" />
                    <parentModelGroupCompositor isNull="true" />
                    <timeZone isNull="true" />
                </annotation>
            </property>
            <property>
                <name>lastModified</name>
                <description>The last modified time of the document.  In a download scenario, the lastModified will be null.</description>
                <classRef>/12.db884a3c-c533-44b7-bb2d-47bec8ad4022</classRef>
                <arrayProperty>false</arrayProperty>
                <propertyDefault isNull="true" />
                <propertyRequired>false</propertyRequired>
                <propertyHidden>false</propertyHidden>
                <annotation type="com.lombardisoftware.core.xml.XMLFieldAnnotation" version="2.0">
                    <exclude isNull="true" />
                    <nodeType isNull="true" />
                    <name isNull="true" />
                    <namespace isNull="true" />
                    <typeName isNull="true" />
                    <typeNamespace isNull="true" />
                    <minOccurs isNull="true" />
                    <maxOccurs isNull="true" />
                    <nillable isNull="true" />
                    <order isNull="true" />
                    <wrapArray isNull="true" />
                    <arrayTypeName isNull="true" />
                    <arrayTypeAnonymous isNull="true" />
                    <arrayItemName isNull="true" />
                    <arrayItemWildcard isNull="true" />
                    <wildcard isNull="true" />
                    <wildcardVariety isNull="true" />
                    <wildcardMode isNull="true" />
                    <wildcardNamespace isNull="true" />
                    <parentModelGroupCompositor isNull="true" />
                    <timeZone isNull="true" />
                </annotation>
            </property>
            <property>
                <name>content</name>
                <description>The content of the document.  In a download scenario, the content will be null and the url field will contain the download URL.</description>
                <classRef>/12.c09c9b6e-aabd-4897-bef2-ed61db106297</classRef>
                <arrayProperty>false</arrayProperty>
                <propertyDefault isNull="true" />
                <propertyRequired>false</propertyRequired>
                <propertyHidden>false</propertyHidden>
                <annotation type="com.lombardisoftware.core.xml.XMLFieldAnnotation" version="2.0">
                    <exclude isNull="true" />
                    <nodeType isNull="true" />
                    <name isNull="true" />
                    <namespace isNull="true" />
                    <typeName isNull="true" />
                    <typeNamespace isNull="true" />
                    <minOccurs isNull="true" />
                    <maxOccurs isNull="true" />
                    <nillable isNull="true" />
                    <order isNull="true" />
                    <wrapArray isNull="true" />
                    <arrayTypeName isNull="true" />
                    <arrayTypeAnonymous isNull="true" />
                    <arrayItemName isNull="true" />
                    <arrayItemWildcard isNull="true" />
                    <wildcard isNull="true" />
                    <wildcardVariety isNull="true" />
                    <wildcardMode isNull="true" />
                    <wildcardNamespace isNull="true" />
                    <parentModelGroupCompositor isNull="true" />
                    <timeZone isNull="true" />
                </annotation>
            </property>
            <property>
                <name>id</name>
                <description>The ID of the document.  This is user defined.  It is intended for the unique ID of the document from the system providing the document.</description>
                <classRef>/12.db884a3c-c533-44b7-bb2d-47bec8ad4022</classRef>
                <arrayProperty>false</arrayProperty>
                <propertyDefault isNull="true" />
                <propertyRequired>false</propertyRequired>
                <propertyHidden>false</propertyHidden>
                <annotation type="com.lombardisoftware.core.xml.XMLFieldAnnotation" version="2.0">
                    <exclude isNull="true" />
                    <nodeType isNull="true" />
                    <name isNull="true" />
                    <namespace isNull="true" />
                    <typeName isNull="true" />
                    <typeNamespace isNull="true" />
                    <minOccurs isNull="true" />
                    <maxOccurs isNull="true" />
                    <nillable isNull="true" />
                    <order isNull="true" />
                    <wrapArray isNull="true" />
                    <arrayTypeName isNull="true" />
                    <arrayTypeAnonymous isNull="true" />
                    <arrayItemName isNull="true" />
                    <arrayItemWildcard isNull="true" />
                    <wildcard isNull="true" />
                    <wildcardVariety isNull="true" />
                    <wildcardMode isNull="true" />
                    <wildcardNamespace isNull="true" />
                    <parentModelGroupCompositor isNull="true" />
                    <timeZone isNull="true" />
                </annotation>
            </property>
            <property>
                <name>url</name>
                <description>The URL of the document, populated only in the download scenario.</description>
                <classRef>/12.db884a3c-c533-44b7-bb2d-47bec8ad4022</classRef>
                <arrayProperty>false</arrayProperty>
                <propertyDefault isNull="true" />
                <propertyRequired>false</propertyRequired>
                <propertyHidden>false</propertyHidden>
                <annotation type="com.lombardisoftware.core.xml.XMLFieldAnnotation" version="2.0">
                    <exclude isNull="true" />
                    <nodeType isNull="true" />
                    <name isNull="true" />
                    <namespace isNull="true" />
                    <typeName isNull="true" />
                    <typeNamespace isNull="true" />
                    <minOccurs isNull="true" />
                    <maxOccurs isNull="true" />
                    <nillable isNull="true" />
                    <order isNull="true" />
                    <wrapArray isNull="true" />
                    <arrayTypeName isNull="true" />
                    <arrayTypeAnonymous isNull="true" />
                    <arrayItemName isNull="true" />
                    <arrayItemWildcard isNull="true" />
                    <wildcard isNull="true" />
                    <wildcardVariety isNull="true" />
                    <wildcardMode isNull="true" />
                    <wildcardNamespace isNull="true" />
                    <parentModelGroupCompositor isNull="true" />
                    <timeZone isNull="true" />
                </annotation>
            </property>
            <validator>
                <className isNull="true" />
                <errorMessage isNull="true" />
                <webWidgetJavaClass isNull="true" />
                <externalType isNull="true" />
                <configData>
                    <schema>
                        <simpleType name="DocumentFile">
                            <restriction base="String" />
                        </simpleType>
                    </schema>
                </configData>
            </validator>
            <annotation type="com.lombardisoftware.core.xml.XMLTypeAnnotation" version="2.0">
                <exclude isNull="true" />
                <anonymous isNull="true" />
                <local isNull="true" />
                <name isNull="true" />
                <namespace isNull="true" />
                <elementName isNull="true" />
                <elementNamespace isNull="true" />
                <protoTypeName isNull="true" />
                <baseTypeName isNull="true" />
                <specialType isNull="true" />
                <contentTypeVariety isNull="true" />
                <xscRef isNull="true" />
            </annotation>
        </definition>
    </twClass>
</teamworks>

