<?xml version="1.0" encoding="UTF-8"?>
<teamworks>
    <userAttributeDefinition id="51.5eec03c9-2ecc-4e0b-9548-3cfb9989f012" name="Rules Locale">
        <lastModified>1510568767644</lastModified>
        <lastModifiedBy>tw_admin</lastModifiedBy>
        <userAttributeId>51.5eec03c9-2ecc-4e0b-9548-3cfb9989f012</userAttributeId>
        <classRef>/12.db884a3c-c533-44b7-bb2d-47bec8ad4022</classRef>
        <storageProvider>0</storageProvider>
        <storageProviderAttribute isNull="true" />
        <storageSource>0</storageSource>
        <storageService isNull="true" />
        <valuesSource>2</valuesSource>
        <valuesService isNull="true" />
        <description>&lt;html&gt;&lt;body&gt;&lt;/body&gt;&lt;/html&gt;</description>
        <guid>guid:b481d8bd6f6dfbe2:627bcbd7:15fa6c7437d:-7a03</guid>
        <versionId>dc0cac13-2b69-47a1-94e6-f78738838844</versionId>
        <userAttributeValues>
            <userAttributeValue>
                <lastModified isNull="true" />
                <lastModifiedBy isNull="true" />
                <userAttributeDefValueId>2050.5c3209a1-408b-4b50-87c6-10cb88673f5a</userAttributeDefValueId>
                <userAttributeDefId>51.5eec03c9-2ecc-4e0b-9548-3cfb9989f012</userAttributeDefId>
                <value>de</value>
                <seq>0</seq>
                <guid>0e62bfdc-348d-484d-a8f9-85a235325f4b</guid>
                <versionId>849955e6-83e3-466b-a103-9386fe99132b</versionId>
            </userAttributeValue>
            <userAttributeValue>
                <lastModified isNull="true" />
                <lastModifiedBy isNull="true" />
                <userAttributeDefValueId>2050.9d3222e1-e13d-4e5d-869b-d97864a38077</userAttributeDefValueId>
                <userAttributeDefId>51.5eec03c9-2ecc-4e0b-9548-3cfb9989f012</userAttributeDefId>
                <value>en</value>
                <seq>1</seq>
                <guid>27d00d04-9889-47a5-9a0b-318da5b75fb2</guid>
                <versionId>3e6281f0-c1c7-4c40-bcb1-be7747796b0b</versionId>
            </userAttributeValue>
            <userAttributeValue>
                <lastModified isNull="true" />
                <lastModifiedBy isNull="true" />
                <userAttributeDefValueId>2050.d7f85a3c-b002-4c3e-8cde-c513fe6e3673</userAttributeDefValueId>
                <userAttributeDefId>51.5eec03c9-2ecc-4e0b-9548-3cfb9989f012</userAttributeDefId>
                <value>es</value>
                <seq>2</seq>
                <guid>6f1bb1e3-85e0-4f8d-b717-c7b16c547115</guid>
                <versionId>89ac3cb0-0258-4159-b008-ca90342aabd0</versionId>
            </userAttributeValue>
            <userAttributeValue>
                <lastModified isNull="true" />
                <lastModifiedBy isNull="true" />
                <userAttributeDefValueId>2050.bb712957-01f3-4453-8b5e-dc7ab8513f5f</userAttributeDefValueId>
                <userAttributeDefId>51.5eec03c9-2ecc-4e0b-9548-3cfb9989f012</userAttributeDefId>
                <value>fr</value>
                <seq>3</seq>
                <guid>7c99e9de-e949-437c-ad14-73df8f3e0f72</guid>
                <versionId>a612319c-fb5e-4706-80dc-d5c9907a0c87</versionId>
            </userAttributeValue>
            <userAttributeValue>
                <lastModified isNull="true" />
                <lastModifiedBy isNull="true" />
                <userAttributeDefValueId>2050.2c0e2b2f-4927-4752-8f7e-c51cda7b6cd8</userAttributeDefValueId>
                <userAttributeDefId>51.5eec03c9-2ecc-4e0b-9548-3cfb9989f012</userAttributeDefId>
                <value>it</value>
                <seq>4</seq>
                <guid>ee340967-b3a8-4f7f-a5c1-33c304f2c391</guid>
                <versionId>581a7311-9bba-4df6-8530-c7d1231c5863</versionId>
            </userAttributeValue>
            <userAttributeValue>
                <lastModified isNull="true" />
                <lastModifiedBy isNull="true" />
                <userAttributeDefValueId>2050.3c6b0e24-88a4-4dda-872b-07efe268d001</userAttributeDefValueId>
                <userAttributeDefId>51.5eec03c9-2ecc-4e0b-9548-3cfb9989f012</userAttributeDefId>
                <value>ja</value>
                <seq>5</seq>
                <guid>7ac38f96-c52d-4f70-b0e6-47f07bc2a648</guid>
                <versionId>b7a86f28-3df8-4c6b-8039-e2d7a09f9d33</versionId>
            </userAttributeValue>
            <userAttributeValue>
                <lastModified isNull="true" />
                <lastModifiedBy isNull="true" />
                <userAttributeDefValueId>2050.429d856f-90e8-429c-8267-30482bf8597c</userAttributeDefValueId>
                <userAttributeDefId>51.5eec03c9-2ecc-4e0b-9548-3cfb9989f012</userAttributeDefId>
                <value>ko</value>
                <seq>6</seq>
                <guid>897a2934-9e27-4eac-a34f-e64de03012fd</guid>
                <versionId>163c7922-5bb0-43ea-9c48-48bc3b07ee69</versionId>
            </userAttributeValue>
            <userAttributeValue>
                <lastModified isNull="true" />
                <lastModifiedBy isNull="true" />
                <userAttributeDefValueId>2050.5959357d-34d1-4b4c-8c79-41bdb8ca96fb</userAttributeDefValueId>
                <userAttributeDefId>51.5eec03c9-2ecc-4e0b-9548-3cfb9989f012</userAttributeDefId>
                <value>nl</value>
                <seq>7</seq>
                <guid>0cbf6103-fd2b-4cf7-9ff8-8c4ed1966af4</guid>
                <versionId>171a89bc-758b-4ebe-b40b-5a02ec54368c</versionId>
            </userAttributeValue>
            <userAttributeValue>
                <lastModified isNull="true" />
                <lastModifiedBy isNull="true" />
                <userAttributeDefValueId>2050.704793fb-9382-4e30-85e8-421deb060c85</userAttributeDefValueId>
                <userAttributeDefId>51.5eec03c9-2ecc-4e0b-9548-3cfb9989f012</userAttributeDefId>
                <value>pl</value>
                <seq>8</seq>
                <guid>128a2eeb-0e89-41c2-a047-ab95396ea6f1</guid>
                <versionId>cf3811bc-4d52-446d-8834-fa145b5fba18</versionId>
            </userAttributeValue>
            <userAttributeValue>
                <lastModified isNull="true" />
                <lastModifiedBy isNull="true" />
                <userAttributeDefValueId>2050.2285b109-b10d-4eed-8cf6-0eec57dc2be0</userAttributeDefValueId>
                <userAttributeDefId>51.5eec03c9-2ecc-4e0b-9548-3cfb9989f012</userAttributeDefId>
                <value>pt</value>
                <seq>9</seq>
                <guid>41f2cc0e-7c38-4fbc-a9c1-1136f282f1fc</guid>
                <versionId>51085d6b-5618-4a2c-b05c-fdf55f46df69</versionId>
            </userAttributeValue>
            <userAttributeValue>
                <lastModified isNull="true" />
                <lastModifiedBy isNull="true" />
                <userAttributeDefValueId>2050.c9bed162-59a1-4ba6-841d-9a931b326357</userAttributeDefValueId>
                <userAttributeDefId>51.5eec03c9-2ecc-4e0b-9548-3cfb9989f012</userAttributeDefId>
                <value>pt_BR</value>
                <seq>10</seq>
                <guid>454f3334-6049-4373-9442-4644aeeb3da6</guid>
                <versionId>a8d6ee1e-b67b-43e8-a049-f27f9b1a4879</versionId>
            </userAttributeValue>
            <userAttributeValue>
                <lastModified isNull="true" />
                <lastModifiedBy isNull="true" />
                <userAttributeDefValueId>2050.18eefec3-b91a-4f6e-8a5d-a60a4b7b66f8</userAttributeDefValueId>
                <userAttributeDefId>51.5eec03c9-2ecc-4e0b-9548-3cfb9989f012</userAttributeDefId>
                <value>ru</value>
                <seq>11</seq>
                <guid>c82081c0-ebce-47a0-bcc1-1abb91bbd571</guid>
                <versionId>49d88b05-9377-46dd-8c74-7ad0b9f07885</versionId>
            </userAttributeValue>
            <userAttributeValue>
                <lastModified isNull="true" />
                <lastModifiedBy isNull="true" />
                <userAttributeDefValueId>2050.4056fb5c-6963-4fce-892f-dbd5f8787269</userAttributeDefValueId>
                <userAttributeDefId>51.5eec03c9-2ecc-4e0b-9548-3cfb9989f012</userAttributeDefId>
                <value>sv</value>
                <seq>12</seq>
                <guid>361b01be-2560-4f2e-9b18-a4991e8c3815</guid>
                <versionId>7d08b56b-97f3-433f-ab5c-f30cfa982300</versionId>
            </userAttributeValue>
            <userAttributeValue>
                <lastModified isNull="true" />
                <lastModifiedBy isNull="true" />
                <userAttributeDefValueId>2050.7cb85b33-7813-43f2-876f-2eeddc16e839</userAttributeDefValueId>
                <userAttributeDefId>51.5eec03c9-2ecc-4e0b-9548-3cfb9989f012</userAttributeDefId>
                <value>zh_CN</value>
                <seq>13</seq>
                <guid>e40bd8e8-dd6f-412d-b79c-7fdeaba3951b</guid>
                <versionId>a6d86070-3653-4376-aa9d-306bee3ea5d9</versionId>
            </userAttributeValue>
            <userAttributeValue>
                <lastModified isNull="true" />
                <lastModifiedBy isNull="true" />
                <userAttributeDefValueId>2050.a3193781-8968-4983-820f-ebb7f51576fa</userAttributeDefValueId>
                <userAttributeDefId>51.5eec03c9-2ecc-4e0b-9548-3cfb9989f012</userAttributeDefId>
                <value>zh_TW</value>
                <seq>14</seq>
                <guid>228bece5-47e8-473f-88e3-013d2f366755</guid>
                <versionId>80c54388-3134-4f5f-929a-1871f37ce763</versionId>
            </userAttributeValue>
        </userAttributeValues>
    </userAttributeDefinition>
</teamworks>

