<?xml version="1.0" encoding="UTF-8"?>
<teamworks>
    <projectDefaults id="63.21fe1c95-4b1e-4668-81b9-12c976cc95f0" name="Toolkit Settings">
        <lastModified>1406639672344</lastModified>
        <lastModifiedBy>tw_admin</lastModifiedBy>
        <projectDefaultsId>63.21fe1c95-4b1e-4668-81b9-12c976cc95f0</projectDefaultsId>
        <description isNull="true" />
        <guid>guid:ac26230eba3fcf3c:-4cdee47f:12a13f8b024:-8000</guid>
        <versionId>4cdd62be-6d8e-47ad-b8c6-60006346c3db</versionId>
        <participantRef isNull="true" />
        <defaultXslRef isNull="true" />
        <defaultCssRef isNull="true" />
        <defaultTheme isNull="true" />
        <themeVersion isNull="true" />
        <defaultJsRefs isNull="true" />
        <isWbmEnabled>false</isWbmEnabled>
        <namespace isNull="true" />
        <isIidOptimized>false</isIidOptimized>
        <isQueueBypass>1</isQueueBypass>
        <templateAcronymReference isNull="true" />
        <templateSnapshotReference isNull="true" />
        <targetEnvironment>BAW</targetEnvironment>
    </projectDefaults>
</teamworks>

