<?xml version="1.0" encoding="UTF-8"?>
<teamworks>
    <process id="1.07fd64b1-4c4a-4667-a65b-fd0272031aca" name="Heritage ECM Cancel Checkout Service">
        <lastModified>1384238098241</lastModified>
        <lastModifiedBy>tw_admin</lastModifiedBy>
        <processId>1.07fd64b1-4c4a-4667-a65b-fd0272031aca</processId>
        <image isNull="true" />
        <tabGroup isNull="true" />
        <startingProcessItemId>2025.3fdf31ec-a229-4fe7-86f0-0cc5364e10ad</startingProcessItemId>
        <isRootProcess>false</isRootProcess>
        <processType>2</processType>
        <isErrorHandlerEnabled>false</isErrorHandlerEnabled>
        <errorHandlerItemId isNull="true" />
        <isLoggingVariables>false</isLoggingVariables>
        <isTransactional>false</isTransactional>
        <processTimingLevel isNull="true" />
        <participantRef isNull="true" />
        <exposedType isNull="true" />
        <isTrackingEnabled>true</isTrackingEnabled>
        <xmlData isNull="true" />
        <cachingType>false</cachingType>
        <itemLabel isNull="true" />
        <cacheLength>43200</cacheLength>
        <mobileReady>false</mobileReady>
        <sboSyncEnabled>false</sboSyncEnabled>
        <externalId isNull="true" />
        <isSecured>false</isSecured>
        <isAjaxExposed>false</isAjaxExposed>
        <description isNull="true" />
        <guid>guid:9e720608bac3efea:4a03f243:1424afe5fd7:-7ffb</guid>
        <versionId>3d3026bd-5e28-4c1a-a8d4-5fdb2aadb7f0</versionId>
        <dependencySummary isNull="true" />
        <jsonData isNull="true" />
        <field1 isNull="true" />
        <field2 isNull="true" />
        <field3>0</field3>
        <field4 isNull="true" />
        <field5>false</field5>
        <clobField1 isNull="true" />
        <blobField1 isNull="true" />
        <processParameter name="ECMError">
            <lastModified isNull="true" />
            <lastModifiedBy isNull="true" />
            <processParameterId>2055.c9715fbc-50a7-428c-bc78-eeddf4105290</processParameterId>
            <processId>1.07fd64b1-4c4a-4667-a65b-fd0272031aca</processId>
            <parameterType>3</parameterType>
            <isArrayOf>false</isArrayOf>
            <classId>/12.bfb48b9b-8247-49fb-8f78-82b738b817a6</classId>
            <seq>1</seq>
            <hasDefault>false</hasDefault>
            <defaultValue>ECMError</defaultValue>
            <isLocked>false</isLocked>
            <description isNull="true" />
            <guid>df18eec0-151d-480e-bc92-5d6903dcc58e</guid>
            <versionId>1a07f3af-4ac8-41aa-9e27-d1f46c7b131b</versionId>
        </processParameter>
        <processParameter name="checkedoutDocumentId">
            <lastModified isNull="true" />
            <lastModifiedBy isNull="true" />
            <processParameterId>2055.4f10fd64-3f80-4f2f-85e1-b13040861f0b</processParameterId>
            <processId>1.07fd64b1-4c4a-4667-a65b-fd0272031aca</processId>
            <parameterType>1</parameterType>
            <isArrayOf>false</isArrayOf>
            <classId>/12.3212d5b3-f692-41b3-a893-343dc5c3df01</classId>
            <seq>2</seq>
            <hasDefault>false</hasDefault>
            <defaultValue isNull="true" />
            <isLocked>false</isLocked>
            <description isNull="true" />
            <guid>a87d0f51-d426-4507-baf2-20f1ceeaca84</guid>
            <versionId>2cb42d97-5ca8-4777-b200-830eccdfad97</versionId>
        </processParameter>
        <processParameter name="serverName">
            <lastModified isNull="true" />
            <lastModifiedBy isNull="true" />
            <processParameterId>2055.9e209252-32c0-411e-938d-5c3c6fc84acd</processParameterId>
            <processId>1.07fd64b1-4c4a-4667-a65b-fd0272031aca</processId>
            <parameterType>1</parameterType>
            <isArrayOf>false</isArrayOf>
            <classId>f1e96cc6-5fd9-4002-8b04-107d4ddae78a/12.db884a3c-c533-44b7-bb2d-47bec8ad4022</classId>
            <seq>3</seq>
            <hasDefault>false</hasDefault>
            <defaultValue isNull="true" />
            <isLocked>false</isLocked>
            <description isNull="true" />
            <guid>aecffbe9-b4ab-4c6c-86db-88f625e18cc4</guid>
            <versionId>99772fea-647c-4691-9451-364a8813847c</versionId>
        </processParameter>
        <item>
            <lastModified isNull="true" />
            <lastModifiedBy isNull="true" />
            <processItemId>2025.fcb7cc4b-c4a5-49d8-913a-2b519cce5525</processItemId>
            <processId>1.07fd64b1-4c4a-4667-a65b-fd0272031aca</processId>
            <name>End</name>
            <tWComponentName>ExitPoint</tWComponentName>
            <tWComponentId>3008.8745696a-27bd-4d98-a361-9774765c25aa</tWComponentId>
            <isLogEnabled>false</isLogEnabled>
            <isTraceEnabled>false</isTraceEnabled>
            <traceCategory isNull="true" />
            <traceLevel isNull="true" />
            <traceMessage isNull="true" />
            <traceSymbolTable isNull="true" />
            <isExecutionContextTraced>false</isExecutionContextTraced>
            <saveExecutionContext>true</saveExecutionContext>
            <documentation isNull="true" />
            <isErrorHandlerEnabled>false</isErrorHandlerEnabled>
            <errorHandlerItemId isNull="true" />
            <guid>guid:9e720608bac3efea:4a03f243:1424afe5fd7:-7ffa</guid>
            <versionId>605f0195-455c-457f-ace1-0d86844b4be0</versionId>
            <externalServiceRef isNull="true" />
            <externalServiceOp isNull="true" />
            <nodeColor isNull="true" />
            <layoutData x="700" y="100">
                <errorLink>
                    <controlPoints />
                    <showEndState>false</showEndState>
                    <showName>false</showName>
                </errorLink>
            </layoutData>
            <TWComponent>
                <lastModified isNull="true" />
                <lastModifiedBy isNull="true" />
                <exitPointId>3008.8745696a-27bd-4d98-a361-9774765c25aa</exitPointId>
                <haltProcess>false</haltProcess>
                <guid>394e5232-5b91-412c-81dd-32f0aafac88c</guid>
                <versionId>e9e26e4e-ec77-4031-87ce-e0e85e756088</versionId>
            </TWComponent>
        </item>
        <item>
            <lastModified isNull="true" />
            <lastModifiedBy isNull="true" />
            <processItemId>2025.3fdf31ec-a229-4fe7-86f0-0cc5364e10ad</processItemId>
            <processId>1.07fd64b1-4c4a-4667-a65b-fd0272031aca</processId>
            <name>Checkout Document</name>
            <tWComponentName>ECMConnector</tWComponentName>
            <tWComponentId>3030.dbc5c90d-87df-4dbd-8df1-b2e381b5382d</tWComponentId>
            <isLogEnabled>false</isLogEnabled>
            <isTraceEnabled>false</isTraceEnabled>
            <traceCategory isNull="true" />
            <traceLevel isNull="true" />
            <traceMessage isNull="true" />
            <traceSymbolTable isNull="true" />
            <isExecutionContextTraced>false</isExecutionContextTraced>
            <saveExecutionContext>false</saveExecutionContext>
            <documentation isNull="true" />
            <isErrorHandlerEnabled>false</isErrorHandlerEnabled>
            <errorHandlerItemId isNull="true" />
            <guid>8c665f08-2fe2-4e1c-a414-be69e299977a</guid>
            <versionId>93e8a1d6-5651-4d7e-925e-8d1294bcb240</versionId>
            <externalServiceRef isNull="true" />
            <externalServiceOp isNull="true" />
            <nodeColor isNull="true" />
            <layoutData x="327" y="99">
                <errorLink>
                    <controlPoints />
                    <showEndState>false</showEndState>
                    <showName>false</showName>
                </errorLink>
            </layoutData>
            <TWComponent>
                <lastModified isNull="true" />
                <lastModifiedBy isNull="true" />
                <ecmConnectorId>3030.dbc5c90d-87df-4dbd-8df1-b2e381b5382d</ecmConnectorId>
                <definition>&lt;config type="com.lombardisoftware.client.persistence.ECMConnectorConfiguration"&gt;&#xD;
  &lt;inputParameters&gt;&#xD;
    &lt;parameter&gt;&#xD;
      &lt;name&gt;pwcDocumentId&lt;/name&gt;&#xD;
      &lt;type&gt;ECMID&lt;/type&gt;&#xD;
      &lt;description&gt;Private working copy document ID&lt;/description&gt;&#xD;
      &lt;defaultValue /&gt;&#xD;
      &lt;argumentVariable&gt;tw.local.checkedoutDocumentId&lt;/argumentVariable&gt;&#xD;
      &lt;isArray&gt;&lt;/isArray&gt;&#xD;
      &lt;isList&gt;false&lt;/isList&gt;&#xD;
    &lt;/parameter&gt;&#xD;
    &lt;parameter&gt;&#xD;
      &lt;name&gt;serverName&lt;/name&gt;&#xD;
      &lt;type&gt;String&lt;/type&gt;&#xD;
      &lt;description&gt;Server name&lt;/description&gt;&#xD;
      &lt;defaultValue /&gt;&#xD;
      &lt;argumentVariable&gt;tw.local.serverName&lt;/argumentVariable&gt;&#xD;
      &lt;isArray&gt;&lt;/isArray&gt;&#xD;
      &lt;isList&gt;false&lt;/isList&gt;&#xD;
    &lt;/parameter&gt;&#xD;
  &lt;/inputParameters&gt;&#xD;
  &lt;outputParameters /&gt;&#xD;
  &lt;matchAllSearchCriteria&gt;true&lt;/matchAllSearchCriteria&gt;&#xD;
  &lt;searchParameters /&gt;&#xD;
  &lt;selectParameters /&gt;&#xD;
  &lt;orderOverride&gt;false&lt;/orderOverride&gt;&#xD;
  &lt;orderOverrideValue&gt;&lt;/orderOverrideValue&gt;&#xD;
  &lt;operationType&gt;DOC_OP_CANCEL_CHECK_OUT_DOCUMENT&lt;/operationType&gt;&#xD;
  &lt;server&gt;useMappingServer&lt;/server&gt;&#xD;
  &lt;objectTypeSelection&gt;DOCUMENT&lt;/objectTypeSelection&gt;&#xD;
  &lt;useMappedVariable&gt;false&lt;/useMappedVariable&gt;&#xD;
  &lt;faultParameterId&gt;2055.c9715fbc-50a7-428c-bc78-eeddf4105290&lt;/faultParameterId&gt;&#xD;
&lt;/config&gt;</definition>
                <guid>f4ecfabd-94fa-49f9-928b-18bda8c6131d</guid>
                <versionId>5acd60a8-fb0c-4a67-b561-94a38ffa9bc2</versionId>
            </TWComponent>
        </item>
        <startingProcessItemId>2025.3fdf31ec-a229-4fe7-86f0-0cc5364e10ad</startingProcessItemId>
        <errorHandlerItemId isNull="true" />
        <layoutData noConversion="true">
            <errorLink>
                <controlPoints />
                <showEndState>false</showEndState>
                <showName>false</showName>
            </errorLink>
        </layoutData>
        <startPoint>
            <layoutData x="20" y="100">
                <errorLink>
                    <controlPoints />
                    <showEndState>false</showEndState>
                    <showName>false</showName>
                </errorLink>
            </layoutData>
        </startPoint>
        <startLink>
            <fromPort locationId="rightCenter" portType="1" />
            <toPort locationId="leftCenter" portType="2" />
            <layoutData>
                <controlPoints />
                <showEndState>false</showEndState>
                <showName>false</showName>
            </layoutData>
        </startLink>
        <link name="Untitled">
            <lastModified isNull="true" />
            <lastModifiedBy isNull="true" />
            <processLinkId>2027.0b2af23b-3ece-4fb8-839e-3d24625982b9</processLinkId>
            <processId>1.07fd64b1-4c4a-4667-a65b-fd0272031aca</processId>
            <description isNull="true" />
            <fromProcessItemId>2025.3fdf31ec-a229-4fe7-86f0-0cc5364e10ad</fromProcessItemId>
            <endStateId>Out</endStateId>
            <toProcessItemId>2025.fcb7cc4b-c4a5-49d8-913a-2b519cce5525</toProcessItemId>
            <guid>ac10323e-1991-4f32-8097-c3b5c48e35f0</guid>
            <versionId>6edde845-2c7c-49a4-8270-3c12d0c7ed8b</versionId>
            <layoutData>
                <controlPoints />
                <showEndState>false</showEndState>
                <showName>false</showName>
            </layoutData>
            <fromItemPort locationId="rightCenter" portType="1" />
            <toItemPort locationId="leftCenter" portType="2" />
            <fromProcessItemId>2025.3fdf31ec-a229-4fe7-86f0-0cc5364e10ad</fromProcessItemId>
            <toProcessItemId>2025.fcb7cc4b-c4a5-49d8-913a-2b519cce5525</toProcessItemId>
        </link>
    </process>
</teamworks>

