<?xml version="1.0" encoding="UTF-8"?>
<teamworks>
    <process id="1.07f58779-01a8-4626-9ea2-c7d413bd2e62" name="Heritage ECM Get Document Service">
        <lastModified>1330961001763</lastModified>
        <lastModifiedBy>Internal TW Admin user</lastModifiedBy>
        <processId>1.07f58779-01a8-4626-9ea2-c7d413bd2e62</processId>
        <image isNull="true" />
        <tabGroup isNull="true" />
        <startingProcessItemId>2025.a9f658e3-7d1f-4b78-8121-ca507d36e0c0</startingProcessItemId>
        <isRootProcess>false</isRootProcess>
        <processType>2</processType>
        <isErrorHandlerEnabled>false</isErrorHandlerEnabled>
        <errorHandlerItemId isNull="true" />
        <isLoggingVariables>false</isLoggingVariables>
        <isTransactional>false</isTransactional>
        <processTimingLevel isNull="true" />
        <participantRef isNull="true" />
        <exposedType isNull="true" />
        <isTrackingEnabled>true</isTrackingEnabled>
        <xmlData isNull="true" />
        <cachingType>false</cachingType>
        <itemLabel isNull="true" />
        <cacheLength>43200</cacheLength>
        <mobileReady>false</mobileReady>
        <sboSyncEnabled>false</sboSyncEnabled>
        <externalId isNull="true" />
        <isSecured>false</isSecured>
        <isAjaxExposed>false</isAjaxExposed>
        <description isNull="true" />
        <guid>guid:d5b59e2cf13bea07:4e41f3cf:13530095222:-7fe3</guid>
        <versionId>ef351514-abb7-498a-b0df-93b417538458</versionId>
        <dependencySummary isNull="true" />
        <jsonData isNull="true" />
        <field1 isNull="true" />
        <field2 isNull="true" />
        <field3>0</field3>
        <field4 isNull="true" />
        <field5>false</field5>
        <clobField1 isNull="true" />
        <blobField1 isNull="true" />
        <processParameter name="ECMError">
            <lastModified isNull="true" />
            <lastModifiedBy isNull="true" />
            <processParameterId>2055.fa12ddf4-b8d8-4150-9d00-0ca034b8c211</processParameterId>
            <processId>1.07f58779-01a8-4626-9ea2-c7d413bd2e62</processId>
            <parameterType>3</parameterType>
            <isArrayOf>false</isArrayOf>
            <classId>/12.bfb48b9b-8247-49fb-8f78-82b738b817a6</classId>
            <seq>1</seq>
            <hasDefault>false</hasDefault>
            <defaultValue>ECMError</defaultValue>
            <isLocked>false</isLocked>
            <description isNull="true" />
            <guid>guid:d5b59e2cf13bea07:4e41f3cf:13530095222:-7fdc</guid>
            <versionId>249469b7-782c-4e3b-a42b-a10b140d8fb5</versionId>
        </processParameter>
        <processParameter name="documentId">
            <lastModified isNull="true" />
            <lastModifiedBy isNull="true" />
            <processParameterId>2055.72aff2aa-f735-4c1f-b7f3-9dd3c8171c53</processParameterId>
            <processId>1.07f58779-01a8-4626-9ea2-c7d413bd2e62</processId>
            <parameterType>1</parameterType>
            <isArrayOf>false</isArrayOf>
            <classId>/12.3212d5b3-f692-41b3-a893-343dc5c3df01</classId>
            <seq>2</seq>
            <hasDefault>false</hasDefault>
            <defaultValue isNull="true" />
            <isLocked>false</isLocked>
            <description isNull="true" />
            <guid>guid:d5b59e2cf13bea07:4e41f3cf:13530095222:-7fda</guid>
            <versionId>2d4cd2b5-7e2f-41ba-ad24-c907b703c647</versionId>
        </processParameter>
        <processParameter name="serverName">
            <lastModified isNull="true" />
            <lastModifiedBy isNull="true" />
            <processParameterId>2055.f278932a-511a-4e7e-a95b-0d348608c5ae</processParameterId>
            <processId>1.07f58779-01a8-4626-9ea2-c7d413bd2e62</processId>
            <parameterType>1</parameterType>
            <isArrayOf>false</isArrayOf>
            <classId>f1e96cc6-5fd9-4002-8b04-107d4ddae78a/12.db884a3c-c533-44b7-bb2d-47bec8ad4022</classId>
            <seq>3</seq>
            <hasDefault>false</hasDefault>
            <defaultValue isNull="true" />
            <isLocked>false</isLocked>
            <description isNull="true" />
            <guid>guid:d5b59e2cf13bea07:4e41f3cf:13530095222:-7fd9</guid>
            <versionId>a9662a40-68a2-46b7-84cc-e52fbf20d83c</versionId>
        </processParameter>
        <processParameter name="document">
            <lastModified isNull="true" />
            <lastModifiedBy isNull="true" />
            <processParameterId>2055.40036e0f-056c-4382-b67a-4b955b778b36</processParameterId>
            <processId>1.07f58779-01a8-4626-9ea2-c7d413bd2e62</processId>
            <parameterType>2</parameterType>
            <isArrayOf>false</isArrayOf>
            <classId>/12.490f939c-3c6d-4ef7-9707-33b5b618877a</classId>
            <seq>4</seq>
            <hasDefault>false</hasDefault>
            <defaultValue isNull="true" />
            <isLocked>false</isLocked>
            <description isNull="true" />
            <guid>guid:d5b59e2cf13bea07:4e41f3cf:13530095222:-7fd8</guid>
            <versionId>842b6b10-5e6f-44c2-b2d2-14e23031620b</versionId>
        </processParameter>
        <item>
            <lastModified isNull="true" />
            <lastModifiedBy isNull="true" />
            <processItemId>2025.b2a68003-572e-44da-9360-999c73d3b17b</processItemId>
            <processId>1.07f58779-01a8-4626-9ea2-c7d413bd2e62</processId>
            <name>End</name>
            <tWComponentName>ExitPoint</tWComponentName>
            <tWComponentId>3008.ee392c0d-9d75-4343-921c-37e70ddf4504</tWComponentId>
            <isLogEnabled>false</isLogEnabled>
            <isTraceEnabled>false</isTraceEnabled>
            <traceCategory isNull="true" />
            <traceLevel isNull="true" />
            <traceMessage isNull="true" />
            <traceSymbolTable isNull="true" />
            <isExecutionContextTraced>false</isExecutionContextTraced>
            <saveExecutionContext>true</saveExecutionContext>
            <documentation isNull="true" />
            <isErrorHandlerEnabled>false</isErrorHandlerEnabled>
            <errorHandlerItemId isNull="true" />
            <guid>guid:d5b59e2cf13bea07:4e41f3cf:13530095222:-7fe1</guid>
            <versionId>09c07404-2249-4c99-958f-849155a1456c</versionId>
            <externalServiceRef isNull="true" />
            <externalServiceOp isNull="true" />
            <nodeColor isNull="true" />
            <layoutData x="700" y="105">
                <errorLink>
                    <controlPoints />
                    <showEndState>false</showEndState>
                    <showName>false</showName>
                </errorLink>
            </layoutData>
            <TWComponent>
                <lastModified isNull="true" />
                <lastModifiedBy isNull="true" />
                <exitPointId>3008.ee392c0d-9d75-4343-921c-37e70ddf4504</exitPointId>
                <haltProcess>false</haltProcess>
                <guid>guid:d5b59e2cf13bea07:4e41f3cf:13530095222:-7fe0</guid>
                <versionId>93e52094-d963-4b69-9036-31f1e40c72c8</versionId>
            </TWComponent>
        </item>
        <item>
            <lastModified isNull="true" />
            <lastModifiedBy isNull="true" />
            <processItemId>2025.a9f658e3-7d1f-4b78-8121-ca507d36e0c0</processItemId>
            <processId>1.07f58779-01a8-4626-9ea2-c7d413bd2e62</processId>
            <name>Get document service</name>
            <tWComponentName>ECMConnector</tWComponentName>
            <tWComponentId>3030.348aae74-910f-4db4-9632-3f558f2f1a1f</tWComponentId>
            <isLogEnabled>false</isLogEnabled>
            <isTraceEnabled>false</isTraceEnabled>
            <traceCategory isNull="true" />
            <traceLevel isNull="true" />
            <traceMessage isNull="true" />
            <traceSymbolTable isNull="true" />
            <isExecutionContextTraced>false</isExecutionContextTraced>
            <saveExecutionContext>false</saveExecutionContext>
            <documentation isNull="true" />
            <isErrorHandlerEnabled>false</isErrorHandlerEnabled>
            <errorHandlerItemId isNull="true" />
            <guid>d2736aca-b6fa-4942-b482-3dc804d75ec0</guid>
            <versionId>6fa0d9b9-e541-41f7-8c04-14bdf3ae303e</versionId>
            <externalServiceRef isNull="true" />
            <externalServiceOp isNull="true" />
            <nodeColor isNull="true" />
            <layoutData x="379" y="90">
                <errorLink>
                    <controlPoints />
                    <showEndState>false</showEndState>
                    <showName>false</showName>
                </errorLink>
            </layoutData>
            <TWComponent>
                <lastModified isNull="true" />
                <lastModifiedBy isNull="true" />
                <ecmConnectorId>3030.348aae74-910f-4db4-9632-3f558f2f1a1f</ecmConnectorId>
                <definition>&lt;config type="com.lombardisoftware.client.persistence.ECMConnectorConfiguration"&gt;&#xD;
  &lt;inputParameters&gt;&#xD;
    &lt;parameter&gt;&#xD;
      &lt;name&gt;documentId&lt;/name&gt;&#xD;
      &lt;type&gt;ECMID&lt;/type&gt;&#xD;
      &lt;description&gt;Document ID&lt;/description&gt;&#xD;
      &lt;defaultValue /&gt;&#xD;
      &lt;argumentVariable&gt;tw.local.documentId&lt;/argumentVariable&gt;&#xD;
      &lt;isList&gt;false&lt;/isList&gt;&#xD;
    &lt;/parameter&gt;&#xD;
    &lt;parameter&gt;&#xD;
      &lt;name&gt;serverName&lt;/name&gt;&#xD;
      &lt;type&gt;String&lt;/type&gt;&#xD;
      &lt;description&gt;Server name&lt;/description&gt;&#xD;
      &lt;defaultValue /&gt;&#xD;
      &lt;argumentVariable&gt;tw.local.serverName&lt;/argumentVariable&gt;&#xD;
      &lt;isList&gt;false&lt;/isList&gt;&#xD;
    &lt;/parameter&gt;&#xD;
  &lt;/inputParameters&gt;&#xD;
  &lt;outputParameters&gt;&#xD;
    &lt;parameter&gt;&#xD;
      &lt;name&gt;document&lt;/name&gt;&#xD;
      &lt;type&gt;ECMDocument&lt;/type&gt;&#xD;
      &lt;description&gt;Document&lt;/description&gt;&#xD;
      &lt;defaultValue /&gt;&#xD;
      &lt;argumentVariable&gt;tw.local.document&lt;/argumentVariable&gt;&#xD;
      &lt;isList&gt;false&lt;/isList&gt;&#xD;
    &lt;/parameter&gt;&#xD;
  &lt;/outputParameters&gt;&#xD;
  &lt;matchAllSearchCriteria&gt;true&lt;/matchAllSearchCriteria&gt;&#xD;
  &lt;orderOverride&gt;false&lt;/orderOverride&gt;&#xD;
  &lt;orderOverrideValue&gt;&lt;/orderOverrideValue&gt;&#xD;
  &lt;operationType&gt;DOC_OP_GET_DOCUMENT&lt;/operationType&gt;&#xD;
  &lt;useMappedVariable&gt;false&lt;/useMappedVariable&gt;&#xD;
  &lt;faultParameterId&gt;2055.fa12ddf4-b8d8-4150-9d00-0ca034b8c211&lt;/faultParameterId&gt;&#xD;
&lt;/config&gt;</definition>
                <guid>guid:d5b59e2cf13bea07:4e41f3cf:13530095222:-7fdd</guid>
                <versionId>6579acfc-0834-4691-a458-c3e3019bdacc</versionId>
            </TWComponent>
        </item>
        <startingProcessItemId>2025.a9f658e3-7d1f-4b78-8121-ca507d36e0c0</startingProcessItemId>
        <errorHandlerItemId isNull="true" />
        <layoutData noConversion="true">
            <errorLink>
                <controlPoints />
                <showEndState>false</showEndState>
                <showName>false</showName>
            </errorLink>
        </layoutData>
        <startPoint>
            <layoutData x="20" y="105">
                <errorLink>
                    <controlPoints />
                    <showEndState>false</showEndState>
                    <showName>false</showName>
                </errorLink>
            </layoutData>
        </startPoint>
        <startLink>
            <fromPort locationId="rightCenter" portType="1" />
            <toPort locationId="leftCenter" portType="2" />
            <layoutData>
                <controlPoints />
                <showEndState>false</showEndState>
                <showName>false</showName>
            </layoutData>
        </startLink>
        <link name="Untitled">
            <lastModified isNull="true" />
            <lastModifiedBy isNull="true" />
            <processLinkId>2027.bc49f379-b358-4b3e-bb29-4af7f899ca73</processLinkId>
            <processId>1.07f58779-01a8-4626-9ea2-c7d413bd2e62</processId>
            <description isNull="true" />
            <fromProcessItemId>2025.a9f658e3-7d1f-4b78-8121-ca507d36e0c0</fromProcessItemId>
            <endStateId>Out</endStateId>
            <toProcessItemId>2025.b2a68003-572e-44da-9360-999c73d3b17b</toProcessItemId>
            <guid>guid:d5b59e2cf13bea07:4e41f3cf:13530095222:-7fdb</guid>
            <versionId>eb131743-d774-4225-8e39-e098172fda7e</versionId>
            <layoutData>
                <controlPoints />
                <showEndState>false</showEndState>
                <showName>false</showName>
            </layoutData>
            <fromItemPort locationId="rightCenter" portType="1" />
            <toItemPort locationId="leftCenter" portType="2" />
            <fromProcessItemId>2025.a9f658e3-7d1f-4b78-8121-ca507d36e0c0</fromProcessItemId>
            <toProcessItemId>2025.b2a68003-572e-44da-9360-999c73d3b17b</toProcessItemId>
        </link>
    </process>
</teamworks>

