<?xml version="1.0" encoding="UTF-8"?>
<teamworks>
    <process id="1.102715b5-2f94-4e59-8af5-a7cf8308547b" name="ECM Get Folder By Path Service">
        <lastModified>1477594658562</lastModified>
        <lastModifiedBy>admin</lastModifiedBy>
        <processId>1.102715b5-2f94-4e59-8af5-a7cf8308547b</processId>
        <image isNull="true" />
        <tabGroup isNull="true" />
        <startingProcessItemId>2025.48c468cf-3c58-4c02-a846-fda09b554be9</startingProcessItemId>
        <isRootProcess>false</isRootProcess>
        <processType>2</processType>
        <isErrorHandlerEnabled>false</isErrorHandlerEnabled>
        <errorHandlerItemId isNull="true" />
        <isLoggingVariables>false</isLoggingVariables>
        <isTransactional>false</isTransactional>
        <processTimingLevel isNull="true" />
        <participantRef isNull="true" />
        <exposedType isNull="true" />
        <isTrackingEnabled>true</isTrackingEnabled>
        <xmlData isNull="true" />
        <cachingType>false</cachingType>
        <itemLabel isNull="true" />
        <cacheLength>43200</cacheLength>
        <mobileReady>false</mobileReady>
        <sboSyncEnabled>false</sboSyncEnabled>
        <externalId isNull="true" />
        <isSecured>false</isSecured>
        <isAjaxExposed>false</isAjaxExposed>
        <description isNull="true" />
        <guid>1d0dfcea-bc08-4f9c-b869-f999a8a20609</guid>
        <versionId>b99923bc-751f-4729-87aa-0a1b22f18146</versionId>
        <dependencySummary isNull="true" />
        <jsonData isNull="true" />
        <field1 isNull="true" />
        <field2 isNull="true" />
        <field3>0</field3>
        <field4 isNull="true" />
        <field5>false</field5>
        <clobField1 isNull="true" />
        <blobField1 isNull="true" />
        <processParameter name="data">
            <lastModified isNull="true" />
            <lastModifiedBy isNull="true" />
            <processParameterId>2055.cf3191ec-b7c3-4c0e-8f2b-7153664c21e4</processParameterId>
            <processId>1.102715b5-2f94-4e59-8af5-a7cf8308547b</processId>
            <parameterType>1</parameterType>
            <isArrayOf>false</isArrayOf>
            <classId>/12.e81552b5-e92b-4c45-816a-d5bdffad7800</classId>
            <seq>1</seq>
            <hasDefault>false</hasDefault>
            <defaultValue isNull="true" />
            <isLocked>false</isLocked>
            <description isNull="true" />
            <guid>7ed676f3-6138-4912-a0e3-dfd9700d8f59</guid>
            <versionId>c5a0d746-5e54-4004-8083-6ea41a745aa0</versionId>
        </processParameter>
        <processParameter name="results">
            <lastModified isNull="true" />
            <lastModifiedBy isNull="true" />
            <processParameterId>2055.cc37f612-9167-4568-a0e7-8267cdb481e2</processParameterId>
            <processId>1.102715b5-2f94-4e59-8af5-a7cf8308547b</processId>
            <parameterType>2</parameterType>
            <isArrayOf>false</isArrayOf>
            <classId>f1e96cc6-5fd9-4002-8b04-107d4ddae78a/12.c09c9b6e-aabd-4897-bef2-ed61db106297</classId>
            <seq>2</seq>
            <hasDefault>false</hasDefault>
            <defaultValue isNull="true" />
            <isLocked>false</isLocked>
            <description isNull="true" />
            <guid>de42459c-6275-4909-9959-370ecc3dc506</guid>
            <versionId>48a0996a-1cb3-454b-acd9-7e8ff5448464</versionId>
        </processParameter>
        <processParameter name="error">
            <lastModified isNull="true" />
            <lastModifiedBy isNull="true" />
            <processParameterId>2055.f7e3b34c-0838-46de-854c-853802f476a3</processParameterId>
            <processId>1.102715b5-2f94-4e59-8af5-a7cf8308547b</processId>
            <parameterType>2</parameterType>
            <isArrayOf>false</isArrayOf>
            <classId>f496ca18-836b-46b7-8846-85b2ee01f7eb/12.5551644c-3dc6-4161-a939-4e7f27f8ce45</classId>
            <seq>3</seq>
            <hasDefault>false</hasDefault>
            <defaultValue isNull="true" />
            <isLocked>false</isLocked>
            <description isNull="true" />
            <guid>8da1d6f3-575a-4552-b3ee-0dabaddc2505</guid>
            <versionId>0ed9e24b-2a16-4b20-8c2a-091636c77046</versionId>
        </processParameter>
        <item>
            <lastModified isNull="true" />
            <lastModifiedBy isNull="true" />
            <processItemId>2025.e5019def-1dbc-4911-9002-fcce61dabe49</processItemId>
            <processId>1.102715b5-2f94-4e59-8af5-a7cf8308547b</processId>
            <name>End</name>
            <tWComponentName>ExitPoint</tWComponentName>
            <tWComponentId>3008.967d292b-0109-47ff-9b4c-143b61ef992e</tWComponentId>
            <isLogEnabled>false</isLogEnabled>
            <isTraceEnabled>false</isTraceEnabled>
            <traceCategory isNull="true" />
            <traceLevel isNull="true" />
            <traceMessage isNull="true" />
            <traceSymbolTable isNull="true" />
            <isExecutionContextTraced>false</isExecutionContextTraced>
            <saveExecutionContext>true</saveExecutionContext>
            <documentation isNull="true" />
            <isErrorHandlerEnabled>false</isErrorHandlerEnabled>
            <errorHandlerItemId isNull="true" />
            <guid>guid:13a59355493bb473:-6f40172c:154ba1a388b:-7858</guid>
            <versionId>27576017-5273-4c91-a470-6dc8b797c746</versionId>
            <externalServiceRef isNull="true" />
            <externalServiceOp isNull="true" />
            <nodeColor isNull="true" />
            <layoutData x="334" y="99">
                <errorLink>
                    <controlPoints />
                    <showEndState>false</showEndState>
                    <showName>false</showName>
                </errorLink>
            </layoutData>
            <TWComponent>
                <lastModified isNull="true" />
                <lastModifiedBy isNull="true" />
                <exitPointId>3008.967d292b-0109-47ff-9b4c-143b61ef992e</exitPointId>
                <haltProcess>false</haltProcess>
                <guid>fe2eccdc-7135-4090-80a0-8c945083e034</guid>
                <versionId>778e6d13-c8b7-45aa-b953-00e5cb70f572</versionId>
            </TWComponent>
        </item>
        <item>
            <lastModified isNull="true" />
            <lastModifiedBy isNull="true" />
            <processItemId>2025.48c468cf-3c58-4c02-a846-fda09b554be9</processItemId>
            <processId>1.102715b5-2f94-4e59-8af5-a7cf8308547b</processId>
            <name>Get Folder</name>
            <tWComponentName>ECMConnector</tWComponentName>
            <tWComponentId>3030.d4363b6f-7ba1-4b72-a0fb-2083509e3d83</tWComponentId>
            <isLogEnabled>false</isLogEnabled>
            <isTraceEnabled>false</isTraceEnabled>
            <traceCategory isNull="true" />
            <traceLevel isNull="true" />
            <traceMessage isNull="true" />
            <traceSymbolTable isNull="true" />
            <isExecutionContextTraced>false</isExecutionContextTraced>
            <saveExecutionContext>false</saveExecutionContext>
            <documentation isNull="true" />
            <isErrorHandlerEnabled>false</isErrorHandlerEnabled>
            <errorHandlerItemId isNull="true" />
            <guid>guid:13a59355493bb473:-6f40172c:154ba1a388b:-7859</guid>
            <versionId>429b9d87-d7d4-49d9-a422-54df8fb8b9b7</versionId>
            <externalServiceRef isNull="true" />
            <externalServiceOp isNull="true" />
            <nodeColor isNull="true" />
            <processPrePosts>
                <lastModified isNull="true" />
                <lastModifiedBy isNull="true" />
                <processItemPrePostId>2029.1ea5ce0a-a334-4740-9649-cebea9ccd373</processItemPrePostId>
                <processItemId>2025.48c468cf-3c58-4c02-a846-fda09b554be9</processItemId>
                <location>2</location>
                <script>//log.info(tw.local.data);</script>
                <guid>07cf9743-9ad0-4036-843d-250a128894d0</guid>
                <versionId>576efe7a-591a-42b5-b82a-ea3a1f3147cf</versionId>
            </processPrePosts>
            <layoutData x="159" y="84">
                <errorLink>
                    <controlPoints />
                    <showEndState>false</showEndState>
                    <showName>false</showName>
                </errorLink>
            </layoutData>
            <TWComponent>
                <lastModified isNull="true" />
                <lastModifiedBy isNull="true" />
                <ecmConnectorId>3030.d4363b6f-7ba1-4b72-a0fb-2083509e3d83</ecmConnectorId>
                <definition>&lt;config type="com.lombardisoftware.client.persistence.ECMConnectorConfiguration"&gt;&#xD;
  &lt;inputParameters&gt;&#xD;
    &lt;parameter&gt;&#xD;
      &lt;name&gt;path&lt;/name&gt;&#xD;
      &lt;type&gt;String&lt;/type&gt;&#xD;
      &lt;description&gt;Path&lt;/description&gt;&#xD;
      &lt;defaultValue&gt;&lt;/defaultValue&gt;&#xD;
      &lt;argumentVariable&gt;tw.local.data.folder&lt;/argumentVariable&gt;&#xD;
      &lt;isArray&gt;&lt;/isArray&gt;&#xD;
      &lt;isList&gt;false&lt;/isList&gt;&#xD;
    &lt;/parameter&gt;&#xD;
    &lt;parameter&gt;&#xD;
      &lt;name&gt;serverName&lt;/name&gt;&#xD;
      &lt;type&gt;String&lt;/type&gt;&#xD;
      &lt;description&gt;Server name&lt;/description&gt;&#xD;
      &lt;defaultValue&gt;&lt;/defaultValue&gt;&#xD;
      &lt;argumentVariable&gt;tw.local.data.serverName&lt;/argumentVariable&gt;&#xD;
      &lt;isArray&gt;&lt;/isArray&gt;&#xD;
      &lt;isList&gt;false&lt;/isList&gt;&#xD;
    &lt;/parameter&gt;&#xD;
  &lt;/inputParameters&gt;&#xD;
  &lt;outputParameters&gt;&#xD;
    &lt;parameter&gt;&#xD;
      &lt;name&gt;folder&lt;/name&gt;&#xD;
      &lt;type&gt;ECMFolder&lt;/type&gt;&#xD;
      &lt;description&gt;Folder&lt;/description&gt;&#xD;
      &lt;defaultValue&gt;&lt;/defaultValue&gt;&#xD;
      &lt;argumentVariable&gt;tw.local.results&lt;/argumentVariable&gt;&#xD;
      &lt;isArray&gt;&lt;/isArray&gt;&#xD;
      &lt;isList&gt;false&lt;/isList&gt;&#xD;
    &lt;/parameter&gt;&#xD;
  &lt;/outputParameters&gt;&#xD;
  &lt;matchAllSearchCriteria&gt;true&lt;/matchAllSearchCriteria&gt;&#xD;
  &lt;searchParameters /&gt;&#xD;
  &lt;selectParameters /&gt;&#xD;
  &lt;orderOverride&gt;false&lt;/orderOverride&gt;&#xD;
  &lt;orderOverrideValue&gt;&lt;/orderOverrideValue&gt;&#xD;
  &lt;operationType&gt;FOLDER_OP_GET_FOLDER_BY_PATH&lt;/operationType&gt;&#xD;
  &lt;server&gt;useMappingServer&lt;/server&gt;&#xD;
  &lt;objectTypeSelection&gt;DOCUMENT&lt;/objectTypeSelection&gt;&#xD;
  &lt;useMappedVariable&gt;false&lt;/useMappedVariable&gt;&#xD;
  &lt;faultParameterId&gt;2055.a16c9113-2505-482a-ab66-d4dc5fd61258&lt;/faultParameterId&gt;&#xD;
&lt;/config&gt;</definition>
                <guid>8cfc4f88-47a8-4591-a953-9976c56a23eb</guid>
                <versionId>2d54a884-9099-49c1-86dc-8b79b6aacf37</versionId>
            </TWComponent>
        </item>
        <startingProcessItemId>2025.48c468cf-3c58-4c02-a846-fda09b554be9</startingProcessItemId>
        <errorHandlerItemId isNull="true" />
        <layoutData noConversion="true">
            <errorLink>
                <controlPoints />
                <showEndState>false</showEndState>
                <showName>false</showName>
            </errorLink>
        </layoutData>
        <startPoint>
            <layoutData x="20" y="100">
                <errorLink>
                    <controlPoints />
                    <showEndState>false</showEndState>
                    <showName>false</showName>
                </errorLink>
            </layoutData>
        </startPoint>
        <startLink>
            <fromPort locationId="rightCenter" portType="1" />
            <toPort locationId="leftCenter" portType="2" />
            <layoutData>
                <controlPoints />
                <showEndState>false</showEndState>
                <showName>false</showName>
            </layoutData>
        </startLink>
        <link name="Untitled">
            <lastModified isNull="true" />
            <lastModifiedBy isNull="true" />
            <processLinkId>2027.66293e59-ff4b-442b-986c-bafdcb90b160</processLinkId>
            <processId>1.102715b5-2f94-4e59-8af5-a7cf8308547b</processId>
            <description isNull="true" />
            <fromProcessItemId>2025.48c468cf-3c58-4c02-a846-fda09b554be9</fromProcessItemId>
            <endStateId>Out</endStateId>
            <toProcessItemId>2025.e5019def-1dbc-4911-9002-fcce61dabe49</toProcessItemId>
            <guid>9aa3b99e-3a8d-4aae-950c-8c1aa665d4cd</guid>
            <versionId>9641e777-cac2-43d0-81ed-ceed4e007537</versionId>
            <layoutData>
                <controlPoints />
                <showEndState>false</showEndState>
                <showName>false</showName>
            </layoutData>
            <fromItemPort locationId="rightCenter" portType="1" />
            <toItemPort locationId="leftCenter" portType="2" />
            <fromProcessItemId>2025.48c468cf-3c58-4c02-a846-fda09b554be9</fromProcessItemId>
            <toProcessItemId>2025.e5019def-1dbc-4911-9002-fcce61dabe49</toProcessItemId>
        </link>
    </process>
</teamworks>

