<?xml version="1.0" encoding="UTF-8"?>
<teamworks>
    <process id="1.10aa0395-daf6-4ea8-abf9-6b6090cfb125" name="Heritage ECM CheckIn Service">
        <lastModified>1387219635697</lastModified>
        <lastModifiedBy>tw_admin</lastModifiedBy>
        <processId>1.10aa0395-daf6-4ea8-abf9-6b6090cfb125</processId>
        <image isNull="true" />
        <tabGroup isNull="true" />
        <startingProcessItemId>2025.160b8465-bff8-48f9-b5f0-ccea5e29a36e</startingProcessItemId>
        <isRootProcess>false</isRootProcess>
        <processType>2</processType>
        <isErrorHandlerEnabled>false</isErrorHandlerEnabled>
        <errorHandlerItemId isNull="true" />
        <isLoggingVariables>false</isLoggingVariables>
        <isTransactional>false</isTransactional>
        <processTimingLevel isNull="true" />
        <participantRef isNull="true" />
        <exposedType isNull="true" />
        <isTrackingEnabled>true</isTrackingEnabled>
        <xmlData isNull="true" />
        <cachingType>false</cachingType>
        <itemLabel isNull="true" />
        <cacheLength>43200</cacheLength>
        <mobileReady>false</mobileReady>
        <sboSyncEnabled>false</sboSyncEnabled>
        <externalId isNull="true" />
        <isSecured>false</isSecured>
        <isAjaxExposed>false</isAjaxExposed>
        <description isNull="true" />
        <guid>guid:72623eb2fbb55c99:-3af3d93:142e50fb32f:-7ff8</guid>
        <versionId>0e688178-7d3b-4223-a35c-82c66f29617e</versionId>
        <dependencySummary isNull="true" />
        <jsonData isNull="true" />
        <field1 isNull="true" />
        <field2 isNull="true" />
        <field3>0</field3>
        <field4 isNull="true" />
        <field5>false</field5>
        <clobField1 isNull="true" />
        <blobField1 isNull="true" />
        <processParameter name="ECMError">
            <lastModified isNull="true" />
            <lastModifiedBy isNull="true" />
            <processParameterId>2055.cb7ed325-ffa6-462b-a486-9d606cc735fd</processParameterId>
            <processId>1.10aa0395-daf6-4ea8-abf9-6b6090cfb125</processId>
            <parameterType>3</parameterType>
            <isArrayOf>false</isArrayOf>
            <classId>/12.bfb48b9b-8247-49fb-8f78-82b738b817a6</classId>
            <seq>1</seq>
            <hasDefault>false</hasDefault>
            <defaultValue>ECMError</defaultValue>
            <isLocked>false</isLocked>
            <description isNull="true" />
            <guid>066a5dc0-6bc2-4f56-a40e-108864941870</guid>
            <versionId>f2fe3ba0-bdb2-4b97-a102-84ec8fe89f57</versionId>
        </processParameter>
        <processParameter name="checkedOutId">
            <lastModified isNull="true" />
            <lastModifiedBy isNull="true" />
            <processParameterId>2055.1ed282d6-d4d5-4308-b3d8-a289bf97222e</processParameterId>
            <processId>1.10aa0395-daf6-4ea8-abf9-6b6090cfb125</processId>
            <parameterType>1</parameterType>
            <isArrayOf>false</isArrayOf>
            <classId>/12.3212d5b3-f692-41b3-a893-343dc5c3df01</classId>
            <seq>2</seq>
            <hasDefault>false</hasDefault>
            <defaultValue isNull="true" />
            <isLocked>false</isLocked>
            <description isNull="true" />
            <guid>1a8ac99a-097f-4110-b629-b3c21d70591f</guid>
            <versionId>9723431a-b52b-4623-a08f-1bdd2e762203</versionId>
        </processParameter>
        <processParameter name="serverName">
            <lastModified isNull="true" />
            <lastModifiedBy isNull="true" />
            <processParameterId>2055.1ab758e7-9aab-476f-9063-32e42f3063ab</processParameterId>
            <processId>1.10aa0395-daf6-4ea8-abf9-6b6090cfb125</processId>
            <parameterType>1</parameterType>
            <isArrayOf>false</isArrayOf>
            <classId>f1e96cc6-5fd9-4002-8b04-107d4ddae78a/12.db884a3c-c533-44b7-bb2d-47bec8ad4022</classId>
            <seq>5</seq>
            <hasDefault>false</hasDefault>
            <defaultValue isNull="true" />
            <isLocked>false</isLocked>
            <description isNull="true" />
            <guid>dc6685c7-40e9-43eb-b93f-22bfc518ae15</guid>
            <versionId>8a11ea16-7fc9-4e0c-b91c-e2ed8327a324</versionId>
        </processParameter>
        <processParameter name="documentId">
            <lastModified isNull="true" />
            <lastModifiedBy isNull="true" />
            <processParameterId>2055.fe346eec-5f60-4c7f-92f2-ffd6d11f4e6d</processParameterId>
            <processId>1.10aa0395-daf6-4ea8-abf9-6b6090cfb125</processId>
            <parameterType>2</parameterType>
            <isArrayOf>false</isArrayOf>
            <classId>/12.3212d5b3-f692-41b3-a893-343dc5c3df01</classId>
            <seq>6</seq>
            <hasDefault>false</hasDefault>
            <defaultValue isNull="true" />
            <isLocked>false</isLocked>
            <description isNull="true" />
            <guid>e3fdb190-c499-4c5a-9e21-7ed8a2db341d</guid>
            <versionId>a43d597d-4cf1-442f-9712-1dd5c52c7b62</versionId>
        </processParameter>
        <processParameter name="properties">
            <lastModified isNull="true" />
            <lastModifiedBy isNull="true" />
            <processParameterId>2055.02245601-5370-4e5f-bed9-418f98ad5a2e</processParameterId>
            <processId>1.10aa0395-daf6-4ea8-abf9-6b6090cfb125</processId>
            <parameterType>1</parameterType>
            <isArrayOf>true</isArrayOf>
            <classId>/12.a4275847-1a37-4d3c-9289-0462d5afbca9</classId>
            <seq>7</seq>
            <hasDefault>false</hasDefault>
            <defaultValue isNull="true" />
            <isLocked>false</isLocked>
            <description isNull="true" />
            <guid>e568efcc-0197-45e1-8bde-053afa5d59a2</guid>
            <versionId>ccd513a1-62e5-4b1b-b8c6-fb2801e66524</versionId>
        </processParameter>
        <item>
            <lastModified isNull="true" />
            <lastModifiedBy isNull="true" />
            <processItemId>2025.160b8465-bff8-48f9-b5f0-ccea5e29a36e</processItemId>
            <processId>1.10aa0395-daf6-4ea8-abf9-6b6090cfb125</processId>
            <name>Check In Service</name>
            <tWComponentName>ECMConnector</tWComponentName>
            <tWComponentId>3030.fc1d00eb-2847-4407-a3a8-f302e42b1840</tWComponentId>
            <isLogEnabled>false</isLogEnabled>
            <isTraceEnabled>false</isTraceEnabled>
            <traceCategory isNull="true" />
            <traceLevel isNull="true" />
            <traceMessage isNull="true" />
            <traceSymbolTable isNull="true" />
            <isExecutionContextTraced>false</isExecutionContextTraced>
            <saveExecutionContext>false</saveExecutionContext>
            <documentation isNull="true" />
            <isErrorHandlerEnabled>false</isErrorHandlerEnabled>
            <errorHandlerItemId isNull="true" />
            <guid>e4fb1ec3-81f7-4950-a2db-b3002f79c687</guid>
            <versionId>29c18635-86e9-4b94-9a04-95704c829880</versionId>
            <externalServiceRef isNull="true" />
            <externalServiceOp isNull="true" />
            <nodeColor isNull="true" />
            <layoutData x="309" y="99">
                <errorLink>
                    <controlPoints />
                    <showEndState>false</showEndState>
                    <showName>false</showName>
                </errorLink>
            </layoutData>
            <TWComponent>
                <lastModified isNull="true" />
                <lastModifiedBy isNull="true" />
                <ecmConnectorId>3030.fc1d00eb-2847-4407-a3a8-f302e42b1840</ecmConnectorId>
                <definition>&lt;config type="com.lombardisoftware.client.persistence.ECMConnectorConfiguration"&gt;&#xD;
  &lt;inputParameters&gt;&#xD;
    &lt;parameter&gt;&#xD;
      &lt;name&gt;pwcDocumentId&lt;/name&gt;&#xD;
      &lt;type&gt;ECMID&lt;/type&gt;&#xD;
      &lt;description&gt;Private working copy document ID&lt;/description&gt;&#xD;
      &lt;defaultValue&gt;&lt;/defaultValue&gt;&#xD;
      &lt;argumentVariable&gt;tw.local.checkedOutId&lt;/argumentVariable&gt;&#xD;
      &lt;isArray&gt;&lt;/isArray&gt;&#xD;
      &lt;isList&gt;false&lt;/isList&gt;&#xD;
    &lt;/parameter&gt;&#xD;
    &lt;parameter&gt;&#xD;
      &lt;name&gt;major&lt;/name&gt;&#xD;
      &lt;type&gt;Boolean&lt;/type&gt;&#xD;
      &lt;description&gt;Major&lt;/description&gt;&#xD;
      &lt;defaultValue&gt;&lt;/defaultValue&gt;&#xD;
      &lt;argumentVariable&gt;&lt;/argumentVariable&gt;&#xD;
      &lt;isArray&gt;&lt;/isArray&gt;&#xD;
      &lt;isList&gt;false&lt;/isList&gt;&#xD;
    &lt;/parameter&gt;&#xD;
    &lt;parameter&gt;&#xD;
      &lt;name&gt;contentStream&lt;/name&gt;&#xD;
      &lt;type&gt;ECMContentStream&lt;/type&gt;&#xD;
      &lt;description&gt;Content stream&lt;/description&gt;&#xD;
      &lt;defaultValue&gt;&lt;/defaultValue&gt;&#xD;
      &lt;argumentVariable&gt;&lt;/argumentVariable&gt;&#xD;
      &lt;isArray&gt;&lt;/isArray&gt;&#xD;
      &lt;isList&gt;false&lt;/isList&gt;&#xD;
    &lt;/parameter&gt;&#xD;
    &lt;parameter&gt;&#xD;
      &lt;name&gt;checkinComment&lt;/name&gt;&#xD;
      &lt;type&gt;String&lt;/type&gt;&#xD;
      &lt;description&gt;Check-in comment&lt;/description&gt;&#xD;
      &lt;defaultValue&gt;&lt;/defaultValue&gt;&#xD;
      &lt;argumentVariable&gt;&lt;/argumentVariable&gt;&#xD;
      &lt;isArray&gt;&lt;/isArray&gt;&#xD;
      &lt;isList&gt;false&lt;/isList&gt;&#xD;
    &lt;/parameter&gt;&#xD;
    &lt;parameter&gt;&#xD;
      &lt;name&gt;properties&lt;/name&gt;&#xD;
      &lt;type&gt;ECMProperty&lt;/type&gt;&#xD;
      &lt;description&gt;Properties&lt;/description&gt;&#xD;
      &lt;defaultValue&gt;&lt;/defaultValue&gt;&#xD;
      &lt;argumentVariable&gt;tw.local.properties&lt;/argumentVariable&gt;&#xD;
      &lt;isArray&gt;&lt;/isArray&gt;&#xD;
      &lt;isList&gt;true&lt;/isList&gt;&#xD;
    &lt;/parameter&gt;&#xD;
    &lt;parameter&gt;&#xD;
      &lt;name&gt;serverName&lt;/name&gt;&#xD;
      &lt;type&gt;String&lt;/type&gt;&#xD;
      &lt;description&gt;Server name&lt;/description&gt;&#xD;
      &lt;defaultValue&gt;&lt;/defaultValue&gt;&#xD;
      &lt;argumentVariable&gt;tw.local.serverName&lt;/argumentVariable&gt;&#xD;
      &lt;isArray&gt;&lt;/isArray&gt;&#xD;
      &lt;isList&gt;false&lt;/isList&gt;&#xD;
    &lt;/parameter&gt;&#xD;
  &lt;/inputParameters&gt;&#xD;
  &lt;outputParameters&gt;&#xD;
    &lt;parameter&gt;&#xD;
      &lt;name&gt;documentId&lt;/name&gt;&#xD;
      &lt;type&gt;ECMID&lt;/type&gt;&#xD;
      &lt;description&gt;Document ID&lt;/description&gt;&#xD;
      &lt;defaultValue&gt;&lt;/defaultValue&gt;&#xD;
      &lt;argumentVariable&gt;tw.local.documentId&lt;/argumentVariable&gt;&#xD;
      &lt;isArray&gt;&lt;/isArray&gt;&#xD;
      &lt;isList&gt;false&lt;/isList&gt;&#xD;
    &lt;/parameter&gt;&#xD;
  &lt;/outputParameters&gt;&#xD;
  &lt;matchAllSearchCriteria&gt;true&lt;/matchAllSearchCriteria&gt;&#xD;
  &lt;orderOverride&gt;false&lt;/orderOverride&gt;&#xD;
  &lt;orderOverrideValue&gt;&lt;/orderOverrideValue&gt;&#xD;
  &lt;operationType&gt;DOC_OP_CHECK_IN_DOCUMENT&lt;/operationType&gt;&#xD;
  &lt;objectTypeSelection&gt;DOCUMENT&lt;/objectTypeSelection&gt;&#xD;
  &lt;useMappedVariable&gt;false&lt;/useMappedVariable&gt;&#xD;
  &lt;faultParameterId&gt;2055.cb7ed325-ffa6-462b-a486-9d606cc735fd&lt;/faultParameterId&gt;&#xD;
&lt;/config&gt;</definition>
                <guid>ad081769-4611-4e22-8857-2c9c6346f6ee</guid>
                <versionId>c8a28843-5d77-4ca4-9db7-c81023ba774d</versionId>
            </TWComponent>
        </item>
        <item>
            <lastModified isNull="true" />
            <lastModifiedBy isNull="true" />
            <processItemId>2025.7cc092d2-4bfc-4d5e-80fd-dce078e256b6</processItemId>
            <processId>1.10aa0395-daf6-4ea8-abf9-6b6090cfb125</processId>
            <name>End</name>
            <tWComponentName>ExitPoint</tWComponentName>
            <tWComponentId>3008.73b25227-8e0c-4160-8a58-dec6936515c9</tWComponentId>
            <isLogEnabled>false</isLogEnabled>
            <isTraceEnabled>false</isTraceEnabled>
            <traceCategory isNull="true" />
            <traceLevel isNull="true" />
            <traceMessage isNull="true" />
            <traceSymbolTable isNull="true" />
            <isExecutionContextTraced>false</isExecutionContextTraced>
            <saveExecutionContext>true</saveExecutionContext>
            <documentation isNull="true" />
            <isErrorHandlerEnabled>false</isErrorHandlerEnabled>
            <errorHandlerItemId isNull="true" />
            <guid>guid:72623eb2fbb55c99:-3af3d93:142e50fb32f:-7ff7</guid>
            <versionId>6c453d6e-97c7-4fcf-8b5c-1c5c63041b0c</versionId>
            <externalServiceRef isNull="true" />
            <externalServiceOp isNull="true" />
            <nodeColor isNull="true" />
            <layoutData x="700" y="100">
                <errorLink>
                    <controlPoints />
                    <showEndState>false</showEndState>
                    <showName>false</showName>
                </errorLink>
            </layoutData>
            <TWComponent>
                <lastModified isNull="true" />
                <lastModifiedBy isNull="true" />
                <exitPointId>3008.73b25227-8e0c-4160-8a58-dec6936515c9</exitPointId>
                <haltProcess>false</haltProcess>
                <guid>d8219e82-be92-4f0d-a063-67d795387a11</guid>
                <versionId>02f256f9-3802-4cc0-895c-55a5078e3a4e</versionId>
            </TWComponent>
        </item>
        <startingProcessItemId>2025.160b8465-bff8-48f9-b5f0-ccea5e29a36e</startingProcessItemId>
        <errorHandlerItemId isNull="true" />
        <layoutData noConversion="true">
            <errorLink>
                <controlPoints />
                <showEndState>false</showEndState>
                <showName>false</showName>
            </errorLink>
        </layoutData>
        <startPoint>
            <layoutData x="20" y="100">
                <errorLink>
                    <controlPoints />
                    <showEndState>false</showEndState>
                    <showName>false</showName>
                </errorLink>
            </layoutData>
        </startPoint>
        <startLink>
            <fromPort locationId="rightCenter" portType="1" />
            <toPort locationId="leftCenter" portType="2" />
            <layoutData>
                <controlPoints />
                <showEndState>false</showEndState>
                <showName>false</showName>
            </layoutData>
        </startLink>
        <link name="Untitled">
            <lastModified isNull="true" />
            <lastModifiedBy isNull="true" />
            <processLinkId>2027.cd733baa-7056-4809-8f6b-b1b3fb71459b</processLinkId>
            <processId>1.10aa0395-daf6-4ea8-abf9-6b6090cfb125</processId>
            <description isNull="true" />
            <fromProcessItemId>2025.160b8465-bff8-48f9-b5f0-ccea5e29a36e</fromProcessItemId>
            <endStateId>Out</endStateId>
            <toProcessItemId>2025.7cc092d2-4bfc-4d5e-80fd-dce078e256b6</toProcessItemId>
            <guid>64fed7c3-028c-4cf6-bccc-535c671daf9b</guid>
            <versionId>9de42b42-6399-4872-bea4-19b4364bfd42</versionId>
            <layoutData>
                <controlPoints />
                <showEndState>false</showEndState>
                <showName>false</showName>
            </layoutData>
            <fromItemPort locationId="rightCenter" portType="1" />
            <toItemPort locationId="leftCenter" portType="2" />
            <fromProcessItemId>2025.160b8465-bff8-48f9-b5f0-ccea5e29a36e</fromProcessItemId>
            <toProcessItemId>2025.7cc092d2-4bfc-4d5e-80fd-dce078e256b6</toProcessItemId>
        </link>
    </process>
</teamworks>

