<?xml version="1.0" encoding="UTF-8"?>
<teamworks>
    <process id="1.13fc8f87-1db1-4da4-9cbc-5103c7567649" name="ECM Update Document Properties Service">
        <lastModified>1486135027296</lastModified>
        <lastModifiedBy>celladmin</lastModifiedBy>
        <processId>1.13fc8f87-1db1-4da4-9cbc-5103c7567649</processId>
        <image isNull="true" />
        <tabGroup isNull="true" />
        <startingProcessItemId>2025.0addef24-2c83-43ce-8572-b2f97371ecf3</startingProcessItemId>
        <isRootProcess>false</isRootProcess>
        <processType>2</processType>
        <isErrorHandlerEnabled>false</isErrorHandlerEnabled>
        <errorHandlerItemId isNull="true" />
        <isLoggingVariables>false</isLoggingVariables>
        <isTransactional>false</isTransactional>
        <processTimingLevel isNull="true" />
        <participantRef isNull="true" />
        <exposedType isNull="true" />
        <isTrackingEnabled>true</isTrackingEnabled>
        <xmlData isNull="true" />
        <cachingType>false</cachingType>
        <itemLabel isNull="true" />
        <cacheLength>43200</cacheLength>
        <mobileReady>false</mobileReady>
        <sboSyncEnabled>false</sboSyncEnabled>
        <externalId isNull="true" />
        <isSecured>false</isSecured>
        <isAjaxExposed>false</isAjaxExposed>
        <description isNull="true" />
        <guid>348b320f-edbb-48a4-9bd1-a2e19e8f8845</guid>
        <versionId>5eb68570-59d1-4f6d-bae7-395b1756a296</versionId>
        <dependencySummary isNull="true" />
        <jsonData isNull="true" />
        <field1 isNull="true" />
        <field2 isNull="true" />
        <field3>0</field3>
        <field4 isNull="true" />
        <field5>false</field5>
        <clobField1 isNull="true" />
        <blobField1 isNull="true" />
        <processParameter name="data">
            <lastModified isNull="true" />
            <lastModifiedBy isNull="true" />
            <processParameterId>2055.ae433dcd-9668-48ac-89d4-654ff22287d9</processParameterId>
            <processId>1.13fc8f87-1db1-4da4-9cbc-5103c7567649</processId>
            <parameterType>1</parameterType>
            <isArrayOf>false</isArrayOf>
            <classId>/12.6a6bd605-669f-4d73-9ef3-d2b4b6d9b249</classId>
            <seq>1</seq>
            <hasDefault>false</hasDefault>
            <defaultValue isNull="true" />
            <isLocked>false</isLocked>
            <description isNull="true" />
            <guid>5bf23d9d-11a8-4102-ab82-7169611f2d86</guid>
            <versionId>01f093a5-2d76-4fea-a044-bb8745d37509</versionId>
        </processParameter>
        <processParameter name="results">
            <lastModified isNull="true" />
            <lastModifiedBy isNull="true" />
            <processParameterId>2055.5849aca9-146a-4438-a83a-5c84dc3f9c38</processParameterId>
            <processId>1.13fc8f87-1db1-4da4-9cbc-5103c7567649</processId>
            <parameterType>2</parameterType>
            <isArrayOf>false</isArrayOf>
            <classId>f1e96cc6-5fd9-4002-8b04-107d4ddae78a/12.c09c9b6e-aabd-4897-bef2-ed61db106297</classId>
            <seq>2</seq>
            <hasDefault>false</hasDefault>
            <defaultValue isNull="true" />
            <isLocked>false</isLocked>
            <description isNull="true" />
            <guid>d852242a-f69d-4e6a-a0d6-3cc8bff10732</guid>
            <versionId>0fd4726c-c94f-411a-8275-00ffd8c099ba</versionId>
        </processParameter>
        <processParameter name="error">
            <lastModified isNull="true" />
            <lastModifiedBy isNull="true" />
            <processParameterId>2055.061dfecd-ed5b-431c-95a9-c8ad703f77bb</processParameterId>
            <processId>1.13fc8f87-1db1-4da4-9cbc-5103c7567649</processId>
            <parameterType>2</parameterType>
            <isArrayOf>false</isArrayOf>
            <classId>f496ca18-836b-46b7-8846-85b2ee01f7eb/12.5551644c-3dc6-4161-a939-4e7f27f8ce45</classId>
            <seq>3</seq>
            <hasDefault>false</hasDefault>
            <defaultValue isNull="true" />
            <isLocked>false</isLocked>
            <description isNull="true" />
            <guid>adc3ac29-05c9-47b7-8837-377c3b75b32d</guid>
            <versionId>6fc8d130-762d-4454-b54b-40531fd666e8</versionId>
        </processParameter>
        <processParameter name="ECMError">
            <lastModified isNull="true" />
            <lastModifiedBy isNull="true" />
            <processParameterId>2055.72870526-1b55-4c72-b31f-06b2a341b9ce</processParameterId>
            <processId>1.13fc8f87-1db1-4da4-9cbc-5103c7567649</processId>
            <parameterType>3</parameterType>
            <isArrayOf>false</isArrayOf>
            <classId>/12.bfb48b9b-8247-49fb-8f78-82b738b817a6</classId>
            <seq>4</seq>
            <hasDefault>false</hasDefault>
            <defaultValue>ECMError</defaultValue>
            <isLocked>false</isLocked>
            <description isNull="true" />
            <guid>aeec8e4b-b5e6-498d-933a-d60ac8f5cd1a</guid>
            <versionId>c9f43d04-533d-4a6c-942e-c1c05c7e3d63</versionId>
        </processParameter>
        <processVariable name="referenceName">
            <lastModified isNull="true" />
            <lastModifiedBy isNull="true" />
            <processVariableId>2056.6bd2b5fe-b481-4753-a930-32d7bd09ae05</processVariableId>
            <description isNull="true" />
            <processId>1.13fc8f87-1db1-4da4-9cbc-5103c7567649</processId>
            <namespace>2</namespace>
            <seq>1</seq>
            <isArrayOf>false</isArrayOf>
            <isTransient>false</isTransient>
            <classId>f1e96cc6-5fd9-4002-8b04-107d4ddae78a/12.c09c9b6e-aabd-4897-bef2-ed61db106297</classId>
            <hasDefault>false</hasDefault>
            <defaultValue isNull="true" />
            <guid>044d3a06-16d3-4a9b-8648-25bf6eca6f41</guid>
            <versionId>5fc9ccf3-b5ba-435a-928c-ec24fb5828c7</versionId>
        </processVariable>
        <item>
            <lastModified isNull="true" />
            <lastModifiedBy isNull="true" />
            <processItemId>2025.0addef24-2c83-43ce-8572-b2f97371ecf3</processItemId>
            <processId>1.13fc8f87-1db1-4da4-9cbc-5103c7567649</processId>
            <name>Update Doc Properties</name>
            <tWComponentName>ECMConnector</tWComponentName>
            <tWComponentId>3030.1e931c13-23ec-48d3-8905-4fd78937fe5d</tWComponentId>
            <isLogEnabled>false</isLogEnabled>
            <isTraceEnabled>false</isTraceEnabled>
            <traceCategory isNull="true" />
            <traceLevel isNull="true" />
            <traceMessage isNull="true" />
            <traceSymbolTable isNull="true" />
            <isExecutionContextTraced>false</isExecutionContextTraced>
            <saveExecutionContext>false</saveExecutionContext>
            <documentation isNull="true" />
            <isErrorHandlerEnabled>false</isErrorHandlerEnabled>
            <errorHandlerItemId isNull="true" />
            <guid>guid:fad3c4533ce9b8c5:7723a405:15a02c0a1a4:-7b57</guid>
            <versionId>011126a0-8208-41f2-9f99-68a888240ed0</versionId>
            <externalServiceRef isNull="true" />
            <externalServiceOp isNull="true" />
            <nodeColor isNull="true" />
            <layoutData x="167" y="85">
                <errorLink>
                    <controlPoints />
                    <showEndState>false</showEndState>
                    <showName>false</showName>
                </errorLink>
            </layoutData>
            <TWComponent>
                <lastModified isNull="true" />
                <lastModifiedBy isNull="true" />
                <ecmConnectorId>3030.1e931c13-23ec-48d3-8905-4fd78937fe5d</ecmConnectorId>
                <definition>&lt;config type="com.lombardisoftware.client.persistence.ECMConnectorConfiguration"&gt;&#xD;
  &lt;inputParameters&gt;&#xD;
    &lt;parameter&gt;&#xD;
      &lt;name&gt;documentId&lt;/name&gt;&#xD;
      &lt;type&gt;ECMID&lt;/type&gt;&#xD;
      &lt;description&gt;Document ID&lt;/description&gt;&#xD;
      &lt;defaultValue&gt;&lt;/defaultValue&gt;&#xD;
      &lt;argumentVariable&gt;tw.local.data.id&lt;/argumentVariable&gt;&#xD;
      &lt;isArray&gt;&lt;/isArray&gt;&#xD;
      &lt;isList&gt;false&lt;/isList&gt;&#xD;
    &lt;/parameter&gt;&#xD;
    &lt;parameter&gt;&#xD;
      &lt;name&gt;name&lt;/name&gt;&#xD;
      &lt;type&gt;String&lt;/type&gt;&#xD;
      &lt;description&gt;Name&lt;/description&gt;&#xD;
      &lt;defaultValue&gt;&lt;/defaultValue&gt;&#xD;
      &lt;argumentVariable&gt;tw.local.data.name&lt;/argumentVariable&gt;&#xD;
      &lt;isArray&gt;&lt;/isArray&gt;&#xD;
      &lt;isList&gt;false&lt;/isList&gt;&#xD;
    &lt;/parameter&gt;&#xD;
    &lt;parameter&gt;&#xD;
      &lt;name&gt;properties&lt;/name&gt;&#xD;
      &lt;type&gt;ECMProperty&lt;/type&gt;&#xD;
      &lt;description&gt;Properties&lt;/description&gt;&#xD;
      &lt;defaultValue&gt;&lt;/defaultValue&gt;&#xD;
      &lt;argumentVariable&gt;tw.local.data.properties&lt;/argumentVariable&gt;&#xD;
      &lt;isArray&gt;&lt;/isArray&gt;&#xD;
      &lt;isList&gt;true&lt;/isList&gt;&#xD;
    &lt;/parameter&gt;&#xD;
    &lt;parameter&gt;&#xD;
      &lt;name&gt;serverName&lt;/name&gt;&#xD;
      &lt;type&gt;String&lt;/type&gt;&#xD;
      &lt;description&gt;Server name&lt;/description&gt;&#xD;
      &lt;defaultValue&gt;&lt;/defaultValue&gt;&#xD;
      &lt;argumentVariable&gt;tw.local.data.serverName&lt;/argumentVariable&gt;&#xD;
      &lt;isArray&gt;&lt;/isArray&gt;&#xD;
      &lt;isList&gt;false&lt;/isList&gt;&#xD;
    &lt;/parameter&gt;&#xD;
  &lt;/inputParameters&gt;&#xD;
  &lt;outputParameters&gt;&#xD;
    &lt;parameter&gt;&#xD;
      &lt;name&gt;documentId&lt;/name&gt;&#xD;
      &lt;type&gt;ECMID&lt;/type&gt;&#xD;
      &lt;description&gt;Document ID&lt;/description&gt;&#xD;
      &lt;defaultValue&gt;&lt;/defaultValue&gt;&#xD;
      &lt;argumentVariable&gt;tw.local.results&lt;/argumentVariable&gt;&#xD;
      &lt;isArray&gt;&lt;/isArray&gt;&#xD;
      &lt;isList&gt;false&lt;/isList&gt;&#xD;
    &lt;/parameter&gt;&#xD;
  &lt;/outputParameters&gt;&#xD;
  &lt;matchAllSearchCriteria&gt;true&lt;/matchAllSearchCriteria&gt;&#xD;
  &lt;searchParameters /&gt;&#xD;
  &lt;selectParameters /&gt;&#xD;
  &lt;orderOverride&gt;false&lt;/orderOverride&gt;&#xD;
  &lt;orderOverrideValue&gt;&lt;/orderOverrideValue&gt;&#xD;
  &lt;operationType&gt;DOC_OP_UPDATE_DOCUMENT_PROPERTIES&lt;/operationType&gt;&#xD;
  &lt;server&gt;useMappingServer&lt;/server&gt;&#xD;
  &lt;objectTypeSelection&gt;DOCUMENT&lt;/objectTypeSelection&gt;&#xD;
  &lt;useMappedVariable&gt;false&lt;/useMappedVariable&gt;&#xD;
  &lt;faultParameterId&gt;2055.08c272a5-7f05-4e9b-91b9-f5b35715a0db&lt;/faultParameterId&gt;&#xD;
&lt;/config&gt;</definition>
                <guid>1aeba4cf-447f-4d33-9b1d-a63d861612cd</guid>
                <versionId>99a32ece-3866-4b18-8072-baec047f23f1</versionId>
            </TWComponent>
        </item>
        <item>
            <lastModified isNull="true" />
            <lastModifiedBy isNull="true" />
            <processItemId>2025.cf6a7f51-2e42-4d37-aaac-9f9387436f9c</processItemId>
            <processId>1.13fc8f87-1db1-4da4-9cbc-5103c7567649</processId>
            <name>End</name>
            <tWComponentName>ExitPoint</tWComponentName>
            <tWComponentId>3008.e7a499a2-6a24-45da-85dc-1412d02d59a7</tWComponentId>
            <isLogEnabled>false</isLogEnabled>
            <isTraceEnabled>false</isTraceEnabled>
            <traceCategory isNull="true" />
            <traceLevel isNull="true" />
            <traceMessage isNull="true" />
            <traceSymbolTable isNull="true" />
            <isExecutionContextTraced>false</isExecutionContextTraced>
            <saveExecutionContext>true</saveExecutionContext>
            <documentation isNull="true" />
            <isErrorHandlerEnabled>false</isErrorHandlerEnabled>
            <errorHandlerItemId isNull="true" />
            <guid>guid:fad3c4533ce9b8c5:7723a405:15a02c0a1a4:-7b58</guid>
            <versionId>7e723037-4b89-4e1f-a67a-69c70811ca33</versionId>
            <externalServiceRef isNull="true" />
            <externalServiceOp isNull="true" />
            <nodeColor isNull="true" />
            <layoutData x="524" y="99">
                <errorLink>
                    <controlPoints />
                    <showEndState>false</showEndState>
                    <showName>false</showName>
                </errorLink>
            </layoutData>
            <TWComponent>
                <lastModified isNull="true" />
                <lastModifiedBy isNull="true" />
                <exitPointId>3008.e7a499a2-6a24-45da-85dc-1412d02d59a7</exitPointId>
                <haltProcess>false</haltProcess>
                <guid>1f9b530b-a86e-4d9d-b773-ad62d8238194</guid>
                <versionId>6d89006f-9095-4590-a27a-59e054bafbfd</versionId>
            </TWComponent>
        </item>
        <item>
            <lastModified isNull="true" />
            <lastModifiedBy isNull="true" />
            <processItemId>2025.6780a053-b7b0-4b7e-99d8-823e52e6f431</processItemId>
            <processId>1.13fc8f87-1db1-4da4-9cbc-5103c7567649</processId>
            <name>Is Reference</name>
            <tWComponentName>Switch</tWComponentName>
            <tWComponentId>3013.45517d25-6be2-4311-9161-aa2d80f46431</tWComponentId>
            <isLogEnabled>false</isLogEnabled>
            <isTraceEnabled>false</isTraceEnabled>
            <traceCategory isNull="true" />
            <traceLevel isNull="true" />
            <traceMessage isNull="true" />
            <traceSymbolTable isNull="true" />
            <isExecutionContextTraced>false</isExecutionContextTraced>
            <saveExecutionContext>false</saveExecutionContext>
            <documentation isNull="true" />
            <isErrorHandlerEnabled>false</isErrorHandlerEnabled>
            <errorHandlerItemId isNull="true" />
            <guid>guid:cb370e046b1bedfa:-be6538b:15a02d13d9e:-7ffc</guid>
            <versionId>841c2a43-a2f0-4cdf-a249-03ae2813e687</versionId>
            <externalServiceRef isNull="true" />
            <externalServiceOp isNull="true" />
            <nodeColor isNull="true" />
            <layoutData x="352" y="98">
                <errorLink>
                    <controlPoints />
                    <showEndState>false</showEndState>
                    <showName>false</showName>
                </errorLink>
            </layoutData>
            <TWComponent>
                <lastModified isNull="true" />
                <lastModifiedBy isNull="true" />
                <switchId>3013.45517d25-6be2-4311-9161-aa2d80f46431</switchId>
                <guid>f248498a-57af-4cdf-a949-2715d260f55a</guid>
                <versionId>9debf8f0-e98a-4c0d-8a90-b04b494b25ea</versionId>
                <SwitchCondition>
                    <lastModified isNull="true" />
                    <lastModifiedBy isNull="true" />
                    <switchConditionId>3014.3d661fab-f987-4b61-a0a3-fb2e90ecb8d7</switchConditionId>
                    <switchId>3013.45517d25-6be2-4311-9161-aa2d80f46431</switchId>
                    <seq>1</seq>
                    <endStateId>guid:cb370e046b1bedfa:-be6538b:15a02d13d9e:-7ffa</endStateId>
                    <condition>tw.local.data.referenceName
!=
null
</condition>
                    <guid>745f2c6b-2c96-418b-9de6-fba180cdc831</guid>
                    <versionId>794cf56a-0bc9-46ee-8c1c-a64c6d27778d</versionId>
                </SwitchCondition>
            </TWComponent>
        </item>
        <item>
            <lastModified isNull="true" />
            <lastModifiedBy isNull="true" />
            <processItemId>2025.2de708f8-4a70-427f-b1f0-0277afb9a9d9</processItemId>
            <processId>1.13fc8f87-1db1-4da4-9cbc-5103c7567649</processId>
            <name>Rename Reference</name>
            <tWComponentName>ECMConnector</tWComponentName>
            <tWComponentId>3030.8c346867-1dcb-4a8e-9dbf-b14f29d325e5</tWComponentId>
            <isLogEnabled>false</isLogEnabled>
            <isTraceEnabled>false</isTraceEnabled>
            <traceCategory isNull="true" />
            <traceLevel isNull="true" />
            <traceMessage isNull="true" />
            <traceSymbolTable isNull="true" />
            <isExecutionContextTraced>false</isExecutionContextTraced>
            <saveExecutionContext>false</saveExecutionContext>
            <documentation isNull="true" />
            <isErrorHandlerEnabled>false</isErrorHandlerEnabled>
            <errorHandlerItemId isNull="true" />
            <guid>a4dc9705-a5c4-4d84-80fd-b6540bb2cddf</guid>
            <versionId>b13a5944-42fa-4a64-b9dc-9be511e2257e</versionId>
            <externalServiceRef isNull="true" />
            <externalServiceOp isNull="true" />
            <nodeColor isNull="true" />
            <layoutData x="343" y="216">
                <errorLink>
                    <controlPoints />
                    <showEndState>false</showEndState>
                    <showName>false</showName>
                </errorLink>
            </layoutData>
            <TWComponent>
                <lastModified isNull="true" />
                <lastModifiedBy isNull="true" />
                <ecmConnectorId>3030.8c346867-1dcb-4a8e-9dbf-b14f29d325e5</ecmConnectorId>
                <definition>&lt;config type="com.lombardisoftware.client.persistence.ECMConnectorConfiguration"&gt;&#xD;
  &lt;inputParameters&gt;&#xD;
    &lt;parameter&gt;&#xD;
      &lt;name&gt;parentFolderId&lt;/name&gt;&#xD;
      &lt;type&gt;ECMID&lt;/type&gt;&#xD;
      &lt;description&gt;Parent folder ID&lt;/description&gt;&#xD;
      &lt;defaultValue&gt;&lt;/defaultValue&gt;&#xD;
      &lt;argumentVariable&gt;tw.local.data.parentFolderId&lt;/argumentVariable&gt;&#xD;
      &lt;isArray&gt;&lt;/isArray&gt;&#xD;
      &lt;isList&gt;false&lt;/isList&gt;&#xD;
    &lt;/parameter&gt;&#xD;
    &lt;parameter&gt;&#xD;
      &lt;name&gt;documentId&lt;/name&gt;&#xD;
      &lt;type&gt;ECMID&lt;/type&gt;&#xD;
      &lt;description&gt;Document ID&lt;/description&gt;&#xD;
      &lt;defaultValue&gt;&lt;/defaultValue&gt;&#xD;
      &lt;argumentVariable&gt;tw.local.data.id&lt;/argumentVariable&gt;&#xD;
      &lt;isArray&gt;&lt;/isArray&gt;&#xD;
      &lt;isList&gt;false&lt;/isList&gt;&#xD;
    &lt;/parameter&gt;&#xD;
    &lt;parameter&gt;&#xD;
      &lt;name&gt;documentServerName&lt;/name&gt;&#xD;
      &lt;type&gt;String&lt;/type&gt;&#xD;
      &lt;description&gt;Document server name&lt;/description&gt;&#xD;
      &lt;defaultValue&gt;&lt;/defaultValue&gt;&#xD;
      &lt;argumentVariable&gt;tw.local.data.serverName&lt;/argumentVariable&gt;&#xD;
      &lt;isArray&gt;&lt;/isArray&gt;&#xD;
      &lt;isList&gt;false&lt;/isList&gt;&#xD;
    &lt;/parameter&gt;&#xD;
    &lt;parameter&gt;&#xD;
      &lt;name&gt;referenceName&lt;/name&gt;&#xD;
      &lt;type&gt;String&lt;/type&gt;&#xD;
      &lt;description&gt;Reference name&lt;/description&gt;&#xD;
      &lt;defaultValue&gt;&lt;/defaultValue&gt;&#xD;
      &lt;argumentVariable&gt;tw.local.data.referenceName&lt;/argumentVariable&gt;&#xD;
      &lt;isArray&gt;&lt;/isArray&gt;&#xD;
      &lt;isList&gt;false&lt;/isList&gt;&#xD;
    &lt;/parameter&gt;&#xD;
    &lt;parameter&gt;&#xD;
      &lt;name&gt;serverName&lt;/name&gt;&#xD;
      &lt;type&gt;String&lt;/type&gt;&#xD;
      &lt;description&gt;Server name&lt;/description&gt;&#xD;
      &lt;defaultValue&gt;&lt;/defaultValue&gt;&#xD;
      &lt;argumentVariable&gt;tw.local.data.parentFolderServer&lt;/argumentVariable&gt;&#xD;
      &lt;isArray&gt;&lt;/isArray&gt;&#xD;
      &lt;isList&gt;false&lt;/isList&gt;&#xD;
    &lt;/parameter&gt;&#xD;
  &lt;/inputParameters&gt;&#xD;
  &lt;outputParameters /&gt;&#xD;
  &lt;matchAllSearchCriteria&gt;true&lt;/matchAllSearchCriteria&gt;&#xD;
  &lt;orderOverride&gt;false&lt;/orderOverride&gt;&#xD;
  &lt;orderOverrideValue&gt;&lt;/orderOverrideValue&gt;&#xD;
  &lt;operationType&gt;DOC_OP_RENAME_REFERENCE&lt;/operationType&gt;&#xD;
  &lt;server&gt;useMappingServer&lt;/server&gt;&#xD;
  &lt;objectTypeSelection&gt;DOCUMENT&lt;/objectTypeSelection&gt;&#xD;
  &lt;useMappedVariable&gt;false&lt;/useMappedVariable&gt;&#xD;
  &lt;faultParameterId&gt;2055.72870526-1b55-4c72-b31f-06b2a341b9ce&lt;/faultParameterId&gt;&#xD;
&lt;/config&gt;</definition>
                <guid>5de3357a-6dbf-425c-9e14-9992c458d043</guid>
                <versionId>0b4286c1-1596-4c5d-9af4-ec68c662dd1f</versionId>
            </TWComponent>
        </item>
        <startingProcessItemId>2025.0addef24-2c83-43ce-8572-b2f97371ecf3</startingProcessItemId>
        <errorHandlerItemId isNull="true" />
        <layoutData noConversion="true">
            <errorLink>
                <controlPoints />
                <showEndState>false</showEndState>
                <showName>false</showName>
            </errorLink>
        </layoutData>
        <startPoint>
            <layoutData x="20" y="101">
                <errorLink>
                    <controlPoints />
                    <showEndState>false</showEndState>
                    <showName>false</showName>
                </errorLink>
            </layoutData>
        </startPoint>
        <startLink>
            <fromPort locationId="rightCenter" portType="1" />
            <toPort locationId="leftCenter" portType="2" />
            <layoutData>
                <controlPoints />
                <showEndState>false</showEndState>
                <showName>false</showName>
            </layoutData>
        </startLink>
        <link name="End">
            <lastModified isNull="true" />
            <lastModifiedBy isNull="true" />
            <processLinkId>2027.60361b5f-bc7d-4cbb-8c06-00648073e70b</processLinkId>
            <processId>1.13fc8f87-1db1-4da4-9cbc-5103c7567649</processId>
            <description isNull="true" />
            <fromProcessItemId>2025.6780a053-b7b0-4b7e-99d8-823e52e6f431</fromProcessItemId>
            <endStateId>DEFAULT</endStateId>
            <toProcessItemId>2025.cf6a7f51-2e42-4d37-aaac-9f9387436f9c</toProcessItemId>
            <guid>300f8c04-cc3c-4faa-9c77-01bea177f31b</guid>
            <versionId>3533c0ed-dfab-41af-bce4-3758ea1c6074</versionId>
            <layoutData>
                <controlPoints />
                <showEndState>false</showEndState>
                <showName>true</showName>
            </layoutData>
            <fromItemPort locationId="rightCenter" portType="1" />
            <toItemPort locationId="leftCenter" portType="2" />
            <fromProcessItemId>2025.6780a053-b7b0-4b7e-99d8-823e52e6f431</fromProcessItemId>
            <toProcessItemId>2025.cf6a7f51-2e42-4d37-aaac-9f9387436f9c</toProcessItemId>
        </link>
        <link name="Untitled">
            <lastModified isNull="true" />
            <lastModifiedBy isNull="true" />
            <processLinkId>2027.72303e50-646e-472b-8282-ce252a515001</processLinkId>
            <processId>1.13fc8f87-1db1-4da4-9cbc-5103c7567649</processId>
            <description isNull="true" />
            <fromProcessItemId>2025.0addef24-2c83-43ce-8572-b2f97371ecf3</fromProcessItemId>
            <endStateId>Out</endStateId>
            <toProcessItemId>2025.6780a053-b7b0-4b7e-99d8-823e52e6f431</toProcessItemId>
            <guid>5ed2d85c-ee85-470c-bbb5-767f1c651ec5</guid>
            <versionId>c0ea465c-c6dd-4a26-a8fb-07f5df2ba0a0</versionId>
            <layoutData>
                <controlPoints />
                <showEndState>false</showEndState>
                <showName>false</showName>
            </layoutData>
            <fromItemPort locationId="rightCenter" portType="1" />
            <toItemPort locationId="leftCenter" portType="2" />
            <fromProcessItemId>2025.0addef24-2c83-43ce-8572-b2f97371ecf3</fromProcessItemId>
            <toProcessItemId>2025.6780a053-b7b0-4b7e-99d8-823e52e6f431</toProcessItemId>
        </link>
        <link name="Untitled">
            <lastModified isNull="true" />
            <lastModifiedBy isNull="true" />
            <processLinkId>2027.f2fe40ce-e0b6-45c6-a18c-8deef55d2037</processLinkId>
            <processId>1.13fc8f87-1db1-4da4-9cbc-5103c7567649</processId>
            <description isNull="true" />
            <fromProcessItemId>2025.2de708f8-4a70-427f-b1f0-0277afb9a9d9</fromProcessItemId>
            <endStateId>Out</endStateId>
            <toProcessItemId>2025.cf6a7f51-2e42-4d37-aaac-9f9387436f9c</toProcessItemId>
            <guid>5141f7ab-a3de-4539-9bf9-94ee44396cd1</guid>
            <versionId>c480fe6c-26b3-4185-a6b1-1421d809b007</versionId>
            <layoutData>
                <controlPoints />
                <showEndState>false</showEndState>
                <showName>false</showName>
            </layoutData>
            <fromItemPort locationId="rightCenter" portType="1" />
            <toItemPort locationId="bottomCenter" portType="2" />
            <fromProcessItemId>2025.2de708f8-4a70-427f-b1f0-0277afb9a9d9</fromProcessItemId>
            <toProcessItemId>2025.cf6a7f51-2e42-4d37-aaac-9f9387436f9c</toProcessItemId>
        </link>
        <link name="Rename Reference">
            <lastModified isNull="true" />
            <lastModifiedBy isNull="true" />
            <processLinkId>2027.375cd787-03b2-4d69-a1c7-0df1b52bf12a</processLinkId>
            <processId>1.13fc8f87-1db1-4da4-9cbc-5103c7567649</processId>
            <description isNull="true" />
            <fromProcessItemId>2025.6780a053-b7b0-4b7e-99d8-823e52e6f431</fromProcessItemId>
            <endStateId>guid:cb370e046b1bedfa:-be6538b:15a02d13d9e:-7ffa</endStateId>
            <toProcessItemId>2025.2de708f8-4a70-427f-b1f0-0277afb9a9d9</toProcessItemId>
            <guid>178c7fce-7018-477b-a6ea-efea70f7f1a6</guid>
            <versionId>ca09bb39-8073-4411-b0a7-20189d0b32cc</versionId>
            <layoutData>
                <controlPoints />
                <showEndState>false</showEndState>
                <showName>false</showName>
            </layoutData>
            <fromItemPort locationId="bottomCenter" portType="1" />
            <toItemPort locationId="topCenter" portType="2" />
            <fromProcessItemId>2025.6780a053-b7b0-4b7e-99d8-823e52e6f431</fromProcessItemId>
            <toProcessItemId>2025.2de708f8-4a70-427f-b1f0-0277afb9a9d9</toProcessItemId>
        </link>
    </process>
</teamworks>

