<?xml version="1.0" encoding="UTF-8"?>
<teamworks>
    <process id="1.146d00b1-35eb-4fb2-9c82-b73b730fc15e" name="Add External ECM Reference Service">
        <lastModified>1485783608522</lastModified>
        <lastModifiedBy>celladmin</lastModifiedBy>
        <processId>1.146d00b1-35eb-4fb2-9c82-b73b730fc15e</processId>
        <image isNull="true" />
        <tabGroup isNull="true" />
        <startingProcessItemId>2025.6e9e6dca-7b8e-4ffb-be9f-822c1516d98e</startingProcessItemId>
        <isRootProcess>false</isRootProcess>
        <processType>2</processType>
        <isErrorHandlerEnabled>false</isErrorHandlerEnabled>
        <errorHandlerItemId isNull="true" />
        <isLoggingVariables>false</isLoggingVariables>
        <isTransactional>false</isTransactional>
        <processTimingLevel isNull="true" />
        <participantRef isNull="true" />
        <exposedType isNull="true" />
        <isTrackingEnabled>true</isTrackingEnabled>
        <xmlData isNull="true" />
        <cachingType>false</cachingType>
        <itemLabel isNull="true" />
        <cacheLength>43200</cacheLength>
        <mobileReady>false</mobileReady>
        <sboSyncEnabled>false</sboSyncEnabled>
        <externalId isNull="true" />
        <isSecured>false</isSecured>
        <isAjaxExposed>false</isAjaxExposed>
        <description isNull="true" />
        <guid>3079598a-b401-4e3d-96fb-891e42823de6</guid>
        <versionId>e4c06f56-5e2d-40e3-86bc-d226d216de0f</versionId>
        <dependencySummary isNull="true" />
        <jsonData isNull="true" />
        <field1 isNull="true" />
        <field2 isNull="true" />
        <field3>0</field3>
        <field4 isNull="true" />
        <field5>false</field5>
        <clobField1 isNull="true" />
        <blobField1 isNull="true" />
        <processParameter name="ECMError">
            <lastModified isNull="true" />
            <lastModifiedBy isNull="true" />
            <processParameterId>2055.4516b1bf-b386-4ec7-b449-26ba2204e85a</processParameterId>
            <processId>1.146d00b1-35eb-4fb2-9c82-b73b730fc15e</processId>
            <parameterType>3</parameterType>
            <isArrayOf>false</isArrayOf>
            <classId>/12.bfb48b9b-8247-49fb-8f78-82b738b817a6</classId>
            <seq>2</seq>
            <hasDefault>false</hasDefault>
            <defaultValue>ECMError</defaultValue>
            <isLocked>false</isLocked>
            <description isNull="true" />
            <guid>e97aac4a-b3eb-4436-98d9-9d471bbb520f</guid>
            <versionId>84858409-b2ab-409a-93de-af2f72ab7f39</versionId>
        </processParameter>
        <processParameter name="data">
            <lastModified isNull="true" />
            <lastModifiedBy isNull="true" />
            <processParameterId>2055.4e00d603-1b20-48b8-bfd1-47104e7a9ea4</processParameterId>
            <processId>1.146d00b1-35eb-4fb2-9c82-b73b730fc15e</processId>
            <parameterType>1</parameterType>
            <isArrayOf>false</isArrayOf>
            <classId>/12.21886de4-6ddc-4169-b0a9-4b86310e1b84</classId>
            <seq>9</seq>
            <hasDefault>false</hasDefault>
            <defaultValue isNull="true" />
            <isLocked>false</isLocked>
            <description isNull="true" />
            <guid>6c2fc189-a0e7-422e-bc30-174ff7e80070</guid>
            <versionId>c2cdcdb3-fbf8-4845-8091-04eac03cc5a8</versionId>
        </processParameter>
        <item>
            <lastModified isNull="true" />
            <lastModifiedBy isNull="true" />
            <processItemId>2025.90118c44-1e01-457c-ba9e-f81cc99095f0</processItemId>
            <processId>1.146d00b1-35eb-4fb2-9c82-b73b730fc15e</processId>
            <name>Add External Folder Link</name>
            <tWComponentName>ECMConnector</tWComponentName>
            <tWComponentId>3030.2b517d75-37ce-45ea-a09d-9df122d3ec22</tWComponentId>
            <isLogEnabled>false</isLogEnabled>
            <isTraceEnabled>false</isTraceEnabled>
            <traceCategory isNull="true" />
            <traceLevel isNull="true" />
            <traceMessage isNull="true" />
            <traceSymbolTable isNull="true" />
            <isExecutionContextTraced>false</isExecutionContextTraced>
            <saveExecutionContext>false</saveExecutionContext>
            <documentation isNull="true" />
            <isErrorHandlerEnabled>false</isErrorHandlerEnabled>
            <errorHandlerItemId isNull="true" />
            <guid>guid:9789bfed2830b399:3c873a25:159ee2ff4c5:-7bd7</guid>
            <versionId>014fba0e-b0b1-4cf7-b31c-83c555f764b4</versionId>
            <externalServiceRef isNull="true" />
            <externalServiceOp isNull="true" />
            <nodeColor isNull="true" />
            <layoutData x="461" y="169">
                <errorLink>
                    <controlPoints />
                    <showEndState>false</showEndState>
                    <showName>false</showName>
                </errorLink>
            </layoutData>
            <TWComponent>
                <lastModified isNull="true" />
                <lastModifiedBy isNull="true" />
                <ecmConnectorId>3030.2b517d75-37ce-45ea-a09d-9df122d3ec22</ecmConnectorId>
                <definition>&lt;config type="com.lombardisoftware.client.persistence.ECMConnectorConfiguration"&gt;&#xD;
  &lt;inputParameters&gt;&#xD;
    &lt;parameter&gt;&#xD;
      &lt;name&gt;parentFolderId&lt;/name&gt;&#xD;
      &lt;type&gt;ECMID&lt;/type&gt;&#xD;
      &lt;description&gt;Parent folder ID&lt;/description&gt;&#xD;
      &lt;defaultValue&gt;&lt;/defaultValue&gt;&#xD;
      &lt;argumentVariable&gt;tw.local.data.parentFolderId&lt;/argumentVariable&gt;&#xD;
      &lt;isArray&gt;&lt;/isArray&gt;&#xD;
      &lt;isList&gt;false&lt;/isList&gt;&#xD;
    &lt;/parameter&gt;&#xD;
    &lt;parameter&gt;&#xD;
      &lt;name&gt;folderId&lt;/name&gt;&#xD;
      &lt;type&gt;ECMID&lt;/type&gt;&#xD;
      &lt;description&gt;Folder ID&lt;/description&gt;&#xD;
      &lt;defaultValue&gt;&lt;/defaultValue&gt;&#xD;
      &lt;argumentVariable&gt;tw.local.data.objectId&lt;/argumentVariable&gt;&#xD;
      &lt;isArray&gt;&lt;/isArray&gt;&#xD;
      &lt;isList&gt;false&lt;/isList&gt;&#xD;
    &lt;/parameter&gt;&#xD;
    &lt;parameter&gt;&#xD;
      &lt;name&gt;folderServerName&lt;/name&gt;&#xD;
      &lt;type&gt;String&lt;/type&gt;&#xD;
      &lt;description&gt;Folder server name&lt;/description&gt;&#xD;
      &lt;defaultValue&gt;&lt;/defaultValue&gt;&#xD;
      &lt;argumentVariable&gt;tw.local.data.referenceServerName&lt;/argumentVariable&gt;&#xD;
      &lt;isArray&gt;&lt;/isArray&gt;&#xD;
      &lt;isList&gt;false&lt;/isList&gt;&#xD;
    &lt;/parameter&gt;&#xD;
    &lt;parameter&gt;&#xD;
      &lt;name&gt;referenceName&lt;/name&gt;&#xD;
      &lt;type&gt;String&lt;/type&gt;&#xD;
      &lt;description&gt;Reference name&lt;/description&gt;&#xD;
      &lt;defaultValue&gt;&lt;/defaultValue&gt;&#xD;
      &lt;argumentVariable&gt;tw.local.data.referenceName&lt;/argumentVariable&gt;&#xD;
      &lt;isArray&gt;&lt;/isArray&gt;&#xD;
      &lt;isList&gt;false&lt;/isList&gt;&#xD;
    &lt;/parameter&gt;&#xD;
    &lt;parameter&gt;&#xD;
      &lt;name&gt;serverName&lt;/name&gt;&#xD;
      &lt;type&gt;String&lt;/type&gt;&#xD;
      &lt;description&gt;Server name&lt;/description&gt;&#xD;
      &lt;defaultValue&gt;&lt;/defaultValue&gt;&#xD;
      &lt;argumentVariable&gt;tw.local.data.serverName&lt;/argumentVariable&gt;&#xD;
      &lt;isArray&gt;&lt;/isArray&gt;&#xD;
      &lt;isList&gt;false&lt;/isList&gt;&#xD;
    &lt;/parameter&gt;&#xD;
  &lt;/inputParameters&gt;&#xD;
  &lt;outputParameters /&gt;&#xD;
  &lt;matchAllSearchCriteria&gt;true&lt;/matchAllSearchCriteria&gt;&#xD;
  &lt;searchParameters /&gt;&#xD;
  &lt;selectParameters /&gt;&#xD;
  &lt;orderOverride&gt;false&lt;/orderOverride&gt;&#xD;
  &lt;orderOverrideValue&gt;&lt;/orderOverrideValue&gt;&#xD;
  &lt;operationType&gt;FOLDER_OP_ADD_FOLDER_TO_FOLDER&lt;/operationType&gt;&#xD;
  &lt;server&gt;useMappingServer&lt;/server&gt;&#xD;
  &lt;objectTypeSelection&gt;DOCUMENT&lt;/objectTypeSelection&gt;&#xD;
  &lt;useMappedVariable&gt;false&lt;/useMappedVariable&gt;&#xD;
  &lt;faultParameterId&gt;2055.121b9bd2-c6da-4e0c-9545-470009aa64b4&lt;/faultParameterId&gt;&#xD;
&lt;/config&gt;</definition>
                <guid>98df91a1-71d4-40aa-85b9-d15943729e97</guid>
                <versionId>cced6f96-da41-4b03-8807-05277dd60537</versionId>
            </TWComponent>
        </item>
        <item>
            <lastModified isNull="true" />
            <lastModifiedBy isNull="true" />
            <processItemId>2025.3be6b6a1-e09f-4d9e-9ef8-d8671d6c2f63</processItemId>
            <processId>1.146d00b1-35eb-4fb2-9c82-b73b730fc15e</processId>
            <name>Add External Document Link</name>
            <tWComponentName>ECMConnector</tWComponentName>
            <tWComponentId>3030.e9452cf7-4333-480f-9baf-cc7b0a410735</tWComponentId>
            <isLogEnabled>false</isLogEnabled>
            <isTraceEnabled>false</isTraceEnabled>
            <traceCategory isNull="true" />
            <traceLevel isNull="true" />
            <traceMessage isNull="true" />
            <traceSymbolTable isNull="true" />
            <isExecutionContextTraced>false</isExecutionContextTraced>
            <saveExecutionContext>false</saveExecutionContext>
            <documentation isNull="true" />
            <isErrorHandlerEnabled>false</isErrorHandlerEnabled>
            <errorHandlerItemId isNull="true" />
            <guid>guid:9789bfed2830b399:3c873a25:159ee2ff4c5:-7bd8</guid>
            <versionId>19d30012-4f02-4c9d-a0bb-1a39f9a778a9</versionId>
            <externalServiceRef isNull="true" />
            <externalServiceOp isNull="true" />
            <nodeColor isNull="true" />
            <layoutData x="461" y="19">
                <errorLink>
                    <controlPoints />
                    <showEndState>false</showEndState>
                    <showName>false</showName>
                </errorLink>
            </layoutData>
            <TWComponent>
                <lastModified isNull="true" />
                <lastModifiedBy isNull="true" />
                <ecmConnectorId>3030.e9452cf7-4333-480f-9baf-cc7b0a410735</ecmConnectorId>
                <definition>&lt;config type="com.lombardisoftware.client.persistence.ECMConnectorConfiguration"&gt;&#xD;
  &lt;inputParameters&gt;&#xD;
    &lt;parameter&gt;&#xD;
      &lt;name&gt;documentId&lt;/name&gt;&#xD;
      &lt;type&gt;ECMID&lt;/type&gt;&#xD;
      &lt;description&gt;Document ID&lt;/description&gt;&#xD;
      &lt;defaultValue&gt;&lt;/defaultValue&gt;&#xD;
      &lt;argumentVariable&gt;tw.local.data.objectId&lt;/argumentVariable&gt;&#xD;
      &lt;isArray&gt;&lt;/isArray&gt;&#xD;
      &lt;isList&gt;false&lt;/isList&gt;&#xD;
    &lt;/parameter&gt;&#xD;
    &lt;parameter&gt;&#xD;
      &lt;name&gt;parentFolderId&lt;/name&gt;&#xD;
      &lt;type&gt;ECMID&lt;/type&gt;&#xD;
      &lt;description&gt;Parent folder ID&lt;/description&gt;&#xD;
      &lt;defaultValue&gt;&lt;/defaultValue&gt;&#xD;
      &lt;argumentVariable&gt;tw.local.data.parentFolderId&lt;/argumentVariable&gt;&#xD;
      &lt;isArray&gt;&lt;/isArray&gt;&#xD;
      &lt;isList&gt;false&lt;/isList&gt;&#xD;
    &lt;/parameter&gt;&#xD;
    &lt;parameter&gt;&#xD;
      &lt;name&gt;documentServerName&lt;/name&gt;&#xD;
      &lt;type&gt;String&lt;/type&gt;&#xD;
      &lt;description&gt;Document server name&lt;/description&gt;&#xD;
      &lt;defaultValue&gt;&lt;/defaultValue&gt;&#xD;
      &lt;argumentVariable&gt;tw.local.data.referenceServerName&lt;/argumentVariable&gt;&#xD;
      &lt;isArray&gt;&lt;/isArray&gt;&#xD;
      &lt;isList&gt;false&lt;/isList&gt;&#xD;
    &lt;/parameter&gt;&#xD;
    &lt;parameter&gt;&#xD;
      &lt;name&gt;referenceName&lt;/name&gt;&#xD;
      &lt;type&gt;String&lt;/type&gt;&#xD;
      &lt;description&gt;Reference name&lt;/description&gt;&#xD;
      &lt;defaultValue&gt;&lt;/defaultValue&gt;&#xD;
      &lt;argumentVariable&gt;tw.local.data.referenceName&lt;/argumentVariable&gt;&#xD;
      &lt;isArray&gt;&lt;/isArray&gt;&#xD;
      &lt;isList&gt;false&lt;/isList&gt;&#xD;
    &lt;/parameter&gt;&#xD;
    &lt;parameter&gt;&#xD;
      &lt;name&gt;serverName&lt;/name&gt;&#xD;
      &lt;type&gt;String&lt;/type&gt;&#xD;
      &lt;description&gt;Server name&lt;/description&gt;&#xD;
      &lt;defaultValue&gt;&lt;/defaultValue&gt;&#xD;
      &lt;argumentVariable&gt;tw.local.data.serverName&lt;/argumentVariable&gt;&#xD;
      &lt;isArray&gt;&lt;/isArray&gt;&#xD;
      &lt;isList&gt;false&lt;/isList&gt;&#xD;
    &lt;/parameter&gt;&#xD;
  &lt;/inputParameters&gt;&#xD;
  &lt;outputParameters /&gt;&#xD;
  &lt;matchAllSearchCriteria&gt;true&lt;/matchAllSearchCriteria&gt;&#xD;
  &lt;searchParameters /&gt;&#xD;
  &lt;selectParameters /&gt;&#xD;
  &lt;orderOverride&gt;false&lt;/orderOverride&gt;&#xD;
  &lt;orderOverrideValue&gt;&lt;/orderOverrideValue&gt;&#xD;
  &lt;operationType&gt;DOC_OP_ADD_DOCUMENT_TO_FOLDER&lt;/operationType&gt;&#xD;
  &lt;server&gt;useMappingServer&lt;/server&gt;&#xD;
  &lt;objectTypeSelection&gt;DOCUMENT&lt;/objectTypeSelection&gt;&#xD;
  &lt;useMappedVariable&gt;false&lt;/useMappedVariable&gt;&#xD;
  &lt;faultParameterId&gt;2055.7059e72a-ce45-49e2-b698-517cea114a9d&lt;/faultParameterId&gt;&#xD;
&lt;/config&gt;</definition>
                <guid>fb4649b7-3d6d-4bb3-82a8-b06f794b7884</guid>
                <versionId>04c0842f-1f63-42d1-b61a-9e8e998887d0</versionId>
            </TWComponent>
        </item>
        <item>
            <lastModified isNull="true" />
            <lastModifiedBy isNull="true" />
            <processItemId>2025.6e9e6dca-7b8e-4ffb-be9f-822c1516d98e</processItemId>
            <processId>1.146d00b1-35eb-4fb2-9c82-b73b730fc15e</processId>
            <name>Link Type</name>
            <tWComponentName>Switch</tWComponentName>
            <tWComponentId>3013.176d6b7b-d4fe-41b4-b547-a3cc2ee065db</tWComponentId>
            <isLogEnabled>false</isLogEnabled>
            <isTraceEnabled>false</isTraceEnabled>
            <traceCategory isNull="true" />
            <traceLevel isNull="true" />
            <traceMessage isNull="true" />
            <traceSymbolTable isNull="true" />
            <isExecutionContextTraced>false</isExecutionContextTraced>
            <saveExecutionContext>false</saveExecutionContext>
            <documentation isNull="true" />
            <isErrorHandlerEnabled>false</isErrorHandlerEnabled>
            <errorHandlerItemId isNull="true" />
            <guid>guid:9789bfed2830b399:3c873a25:159ee2ff4c5:-7bd9</guid>
            <versionId>346a6535-49eb-421d-ab8d-4f3e4cd9f659</versionId>
            <externalServiceRef isNull="true" />
            <externalServiceOp isNull="true" />
            <nodeColor isNull="true" />
            <layoutData x="220" y="97">
                <errorLink>
                    <controlPoints />
                    <showEndState>false</showEndState>
                    <showName>false</showName>
                </errorLink>
            </layoutData>
            <TWComponent>
                <lastModified isNull="true" />
                <lastModifiedBy isNull="true" />
                <switchId>3013.176d6b7b-d4fe-41b4-b547-a3cc2ee065db</switchId>
                <guid>93562d6a-050c-4516-9605-de4d11c17aa7</guid>
                <versionId>5e99ad50-67a5-4692-8b80-ec6dafb17cda</versionId>
                <SwitchCondition>
                    <lastModified isNull="true" />
                    <lastModifiedBy isNull="true" />
                    <switchConditionId>3014.a5e53079-382d-4bf6-ba0c-16424c6eb98d</switchConditionId>
                    <switchId>3013.176d6b7b-d4fe-41b4-b547-a3cc2ee065db</switchId>
                    <seq>1</seq>
                    <endStateId>guid:7b105e0a5336b626:1c60b597:14d9aee7994:-7fd5</endStateId>
                    <condition>tw.local.data.type
==
"DOCUMENT"
</condition>
                    <guid>92b234cc-cebf-4e8c-b465-971023aeddc5</guid>
                    <versionId>5e29ed9b-1533-4993-80de-e1dd94c53929</versionId>
                </SwitchCondition>
            </TWComponent>
        </item>
        <item>
            <lastModified isNull="true" />
            <lastModifiedBy isNull="true" />
            <processItemId>2025.1cd1219f-4011-46ff-ac57-9e0942944ec8</processItemId>
            <processId>1.146d00b1-35eb-4fb2-9c82-b73b730fc15e</processId>
            <name>End</name>
            <tWComponentName>ExitPoint</tWComponentName>
            <tWComponentId>3008.5901d0c2-c8ce-4989-8039-d23fc7abac1a</tWComponentId>
            <isLogEnabled>false</isLogEnabled>
            <isTraceEnabled>false</isTraceEnabled>
            <traceCategory isNull="true" />
            <traceLevel isNull="true" />
            <traceMessage isNull="true" />
            <traceSymbolTable isNull="true" />
            <isExecutionContextTraced>false</isExecutionContextTraced>
            <saveExecutionContext>true</saveExecutionContext>
            <documentation isNull="true" />
            <isErrorHandlerEnabled>false</isErrorHandlerEnabled>
            <errorHandlerItemId isNull="true" />
            <guid>guid:9789bfed2830b399:3c873a25:159ee2ff4c5:-7bd6</guid>
            <versionId>e87f4a5d-e7ec-48f4-8e1a-cf8187beaae2</versionId>
            <externalServiceRef isNull="true" />
            <externalServiceOp isNull="true" />
            <nodeColor isNull="true" />
            <layoutData x="700" y="100">
                <errorLink>
                    <controlPoints />
                    <showEndState>false</showEndState>
                    <showName>false</showName>
                </errorLink>
            </layoutData>
            <TWComponent>
                <lastModified isNull="true" />
                <lastModifiedBy isNull="true" />
                <exitPointId>3008.5901d0c2-c8ce-4989-8039-d23fc7abac1a</exitPointId>
                <haltProcess>false</haltProcess>
                <guid>41ce859a-0f9f-4ddb-8e11-da88f54d7e55</guid>
                <versionId>61808433-0cbd-4908-9c0a-da8455cbca1b</versionId>
            </TWComponent>
        </item>
        <startingProcessItemId>2025.6e9e6dca-7b8e-4ffb-be9f-822c1516d98e</startingProcessItemId>
        <errorHandlerItemId isNull="true" />
        <layoutData noConversion="true">
            <errorLink>
                <controlPoints />
                <showEndState>false</showEndState>
                <showName>false</showName>
            </errorLink>
        </layoutData>
        <startPoint>
            <layoutData x="20" y="100">
                <errorLink>
                    <controlPoints />
                    <showEndState>false</showEndState>
                    <showName>false</showName>
                </errorLink>
            </layoutData>
        </startPoint>
        <startLink>
            <fromPort locationId="rightCenter" portType="1" />
            <toPort locationId="leftCenter" portType="2" />
            <layoutData>
                <controlPoints />
                <showEndState>false</showEndState>
                <showName>false</showName>
            </layoutData>
        </startLink>
        <link name="Untitled">
            <lastModified isNull="true" />
            <lastModifiedBy isNull="true" />
            <processLinkId>2027.388d012b-6038-4563-adae-25463a3832cd</processLinkId>
            <processId>1.146d00b1-35eb-4fb2-9c82-b73b730fc15e</processId>
            <description isNull="true" />
            <fromProcessItemId>2025.6e9e6dca-7b8e-4ffb-be9f-822c1516d98e</fromProcessItemId>
            <endStateId>guid:7b105e0a5336b626:1c60b597:14d9aee7994:-7fd5</endStateId>
            <toProcessItemId>2025.3be6b6a1-e09f-4d9e-9ef8-d8671d6c2f63</toProcessItemId>
            <guid>33633790-5253-4f22-aa97-667e1b6ad850</guid>
            <versionId>13ca0501-7be6-4f81-a7ca-5cc8637d00a9</versionId>
            <layoutData>
                <controlPoints />
                <showEndState>false</showEndState>
                <showName>false</showName>
            </layoutData>
            <fromItemPort locationId="topCenter" portType="1" />
            <toItemPort locationId="leftCenter" portType="2" />
            <fromProcessItemId>2025.6e9e6dca-7b8e-4ffb-be9f-822c1516d98e</fromProcessItemId>
            <toProcessItemId>2025.3be6b6a1-e09f-4d9e-9ef8-d8671d6c2f63</toProcessItemId>
        </link>
        <link name="Untitled">
            <lastModified isNull="true" />
            <lastModifiedBy isNull="true" />
            <processLinkId>2027.0c3027fb-953f-4df3-8b93-6231d566e0ef</processLinkId>
            <processId>1.146d00b1-35eb-4fb2-9c82-b73b730fc15e</processId>
            <description isNull="true" />
            <fromProcessItemId>2025.90118c44-1e01-457c-ba9e-f81cc99095f0</fromProcessItemId>
            <endStateId>Out</endStateId>
            <toProcessItemId>2025.1cd1219f-4011-46ff-ac57-9e0942944ec8</toProcessItemId>
            <guid>5adb56ab-24ef-4e8a-a1d7-2910a56277d7</guid>
            <versionId>2a0bb4e9-f87b-452e-be80-a03307fcfd65</versionId>
            <layoutData>
                <controlPoints />
                <showEndState>false</showEndState>
                <showName>false</showName>
            </layoutData>
            <fromItemPort locationId="rightCenter" portType="1" />
            <toItemPort locationId="bottomCenter" portType="2" />
            <fromProcessItemId>2025.90118c44-1e01-457c-ba9e-f81cc99095f0</fromProcessItemId>
            <toProcessItemId>2025.1cd1219f-4011-46ff-ac57-9e0942944ec8</toProcessItemId>
        </link>
        <link name="Untitled">
            <lastModified isNull="true" />
            <lastModifiedBy isNull="true" />
            <processLinkId>2027.b8ba7778-bb1b-4646-9122-b26f204a8d6c</processLinkId>
            <processId>1.146d00b1-35eb-4fb2-9c82-b73b730fc15e</processId>
            <description isNull="true" />
            <fromProcessItemId>2025.3be6b6a1-e09f-4d9e-9ef8-d8671d6c2f63</fromProcessItemId>
            <endStateId>Out</endStateId>
            <toProcessItemId>2025.1cd1219f-4011-46ff-ac57-9e0942944ec8</toProcessItemId>
            <guid>195d6fe3-18e9-4138-af2b-737fc86e05d9</guid>
            <versionId>4b5cd6f8-0cf6-443e-bf0a-00a75dcab3d6</versionId>
            <layoutData>
                <controlPoints />
                <showEndState>false</showEndState>
                <showName>false</showName>
            </layoutData>
            <fromItemPort locationId="rightCenter" portType="1" />
            <toItemPort locationId="topCenter" portType="2" />
            <fromProcessItemId>2025.3be6b6a1-e09f-4d9e-9ef8-d8671d6c2f63</fromProcessItemId>
            <toProcessItemId>2025.1cd1219f-4011-46ff-ac57-9e0942944ec8</toProcessItemId>
        </link>
        <link name="Untitled">
            <lastModified isNull="true" />
            <lastModifiedBy isNull="true" />
            <processLinkId>2027.92d31cda-8b2c-4e98-8511-f4c3d01db9d3</processLinkId>
            <processId>1.146d00b1-35eb-4fb2-9c82-b73b730fc15e</processId>
            <description isNull="true" />
            <fromProcessItemId>2025.6e9e6dca-7b8e-4ffb-be9f-822c1516d98e</fromProcessItemId>
            <endStateId>DEFAULT</endStateId>
            <toProcessItemId>2025.90118c44-1e01-457c-ba9e-f81cc99095f0</toProcessItemId>
            <guid>3cb9df3c-5471-47e9-b341-425eb78d84f1</guid>
            <versionId>bb2598cf-4d09-481e-862f-8ccfdc35fcf6</versionId>
            <layoutData>
                <controlPoints />
                <showEndState>false</showEndState>
                <showName>false</showName>
            </layoutData>
            <fromItemPort locationId="bottomCenter" portType="1" />
            <toItemPort locationId="leftCenter" portType="2" />
            <fromProcessItemId>2025.6e9e6dca-7b8e-4ffb-be9f-822c1516d98e</fromProcessItemId>
            <toProcessItemId>2025.90118c44-1e01-457c-ba9e-f81cc99095f0</toProcessItemId>
        </link>
    </process>
</teamworks>

