<?xml version="1.0" encoding="UTF-8"?>
<teamworks>
    <process id="1.1f60baf5-c9af-4be7-a3e3-89c49265d9ad" name="Heritage ECM Get Type Definition Service">
        <lastModified>1413543221067</lastModified>
        <lastModifiedBy>tw_admin</lastModifiedBy>
        <processId>1.1f60baf5-c9af-4be7-a3e3-89c49265d9ad</processId>
        <image isNull="true" />
        <tabGroup isNull="true" />
        <startingProcessItemId>2025.c7688313-cd02-40ca-9033-3761f42857a5</startingProcessItemId>
        <isRootProcess>false</isRootProcess>
        <processType>2</processType>
        <isErrorHandlerEnabled>false</isErrorHandlerEnabled>
        <errorHandlerItemId isNull="true" />
        <isLoggingVariables>false</isLoggingVariables>
        <isTransactional>false</isTransactional>
        <processTimingLevel isNull="true" />
        <participantRef isNull="true" />
        <exposedType isNull="true" />
        <isTrackingEnabled>true</isTrackingEnabled>
        <xmlData isNull="true" />
        <cachingType>false</cachingType>
        <itemLabel isNull="true" />
        <cacheLength>43200</cacheLength>
        <mobileReady>false</mobileReady>
        <sboSyncEnabled>false</sboSyncEnabled>
        <externalId isNull="true" />
        <isSecured>false</isSecured>
        <isAjaxExposed>false</isAjaxExposed>
        <description isNull="true" />
        <guid>guid:d5b59e2cf13bea07:4e41f3cf:13530095222:-7fd6</guid>
        <versionId>e753e1d1-90ca-4dca-87a3-d34dd4d13ed3</versionId>
        <dependencySummary isNull="true" />
        <jsonData isNull="true" />
        <field1 isNull="true" />
        <field2 isNull="true" />
        <field3>0</field3>
        <field4 isNull="true" />
        <field5>false</field5>
        <clobField1 isNull="true" />
        <blobField1 isNull="true" />
        <processParameter name="objectTypeId">
            <lastModified isNull="true" />
            <lastModifiedBy isNull="true" />
            <processParameterId>2055.e9e440d3-4c1c-4f01-8667-4d4a23b6a746</processParameterId>
            <processId>1.1f60baf5-c9af-4be7-a3e3-89c49265d9ad</processId>
            <parameterType>1</parameterType>
            <isArrayOf>false</isArrayOf>
            <classId>/12.3212d5b3-f692-41b3-a893-343dc5c3df01</classId>
            <seq>1</seq>
            <hasDefault>true</hasDefault>
            <defaultValue>"cmis:document"</defaultValue>
            <isLocked>false</isLocked>
            <description isNull="true" />
            <guid>guid:d5b59e2cf13bea07:4e41f3cf:13530095222:-7fd2</guid>
            <versionId>97dc73b7-36ac-4b9b-b7e6-b48360802748</versionId>
        </processParameter>
        <processParameter name="serverName">
            <lastModified isNull="true" />
            <lastModifiedBy isNull="true" />
            <processParameterId>2055.b1a4e92f-d3d4-4bfe-ad81-1083fa51bb42</processParameterId>
            <processId>1.1f60baf5-c9af-4be7-a3e3-89c49265d9ad</processId>
            <parameterType>1</parameterType>
            <isArrayOf>false</isArrayOf>
            <classId>f1e96cc6-5fd9-4002-8b04-107d4ddae78a/12.db884a3c-c533-44b7-bb2d-47bec8ad4022</classId>
            <seq>2</seq>
            <hasDefault>false</hasDefault>
            <defaultValue isNull="true" />
            <isLocked>false</isLocked>
            <description isNull="true" />
            <guid>guid:d5b59e2cf13bea07:4e41f3cf:13530095222:-7fd1</guid>
            <versionId>b3fccf04-671c-4498-b39f-ca490d63ad09</versionId>
        </processParameter>
        <processParameter name="typeDefinition">
            <lastModified isNull="true" />
            <lastModifiedBy isNull="true" />
            <processParameterId>2055.98b7e33b-06c7-44de-9e59-097b5d65572a</processParameterId>
            <processId>1.1f60baf5-c9af-4be7-a3e3-89c49265d9ad</processId>
            <parameterType>2</parameterType>
            <isArrayOf>false</isArrayOf>
            <classId>/12.d090937d-b509-4407-829c-b74dfb856888</classId>
            <seq>3</seq>
            <hasDefault>false</hasDefault>
            <defaultValue isNull="true" />
            <isLocked>false</isLocked>
            <description isNull="true" />
            <guid>guid:d5b59e2cf13bea07:4e41f3cf:13530095222:-7fcf</guid>
            <versionId>b84a42e2-967d-44a9-a1e2-c44530928cab</versionId>
        </processParameter>
        <processParameter name="ECMError">
            <lastModified isNull="true" />
            <lastModifiedBy isNull="true" />
            <processParameterId>2055.5bdf02f6-1c33-406b-a8ed-368c1e85080d</processParameterId>
            <processId>1.1f60baf5-c9af-4be7-a3e3-89c49265d9ad</processId>
            <parameterType>3</parameterType>
            <isArrayOf>false</isArrayOf>
            <classId>/12.bfb48b9b-8247-49fb-8f78-82b738b817a6</classId>
            <seq>4</seq>
            <hasDefault>false</hasDefault>
            <defaultValue>ECMError</defaultValue>
            <isLocked>false</isLocked>
            <description isNull="true" />
            <guid>guid:d5b59e2cf13bea07:4e41f3cf:13530095222:-7fcb</guid>
            <versionId>81536989-6ae5-46d1-8707-b920db8b7551</versionId>
        </processParameter>
        <processParameter name="maxFileSizeUpload">
            <lastModified isNull="true" />
            <lastModifiedBy isNull="true" />
            <processParameterId>2055.8b82a39e-b54b-43c9-a810-c20285616bab</processParameterId>
            <processId>1.1f60baf5-c9af-4be7-a3e3-89c49265d9ad</processId>
            <parameterType>2</parameterType>
            <isArrayOf>false</isArrayOf>
            <classId>f1e96cc6-5fd9-4002-8b04-107d4ddae78a/12.db884a3c-c533-44b7-bb2d-47bec8ad4022</classId>
            <seq>5</seq>
            <hasDefault>false</hasDefault>
            <defaultValue isNull="true" />
            <isLocked>false</isLocked>
            <description isNull="true" />
            <guid>9c8a421a-9842-4ce1-8d90-62b58ec52b07</guid>
            <versionId>cf77e5d8-1a54-4386-b482-cc7d418aecd7</versionId>
        </processParameter>
        <item>
            <lastModified isNull="true" />
            <lastModifiedBy isNull="true" />
            <processItemId>2025.85bd6347-419f-443b-b1cf-4fc71b0b0bae</processItemId>
            <processId>1.1f60baf5-c9af-4be7-a3e3-89c49265d9ad</processId>
            <name>Get Max File Size Upload</name>
            <tWComponentName>Script</tWComponentName>
            <tWComponentId>3011.771eab36-a530-4905-adbc-40f825f5fc4a</tWComponentId>
            <isLogEnabled>false</isLogEnabled>
            <isTraceEnabled>false</isTraceEnabled>
            <traceCategory isNull="true" />
            <traceLevel isNull="true" />
            <traceMessage isNull="true" />
            <traceSymbolTable isNull="true" />
            <isExecutionContextTraced>false</isExecutionContextTraced>
            <saveExecutionContext>false</saveExecutionContext>
            <documentation isNull="true" />
            <isErrorHandlerEnabled>false</isErrorHandlerEnabled>
            <errorHandlerItemId isNull="true" />
            <guid>guid:5f31ee22a13d26f6:42978d2b:1471659ef2a:-7ffc</guid>
            <versionId>2805156d-32bc-45ff-b309-02b5ea9ab799</versionId>
            <externalServiceRef isNull="true" />
            <externalServiceOp isNull="true" />
            <nodeColor isNull="true" />
            <layoutData x="466" y="97">
                <errorLink>
                    <controlPoints />
                    <showEndState>false</showEndState>
                    <showName>false</showName>
                </errorLink>
            </layoutData>
            <TWComponent>
                <lastModified isNull="true" />
                <lastModifiedBy isNull="true" />
                <scriptId>3011.771eab36-a530-4905-adbc-40f825f5fc4a</scriptId>
                <scriptTypeId>2</scriptTypeId>
                <isActive>true</isActive>
                <script>tw.local.maxFileSizeUpload = Packages.com.lombardisoftware.portal.utils.AddDocumentUtils.getMaxFileSizeUpload().toString();</script>
                <isRule>false</isRule>
                <guid>aa355c14-a00a-4730-a3fd-58897c3698b8</guid>
                <versionId>4fc09729-2579-4208-92b3-3447157bb0cb</versionId>
            </TWComponent>
        </item>
        <item>
            <lastModified isNull="true" />
            <lastModifiedBy isNull="true" />
            <processItemId>2025.56fb5d30-bdab-4759-9889-7bdb78cc7971</processItemId>
            <processId>1.1f60baf5-c9af-4be7-a3e3-89c49265d9ad</processId>
            <name>End</name>
            <tWComponentName>ExitPoint</tWComponentName>
            <tWComponentId>3008.bdaade05-9a83-4dda-ad3d-d14e8a3833e5</tWComponentId>
            <isLogEnabled>false</isLogEnabled>
            <isTraceEnabled>false</isTraceEnabled>
            <traceCategory isNull="true" />
            <traceLevel isNull="true" />
            <traceMessage isNull="true" />
            <traceSymbolTable isNull="true" />
            <isExecutionContextTraced>false</isExecutionContextTraced>
            <saveExecutionContext>true</saveExecutionContext>
            <documentation isNull="true" />
            <isErrorHandlerEnabled>false</isErrorHandlerEnabled>
            <errorHandlerItemId isNull="true" />
            <guid>guid:d5b59e2cf13bea07:4e41f3cf:13530095222:-7fd4</guid>
            <versionId>2f0859d2-0377-44f1-a5e2-b64af4cf750b</versionId>
            <externalServiceRef isNull="true" />
            <externalServiceOp isNull="true" />
            <nodeColor isNull="true" />
            <layoutData x="700" y="112">
                <errorLink>
                    <controlPoints />
                    <showEndState>false</showEndState>
                    <showName>false</showName>
                </errorLink>
            </layoutData>
            <TWComponent>
                <lastModified isNull="true" />
                <lastModifiedBy isNull="true" />
                <exitPointId>3008.bdaade05-9a83-4dda-ad3d-d14e8a3833e5</exitPointId>
                <haltProcess>false</haltProcess>
                <guid>guid:d5b59e2cf13bea07:4e41f3cf:13530095222:-7fd3</guid>
                <versionId>d3e8f2c4-be5f-4efc-bf1c-d463a2a7f7d6</versionId>
            </TWComponent>
        </item>
        <item>
            <lastModified isNull="true" />
            <lastModifiedBy isNull="true" />
            <processItemId>2025.b73d014d-706d-45b3-bf78-a8f1747be8d3</processItemId>
            <processId>1.1f60baf5-c9af-4be7-a3e3-89c49265d9ad</processId>
            <name>Get type definition</name>
            <tWComponentName>ECMConnector</tWComponentName>
            <tWComponentId>3030.973186f0-9c1a-419b-8f1a-a8a97854a548</tWComponentId>
            <isLogEnabled>false</isLogEnabled>
            <isTraceEnabled>false</isTraceEnabled>
            <traceCategory isNull="true" />
            <traceLevel isNull="true" />
            <traceMessage isNull="true" />
            <traceSymbolTable isNull="true" />
            <isExecutionContextTraced>false</isExecutionContextTraced>
            <saveExecutionContext>false</saveExecutionContext>
            <documentation isNull="true" />
            <isErrorHandlerEnabled>false</isErrorHandlerEnabled>
            <errorHandlerItemId isNull="true" />
            <guid>cd77f569-daed-494f-97e1-186095a306f5</guid>
            <versionId>55836b66-6cfb-4306-95f6-a7feb4d14748</versionId>
            <externalServiceRef isNull="true" />
            <externalServiceOp isNull="true" />
            <nodeColor isNull="true" />
            <layoutData x="335" y="97">
                <errorLink>
                    <controlPoints />
                    <showEndState>false</showEndState>
                    <showName>false</showName>
                </errorLink>
            </layoutData>
            <TWComponent>
                <lastModified isNull="true" />
                <lastModifiedBy isNull="true" />
                <ecmConnectorId>3030.973186f0-9c1a-419b-8f1a-a8a97854a548</ecmConnectorId>
                <definition>&lt;config type="com.lombardisoftware.client.persistence.ECMConnectorConfiguration"&gt;&#xD;
  &lt;inputParameters&gt;&#xD;
    &lt;parameter&gt;&#xD;
      &lt;name&gt;objectTypeId&lt;/name&gt;&#xD;
      &lt;type&gt;ECMID&lt;/type&gt;&#xD;
      &lt;description&gt;Object type ID&lt;/description&gt;&#xD;
      &lt;defaultValue /&gt;&#xD;
      &lt;argumentVariable&gt;tw.local.objectTypeId&lt;/argumentVariable&gt;&#xD;
      &lt;isList&gt;false&lt;/isList&gt;&#xD;
    &lt;/parameter&gt;&#xD;
    &lt;parameter&gt;&#xD;
      &lt;name&gt;serverName&lt;/name&gt;&#xD;
      &lt;type&gt;String&lt;/type&gt;&#xD;
      &lt;description&gt;Server name&lt;/description&gt;&#xD;
      &lt;defaultValue /&gt;&#xD;
      &lt;argumentVariable&gt;tw.local.serverName&lt;/argumentVariable&gt;&#xD;
      &lt;isList&gt;false&lt;/isList&gt;&#xD;
    &lt;/parameter&gt;&#xD;
  &lt;/inputParameters&gt;&#xD;
  &lt;outputParameters&gt;&#xD;
    &lt;parameter&gt;&#xD;
      &lt;name&gt;typeDefinition&lt;/name&gt;&#xD;
      &lt;type&gt;ECMObjectTypeDefinition&lt;/type&gt;&#xD;
      &lt;description&gt;Type definition&lt;/description&gt;&#xD;
      &lt;defaultValue /&gt;&#xD;
      &lt;argumentVariable&gt;tw.local.typeDefinition&lt;/argumentVariable&gt;&#xD;
      &lt;isList&gt;false&lt;/isList&gt;&#xD;
    &lt;/parameter&gt;&#xD;
  &lt;/outputParameters&gt;&#xD;
  &lt;matchAllSearchCriteria&gt;true&lt;/matchAllSearchCriteria&gt;&#xD;
  &lt;orderOverride&gt;false&lt;/orderOverride&gt;&#xD;
  &lt;orderOverrideValue&gt;&lt;/orderOverrideValue&gt;&#xD;
  &lt;operationType&gt;SERVER_OP_GET_TYPE_DEFINITION&lt;/operationType&gt;&#xD;
  &lt;useMappedVariable&gt;false&lt;/useMappedVariable&gt;&#xD;
  &lt;faultParameterId&gt;2055.5bdf02f6-1c33-406b-a8ed-368c1e85080d&lt;/faultParameterId&gt;&#xD;
&lt;/config&gt;</definition>
                <guid>guid:d5b59e2cf13bea07:4e41f3cf:13530095222:-7fcc</guid>
                <versionId>6c3b2046-5fde-444a-aec9-7cf820496a8c</versionId>
            </TWComponent>
        </item>
        <item>
            <lastModified isNull="true" />
            <lastModifiedBy isNull="true" />
            <processItemId>2025.c7688313-cd02-40ca-9033-3761f42857a5</processItemId>
            <processId>1.1f60baf5-c9af-4be7-a3e3-89c49265d9ad</processId>
            <name>Deploy type definition if needed</name>
            <tWComponentName>Script</tWComponentName>
            <tWComponentId>3011.1eba684c-a2a7-4108-b82e-b234f78e3d47</tWComponentId>
            <isLogEnabled>false</isLogEnabled>
            <isTraceEnabled>false</isTraceEnabled>
            <traceCategory isNull="true" />
            <traceLevel isNull="true" />
            <traceMessage isNull="true" />
            <traceSymbolTable isNull="true" />
            <isExecutionContextTraced>false</isExecutionContextTraced>
            <saveExecutionContext>false</saveExecutionContext>
            <documentation isNull="true" />
            <isErrorHandlerEnabled>false</isErrorHandlerEnabled>
            <errorHandlerItemId isNull="true" />
            <guid>guid:acf29ccaae861560:d167b8d:144807fc6d0:-7ffe</guid>
            <versionId>cae95744-a15b-4669-b7e4-fe0a77b1543a</versionId>
            <externalServiceRef isNull="true" />
            <externalServiceOp isNull="true" />
            <nodeColor isNull="true" />
            <layoutData x="203" y="97">
                <errorLink>
                    <controlPoints />
                    <showEndState>false</showEndState>
                    <showName>false</showName>
                </errorLink>
            </layoutData>
            <TWComponent>
                <lastModified isNull="true" />
                <lastModifiedBy isNull="true" />
                <scriptId>3011.1eba684c-a2a7-4108-b82e-b234f78e3d47</scriptId>
                <scriptTypeId>2</scriptTypeId>
                <isActive>true</isActive>
                <script>if(tw.local.serverName == "IBM_BPM_ContentStore") {
  tw.system["deployDocumentTypes"](tw.local.objectTypeId);
}</script>
                <isRule>false</isRule>
                <guid>b549ca4b-5edc-4f63-9a99-673be48c3d41</guid>
                <versionId>bf010a95-dde7-4004-8dcf-3ed7c141f780</versionId>
            </TWComponent>
        </item>
        <startingProcessItemId>2025.c7688313-cd02-40ca-9033-3761f42857a5</startingProcessItemId>
        <errorHandlerItemId isNull="true" />
        <layoutData noConversion="true">
            <errorLink>
                <controlPoints />
                <showEndState>false</showEndState>
                <showName>false</showName>
            </errorLink>
        </layoutData>
        <startPoint>
            <layoutData x="20" y="113">
                <errorLink>
                    <controlPoints />
                    <showEndState>false</showEndState>
                    <showName>false</showName>
                </errorLink>
            </layoutData>
        </startPoint>
        <startLink>
            <fromPort locationId="rightCenter" portType="1" />
            <toPort locationId="leftCenter" portType="2" />
            <layoutData>
                <controlPoints />
                <showEndState>false</showEndState>
                <showName>false</showName>
            </layoutData>
        </startLink>
        <link name="Untitled">
            <lastModified isNull="true" />
            <lastModifiedBy isNull="true" />
            <processLinkId>2027.1130eb2e-6008-4355-bc4f-dd856f08ec09</processLinkId>
            <processId>1.1f60baf5-c9af-4be7-a3e3-89c49265d9ad</processId>
            <description isNull="true" />
            <fromProcessItemId>2025.c7688313-cd02-40ca-9033-3761f42857a5</fromProcessItemId>
            <endStateId>Out</endStateId>
            <toProcessItemId>2025.b73d014d-706d-45b3-bf78-a8f1747be8d3</toProcessItemId>
            <guid>b770384b-a58c-428a-9239-eeef3f0db70d</guid>
            <versionId>069ef844-7b0d-4821-a9f8-29b2d9d76d8b</versionId>
            <layoutData>
                <controlPoints />
                <showEndState>false</showEndState>
                <showName>false</showName>
            </layoutData>
            <fromItemPort locationId="rightCenter" portType="1" />
            <toItemPort locationId="leftCenter" portType="2" />
            <fromProcessItemId>2025.c7688313-cd02-40ca-9033-3761f42857a5</fromProcessItemId>
            <toProcessItemId>2025.b73d014d-706d-45b3-bf78-a8f1747be8d3</toProcessItemId>
        </link>
        <link name="Untitled">
            <lastModified isNull="true" />
            <lastModifiedBy isNull="true" />
            <processLinkId>2027.d77a2e71-7908-441a-8079-0c966e855d25</processLinkId>
            <processId>1.1f60baf5-c9af-4be7-a3e3-89c49265d9ad</processId>
            <description isNull="true" />
            <fromProcessItemId>2025.b73d014d-706d-45b3-bf78-a8f1747be8d3</fromProcessItemId>
            <endStateId>Out</endStateId>
            <toProcessItemId>2025.85bd6347-419f-443b-b1cf-4fc71b0b0bae</toProcessItemId>
            <guid>7eb0f084-205b-407f-9d7f-abc8fed6b827</guid>
            <versionId>721da215-f122-43e2-8433-2b193b19ce54</versionId>
            <layoutData>
                <controlPoints />
                <showEndState>false</showEndState>
                <showName>false</showName>
            </layoutData>
            <fromItemPort locationId="rightCenter" portType="1" />
            <toItemPort locationId="leftCenter" portType="2" />
            <fromProcessItemId>2025.b73d014d-706d-45b3-bf78-a8f1747be8d3</fromProcessItemId>
            <toProcessItemId>2025.85bd6347-419f-443b-b1cf-4fc71b0b0bae</toProcessItemId>
        </link>
        <link name="Untitled">
            <lastModified isNull="true" />
            <lastModifiedBy isNull="true" />
            <processLinkId>2027.8482c553-7784-449f-a81b-cb788d1666f6</processLinkId>
            <processId>1.1f60baf5-c9af-4be7-a3e3-89c49265d9ad</processId>
            <description isNull="true" />
            <fromProcessItemId>2025.85bd6347-419f-443b-b1cf-4fc71b0b0bae</fromProcessItemId>
            <endStateId>Out</endStateId>
            <toProcessItemId>2025.56fb5d30-bdab-4759-9889-7bdb78cc7971</toProcessItemId>
            <guid>guid:d5b59e2cf13bea07:4e41f3cf:13530095222:-7fca</guid>
            <versionId>83682641-ebf1-4ffe-909f-8e7a345a2f50</versionId>
            <layoutData>
                <controlPoints />
                <showEndState>false</showEndState>
                <showName>false</showName>
            </layoutData>
            <fromItemPort locationId="rightCenter" portType="1" />
            <toItemPort locationId="leftCenter" portType="2" />
            <fromProcessItemId>2025.85bd6347-419f-443b-b1cf-4fc71b0b0bae</fromProcessItemId>
            <toProcessItemId>2025.56fb5d30-bdab-4759-9889-7bdb78cc7971</toProcessItemId>
        </link>
    </process>
</teamworks>

