<?xml version="1.0" encoding="UTF-8"?>
<teamworks>
    <process id="1.2c696500-2a89-485d-9ffa-d951dfcc367b" name="ECM Update Content Object Properties Service">
        <lastModified>1551132898284</lastModified>
        <lastModifiedBy>tw_admin</lastModifiedBy>
        <processId>1.2c696500-2a89-485d-9ffa-d951dfcc367b</processId>
        <image isNull="true" />
        <tabGroup isNull="true" />
        <startingProcessItemId>2025.bfc5ed82-24eb-4d15-b437-f383a8fc7eb1</startingProcessItemId>
        <isRootProcess>false</isRootProcess>
        <processType>4</processType>
        <isErrorHandlerEnabled>false</isErrorHandlerEnabled>
        <errorHandlerItemId isNull="true" />
        <isLoggingVariables>false</isLoggingVariables>
        <isTransactional>false</isTransactional>
        <processTimingLevel isNull="true" />
        <participantRef isNull="true" />
        <exposedType isNull="true" />
        <isTrackingEnabled>true</isTrackingEnabled>
        <xmlData isNull="true" />
        <cachingType>false</cachingType>
        <itemLabel isNull="true" />
        <cacheLength>43200</cacheLength>
        <mobileReady>false</mobileReady>
        <sboSyncEnabled>true</sboSyncEnabled>
        <externalId isNull="true" />
        <isSecured>false</isSecured>
        <isAjaxExposed>false</isAjaxExposed>
        <description>&lt;HTML&gt;&lt;HEAD&gt;&#xD;
&lt;STYLE type=text/css&gt; p{margin:0px;}&lt;/STYLE&gt;&#xD;
&lt;/HEAD&gt;&#xD;
&lt;BODY style="FONT-SIZE: 10pt; FONT-FAMILY: arial" bgColor=#f5f5f5&gt;The service that updates the properties of a content object.&lt;/BODY&gt;&lt;/HTML&gt;</description>
        <guid>guid:8834599c84d802ca:5a7bd053:1690260eaf6:-7fe1</guid>
        <versionId>aef0444f-8b42-4fc9-8b1c-4d4f755ae173</versionId>
        <dependencySummary isNull="true" />
        <jsonData isNull="true" />
        <field1 isNull="true" />
        <field2 isNull="true" />
        <field3>0</field3>
        <field4 isNull="true" />
        <field5>false</field5>
        <clobField1 isNull="true" />
        <blobField1 isNull="true" />
        <processParameter name="ECMError">
            <lastModified isNull="true" />
            <lastModifiedBy isNull="true" />
            <processParameterId>2055.8b761e9d-56f0-4a6e-8ec2-6a3b8353860f</processParameterId>
            <processId>1.2c696500-2a89-485d-9ffa-d951dfcc367b</processId>
            <parameterType>3</parameterType>
            <isArrayOf>false</isArrayOf>
            <classId>/12.bfb48b9b-8247-49fb-8f78-82b738b817a6</classId>
            <seq>1</seq>
            <hasDefault>false</hasDefault>
            <defaultValue>ECMError</defaultValue>
            <isLocked>false</isLocked>
            <description isNull="true" />
            <guid>d2528152-f240-483d-a43e-0f4caf0877f0</guid>
            <versionId>d3a4020d-fad2-49bf-bac1-599b47845c65</versionId>
        </processParameter>
        <processParameter name="ECMError">
            <lastModified isNull="true" />
            <lastModifiedBy isNull="true" />
            <processParameterId>2055.81a27767-b5e1-481f-88ee-e13b213ada8d</processParameterId>
            <processId>1.2c696500-2a89-485d-9ffa-d951dfcc367b</processId>
            <parameterType>3</parameterType>
            <isArrayOf>false</isArrayOf>
            <classId>/12.bfb48b9b-8247-49fb-8f78-82b738b817a6</classId>
            <seq>2</seq>
            <hasDefault>false</hasDefault>
            <defaultValue>ECMError</defaultValue>
            <isLocked>false</isLocked>
            <description isNull="true" />
            <guid>2461ec5e-0f8c-46ce-8d87-b658b7e24f29</guid>
            <versionId>989b5cb2-c980-463e-9fe4-3e78ae5219d0</versionId>
        </processParameter>
        <processParameter name="ECMError">
            <lastModified isNull="true" />
            <lastModifiedBy isNull="true" />
            <processParameterId>2055.e7571bf1-ed2b-4cea-8159-b025c4d9cead</processParameterId>
            <processId>1.2c696500-2a89-485d-9ffa-d951dfcc367b</processId>
            <parameterType>3</parameterType>
            <isArrayOf>false</isArrayOf>
            <classId>/12.bfb48b9b-8247-49fb-8f78-82b738b817a6</classId>
            <seq>3</seq>
            <hasDefault>false</hasDefault>
            <defaultValue>ECMError</defaultValue>
            <isLocked>false</isLocked>
            <description isNull="true" />
            <guid>478895e1-33b2-4dd7-82a4-e315bdf02f3b</guid>
            <versionId>225f0bc1-7fc0-4fb6-b7de-21ad81ca7cae</versionId>
        </processParameter>
        <processParameter name="contentObjectId">
            <lastModified isNull="true" />
            <lastModifiedBy isNull="true" />
            <processParameterId>2055.3deb342c-06ad-4ce8-956c-cbd2213db4b8</processParameterId>
            <processId>1.2c696500-2a89-485d-9ffa-d951dfcc367b</processId>
            <parameterType>1</parameterType>
            <isArrayOf>false</isArrayOf>
            <classId>/12.3212d5b3-f692-41b3-a893-343dc5c3df01</classId>
            <seq>4</seq>
            <hasDefault>false</hasDefault>
            <defaultValue isNull="true" />
            <isLocked>false</isLocked>
            <description isNull="true" />
            <guid>6d9e9424-4f28-4216-9a7f-022cd4575665</guid>
            <versionId>2492c4fe-821b-4840-b599-ddfe867d23be</versionId>
        </processParameter>
        <processParameter name="serverName">
            <lastModified isNull="true" />
            <lastModifiedBy isNull="true" />
            <processParameterId>2055.a3f408b6-3458-4843-b14f-fd4a502f88cf</processParameterId>
            <processId>1.2c696500-2a89-485d-9ffa-d951dfcc367b</processId>
            <parameterType>1</parameterType>
            <isArrayOf>false</isArrayOf>
            <classId>f1e96cc6-5fd9-4002-8b04-107d4ddae78a/12.db884a3c-c533-44b7-bb2d-47bec8ad4022</classId>
            <seq>5</seq>
            <hasDefault>false</hasDefault>
            <defaultValue isNull="true" />
            <isLocked>false</isLocked>
            <description isNull="true" />
            <guid>74d99b02-81c8-4b14-9f07-e90c7d80d5bf</guid>
            <versionId>9154a7c9-ee19-420e-bd27-5b9bf471951f</versionId>
        </processParameter>
        <processParameter name="properties">
            <lastModified isNull="true" />
            <lastModifiedBy isNull="true" />
            <processParameterId>2055.0f8188a3-4236-4b42-bf1f-bdb667ea34cc</processParameterId>
            <processId>1.2c696500-2a89-485d-9ffa-d951dfcc367b</processId>
            <parameterType>1</parameterType>
            <isArrayOf>true</isArrayOf>
            <classId>/12.a4275847-1a37-4d3c-9289-0462d5afbca9</classId>
            <seq>6</seq>
            <hasDefault>false</hasDefault>
            <defaultValue isNull="true" />
            <isLocked>false</isLocked>
            <description isNull="true" />
            <guid>3826aa0a-9ef2-4299-aabf-1049fcd34b96</guid>
            <versionId>7395f289-0dec-4e42-ac7e-26f2a7ed058b</versionId>
        </processParameter>
        <processVariable name="error">
            <lastModified isNull="true" />
            <lastModifiedBy isNull="true" />
            <processVariableId>2056.f9e9cdb7-1c42-41db-9d17-1729dbf30d3a</processVariableId>
            <description isNull="true" />
            <processId>1.2c696500-2a89-485d-9ffa-d951dfcc367b</processId>
            <namespace>2</namespace>
            <seq>1</seq>
            <isArrayOf>false</isArrayOf>
            <isTransient>false</isTransient>
            <classId>/12.bfb48b9b-8247-49fb-8f78-82b738b817a6</classId>
            <hasDefault>false</hasDefault>
            <defaultValue isNull="true" />
            <guid>633529f4-d7c3-4012-a629-04bf00f77a63</guid>
            <versionId>95d96ade-2c3d-4abc-8f9e-fe99831863b4</versionId>
        </processVariable>
        <item>
            <lastModified isNull="true" />
            <lastModifiedBy isNull="true" />
            <processItemId>2025.63b10d4d-5119-4d0b-8141-238fba292c7a</processItemId>
            <processId>1.2c696500-2a89-485d-9ffa-d951dfcc367b</processId>
            <name>Update Folder Properties</name>
            <tWComponentName>ECMConnector</tWComponentName>
            <tWComponentId>3030.aa844d80-6543-4efd-8b37-0ce179682c7f</tWComponentId>
            <isLogEnabled>false</isLogEnabled>
            <isTraceEnabled>false</isTraceEnabled>
            <traceCategory isNull="true" />
            <traceLevel isNull="true" />
            <traceMessage isNull="true" />
            <traceSymbolTable isNull="true" />
            <isExecutionContextTraced>false</isExecutionContextTraced>
            <saveExecutionContext>false</saveExecutionContext>
            <documentation isNull="true" />
            <isErrorHandlerEnabled>false</isErrorHandlerEnabled>
            <errorHandlerItemId isNull="true" />
            <guid>e277a73f-5273-44c6-8ad3-480856c894f8</guid>
            <versionId>0110b44f-d644-4d22-8377-f29b4df016ac</versionId>
            <externalServiceRef isNull="true" />
            <externalServiceOp isNull="true" />
            <nodeColor isNull="true" />
            <layoutData x="416" y="236">
                <errorLink>
                    <controlPoints />
                    <showEndState>false</showEndState>
                    <showName>false</showName>
                </errorLink>
            </layoutData>
            <TWComponent>
                <lastModified isNull="true" />
                <lastModifiedBy isNull="true" />
                <ecmConnectorId>3030.aa844d80-6543-4efd-8b37-0ce179682c7f</ecmConnectorId>
                <definition>&lt;config type="com.lombardisoftware.client.persistence.ECMConnectorConfiguration"&gt;&#xD;
  &lt;inputParameters&gt;&#xD;
    &lt;parameter&gt;&#xD;
      &lt;name&gt;folderId&lt;/name&gt;&#xD;
      &lt;type&gt;ECMID&lt;/type&gt;&#xD;
      &lt;description&gt;Folder ID&lt;/description&gt;&#xD;
      &lt;defaultValue /&gt;&#xD;
      &lt;argumentVariable&gt;tw.local.contentObjectId&lt;/argumentVariable&gt;&#xD;
      &lt;isArray&gt;&lt;/isArray&gt;&#xD;
      &lt;isList&gt;false&lt;/isList&gt;&#xD;
    &lt;/parameter&gt;&#xD;
    &lt;parameter&gt;&#xD;
      &lt;name&gt;name&lt;/name&gt;&#xD;
      &lt;type&gt;String&lt;/type&gt;&#xD;
      &lt;description&gt;Name&lt;/description&gt;&#xD;
      &lt;defaultValue /&gt;&#xD;
      &lt;argumentVariable&gt;&lt;/argumentVariable&gt;&#xD;
      &lt;isArray&gt;&lt;/isArray&gt;&#xD;
      &lt;isList&gt;false&lt;/isList&gt;&#xD;
    &lt;/parameter&gt;&#xD;
    &lt;parameter&gt;&#xD;
      &lt;name&gt;properties&lt;/name&gt;&#xD;
      &lt;type&gt;ECMProperty&lt;/type&gt;&#xD;
      &lt;description&gt;Properties&lt;/description&gt;&#xD;
      &lt;defaultValue /&gt;&#xD;
      &lt;argumentVariable&gt;tw.local.properties&lt;/argumentVariable&gt;&#xD;
      &lt;isArray&gt;&lt;/isArray&gt;&#xD;
      &lt;isList&gt;true&lt;/isList&gt;&#xD;
    &lt;/parameter&gt;&#xD;
    &lt;parameter&gt;&#xD;
      &lt;name&gt;serverName&lt;/name&gt;&#xD;
      &lt;type&gt;String&lt;/type&gt;&#xD;
      &lt;description&gt;Server name&lt;/description&gt;&#xD;
      &lt;defaultValue /&gt;&#xD;
      &lt;argumentVariable&gt;tw.local.serverName&lt;/argumentVariable&gt;&#xD;
      &lt;isArray&gt;&lt;/isArray&gt;&#xD;
      &lt;isList&gt;false&lt;/isList&gt;&#xD;
    &lt;/parameter&gt;&#xD;
  &lt;/inputParameters&gt;&#xD;
  &lt;outputParameters&gt;&#xD;
    &lt;parameter&gt;&#xD;
      &lt;name&gt;folderId&lt;/name&gt;&#xD;
      &lt;type&gt;ECMID&lt;/type&gt;&#xD;
      &lt;description&gt;Folder ID&lt;/description&gt;&#xD;
      &lt;defaultValue /&gt;&#xD;
      &lt;argumentVariable&gt;&lt;/argumentVariable&gt;&#xD;
      &lt;isArray&gt;&lt;/isArray&gt;&#xD;
      &lt;isList&gt;false&lt;/isList&gt;&#xD;
    &lt;/parameter&gt;&#xD;
  &lt;/outputParameters&gt;&#xD;
  &lt;matchAllSearchCriteria&gt;true&lt;/matchAllSearchCriteria&gt;&#xD;
  &lt;orderOverride&gt;false&lt;/orderOverride&gt;&#xD;
  &lt;orderOverrideValue&gt;&lt;/orderOverrideValue&gt;&#xD;
  &lt;operationType&gt;FOLDER_OP_UPDATE_FOLDER_PROPERTIES&lt;/operationType&gt;&#xD;
  &lt;server&gt;useMappingServer&lt;/server&gt;&#xD;
  &lt;objectTypeSelection&gt;DOCUMENT&lt;/objectTypeSelection&gt;&#xD;
  &lt;useMappedVariable&gt;false&lt;/useMappedVariable&gt;&#xD;
  &lt;faultParameterId&gt;2055.e7571bf1-ed2b-4cea-8159-b025c4d9cead&lt;/faultParameterId&gt;&#xD;
&lt;/config&gt;</definition>
                <guid>0e94f8a1-3bfb-4007-8b33-99fda5be1a79</guid>
                <versionId>8cbab3cd-fb9a-412e-9e69-9ab3f0b480e6</versionId>
            </TWComponent>
        </item>
        <item>
            <lastModified isNull="true" />
            <lastModifiedBy isNull="true" />
            <processItemId>2025.a5213754-e371-4728-a5e6-ca065d212cda</processItemId>
            <processId>1.2c696500-2a89-485d-9ffa-d951dfcc367b</processId>
            <name>End</name>
            <tWComponentName>ExitPoint</tWComponentName>
            <tWComponentId>3008.6dcab000-ae75-4823-8ec5-8d18b954fc94</tWComponentId>
            <isLogEnabled>false</isLogEnabled>
            <isTraceEnabled>false</isTraceEnabled>
            <traceCategory isNull="true" />
            <traceLevel isNull="true" />
            <traceMessage isNull="true" />
            <traceSymbolTable isNull="true" />
            <isExecutionContextTraced>false</isExecutionContextTraced>
            <saveExecutionContext>true</saveExecutionContext>
            <documentation isNull="true" />
            <isErrorHandlerEnabled>false</isErrorHandlerEnabled>
            <errorHandlerItemId isNull="true" />
            <guid>guid:8834599c84d802ca:5a7bd053:1690260eaf6:-7fe0</guid>
            <versionId>7099e29e-9960-43f1-8799-cc452949d31f</versionId>
            <externalServiceRef isNull="true" />
            <externalServiceOp isNull="true" />
            <nodeColor isNull="true" />
            <layoutData x="700" y="115">
                <errorLink>
                    <controlPoints />
                    <showEndState>false</showEndState>
                    <showName>false</showName>
                </errorLink>
            </layoutData>
            <TWComponent>
                <lastModified isNull="true" />
                <lastModifiedBy isNull="true" />
                <exitPointId>3008.6dcab000-ae75-4823-8ec5-8d18b954fc94</exitPointId>
                <haltProcess>false</haltProcess>
                <guid>0c7b4021-3599-4607-99c2-c61f6bf3005c</guid>
                <versionId>70333475-3032-4f78-b328-9b07a2b12ffe</versionId>
            </TWComponent>
        </item>
        <item>
            <lastModified isNull="true" />
            <lastModifiedBy isNull="true" />
            <processItemId>2025.f46acb17-119c-437f-8ffb-e0b824391cbf</processItemId>
            <processId>1.2c696500-2a89-485d-9ffa-d951dfcc367b</processId>
            <name>Update Document Properties</name>
            <tWComponentName>ECMConnector</tWComponentName>
            <tWComponentId>3030.75c62766-f731-43cf-b362-35d0aa75e709</tWComponentId>
            <isLogEnabled>false</isLogEnabled>
            <isTraceEnabled>false</isTraceEnabled>
            <traceCategory isNull="true" />
            <traceLevel isNull="true" />
            <traceMessage isNull="true" />
            <traceSymbolTable isNull="true" />
            <isExecutionContextTraced>false</isExecutionContextTraced>
            <saveExecutionContext>false</saveExecutionContext>
            <documentation isNull="true" />
            <isErrorHandlerEnabled>false</isErrorHandlerEnabled>
            <errorHandlerItemId isNull="true" />
            <guid>012cb02f-3e61-4b85-a1d8-c597df7fc2d0</guid>
            <versionId>7c4da590-2d7b-466d-865a-6f0debea93f7</versionId>
            <externalServiceRef isNull="true" />
            <externalServiceOp isNull="true" />
            <nodeColor isNull="true" />
            <layoutData x="417" y="100">
                <errorLink>
                    <controlPoints />
                    <showEndState>false</showEndState>
                    <showName>false</showName>
                </errorLink>
            </layoutData>
            <TWComponent>
                <lastModified isNull="true" />
                <lastModifiedBy isNull="true" />
                <ecmConnectorId>3030.75c62766-f731-43cf-b362-35d0aa75e709</ecmConnectorId>
                <definition>&lt;config type="com.lombardisoftware.client.persistence.ECMConnectorConfiguration"&gt;&#xD;
  &lt;inputParameters&gt;&#xD;
    &lt;parameter&gt;&#xD;
      &lt;name&gt;documentId&lt;/name&gt;&#xD;
      &lt;type&gt;ECMID&lt;/type&gt;&#xD;
      &lt;description&gt;Document ID&lt;/description&gt;&#xD;
      &lt;defaultValue /&gt;&#xD;
      &lt;argumentVariable&gt;tw.local.contentObjectId&lt;/argumentVariable&gt;&#xD;
      &lt;isArray&gt;&lt;/isArray&gt;&#xD;
      &lt;isList&gt;false&lt;/isList&gt;&#xD;
    &lt;/parameter&gt;&#xD;
    &lt;parameter&gt;&#xD;
      &lt;name&gt;name&lt;/name&gt;&#xD;
      &lt;type&gt;String&lt;/type&gt;&#xD;
      &lt;description&gt;Name&lt;/description&gt;&#xD;
      &lt;defaultValue /&gt;&#xD;
      &lt;argumentVariable&gt;&lt;/argumentVariable&gt;&#xD;
      &lt;isArray&gt;&lt;/isArray&gt;&#xD;
      &lt;isList&gt;false&lt;/isList&gt;&#xD;
    &lt;/parameter&gt;&#xD;
    &lt;parameter&gt;&#xD;
      &lt;name&gt;properties&lt;/name&gt;&#xD;
      &lt;type&gt;ECMProperty&lt;/type&gt;&#xD;
      &lt;description&gt;Properties&lt;/description&gt;&#xD;
      &lt;defaultValue /&gt;&#xD;
      &lt;argumentVariable&gt;tw.local.properties&lt;/argumentVariable&gt;&#xD;
      &lt;isArray&gt;&lt;/isArray&gt;&#xD;
      &lt;isList&gt;true&lt;/isList&gt;&#xD;
    &lt;/parameter&gt;&#xD;
    &lt;parameter&gt;&#xD;
      &lt;name&gt;serverName&lt;/name&gt;&#xD;
      &lt;type&gt;String&lt;/type&gt;&#xD;
      &lt;description&gt;Server name&lt;/description&gt;&#xD;
      &lt;defaultValue /&gt;&#xD;
      &lt;argumentVariable&gt;tw.local.serverName&lt;/argumentVariable&gt;&#xD;
      &lt;isArray&gt;&lt;/isArray&gt;&#xD;
      &lt;isList&gt;false&lt;/isList&gt;&#xD;
    &lt;/parameter&gt;&#xD;
  &lt;/inputParameters&gt;&#xD;
  &lt;outputParameters&gt;&#xD;
    &lt;parameter&gt;&#xD;
      &lt;name&gt;documentId&lt;/name&gt;&#xD;
      &lt;type&gt;ECMID&lt;/type&gt;&#xD;
      &lt;description&gt;Document ID&lt;/description&gt;&#xD;
      &lt;defaultValue /&gt;&#xD;
      &lt;argumentVariable&gt;&lt;/argumentVariable&gt;&#xD;
      &lt;isArray&gt;&lt;/isArray&gt;&#xD;
      &lt;isList&gt;false&lt;/isList&gt;&#xD;
    &lt;/parameter&gt;&#xD;
  &lt;/outputParameters&gt;&#xD;
  &lt;matchAllSearchCriteria&gt;true&lt;/matchAllSearchCriteria&gt;&#xD;
  &lt;orderOverride&gt;false&lt;/orderOverride&gt;&#xD;
  &lt;orderOverrideValue&gt;&lt;/orderOverrideValue&gt;&#xD;
  &lt;operationType&gt;DOC_OP_UPDATE_DOCUMENT_PROPERTIES&lt;/operationType&gt;&#xD;
  &lt;server&gt;useMappingServer&lt;/server&gt;&#xD;
  &lt;objectTypeSelection&gt;DOCUMENT&lt;/objectTypeSelection&gt;&#xD;
  &lt;useMappedVariable&gt;false&lt;/useMappedVariable&gt;&#xD;
  &lt;faultParameterId&gt;2055.81a27767-b5e1-481f-88ee-e13b213ada8d&lt;/faultParameterId&gt;&#xD;
&lt;/config&gt;</definition>
                <guid>586393f1-f2e7-4b9a-990a-4672b785fc3d</guid>
                <versionId>675671ac-9890-4c65-bd4b-df78f6509ce9</versionId>
            </TWComponent>
        </item>
        <item>
            <lastModified isNull="true" />
            <lastModifiedBy isNull="true" />
            <processItemId>2025.bfc5ed82-24eb-4d15-b437-f383a8fc7eb1</processItemId>
            <processId>1.2c696500-2a89-485d-9ffa-d951dfcc367b</processId>
            <name>Check If Document</name>
            <tWComponentName>ECMConnector</tWComponentName>
            <tWComponentId>3030.ed615630-1e80-4ca0-a8c2-2dba0938a44b</tWComponentId>
            <isLogEnabled>false</isLogEnabled>
            <isTraceEnabled>false</isTraceEnabled>
            <traceCategory isNull="true" />
            <traceLevel isNull="true" />
            <traceMessage isNull="true" />
            <traceSymbolTable isNull="true" />
            <isExecutionContextTraced>false</isExecutionContextTraced>
            <saveExecutionContext>false</saveExecutionContext>
            <documentation isNull="true" />
            <isErrorHandlerEnabled>true</isErrorHandlerEnabled>
            <errorHandlerItemId>2025.63b10d4d-5119-4d0b-8141-238fba292c7a</errorHandlerItemId>
            <guid>b556e764-858f-4f60-b988-44c91c1c3456</guid>
            <versionId>94ac2f05-0913-4c15-9c88-6e5c1a44b2b1</versionId>
            <externalServiceRef isNull="true" />
            <externalServiceOp isNull="true" />
            <nodeColor isNull="true" />
            <layoutData x="160" y="100">
                <errorLink>
                    <controlPoints />
                    <showEndState>false</showEndState>
                    <showName>false</showName>
                </errorLink>
            </layoutData>
            <errorHandler>
                <name>Content Object Is Not A Document</name>
                <locationId>bottomCenter</locationId>
                <faultStyle>1</faultStyle>
                <value>tw.local.error</value>
                <exceptionCode>ECMError</exceptionCode>
                <classId>/12.bfb48b9b-8247-49fb-8f78-82b738b817a6</classId>
                <isCatchAll>false</isCatchAll>
                <errorHandlerItem>e277a73f-5273-44c6-8ad3-480856c894f8</errorHandlerItem>
                <errorHandlerItemId>2025.63b10d4d-5119-4d0b-8141-238fba292c7a</errorHandlerItemId>
                <errorHandlerLink>
                    <fromPort locationId="bottomCenter" portType="1" />
                    <toPort locationId="leftCenter" portType="2" />
                    <layoutData>
                        <controlPoints />
                        <showEndState>false</showEndState>
                        <showName>false</showName>
                    </layoutData>
                </errorHandlerLink>
            </errorHandler>
            <TWComponent>
                <lastModified isNull="true" />
                <lastModifiedBy isNull="true" />
                <ecmConnectorId>3030.ed615630-1e80-4ca0-a8c2-2dba0938a44b</ecmConnectorId>
                <definition>&lt;config type="com.lombardisoftware.client.persistence.ECMConnectorConfiguration"&gt;&#xD;
  &lt;inputParameters&gt;&#xD;
    &lt;parameter&gt;&#xD;
      &lt;name&gt;documentId&lt;/name&gt;&#xD;
      &lt;type&gt;ECMID&lt;/type&gt;&#xD;
      &lt;description&gt;Document ID&lt;/description&gt;&#xD;
      &lt;defaultValue /&gt;&#xD;
      &lt;argumentVariable&gt;tw.local.contentObjectId&lt;/argumentVariable&gt;&#xD;
      &lt;isArray&gt;&lt;/isArray&gt;&#xD;
      &lt;isList&gt;false&lt;/isList&gt;&#xD;
    &lt;/parameter&gt;&#xD;
    &lt;parameter&gt;&#xD;
      &lt;name&gt;serverName&lt;/name&gt;&#xD;
      &lt;type&gt;String&lt;/type&gt;&#xD;
      &lt;description&gt;Server name&lt;/description&gt;&#xD;
      &lt;defaultValue /&gt;&#xD;
      &lt;argumentVariable&gt;tw.local.serverName&lt;/argumentVariable&gt;&#xD;
      &lt;isArray&gt;&lt;/isArray&gt;&#xD;
      &lt;isList&gt;false&lt;/isList&gt;&#xD;
    &lt;/parameter&gt;&#xD;
  &lt;/inputParameters&gt;&#xD;
  &lt;outputParameters&gt;&#xD;
    &lt;parameter&gt;&#xD;
      &lt;name&gt;document&lt;/name&gt;&#xD;
      &lt;type&gt;ECMDocument&lt;/type&gt;&#xD;
      &lt;description&gt;Document&lt;/description&gt;&#xD;
      &lt;defaultValue /&gt;&#xD;
      &lt;argumentVariable&gt;&lt;/argumentVariable&gt;&#xD;
      &lt;isArray&gt;&lt;/isArray&gt;&#xD;
      &lt;isList&gt;false&lt;/isList&gt;&#xD;
    &lt;/parameter&gt;&#xD;
  &lt;/outputParameters&gt;&#xD;
  &lt;matchAllSearchCriteria&gt;true&lt;/matchAllSearchCriteria&gt;&#xD;
  &lt;orderOverride&gt;false&lt;/orderOverride&gt;&#xD;
  &lt;orderOverrideValue&gt;&lt;/orderOverrideValue&gt;&#xD;
  &lt;operationType&gt;DOC_OP_GET_DOCUMENT&lt;/operationType&gt;&#xD;
  &lt;server&gt;useMappingServer&lt;/server&gt;&#xD;
  &lt;objectTypeSelection&gt;DOCUMENT&lt;/objectTypeSelection&gt;&#xD;
  &lt;useMappedVariable&gt;false&lt;/useMappedVariable&gt;&#xD;
  &lt;faultParameterId&gt;2055.8b761e9d-56f0-4a6e-8ec2-6a3b8353860f&lt;/faultParameterId&gt;&#xD;
&lt;/config&gt;</definition>
                <guid>fcab768f-be9b-4331-aef7-264be554856c</guid>
                <versionId>5822b8fe-3cee-473e-b7f1-f3eff23ad3a9</versionId>
            </TWComponent>
        </item>
        <startingProcessItemId>2025.bfc5ed82-24eb-4d15-b437-f383a8fc7eb1</startingProcessItemId>
        <errorHandlerItemId isNull="true" />
        <layoutData noConversion="true">
            <errorLink>
                <controlPoints />
                <showEndState>false</showEndState>
                <showName>false</showName>
            </errorLink>
        </layoutData>
        <startPoint>
            <layoutData x="27" y="116">
                <errorLink>
                    <controlPoints />
                    <showEndState>false</showEndState>
                    <showName>false</showName>
                </errorLink>
            </layoutData>
        </startPoint>
        <startLink>
            <fromPort locationId="rightCenter" portType="1" />
            <toPort locationId="leftCenter" portType="2" />
            <layoutData>
                <controlPoints />
                <showEndState>false</showEndState>
                <showName>false</showName>
            </layoutData>
        </startLink>
        <link name="Untitled">
            <lastModified isNull="true" />
            <lastModifiedBy isNull="true" />
            <processLinkId>2027.0f54c949-14f9-48d0-a0f3-97335a9986b8</processLinkId>
            <processId>1.2c696500-2a89-485d-9ffa-d951dfcc367b</processId>
            <description isNull="true" />
            <fromProcessItemId>2025.f46acb17-119c-437f-8ffb-e0b824391cbf</fromProcessItemId>
            <endStateId>Out</endStateId>
            <toProcessItemId>2025.a5213754-e371-4728-a5e6-ca065d212cda</toProcessItemId>
            <guid>951f8c8c-9d07-4426-ae47-594c5e666020</guid>
            <versionId>be96fb1c-16ed-4a18-af21-4cc7d7caae55</versionId>
            <layoutData>
                <controlPoints />
                <showEndState>false</showEndState>
                <showName>false</showName>
            </layoutData>
            <fromItemPort locationId="rightCenter" portType="1" />
            <toItemPort locationId="leftCenter" portType="2" />
            <fromProcessItemId>2025.f46acb17-119c-437f-8ffb-e0b824391cbf</fromProcessItemId>
            <toProcessItemId>2025.a5213754-e371-4728-a5e6-ca065d212cda</toProcessItemId>
        </link>
        <link name="Untitled">
            <lastModified isNull="true" />
            <lastModifiedBy isNull="true" />
            <processLinkId>2027.369d3def-060f-45a8-a8d9-e4b646e0f596</processLinkId>
            <processId>1.2c696500-2a89-485d-9ffa-d951dfcc367b</processId>
            <description isNull="true" />
            <fromProcessItemId>2025.bfc5ed82-24eb-4d15-b437-f383a8fc7eb1</fromProcessItemId>
            <endStateId>Out</endStateId>
            <toProcessItemId>2025.f46acb17-119c-437f-8ffb-e0b824391cbf</toProcessItemId>
            <guid>11107b2f-c3cb-44cb-97ac-fd9fbf0ae5e0</guid>
            <versionId>fe96ab63-5f26-41fd-a4a8-44faf7c1c2d2</versionId>
            <layoutData>
                <controlPoints />
                <showEndState>false</showEndState>
                <showName>false</showName>
            </layoutData>
            <fromItemPort locationId="rightCenter" portType="1" />
            <toItemPort locationId="leftCenter" portType="2" />
            <fromProcessItemId>2025.bfc5ed82-24eb-4d15-b437-f383a8fc7eb1</fromProcessItemId>
            <toProcessItemId>2025.f46acb17-119c-437f-8ffb-e0b824391cbf</toProcessItemId>
        </link>
        <link name="Untitled">
            <lastModified isNull="true" />
            <lastModifiedBy isNull="true" />
            <processLinkId>2027.6726b03d-0b92-4684-888d-fb7d5a6b48be</processLinkId>
            <processId>1.2c696500-2a89-485d-9ffa-d951dfcc367b</processId>
            <description isNull="true" />
            <fromProcessItemId>2025.63b10d4d-5119-4d0b-8141-238fba292c7a</fromProcessItemId>
            <endStateId>Out</endStateId>
            <toProcessItemId>2025.a5213754-e371-4728-a5e6-ca065d212cda</toProcessItemId>
            <guid>923d6fde-a2de-4bbe-8802-c7f9b9586254</guid>
            <versionId>ffcef89d-0ef9-4538-9301-c9ef92c51acd</versionId>
            <layoutData>
                <controlPoints />
                <showEndState>false</showEndState>
                <showName>false</showName>
            </layoutData>
            <fromItemPort locationId="rightCenter" portType="1" />
            <toItemPort locationId="bottomCenter" portType="2" />
            <fromProcessItemId>2025.63b10d4d-5119-4d0b-8141-238fba292c7a</fromProcessItemId>
            <toProcessItemId>2025.a5213754-e371-4728-a5e6-ca065d212cda</toProcessItemId>
        </link>
    </process>
</teamworks>

