<?xml version="1.0" encoding="UTF-8"?>
<teamworks>
    <process id="1.4dfabf4e-1ab4-4836-9d04-9a9192566aa1" name="ECM Get Content Object Property Service">
        <lastModified>1551132820409</lastModified>
        <lastModifiedBy>tw_admin</lastModifiedBy>
        <processId>1.4dfabf4e-1ab4-4836-9d04-9a9192566aa1</processId>
        <image isNull="true" />
        <tabGroup isNull="true" />
        <startingProcessItemId>2025.86b83932-1b52-4c64-bb9a-9c4421a78bab</startingProcessItemId>
        <isRootProcess>false</isRootProcess>
        <processType>4</processType>
        <isErrorHandlerEnabled>false</isErrorHandlerEnabled>
        <errorHandlerItemId isNull="true" />
        <isLoggingVariables>false</isLoggingVariables>
        <isTransactional>false</isTransactional>
        <processTimingLevel isNull="true" />
        <participantRef isNull="true" />
        <exposedType isNull="true" />
        <isTrackingEnabled>true</isTrackingEnabled>
        <xmlData isNull="true" />
        <cachingType>false</cachingType>
        <itemLabel isNull="true" />
        <cacheLength>43200</cacheLength>
        <mobileReady>false</mobileReady>
        <sboSyncEnabled>true</sboSyncEnabled>
        <externalId isNull="true" />
        <isSecured>false</isSecured>
        <isAjaxExposed>false</isAjaxExposed>
        <description>&lt;HTML&gt;&lt;HEAD&gt;&#xD;
&lt;STYLE type=text/css&gt; p{margin:0px;}&lt;/STYLE&gt;&#xD;
&lt;/HEAD&gt;&#xD;
&lt;BODY style="FONT-SIZE: 10pt; FONT-FAMILY: arial" bgColor=#f5f5f5&gt;&#xD;
&lt;P&gt;The service that returns the value of a content object's property. &lt;/P&gt;&lt;/BODY&gt;&lt;/HTML&gt;</description>
        <guid>guid:8834599c84d802ca:5a7bd053:1690260eaf6:-7fe7</guid>
        <versionId>fa61f97b-f0b9-4186-b5f4-ed49c46c4592</versionId>
        <dependencySummary isNull="true" />
        <jsonData isNull="true" />
        <field1 isNull="true" />
        <field2 isNull="true" />
        <field3>0</field3>
        <field4 isNull="true" />
        <field5>false</field5>
        <clobField1 isNull="true" />
        <blobField1 isNull="true" />
        <processParameter name="contentObjectId">
            <lastModified isNull="true" />
            <lastModifiedBy isNull="true" />
            <processParameterId>2055.82796ddc-78a7-47bf-9aef-21bfe0182318</processParameterId>
            <processId>1.4dfabf4e-1ab4-4836-9d04-9a9192566aa1</processId>
            <parameterType>1</parameterType>
            <isArrayOf>false</isArrayOf>
            <classId>/12.3212d5b3-f692-41b3-a893-343dc5c3df01</classId>
            <seq>1</seq>
            <hasDefault>false</hasDefault>
            <defaultValue isNull="true" />
            <isLocked>false</isLocked>
            <description isNull="true" />
            <guid>425f9500-d96a-474f-abff-25ec1f354844</guid>
            <versionId>5e52a145-e752-4992-ae3d-014730ef7613</versionId>
        </processParameter>
        <processParameter name="propertyTypeId">
            <lastModified isNull="true" />
            <lastModifiedBy isNull="true" />
            <processParameterId>2055.eb64100c-e3d0-4cbf-9a96-51408bd881fe</processParameterId>
            <processId>1.4dfabf4e-1ab4-4836-9d04-9a9192566aa1</processId>
            <parameterType>1</parameterType>
            <isArrayOf>false</isArrayOf>
            <classId>/12.3212d5b3-f692-41b3-a893-343dc5c3df01</classId>
            <seq>2</seq>
            <hasDefault>false</hasDefault>
            <defaultValue isNull="true" />
            <isLocked>false</isLocked>
            <description isNull="true" />
            <guid>47f88b37-d9b5-46e1-94b7-63bee162110c</guid>
            <versionId>d113d9fd-d49f-4a85-82ea-f45bcfcea568</versionId>
        </processParameter>
        <processParameter name="serverName">
            <lastModified isNull="true" />
            <lastModifiedBy isNull="true" />
            <processParameterId>2055.cbe2fc87-2dc4-40e9-855b-00c88fe2eacd</processParameterId>
            <processId>1.4dfabf4e-1ab4-4836-9d04-9a9192566aa1</processId>
            <parameterType>1</parameterType>
            <isArrayOf>false</isArrayOf>
            <classId>f1e96cc6-5fd9-4002-8b04-107d4ddae78a/12.db884a3c-c533-44b7-bb2d-47bec8ad4022</classId>
            <seq>3</seq>
            <hasDefault>false</hasDefault>
            <defaultValue isNull="true" />
            <isLocked>false</isLocked>
            <description isNull="true" />
            <guid>71cf3aa3-9246-4e50-9924-d980e7165cb9</guid>
            <versionId>ee6c7e43-0c3d-481c-9dae-e2d70561ce89</versionId>
        </processParameter>
        <processParameter name="value">
            <lastModified isNull="true" />
            <lastModifiedBy isNull="true" />
            <processParameterId>2055.0ff26420-5327-454e-9e0d-c5e224828028</processParameterId>
            <processId>1.4dfabf4e-1ab4-4836-9d04-9a9192566aa1</processId>
            <parameterType>2</parameterType>
            <isArrayOf>false</isArrayOf>
            <classId>f1e96cc6-5fd9-4002-8b04-107d4ddae78a/12.c09c9b6e-aabd-4897-bef2-ed61db106297</classId>
            <seq>4</seq>
            <hasDefault>false</hasDefault>
            <defaultValue isNull="true" />
            <isLocked>false</isLocked>
            <description isNull="true" />
            <guid>0c995cf1-a9dd-4225-8b76-0e873bb59795</guid>
            <versionId>f781b45a-c2cd-42c9-8c9b-7fae62029a46</versionId>
        </processParameter>
        <processVariable name="properties">
            <lastModified isNull="true" />
            <lastModifiedBy isNull="true" />
            <processVariableId>2056.6c02e5d1-b51e-48f1-820c-04d0b0c716b2</processVariableId>
            <description isNull="true" />
            <processId>1.4dfabf4e-1ab4-4836-9d04-9a9192566aa1</processId>
            <namespace>2</namespace>
            <seq>1</seq>
            <isArrayOf>true</isArrayOf>
            <isTransient>false</isTransient>
            <classId>/12.a4275847-1a37-4d3c-9289-0462d5afbca9</classId>
            <hasDefault>false</hasDefault>
            <defaultValue isNull="true" />
            <guid>7268f68d-6705-4790-8216-203585909abe</guid>
            <versionId>b44238e3-4817-4796-8837-4d978514fa7e</versionId>
        </processVariable>
        <item>
            <lastModified isNull="true" />
            <lastModifiedBy isNull="true" />
            <processItemId>2025.c1da2b86-187b-473f-8268-598e5baec2f1</processItemId>
            <processId>1.4dfabf4e-1ab4-4836-9d04-9a9192566aa1</processId>
            <name>Retrieve Property Value</name>
            <tWComponentName>Script</tWComponentName>
            <tWComponentId>3011.03cf1771-0875-4487-9a07-2b4b4fd12dc7</tWComponentId>
            <isLogEnabled>false</isLogEnabled>
            <isTraceEnabled>false</isTraceEnabled>
            <traceCategory isNull="true" />
            <traceLevel isNull="true" />
            <traceMessage isNull="true" />
            <traceSymbolTable isNull="true" />
            <isExecutionContextTraced>false</isExecutionContextTraced>
            <saveExecutionContext>false</saveExecutionContext>
            <documentation isNull="true" />
            <isErrorHandlerEnabled>false</isErrorHandlerEnabled>
            <errorHandlerItemId isNull="true" />
            <guid>guid:8834599c84d802ca:5a7bd053:1690260eaf6:-7fe2</guid>
            <versionId>157bb124-06aa-4e4b-b7ad-61deb7a30f3b</versionId>
            <externalServiceRef isNull="true" />
            <externalServiceOp isNull="true" />
            <nodeColor isNull="true" />
            <layoutData x="420" y="92">
                <errorLink>
                    <controlPoints />
                    <showEndState>false</showEndState>
                    <showName>false</showName>
                </errorLink>
            </layoutData>
            <TWComponent>
                <lastModified isNull="true" />
                <lastModifiedBy isNull="true" />
                <scriptId>3011.03cf1771-0875-4487-9a07-2b4b4fd12dc7</scriptId>
                <scriptTypeId>2</scriptTypeId>
                <isActive>true</isActive>
                <script>for(var i=0; i&lt;tw.local.properties.listLength; i++){
	if(tw.local.properties[i].objectTypeId == tw.local.propertyTypeId){
		tw.local.value = tw.local.properties[i].value;
		break;
	}
}</script>
                <isRule>false</isRule>
                <guid>e16d455d-476d-4535-85f2-b191a32167f1</guid>
                <versionId>ac5b7348-b447-45b9-baf9-ad2dc239ab4d</versionId>
            </TWComponent>
        </item>
        <item>
            <lastModified isNull="true" />
            <lastModifiedBy isNull="true" />
            <processItemId>2025.f852087f-f97d-4f9a-b57e-6665982aa97d</processItemId>
            <processId>1.4dfabf4e-1ab4-4836-9d04-9a9192566aa1</processId>
            <name>End</name>
            <tWComponentName>ExitPoint</tWComponentName>
            <tWComponentId>3008.878c5ad6-ada1-4676-9bd0-1932d8511f3a</tWComponentId>
            <isLogEnabled>false</isLogEnabled>
            <isTraceEnabled>false</isTraceEnabled>
            <traceCategory isNull="true" />
            <traceLevel isNull="true" />
            <traceMessage isNull="true" />
            <traceSymbolTable isNull="true" />
            <isExecutionContextTraced>false</isExecutionContextTraced>
            <saveExecutionContext>true</saveExecutionContext>
            <documentation isNull="true" />
            <isErrorHandlerEnabled>false</isErrorHandlerEnabled>
            <errorHandlerItemId isNull="true" />
            <guid>guid:8834599c84d802ca:5a7bd053:1690260eaf6:-7fe6</guid>
            <versionId>8043391c-e8d1-47e8-8efb-8b2b0e2f3088</versionId>
            <externalServiceRef isNull="true" />
            <externalServiceOp isNull="true" />
            <nodeColor isNull="true" />
            <layoutData x="697" y="107">
                <errorLink>
                    <controlPoints />
                    <showEndState>false</showEndState>
                    <showName>false</showName>
                </errorLink>
            </layoutData>
            <TWComponent>
                <lastModified isNull="true" />
                <lastModifiedBy isNull="true" />
                <exitPointId>3008.878c5ad6-ada1-4676-9bd0-1932d8511f3a</exitPointId>
                <haltProcess>false</haltProcess>
                <guid>533c4be7-6637-43b7-8a4b-0d02baabca21</guid>
                <versionId>2d8996b8-0a9e-4119-9c9c-4259e5721fd1</versionId>
            </TWComponent>
        </item>
        <item>
            <lastModified isNull="true" />
            <lastModifiedBy isNull="true" />
            <processItemId>2025.86b83932-1b52-4c64-bb9a-9c4421a78bab</processItemId>
            <processId>1.4dfabf4e-1ab4-4836-9d04-9a9192566aa1</processId>
            <name>Retrieve All Properties</name>
            <tWComponentName>SubProcess</tWComponentName>
            <tWComponentId>3012.9c59d362-7beb-4401-9e66-6d00e962371f</tWComponentId>
            <isLogEnabled>false</isLogEnabled>
            <isTraceEnabled>false</isTraceEnabled>
            <traceCategory isNull="true" />
            <traceLevel isNull="true" />
            <traceMessage isNull="true" />
            <traceSymbolTable isNull="true" />
            <isExecutionContextTraced>false</isExecutionContextTraced>
            <saveExecutionContext>false</saveExecutionContext>
            <documentation isNull="true" />
            <isErrorHandlerEnabled>false</isErrorHandlerEnabled>
            <errorHandlerItemId isNull="true" />
            <guid>guid:8834599c84d802ca:5a7bd053:1690260eaf6:-7fe4</guid>
            <versionId>b5a461d7-06da-4bc1-bac2-35103a4c04e5</versionId>
            <externalServiceRef isNull="true" />
            <externalServiceOp isNull="true" />
            <nodeColor isNull="true" />
            <layoutData x="204" y="92">
                <errorLink>
                    <controlPoints />
                    <showEndState>false</showEndState>
                    <showName>false</showName>
                </errorLink>
            </layoutData>
            <TWComponent>
                <lastModified isNull="true" />
                <lastModifiedBy isNull="true" />
                <subProcessId>3012.9c59d362-7beb-4401-9e66-6d00e962371f</subProcessId>
                <attachedProcessRef>/1.8cea8458-60e1-447c-bc41-cb2019134f2a</attachedProcessRef>
                <guid>8919957e-0acf-4660-b769-5f5f4ab5db5e</guid>
                <versionId>7439c66c-85a9-432a-89a1-81daa0af3974</versionId>
                <parameterMapping name="serverName">
                    <lastModified isNull="true" />
                    <lastModifiedBy isNull="true" />
                    <parameterMappingId>2054.bd75cc0c-c224-494e-b08e-40206250edf0</parameterMappingId>
                    <processParameterId>2055.13663d74-4b0b-4ca2-b5f2-1694eaaf08ed</processParameterId>
                    <parameterMappingParentId>3012.9c59d362-7beb-4401-9e66-6d00e962371f</parameterMappingParentId>
                    <useDefault>false</useDefault>
                    <value>tw.local.serverName</value>
                    <classRef>f1e96cc6-5fd9-4002-8b04-107d4ddae78a/12.db884a3c-c533-44b7-bb2d-47bec8ad4022</classRef>
                    <isList>false</isList>
                    <isInput>true</isInput>
                    <guid>50eb3897-21e9-4f02-9632-7fe5610761cd</guid>
                    <versionId>34d299a7-baf8-4aba-b322-a9d7ee379ecc</versionId>
                    <description isNull="true" />
                </parameterMapping>
                <parameterMapping name="properties">
                    <lastModified isNull="true" />
                    <lastModifiedBy isNull="true" />
                    <parameterMappingId>2054.88e8a63d-e669-444e-a3d2-14cdf980f12e</parameterMappingId>
                    <processParameterId>2055.e0668bbb-3e39-46fa-a65a-684408f2e6e5</processParameterId>
                    <parameterMappingParentId>3012.9c59d362-7beb-4401-9e66-6d00e962371f</parameterMappingParentId>
                    <useDefault>false</useDefault>
                    <value>tw.local.properties</value>
                    <classRef>/12.a4275847-1a37-4d3c-9289-0462d5afbca9</classRef>
                    <isList>true</isList>
                    <isInput>false</isInput>
                    <guid>9189f5b1-6ed4-4a1d-a6de-54bafd6250b2</guid>
                    <versionId>81266456-c0f4-4842-8961-2c9e8f9c8571</versionId>
                    <description isNull="true" />
                </parameterMapping>
                <parameterMapping name="contentObjectId">
                    <lastModified isNull="true" />
                    <lastModifiedBy isNull="true" />
                    <parameterMappingId>2054.76f09d1e-e472-4553-8026-e7ecab3dc492</parameterMappingId>
                    <processParameterId>2055.3b3692c8-8278-4690-a661-07f8d872e464</processParameterId>
                    <parameterMappingParentId>3012.9c59d362-7beb-4401-9e66-6d00e962371f</parameterMappingParentId>
                    <useDefault>false</useDefault>
                    <value>tw.local.contentObjectId</value>
                    <classRef>/12.3212d5b3-f692-41b3-a893-343dc5c3df01</classRef>
                    <isList>false</isList>
                    <isInput>true</isInput>
                    <guid>8ba899cb-7cec-4564-a4b3-abee9e23ffeb</guid>
                    <versionId>ccd91cbe-74d1-4dc1-a549-9390fdcf5110</versionId>
                    <description isNull="true" />
                </parameterMapping>
            </TWComponent>
        </item>
        <startingProcessItemId>2025.86b83932-1b52-4c64-bb9a-9c4421a78bab</startingProcessItemId>
        <errorHandlerItemId isNull="true" />
        <layoutData noConversion="true">
            <errorLink>
                <controlPoints />
                <showEndState>false</showEndState>
                <showName>false</showName>
            </errorLink>
        </layoutData>
        <startPoint>
            <layoutData x="25" y="108">
                <errorLink>
                    <controlPoints />
                    <showEndState>false</showEndState>
                    <showName>false</showName>
                </errorLink>
            </layoutData>
        </startPoint>
        <startLink>
            <fromPort locationId="rightCenter" portType="1" />
            <toPort locationId="leftCenter" portType="2" />
            <layoutData>
                <controlPoints />
                <showEndState>false</showEndState>
                <showName>false</showName>
            </layoutData>
        </startLink>
        <link name="Untitled">
            <lastModified isNull="true" />
            <lastModifiedBy isNull="true" />
            <processLinkId>2027.08ebc603-ef55-4c5a-94f0-80e7597e14a7</processLinkId>
            <processId>1.4dfabf4e-1ab4-4836-9d04-9a9192566aa1</processId>
            <description isNull="true" />
            <fromProcessItemId>2025.c1da2b86-187b-473f-8268-598e5baec2f1</fromProcessItemId>
            <endStateId>Out</endStateId>
            <toProcessItemId>2025.f852087f-f97d-4f9a-b57e-6665982aa97d</toProcessItemId>
            <guid>1ce5a770-1466-4d5e-9468-dbc37ca503ce</guid>
            <versionId>4ed08a83-1be2-42cb-bf35-42cbf7fa06b5</versionId>
            <layoutData>
                <controlPoints />
                <showEndState>false</showEndState>
                <showName>false</showName>
            </layoutData>
            <fromItemPort locationId="rightCenter" portType="1" />
            <toItemPort locationId="leftCenter" portType="2" />
            <fromProcessItemId>2025.c1da2b86-187b-473f-8268-598e5baec2f1</fromProcessItemId>
            <toProcessItemId>2025.f852087f-f97d-4f9a-b57e-6665982aa97d</toProcessItemId>
        </link>
        <link name="Untitled">
            <lastModified isNull="true" />
            <lastModifiedBy isNull="true" />
            <processLinkId>2027.cc435492-bcd7-48ac-8d40-549977845370</processLinkId>
            <processId>1.4dfabf4e-1ab4-4836-9d04-9a9192566aa1</processId>
            <description isNull="true" />
            <fromProcessItemId>2025.86b83932-1b52-4c64-bb9a-9c4421a78bab</fromProcessItemId>
            <endStateId>guid:8834599c84d802ca:5a7bd053:1690260eaf6:-7fec</endStateId>
            <toProcessItemId>2025.c1da2b86-187b-473f-8268-598e5baec2f1</toProcessItemId>
            <guid>c3d60935-9d58-4565-864e-4831b49f5858</guid>
            <versionId>bf90cef3-72e1-45e8-97a7-4673205eb905</versionId>
            <layoutData>
                <controlPoints />
                <showEndState>false</showEndState>
                <showName>false</showName>
            </layoutData>
            <fromItemPort locationId="rightCenter" portType="1" />
            <toItemPort locationId="leftCenter" portType="2" />
            <fromProcessItemId>2025.86b83932-1b52-4c64-bb9a-9c4421a78bab</fromProcessItemId>
            <toProcessItemId>2025.c1da2b86-187b-473f-8268-598e5baec2f1</toProcessItemId>
        </link>
    </process>
</teamworks>

