<?xml version="1.0" encoding="UTF-8"?>
<teamworks>
    <process id="1.593705b7-17dd-41fa-9292-486e598dd7c1" name="Heritage ECM Remove Folder Service">
        <lastModified>1435851239980</lastModified>
        <lastModifiedBy>tw_admin</lastModifiedBy>
        <processId>1.593705b7-17dd-41fa-9292-486e598dd7c1</processId>
        <image isNull="true" />
        <tabGroup isNull="true" />
        <startingProcessItemId>2025.6e094e59-c6ca-4c32-a4e7-bd7811bea9c9</startingProcessItemId>
        <isRootProcess>false</isRootProcess>
        <processType>2</processType>
        <isErrorHandlerEnabled>false</isErrorHandlerEnabled>
        <errorHandlerItemId isNull="true" />
        <isLoggingVariables>false</isLoggingVariables>
        <isTransactional>false</isTransactional>
        <processTimingLevel isNull="true" />
        <participantRef isNull="true" />
        <exposedType isNull="true" />
        <isTrackingEnabled>true</isTrackingEnabled>
        <xmlData isNull="true" />
        <cachingType>false</cachingType>
        <itemLabel isNull="true" />
        <cacheLength>43200</cacheLength>
        <mobileReady>false</mobileReady>
        <sboSyncEnabled>false</sboSyncEnabled>
        <externalId isNull="true" />
        <isSecured>false</isSecured>
        <isAjaxExposed>false</isAjaxExposed>
        <description isNull="true" />
        <guid>f355b601-9080-4df2-b276-055136ff31ee</guid>
        <versionId>1d623eb1-ddc7-444e-802e-0c88451750f0</versionId>
        <dependencySummary isNull="true" />
        <jsonData isNull="true" />
        <field1 isNull="true" />
        <field2 isNull="true" />
        <field3>0</field3>
        <field4 isNull="true" />
        <field5>false</field5>
        <clobField1 isNull="true" />
        <blobField1 isNull="true" />
        <processParameter name="ECMError">
            <lastModified isNull="true" />
            <lastModifiedBy isNull="true" />
            <processParameterId>2055.3b099599-bc50-406c-a8d7-1d237e5449f3</processParameterId>
            <processId>1.593705b7-17dd-41fa-9292-486e598dd7c1</processId>
            <parameterType>3</parameterType>
            <isArrayOf>false</isArrayOf>
            <classId>/12.bfb48b9b-8247-49fb-8f78-82b738b817a6</classId>
            <seq>2</seq>
            <hasDefault>false</hasDefault>
            <defaultValue>ECMError</defaultValue>
            <isLocked>false</isLocked>
            <description isNull="true" />
            <guid>51f51763-9f3f-4cfc-8fab-94a4067afbc2</guid>
            <versionId>5e30bfd9-ef07-488b-a74f-27ab17beb4e8</versionId>
        </processParameter>
        <processParameter name="objectId">
            <lastModified isNull="true" />
            <lastModifiedBy isNull="true" />
            <processParameterId>2055.079bd9e2-ad8c-484d-b165-d6d90a3a1bae</processParameterId>
            <processId>1.593705b7-17dd-41fa-9292-486e598dd7c1</processId>
            <parameterType>1</parameterType>
            <isArrayOf>false</isArrayOf>
            <classId>/12.3212d5b3-f692-41b3-a893-343dc5c3df01</classId>
            <seq>3</seq>
            <hasDefault>false</hasDefault>
            <defaultValue isNull="true" />
            <isLocked>false</isLocked>
            <description isNull="true" />
            <guid>92425718-259c-4197-bb97-56e865726518</guid>
            <versionId>8bd45f53-c6cf-4f54-9b80-7a44f66d4f9f</versionId>
        </processParameter>
        <processParameter name="parentFolderId">
            <lastModified isNull="true" />
            <lastModifiedBy isNull="true" />
            <processParameterId>2055.4c17b37b-55c9-4343-8a14-d3b1ed6df5a4</processParameterId>
            <processId>1.593705b7-17dd-41fa-9292-486e598dd7c1</processId>
            <parameterType>1</parameterType>
            <isArrayOf>false</isArrayOf>
            <classId>/12.3212d5b3-f692-41b3-a893-343dc5c3df01</classId>
            <seq>4</seq>
            <hasDefault>false</hasDefault>
            <defaultValue isNull="true" />
            <isLocked>false</isLocked>
            <description isNull="true" />
            <guid>46981342-787f-4b49-82e2-778c13a568fe</guid>
            <versionId>67f7cb26-c4de-468f-8c7b-36fa8d338208</versionId>
        </processParameter>
        <processParameter name="referenceServerName">
            <lastModified isNull="true" />
            <lastModifiedBy isNull="true" />
            <processParameterId>2055.fa0e5b58-1ef2-4de2-bf75-5f06b4b03339</processParameterId>
            <processId>1.593705b7-17dd-41fa-9292-486e598dd7c1</processId>
            <parameterType>1</parameterType>
            <isArrayOf>false</isArrayOf>
            <classId>f1e96cc6-5fd9-4002-8b04-107d4ddae78a/12.db884a3c-c533-44b7-bb2d-47bec8ad4022</classId>
            <seq>5</seq>
            <hasDefault>false</hasDefault>
            <defaultValue isNull="true" />
            <isLocked>false</isLocked>
            <description isNull="true" />
            <guid>d405fe9a-6c8c-479d-8472-91b068ec178e</guid>
            <versionId>d580b2e2-9b56-4713-8588-aead46d61783</versionId>
        </processParameter>
        <processParameter name="serverName">
            <lastModified isNull="true" />
            <lastModifiedBy isNull="true" />
            <processParameterId>2055.d1297e7a-8851-463f-a1f7-1fdfe26805c8</processParameterId>
            <processId>1.593705b7-17dd-41fa-9292-486e598dd7c1</processId>
            <parameterType>1</parameterType>
            <isArrayOf>false</isArrayOf>
            <classId>f1e96cc6-5fd9-4002-8b04-107d4ddae78a/12.db884a3c-c533-44b7-bb2d-47bec8ad4022</classId>
            <seq>7</seq>
            <hasDefault>false</hasDefault>
            <defaultValue isNull="true" />
            <isLocked>false</isLocked>
            <description isNull="true" />
            <guid>f1598ffa-a153-46f2-9951-895206042187</guid>
            <versionId>fe4bf2b0-010d-408a-81a9-5c8abbebfa66</versionId>
        </processParameter>
        <processParameter name="type">
            <lastModified isNull="true" />
            <lastModifiedBy isNull="true" />
            <processParameterId>2055.5d202844-84be-43e5-86b8-26594424c1d6</processParameterId>
            <processId>1.593705b7-17dd-41fa-9292-486e598dd7c1</processId>
            <parameterType>1</parameterType>
            <isArrayOf>false</isArrayOf>
            <classId>f1e96cc6-5fd9-4002-8b04-107d4ddae78a/12.db884a3c-c533-44b7-bb2d-47bec8ad4022</classId>
            <seq>8</seq>
            <hasDefault>false</hasDefault>
            <defaultValue isNull="true" />
            <isLocked>false</isLocked>
            <description isNull="true" />
            <guid>d21c9680-8de0-4631-8891-0bff66d70b69</guid>
            <versionId>71109e88-9d1e-47a9-b6b8-002ae35bfce5</versionId>
        </processParameter>
        <item>
            <lastModified isNull="true" />
            <lastModifiedBy isNull="true" />
            <processItemId>2025.caa843c2-86fa-4784-8330-7b96d9179045</processItemId>
            <processId>1.593705b7-17dd-41fa-9292-486e598dd7c1</processId>
            <name>End</name>
            <tWComponentName>ExitPoint</tWComponentName>
            <tWComponentId>3008.d38c17c0-4cb4-4e0d-974b-282b0da78d81</tWComponentId>
            <isLogEnabled>false</isLogEnabled>
            <isTraceEnabled>false</isTraceEnabled>
            <traceCategory isNull="true" />
            <traceLevel isNull="true" />
            <traceMessage isNull="true" />
            <traceSymbolTable isNull="true" />
            <isExecutionContextTraced>false</isExecutionContextTraced>
            <saveExecutionContext>true</saveExecutionContext>
            <documentation isNull="true" />
            <isErrorHandlerEnabled>false</isErrorHandlerEnabled>
            <errorHandlerItemId isNull="true" />
            <guid>guid:fbdd6c0f932b129b:195e6172:14d9ae11918:-77a2</guid>
            <versionId>21fd984f-8073-40c3-a112-df8f9ac36d59</versionId>
            <externalServiceRef isNull="true" />
            <externalServiceOp isNull="true" />
            <nodeColor isNull="true" />
            <layoutData x="700" y="100">
                <errorLink>
                    <controlPoints />
                    <showEndState>false</showEndState>
                    <showName>false</showName>
                </errorLink>
            </layoutData>
            <TWComponent>
                <lastModified isNull="true" />
                <lastModifiedBy isNull="true" />
                <exitPointId>3008.d38c17c0-4cb4-4e0d-974b-282b0da78d81</exitPointId>
                <haltProcess>false</haltProcess>
                <guid>b32eebed-caff-415e-a123-681390ab5b7c</guid>
                <versionId>05894ab5-c1bd-4a2b-b2f3-ab6cf3fc48ff</versionId>
            </TWComponent>
        </item>
        <item>
            <lastModified isNull="true" />
            <lastModifiedBy isNull="true" />
            <processItemId>2025.6e094e59-c6ca-4c32-a4e7-bd7811bea9c9</processItemId>
            <processId>1.593705b7-17dd-41fa-9292-486e598dd7c1</processId>
            <name>Remove Folder</name>
            <tWComponentName>ECMConnector</tWComponentName>
            <tWComponentId>3030.738d5ded-8994-42f3-87b1-0bfdd3f90801</tWComponentId>
            <isLogEnabled>false</isLogEnabled>
            <isTraceEnabled>false</isTraceEnabled>
            <traceCategory isNull="true" />
            <traceLevel isNull="true" />
            <traceMessage isNull="true" />
            <traceSymbolTable isNull="true" />
            <isExecutionContextTraced>false</isExecutionContextTraced>
            <saveExecutionContext>false</saveExecutionContext>
            <documentation isNull="true" />
            <isErrorHandlerEnabled>false</isErrorHandlerEnabled>
            <errorHandlerItemId isNull="true" />
            <guid>guid:fbdd6c0f932b129b:195e6172:14d9ae11918:-77a3</guid>
            <versionId>9daa01e0-ba80-4134-827b-3b2cfe3429af</versionId>
            <externalServiceRef isNull="true" />
            <externalServiceOp isNull="true" />
            <nodeColor isNull="true" />
            <layoutData x="319" y="95">
                <errorLink>
                    <controlPoints />
                    <showEndState>false</showEndState>
                    <showName>false</showName>
                </errorLink>
            </layoutData>
            <TWComponent>
                <lastModified isNull="true" />
                <lastModifiedBy isNull="true" />
                <ecmConnectorId>3030.738d5ded-8994-42f3-87b1-0bfdd3f90801</ecmConnectorId>
                <definition>&lt;config type="com.lombardisoftware.client.persistence.ECMConnectorConfiguration"&gt;&#xD;
  &lt;inputParameters&gt;&#xD;
    &lt;parameter&gt;&#xD;
      &lt;name&gt;parentFolderId&lt;/name&gt;&#xD;
      &lt;type&gt;ECMID&lt;/type&gt;&#xD;
      &lt;description&gt;Parent folder ID&lt;/description&gt;&#xD;
      &lt;defaultValue /&gt;&#xD;
      &lt;argumentVariable&gt;tw.local.parentFolderId&lt;/argumentVariable&gt;&#xD;
      &lt;isArray&gt;&lt;/isArray&gt;&#xD;
      &lt;isList&gt;false&lt;/isList&gt;&#xD;
    &lt;/parameter&gt;&#xD;
    &lt;parameter&gt;&#xD;
      &lt;name&gt;folderId&lt;/name&gt;&#xD;
      &lt;type&gt;ECMID&lt;/type&gt;&#xD;
      &lt;description&gt;Folder ID&lt;/description&gt;&#xD;
      &lt;defaultValue /&gt;&#xD;
      &lt;argumentVariable&gt;tw.local.objectId&lt;/argumentVariable&gt;&#xD;
      &lt;isArray&gt;&lt;/isArray&gt;&#xD;
      &lt;isList&gt;false&lt;/isList&gt;&#xD;
    &lt;/parameter&gt;&#xD;
    &lt;parameter&gt;&#xD;
      &lt;name&gt;folderServerName&lt;/name&gt;&#xD;
      &lt;type&gt;String&lt;/type&gt;&#xD;
      &lt;description&gt;Folder server name&lt;/description&gt;&#xD;
      &lt;defaultValue /&gt;&#xD;
      &lt;argumentVariable&gt;tw.local.referenceServerName&lt;/argumentVariable&gt;&#xD;
      &lt;isArray&gt;&lt;/isArray&gt;&#xD;
      &lt;isList&gt;false&lt;/isList&gt;&#xD;
    &lt;/parameter&gt;&#xD;
    &lt;parameter&gt;&#xD;
      &lt;name&gt;serverName&lt;/name&gt;&#xD;
      &lt;type&gt;String&lt;/type&gt;&#xD;
      &lt;description&gt;Server name&lt;/description&gt;&#xD;
      &lt;defaultValue /&gt;&#xD;
      &lt;argumentVariable&gt;tw.local.serverName&lt;/argumentVariable&gt;&#xD;
      &lt;isArray&gt;&lt;/isArray&gt;&#xD;
      &lt;isList&gt;false&lt;/isList&gt;&#xD;
    &lt;/parameter&gt;&#xD;
  &lt;/inputParameters&gt;&#xD;
  &lt;outputParameters /&gt;&#xD;
  &lt;matchAllSearchCriteria&gt;true&lt;/matchAllSearchCriteria&gt;&#xD;
  &lt;searchParameters /&gt;&#xD;
  &lt;selectParameters /&gt;&#xD;
  &lt;orderOverride&gt;false&lt;/orderOverride&gt;&#xD;
  &lt;orderOverrideValue&gt;&lt;/orderOverrideValue&gt;&#xD;
  &lt;operationType&gt;FOLDER_OP_REMOVE_FOLDER_FROM_FOLDER&lt;/operationType&gt;&#xD;
  &lt;server&gt;useMappingServer&lt;/server&gt;&#xD;
  &lt;objectTypeSelection&gt;DOCUMENT&lt;/objectTypeSelection&gt;&#xD;
  &lt;useMappedVariable&gt;false&lt;/useMappedVariable&gt;&#xD;
  &lt;faultParameterId&gt;2055.121b9bd2-c6da-4e0c-9545-470009aa64b4&lt;/faultParameterId&gt;&#xD;
&lt;/config&gt;</definition>
                <guid>7d478115-9f5c-4e08-984f-07291e22564f</guid>
                <versionId>d854950e-411a-4ff8-977c-c99b0d679926</versionId>
            </TWComponent>
        </item>
        <startingProcessItemId>2025.6e094e59-c6ca-4c32-a4e7-bd7811bea9c9</startingProcessItemId>
        <errorHandlerItemId isNull="true" />
        <layoutData noConversion="true">
            <errorLink>
                <controlPoints />
                <showEndState>false</showEndState>
                <showName>false</showName>
            </errorLink>
        </layoutData>
        <startPoint>
            <layoutData x="20" y="100">
                <errorLink>
                    <controlPoints />
                    <showEndState>false</showEndState>
                    <showName>false</showName>
                </errorLink>
            </layoutData>
        </startPoint>
        <startLink>
            <fromPort locationId="rightCenter" portType="1" />
            <toPort locationId="leftCenter" portType="2" />
            <layoutData>
                <controlPoints />
                <showEndState>false</showEndState>
                <showName>false</showName>
            </layoutData>
        </startLink>
        <link name="Untitled">
            <lastModified isNull="true" />
            <lastModifiedBy isNull="true" />
            <processLinkId>2027.17a48974-a69c-468b-b155-a7ba902828f5</processLinkId>
            <processId>1.593705b7-17dd-41fa-9292-486e598dd7c1</processId>
            <description isNull="true" />
            <fromProcessItemId>2025.6e094e59-c6ca-4c32-a4e7-bd7811bea9c9</fromProcessItemId>
            <endStateId>Out</endStateId>
            <toProcessItemId>2025.caa843c2-86fa-4784-8330-7b96d9179045</toProcessItemId>
            <guid>5954603d-94b6-4ace-a97b-704d99566720</guid>
            <versionId>fb8d86d1-2a81-45cc-a8dc-a0a244eb20b6</versionId>
            <layoutData>
                <controlPoints />
                <showEndState>false</showEndState>
                <showName>false</showName>
            </layoutData>
            <fromItemPort locationId="rightCenter" portType="1" />
            <toItemPort locationId="leftCenter" portType="2" />
            <fromProcessItemId>2025.6e094e59-c6ca-4c32-a4e7-bd7811bea9c9</fromProcessItemId>
            <toProcessItemId>2025.caa843c2-86fa-4784-8330-7b96d9179045</toProcessItemId>
        </link>
    </process>
</teamworks>

