<?xml version="1.0" encoding="UTF-8"?>
<teamworks>
    <process id="1.5941f80f-ce2c-4454-b557-3ab7d264f2ee" name="ECM Get Document Type Properties Service">
        <lastModified>1504897176932</lastModified>
        <lastModifiedBy>tw_admin</lastModifiedBy>
        <processId>1.5941f80f-ce2c-4454-b557-3ab7d264f2ee</processId>
        <image isNull="true" />
        <tabGroup isNull="true" />
        <startingProcessItemId>2025.92e79ad0-d83d-4058-970a-4a7094c18ee5</startingProcessItemId>
        <isRootProcess>false</isRootProcess>
        <processType>2</processType>
        <isErrorHandlerEnabled>false</isErrorHandlerEnabled>
        <errorHandlerItemId isNull="true" />
        <isLoggingVariables>false</isLoggingVariables>
        <isTransactional>false</isTransactional>
        <processTimingLevel isNull="true" />
        <participantRef isNull="true" />
        <exposedType isNull="true" />
        <isTrackingEnabled>true</isTrackingEnabled>
        <xmlData isNull="true" />
        <cachingType>false</cachingType>
        <itemLabel isNull="true" />
        <cacheLength>43200</cacheLength>
        <mobileReady>false</mobileReady>
        <sboSyncEnabled>false</sboSyncEnabled>
        <externalId isNull="true" />
        <isSecured>false</isSecured>
        <isAjaxExposed>false</isAjaxExposed>
        <description isNull="true" />
        <guid>b07e8743-d7b2-4dec-b182-08204f9cb65b</guid>
        <versionId>2e6f3024-a958-4093-83b4-d18fddf68086</versionId>
        <dependencySummary isNull="true" />
        <jsonData isNull="true" />
        <field1 isNull="true" />
        <field2 isNull="true" />
        <field3>0</field3>
        <field4 isNull="true" />
        <field5>false</field5>
        <clobField1 isNull="true" />
        <blobField1 isNull="true" />
        <processParameter name="data">
            <lastModified isNull="true" />
            <lastModifiedBy isNull="true" />
            <processParameterId>2055.e7af053b-8abb-455e-96e0-a754e05b9ff1</processParameterId>
            <processId>1.5941f80f-ce2c-4454-b557-3ab7d264f2ee</processId>
            <parameterType>1</parameterType>
            <isArrayOf>false</isArrayOf>
            <classId>f1e96cc6-5fd9-4002-8b04-107d4ddae78a/12.d2e5a15a-ea53-4793-9e93-29af5bd80b13</classId>
            <seq>1</seq>
            <hasDefault>false</hasDefault>
            <defaultValue isNull="true" />
            <isLocked>false</isLocked>
            <description isNull="true" />
            <guid>1656cd55-2b5e-4e69-aeb8-e84cedc4cf12</guid>
            <versionId>da5fcb5f-3e83-441b-ad60-5c377ca7ef8c</versionId>
        </processParameter>
        <processParameter name="results">
            <lastModified isNull="true" />
            <lastModifiedBy isNull="true" />
            <processParameterId>2055.c88127f6-2597-441a-aa1a-7c4c4249f8c6</processParameterId>
            <processId>1.5941f80f-ce2c-4454-b557-3ab7d264f2ee</processId>
            <parameterType>2</parameterType>
            <isArrayOf>false</isArrayOf>
            <classId>/12.d090937d-b509-4407-829c-b74dfb856888</classId>
            <seq>2</seq>
            <hasDefault>false</hasDefault>
            <defaultValue isNull="true" />
            <isLocked>false</isLocked>
            <description isNull="true" />
            <guid>631c75d2-c1d7-41a0-969e-a1255ba8608e</guid>
            <versionId>afae1199-5236-4610-a0f5-5e4445f16abd</versionId>
        </processParameter>
        <processParameter name="error">
            <lastModified isNull="true" />
            <lastModifiedBy isNull="true" />
            <processParameterId>2055.0a537733-8d4f-45eb-a904-66e41f449bb6</processParameterId>
            <processId>1.5941f80f-ce2c-4454-b557-3ab7d264f2ee</processId>
            <parameterType>2</parameterType>
            <isArrayOf>false</isArrayOf>
            <classId>f496ca18-836b-46b7-8846-85b2ee01f7eb/12.5551644c-3dc6-4161-a939-4e7f27f8ce45</classId>
            <seq>3</seq>
            <hasDefault>false</hasDefault>
            <defaultValue isNull="true" />
            <isLocked>false</isLocked>
            <description isNull="true" />
            <guid>04676195-f298-4bc0-8747-cc4fbf56691c</guid>
            <versionId>7ac72aeb-e221-42fc-93f5-27c891519857</versionId>
        </processParameter>
        <processParameter name="ECMError">
            <lastModified isNull="true" />
            <lastModifiedBy isNull="true" />
            <processParameterId>2055.bd074bb1-27a1-4bc0-ada4-031da580dcf0</processParameterId>
            <processId>1.5941f80f-ce2c-4454-b557-3ab7d264f2ee</processId>
            <parameterType>3</parameterType>
            <isArrayOf>false</isArrayOf>
            <classId>/12.bfb48b9b-8247-49fb-8f78-82b738b817a6</classId>
            <seq>4</seq>
            <hasDefault>false</hasDefault>
            <defaultValue>ECMError</defaultValue>
            <isLocked>false</isLocked>
            <description isNull="true" />
            <guid>743c9e01-56df-4942-b944-8dcf12b4da4b</guid>
            <versionId>757d31d3-63a8-406c-8301-2f1431576077</versionId>
        </processParameter>
        <processVariable name="typeDefinition">
            <lastModified isNull="true" />
            <lastModifiedBy isNull="true" />
            <processVariableId>2056.3b9cc76e-f4de-4834-8dfe-bf1c99e4e0cd</processVariableId>
            <description>Auto generated variable for mapping of Get Document Properties</description>
            <processId>1.5941f80f-ce2c-4454-b557-3ab7d264f2ee</processId>
            <namespace>2</namespace>
            <seq>3</seq>
            <isArrayOf>false</isArrayOf>
            <isTransient>false</isTransient>
            <classId>/12.d090937d-b509-4407-829c-b74dfb856888</classId>
            <hasDefault>false</hasDefault>
            <defaultValue isNull="true" />
            <guid>927017f0-b86e-4f6d-bd7d-04ca4eedb6c0</guid>
            <versionId>6f6e2c65-45ef-4392-a93d-271edf8f2ff9</versionId>
        </processVariable>
        <item>
            <lastModified isNull="true" />
            <lastModifiedBy isNull="true" />
            <processItemId>2025.4919fcc5-588b-40ca-a76e-03643e78cc1c</processItemId>
            <processId>1.5941f80f-ce2c-4454-b557-3ab7d264f2ee</processId>
            <name>End</name>
            <tWComponentName>ExitPoint</tWComponentName>
            <tWComponentId>3008.24ca9eea-ffb0-4aa7-8157-899dfde26059</tWComponentId>
            <isLogEnabled>false</isLogEnabled>
            <isTraceEnabled>false</isTraceEnabled>
            <traceCategory isNull="true" />
            <traceLevel isNull="true" />
            <traceMessage isNull="true" />
            <traceSymbolTable isNull="true" />
            <isExecutionContextTraced>false</isExecutionContextTraced>
            <saveExecutionContext>true</saveExecutionContext>
            <documentation isNull="true" />
            <isErrorHandlerEnabled>false</isErrorHandlerEnabled>
            <errorHandlerItemId isNull="true" />
            <guid>guid:045c78392a9ec029:dc8f264:15875ea5637:-7d92</guid>
            <versionId>10d2e114-e59c-4e07-93fc-9b71efa9ecdf</versionId>
            <externalServiceRef isNull="true" />
            <externalServiceOp isNull="true" />
            <nodeColor isNull="true" />
            <processPrePosts>
                <lastModified isNull="true" />
                <lastModifiedBy isNull="true" />
                <processItemPrePostId>2029.6066931b-e784-4f2d-9270-085ca85cf0f6</processItemPrePostId>
                <processItemId>2025.4919fcc5-588b-40ca-a76e-03643e78cc1c</processItemId>
                <location>1</location>
                <script>//log.error("###\nUserProps\n" + tw.local.results);</script>
                <guid>c3243f37-eaaf-48ef-961d-a3aae0b5fa2f</guid>
                <versionId>925088d2-165d-4c4a-8e67-921e680983a7</versionId>
            </processPrePosts>
            <layoutData x="506" y="99">
                <errorLink>
                    <controlPoints />
                    <showEndState>false</showEndState>
                    <showName>false</showName>
                </errorLink>
            </layoutData>
            <TWComponent>
                <lastModified isNull="true" />
                <lastModifiedBy isNull="true" />
                <exitPointId>3008.24ca9eea-ffb0-4aa7-8157-899dfde26059</exitPointId>
                <haltProcess>false</haltProcess>
                <guid>dbf285df-c98d-46b2-b1d1-cca02dbf02e2</guid>
                <versionId>58a770a2-fa84-4c91-a16c-2592085bc399</versionId>
            </TWComponent>
        </item>
        <item>
            <lastModified isNull="true" />
            <lastModifiedBy isNull="true" />
            <processItemId>2025.946708c4-4a6e-496a-aa0e-9ea82b67b4f8</processItemId>
            <processId>1.5941f80f-ce2c-4454-b557-3ab7d264f2ee</processId>
            <name>Get ReadWrite Properties</name>
            <tWComponentName>Script</tWComponentName>
            <tWComponentId>3011.ad8401ae-b862-4d31-87f0-c332ed93fc71</tWComponentId>
            <isLogEnabled>false</isLogEnabled>
            <isTraceEnabled>false</isTraceEnabled>
            <traceCategory isNull="true" />
            <traceLevel isNull="true" />
            <traceMessage isNull="true" />
            <traceSymbolTable isNull="true" />
            <isExecutionContextTraced>false</isExecutionContextTraced>
            <saveExecutionContext>false</saveExecutionContext>
            <documentation isNull="true" />
            <isErrorHandlerEnabled>false</isErrorHandlerEnabled>
            <errorHandlerItemId isNull="true" />
            <guid>guid:045c78392a9ec029:dc8f264:15875ea5637:-7d91</guid>
            <versionId>20bb1102-d6be-4df3-9174-4cf13bb65dc1</versionId>
            <externalServiceRef isNull="true" />
            <externalServiceOp isNull="true" />
            <nodeColor isNull="true" />
            <layoutData x="346" y="84">
                <errorLink>
                    <controlPoints />
                    <showEndState>false</showEndState>
                    <showName>false</showName>
                </errorLink>
            </layoutData>
            <TWComponent>
                <lastModified isNull="true" />
                <lastModifiedBy isNull="true" />
                <scriptId>3011.ad8401ae-b862-4d31-87f0-c332ed93fc71</scriptId>
                <scriptTypeId>2</scriptTypeId>
                <isActive>true</isActive>
                <script>var out = new tw.object.ECMObjectTypeDefinition();
out.objectTypeId = tw.local.typeDefinition.objectTypeId;
out.localName = tw.local.typeDefinition.localName;
out.localNamespace = tw.local.typeDefinition.localNamespace;
out.queryName = tw.local.typeDefinition.queryName;
out.displayName = tw.local.typeDefinition.displayName;
out.description = tw.local.typeDefinition.description;
out.serverName = tw.local.typeDefinition.serverName;
out.repositoryId = tw.local.typeDefinition.repositoryId;
out.baseId = tw.local.typeDefinition.baseId;
out.queryable = tw.local.typeDefinition.queryable;
out.propertyTypeDefinitions = new tw.object.listOf.ECMPropertyTypeDefinition();

for (var i = 0; i &lt; tw.local.typeDefinition.propertyTypeDefinitions.listLength ; i++)
{
     if (out.objectTypeId == "IBM_BPM_Document" &amp;&amp; tw.local.typeDefinition.propertyTypeDefinitions[i].updatability != "readonly"){
         out.propertyTypeDefinitions[out.propertyTypeDefinitions.listLength] = tw.local.typeDefinition.propertyTypeDefinitions[i];
     } else if(tw.local.typeDefinition.propertyTypeDefinitions[i].updatability == "readwrite"){
         out.propertyTypeDefinitions[out.propertyTypeDefinitions.listLength] = tw.local.typeDefinition.propertyTypeDefinitions[i];
     }
}

tw.local.results = out;</script>
                <isRule>false</isRule>
                <guid>155ebf03-8fd7-4a9a-921a-8824b6565456</guid>
                <versionId>f96b1c30-3187-416a-9dc8-195e2d0afb60</versionId>
            </TWComponent>
        </item>
        <item>
            <lastModified isNull="true" />
            <lastModifiedBy isNull="true" />
            <processItemId>2025.92e79ad0-d83d-4058-970a-4a7094c18ee5</processItemId>
            <processId>1.5941f80f-ce2c-4454-b557-3ab7d264f2ee</processId>
            <name>Get Document Properties</name>
            <tWComponentName>ECMConnector</tWComponentName>
            <tWComponentId>3030.3802cfa7-303d-411b-931f-de11f57f123f</tWComponentId>
            <isLogEnabled>false</isLogEnabled>
            <isTraceEnabled>false</isTraceEnabled>
            <traceCategory isNull="true" />
            <traceLevel isNull="true" />
            <traceMessage isNull="true" />
            <traceSymbolTable isNull="true" />
            <isExecutionContextTraced>false</isExecutionContextTraced>
            <saveExecutionContext>false</saveExecutionContext>
            <documentation isNull="true" />
            <isErrorHandlerEnabled>false</isErrorHandlerEnabled>
            <errorHandlerItemId isNull="true" />
            <guid>guid:045c78392a9ec029:dc8f264:15875ea5637:-7d90</guid>
            <versionId>20c39ecd-f437-4050-834b-d6679e122aea</versionId>
            <externalServiceRef isNull="true" />
            <externalServiceOp isNull="true" />
            <nodeColor isNull="true" />
            <processPrePosts>
                <lastModified isNull="true" />
                <lastModifiedBy isNull="true" />
                <processItemPrePostId>2029.4ad61fb4-4f16-417c-bded-72bc5e97e19e</processItemPrePostId>
                <processItemId>2025.92e79ad0-d83d-4058-970a-4a7094c18ee5</processItemId>
                <location>2</location>
                <script isNull="true" />
                <guid>5d49c26f-2632-48f8-a267-84807470ff6e</guid>
                <versionId>7fda7c73-df38-469f-b6de-21b2f51071bb</versionId>
            </processPrePosts>
            <layoutData x="161" y="84">
                <errorLink>
                    <controlPoints />
                    <showEndState>false</showEndState>
                    <showName>false</showName>
                </errorLink>
            </layoutData>
            <TWComponent>
                <lastModified isNull="true" />
                <lastModifiedBy isNull="true" />
                <ecmConnectorId>3030.3802cfa7-303d-411b-931f-de11f57f123f</ecmConnectorId>
                <definition>&lt;config type="com.lombardisoftware.client.persistence.ECMConnectorConfiguration"&gt;&#xD;
  &lt;inputParameters&gt;&#xD;
    &lt;parameter&gt;&#xD;
      &lt;name&gt;objectTypeId&lt;/name&gt;&#xD;
      &lt;type&gt;ECMID&lt;/type&gt;&#xD;
      &lt;description&gt;Object type ID&lt;/description&gt;&#xD;
      &lt;defaultValue&gt;&lt;/defaultValue&gt;&#xD;
      &lt;argumentVariable&gt;tw.local.data.value&lt;/argumentVariable&gt;&#xD;
      &lt;isArray&gt;&lt;/isArray&gt;&#xD;
      &lt;isList&gt;false&lt;/isList&gt;&#xD;
    &lt;/parameter&gt;&#xD;
    &lt;parameter&gt;&#xD;
      &lt;name&gt;serverName&lt;/name&gt;&#xD;
      &lt;type&gt;String&lt;/type&gt;&#xD;
      &lt;description&gt;Server name&lt;/description&gt;&#xD;
      &lt;defaultValue&gt;&lt;/defaultValue&gt;&#xD;
      &lt;argumentVariable&gt;tw.local.data.name&lt;/argumentVariable&gt;&#xD;
      &lt;isArray&gt;&lt;/isArray&gt;&#xD;
      &lt;isList&gt;false&lt;/isList&gt;&#xD;
    &lt;/parameter&gt;&#xD;
  &lt;/inputParameters&gt;&#xD;
  &lt;outputParameters&gt;&#xD;
    &lt;parameter&gt;&#xD;
      &lt;name&gt;typeDefinition&lt;/name&gt;&#xD;
      &lt;type&gt;ECMObjectTypeDefinition&lt;/type&gt;&#xD;
      &lt;description&gt;Type definition&lt;/description&gt;&#xD;
      &lt;defaultValue&gt;&lt;/defaultValue&gt;&#xD;
      &lt;argumentVariable&gt;tw.local.typeDefinition&lt;/argumentVariable&gt;&#xD;
      &lt;isArray&gt;&lt;/isArray&gt;&#xD;
      &lt;isList&gt;false&lt;/isList&gt;&#xD;
    &lt;/parameter&gt;&#xD;
  &lt;/outputParameters&gt;&#xD;
  &lt;matchAllSearchCriteria&gt;true&lt;/matchAllSearchCriteria&gt;&#xD;
  &lt;searchParameters /&gt;&#xD;
  &lt;selectParameters /&gt;&#xD;
  &lt;orderOverride&gt;false&lt;/orderOverride&gt;&#xD;
  &lt;orderOverrideValue&gt;&lt;/orderOverrideValue&gt;&#xD;
  &lt;operationType&gt;SERVER_OP_GET_TYPE_DEFINITION&lt;/operationType&gt;&#xD;
  &lt;server&gt;useMappingServer&lt;/server&gt;&#xD;
  &lt;objectTypeSelection&gt;DOCUMENT&lt;/objectTypeSelection&gt;&#xD;
  &lt;useMappedVariable&gt;false&lt;/useMappedVariable&gt;&#xD;
  &lt;faultParameterId&gt;2055.6755bba1-4f72-446c-8c5c-ba5899a9d4b2&lt;/faultParameterId&gt;&#xD;
&lt;/config&gt;</definition>
                <guid>de7d4a95-da00-435f-9d44-a4390905e3af</guid>
                <versionId>f9a9c052-1198-447e-bec7-209c326082dc</versionId>
            </TWComponent>
        </item>
        <startingProcessItemId>2025.92e79ad0-d83d-4058-970a-4a7094c18ee5</startingProcessItemId>
        <errorHandlerItemId isNull="true" />
        <layoutData noConversion="true">
            <errorLink>
                <controlPoints />
                <showEndState>false</showEndState>
                <showName>false</showName>
            </errorLink>
        </layoutData>
        <startPoint>
            <layoutData x="20" y="100">
                <errorLink>
                    <controlPoints />
                    <showEndState>false</showEndState>
                    <showName>false</showName>
                </errorLink>
            </layoutData>
        </startPoint>
        <startLink>
            <fromPort locationId="rightCenter" portType="1" />
            <toPort locationId="leftCenter" portType="2" />
            <layoutData>
                <controlPoints />
                <showEndState>false</showEndState>
                <showName>false</showName>
            </layoutData>
        </startLink>
        <link name="Untitled">
            <lastModified isNull="true" />
            <lastModifiedBy isNull="true" />
            <processLinkId>2027.481bf2e8-96c5-4868-8e47-01e5feed4fd0</processLinkId>
            <processId>1.5941f80f-ce2c-4454-b557-3ab7d264f2ee</processId>
            <description isNull="true" />
            <fromProcessItemId>2025.946708c4-4a6e-496a-aa0e-9ea82b67b4f8</fromProcessItemId>
            <endStateId>Out</endStateId>
            <toProcessItemId>2025.4919fcc5-588b-40ca-a76e-03643e78cc1c</toProcessItemId>
            <guid>b2ab90c9-82a8-41a4-95b8-0cef75f69d38</guid>
            <versionId>6ed758a5-9634-490a-b48d-838b066ecba8</versionId>
            <layoutData>
                <controlPoints />
                <showEndState>false</showEndState>
                <showName>false</showName>
            </layoutData>
            <fromItemPort locationId="rightCenter" portType="1" />
            <toItemPort locationId="leftCenter" portType="2" />
            <fromProcessItemId>2025.946708c4-4a6e-496a-aa0e-9ea82b67b4f8</fromProcessItemId>
            <toProcessItemId>2025.4919fcc5-588b-40ca-a76e-03643e78cc1c</toProcessItemId>
        </link>
        <link name="Untitled">
            <lastModified isNull="true" />
            <lastModifiedBy isNull="true" />
            <processLinkId>2027.70bfa99c-19a0-403c-9697-f25d976b777c</processLinkId>
            <processId>1.5941f80f-ce2c-4454-b557-3ab7d264f2ee</processId>
            <description isNull="true" />
            <fromProcessItemId>2025.92e79ad0-d83d-4058-970a-4a7094c18ee5</fromProcessItemId>
            <endStateId>Out</endStateId>
            <toProcessItemId>2025.946708c4-4a6e-496a-aa0e-9ea82b67b4f8</toProcessItemId>
            <guid>c7584f0a-bc08-407e-a9bc-63451103971c</guid>
            <versionId>c0c35ef7-0318-431e-99d3-e81722893f7f</versionId>
            <layoutData>
                <controlPoints />
                <showEndState>false</showEndState>
                <showName>false</showName>
            </layoutData>
            <fromItemPort locationId="rightCenter" portType="1" />
            <toItemPort locationId="leftCenter" portType="2" />
            <fromProcessItemId>2025.92e79ad0-d83d-4058-970a-4a7094c18ee5</fromProcessItemId>
            <toProcessItemId>2025.946708c4-4a6e-496a-aa0e-9ea82b67b4f8</toProcessItemId>
        </link>
    </process>
</teamworks>

