<?xml version="1.0" encoding="UTF-8"?>
<teamworks>
    <process id="1.68233ba6-b97c-48c0-835c-49b894ff1028" name="Default Get Related ECM Folders Service">
        <lastModified>1490727014662</lastModified>
        <lastModifiedBy>admin</lastModifiedBy>
        <processId>1.68233ba6-b97c-48c0-835c-49b894ff1028</processId>
        <image isNull="true" />
        <tabGroup isNull="true" />
        <startingProcessItemId>2025.93aa6577-f705-4a1a-bd6e-dc986b391dc0</startingProcessItemId>
        <isRootProcess>false</isRootProcess>
        <processType>2</processType>
        <isErrorHandlerEnabled>false</isErrorHandlerEnabled>
        <errorHandlerItemId isNull="true" />
        <isLoggingVariables>false</isLoggingVariables>
        <isTransactional>false</isTransactional>
        <processTimingLevel isNull="true" />
        <participantRef isNull="true" />
        <exposedType isNull="true" />
        <isTrackingEnabled>true</isTrackingEnabled>
        <xmlData isNull="true" />
        <cachingType>false</cachingType>
        <itemLabel isNull="true" />
        <cacheLength>43200</cacheLength>
        <mobileReady>false</mobileReady>
        <sboSyncEnabled>false</sboSyncEnabled>
        <externalId isNull="true" />
        <isSecured>false</isSecured>
        <isAjaxExposed>false</isAjaxExposed>
        <description isNull="true" />
        <guid>07aa150d-eae8-46e6-86d2-e82491a035d0</guid>
        <versionId>e7eb4ea3-959e-4159-9e4b-c9a8b153514b</versionId>
        <dependencySummary isNull="true" />
        <jsonData isNull="true" />
        <field1 isNull="true" />
        <field2 isNull="true" />
        <field3>0</field3>
        <field4 isNull="true" />
        <field5>false</field5>
        <clobField1 isNull="true" />
        <blobField1 isNull="true" />
        <processParameter name="data">
            <lastModified isNull="true" />
            <lastModifiedBy isNull="true" />
            <processParameterId>2055.7177f2ae-a3d6-4a79-b5a5-df07d575f145</processParameterId>
            <processId>1.68233ba6-b97c-48c0-835c-49b894ff1028</processId>
            <parameterType>1</parameterType>
            <isArrayOf>false</isArrayOf>
            <classId>f1e96cc6-5fd9-4002-8b04-107d4ddae78a/12.db884a3c-c533-44b7-bb2d-47bec8ad4022</classId>
            <seq>1</seq>
            <hasDefault>false</hasDefault>
            <defaultValue isNull="true" />
            <isLocked>false</isLocked>
            <description isNull="true" />
            <guid>6eda7d00-d059-48d9-8541-15c8e69c9aa8</guid>
            <versionId>ad0fa1ae-94b8-469e-9a8b-c471670e140c</versionId>
        </processParameter>
        <processParameter name="results">
            <lastModified isNull="true" />
            <lastModifiedBy isNull="true" />
            <processParameterId>2055.43ccd41b-7440-47de-8abf-1874f2881d3a</processParameterId>
            <processId>1.68233ba6-b97c-48c0-835c-49b894ff1028</processId>
            <parameterType>2</parameterType>
            <isArrayOf>true</isArrayOf>
            <classId>f1e96cc6-5fd9-4002-8b04-107d4ddae78a/12.d2e5a15a-ea53-4793-9e93-29af5bd80b13</classId>
            <seq>2</seq>
            <hasDefault>false</hasDefault>
            <defaultValue isNull="true" />
            <isLocked>false</isLocked>
            <description isNull="true" />
            <guid>30aa5bc1-614a-4601-ac83-01e733f0c89a</guid>
            <versionId>40c475c4-fc1d-429b-a5fd-edb3dfe9e17f</versionId>
        </processParameter>
        <item>
            <lastModified isNull="true" />
            <lastModifiedBy isNull="true" />
            <processItemId>2025.2d023fde-af16-4f41-aacb-2bfc030c32ad</processItemId>
            <processId>1.68233ba6-b97c-48c0-835c-49b894ff1028</processId>
            <name>End</name>
            <tWComponentName>ExitPoint</tWComponentName>
            <tWComponentId>3008.bf0648cb-3091-4055-b527-83f075ebe958</tWComponentId>
            <isLogEnabled>false</isLogEnabled>
            <isTraceEnabled>false</isTraceEnabled>
            <traceCategory isNull="true" />
            <traceLevel isNull="true" />
            <traceMessage isNull="true" />
            <traceSymbolTable isNull="true" />
            <isExecutionContextTraced>false</isExecutionContextTraced>
            <saveExecutionContext>true</saveExecutionContext>
            <documentation isNull="true" />
            <isErrorHandlerEnabled>false</isErrorHandlerEnabled>
            <errorHandlerItemId isNull="true" />
            <guid>guid:9789bfed2830b399:3c873a25:159ee2ff4c5:-7be3</guid>
            <versionId>80f7ccd6-188f-4451-8c0e-0302b727fe1e</versionId>
            <externalServiceRef isNull="true" />
            <externalServiceOp isNull="true" />
            <nodeColor isNull="true" />
            <layoutData x="700" y="100">
                <errorLink>
                    <controlPoints />
                    <showEndState>false</showEndState>
                    <showName>false</showName>
                </errorLink>
            </layoutData>
            <TWComponent>
                <lastModified isNull="true" />
                <lastModifiedBy isNull="true" />
                <exitPointId>3008.bf0648cb-3091-4055-b527-83f075ebe958</exitPointId>
                <haltProcess>false</haltProcess>
                <guid>5d097a66-109b-490d-9d35-83c62620da34</guid>
                <versionId>05a31c53-a1af-4fd3-9d68-741e42dd46d8</versionId>
            </TWComponent>
        </item>
        <item>
            <lastModified isNull="true" />
            <lastModifiedBy isNull="true" />
            <processItemId>2025.93aa6577-f705-4a1a-bd6e-dc986b391dc0</processItemId>
            <processId>1.68233ba6-b97c-48c0-835c-49b894ff1028</processId>
            <name>Get Related ECM Folders Service</name>
            <tWComponentName>Script</tWComponentName>
            <tWComponentId>3011.2e43f60a-4654-462d-9457-6e1d762b6668</tWComponentId>
            <isLogEnabled>false</isLogEnabled>
            <isTraceEnabled>false</isTraceEnabled>
            <traceCategory isNull="true" />
            <traceLevel isNull="true" />
            <traceMessage isNull="true" />
            <traceSymbolTable isNull="true" />
            <isExecutionContextTraced>false</isExecutionContextTraced>
            <saveExecutionContext>false</saveExecutionContext>
            <documentation isNull="true" />
            <isErrorHandlerEnabled>false</isErrorHandlerEnabled>
            <errorHandlerItemId isNull="true" />
            <guid>guid:9789bfed2830b399:3c873a25:159ee2ff4c5:-7be2</guid>
            <versionId>98019737-34e8-40dc-97d1-b7d13b683b3b</versionId>
            <externalServiceRef isNull="true" />
            <externalServiceOp isNull="true" />
            <nodeColor isNull="true" />
            <layoutData x="325" y="84">
                <errorLink>
                    <controlPoints />
                    <showEndState>false</showEndState>
                    <showName>false</showName>
                </errorLink>
            </layoutData>
            <TWComponent>
                <lastModified isNull="true" />
                <lastModifiedBy isNull="true" />
                <scriptId>3011.2e43f60a-4654-462d-9457-6e1d762b6668</scriptId>
                <scriptTypeId>2</scriptTypeId>
                <isActive>true</isActive>
                <script>tw.local.results = new tw.object.listOf.NameValuePair();
if(tw.local.data) {
    var instance = tw.system.findProcessInstanceByID(tw.local.data);
    if(instance) {
        var servers = instance.snapshot.getECMServers();
        for (var i = 0; i &lt; servers.length; i++) {
            var server = servers[i];
            tw.local.results[i]=new tw.object.NameValuePair();
            var serverName = server.name;
            if(serverName.indexOf("@")&gt;-1){
                serverName = serverName.substr(0, serverName.indexOf("@"));
            }
            tw.local.results[i].name = serverName;
            tw.local.results[i].value = server.name;
        }
            
    }
}</script>
                <isRule>false</isRule>
                <guid>bffb3ba8-ec9b-475e-b322-7b63122c4152</guid>
                <versionId>8224cd78-1350-488d-a385-89143d49add9</versionId>
            </TWComponent>
        </item>
        <startingProcessItemId>2025.93aa6577-f705-4a1a-bd6e-dc986b391dc0</startingProcessItemId>
        <errorHandlerItemId isNull="true" />
        <layoutData noConversion="true">
            <errorLink>
                <controlPoints />
                <showEndState>false</showEndState>
                <showName>false</showName>
            </errorLink>
        </layoutData>
        <startPoint>
            <layoutData x="20" y="100">
                <errorLink>
                    <controlPoints />
                    <showEndState>false</showEndState>
                    <showName>false</showName>
                </errorLink>
            </layoutData>
        </startPoint>
        <startLink>
            <fromPort locationId="rightCenter" portType="1" />
            <toPort locationId="leftCenter" portType="2" />
            <layoutData>
                <controlPoints />
                <showEndState>false</showEndState>
                <showName>false</showName>
            </layoutData>
        </startLink>
        <link name="Untitled">
            <lastModified isNull="true" />
            <lastModifiedBy isNull="true" />
            <processLinkId>2027.7ba146c6-4f41-4eb8-8347-98da96defebb</processLinkId>
            <processId>1.68233ba6-b97c-48c0-835c-49b894ff1028</processId>
            <description isNull="true" />
            <fromProcessItemId>2025.93aa6577-f705-4a1a-bd6e-dc986b391dc0</fromProcessItemId>
            <endStateId>Out</endStateId>
            <toProcessItemId>2025.2d023fde-af16-4f41-aacb-2bfc030c32ad</toProcessItemId>
            <guid>1cfaae37-e101-41fa-aa0f-030f238fa16d</guid>
            <versionId>ef0c73d3-85f6-4be2-becf-dff839465e6d</versionId>
            <layoutData>
                <controlPoints />
                <showEndState>false</showEndState>
                <showName>false</showName>
            </layoutData>
            <fromItemPort locationId="rightCenter" portType="1" />
            <toItemPort locationId="leftCenter" portType="2" />
            <fromProcessItemId>2025.93aa6577-f705-4a1a-bd6e-dc986b391dc0</fromProcessItemId>
            <toProcessItemId>2025.2d023fde-af16-4f41-aacb-2bfc030c32ad</toProcessItemId>
        </link>
    </process>
</teamworks>

