<?xml version="1.0" encoding="UTF-8"?>
<teamworks>
    <process id="1.72fe15f2-95cd-4e69-b276-f07ff9333b47" name="ECM Remove Document Service">
        <lastModified>1485263348817</lastModified>
        <lastModifiedBy>celladmin</lastModifiedBy>
        <processId>1.72fe15f2-95cd-4e69-b276-f07ff9333b47</processId>
        <image isNull="true" />
        <tabGroup isNull="true" />
        <startingProcessItemId>2025.9e36ae04-416e-43dc-9b37-7f012e6c577f</startingProcessItemId>
        <isRootProcess>false</isRootProcess>
        <processType>2</processType>
        <isErrorHandlerEnabled>false</isErrorHandlerEnabled>
        <errorHandlerItemId isNull="true" />
        <isLoggingVariables>false</isLoggingVariables>
        <isTransactional>false</isTransactional>
        <processTimingLevel isNull="true" />
        <participantRef isNull="true" />
        <exposedType isNull="true" />
        <isTrackingEnabled>true</isTrackingEnabled>
        <xmlData isNull="true" />
        <cachingType>false</cachingType>
        <itemLabel isNull="true" />
        <cacheLength>43200</cacheLength>
        <mobileReady>false</mobileReady>
        <sboSyncEnabled>false</sboSyncEnabled>
        <externalId isNull="true" />
        <isSecured>false</isSecured>
        <isAjaxExposed>false</isAjaxExposed>
        <description isNull="true" />
        <guid>guid:202f03917ad66b6e:7a09a9a:159cf0e4fc4:-7ff6</guid>
        <versionId>7d1b780b-5fe9-40ef-82e3-a4918684594a</versionId>
        <dependencySummary isNull="true" />
        <jsonData isNull="true" />
        <field1 isNull="true" />
        <field2 isNull="true" />
        <field3>0</field3>
        <field4 isNull="true" />
        <field5>false</field5>
        <clobField1 isNull="true" />
        <blobField1 isNull="true" />
        <processParameter name="data">
            <lastModified isNull="true" />
            <lastModifiedBy isNull="true" />
            <processParameterId>2055.052f1875-3e51-4caf-8cfd-8611573aba23</processParameterId>
            <processId>1.72fe15f2-95cd-4e69-b276-f07ff9333b47</processId>
            <parameterType>1</parameterType>
            <isArrayOf>false</isArrayOf>
            <classId>/12.edfce8cd-d899-479f-a227-f5797dd467ec</classId>
            <seq>1</seq>
            <hasDefault>false</hasDefault>
            <defaultValue isNull="true" />
            <isLocked>false</isLocked>
            <description isNull="true" />
            <guid>888b44e2-feb5-4992-a0dd-4cc808b9e78a</guid>
            <versionId>1b9dd716-1608-4a74-aa05-660dc2a71ea4</versionId>
        </processParameter>
        <processParameter name="results">
            <lastModified isNull="true" />
            <lastModifiedBy isNull="true" />
            <processParameterId>2055.45b30ebf-3495-45e6-a7bd-10b9d543db41</processParameterId>
            <processId>1.72fe15f2-95cd-4e69-b276-f07ff9333b47</processId>
            <parameterType>2</parameterType>
            <isArrayOf>false</isArrayOf>
            <classId>f1e96cc6-5fd9-4002-8b04-107d4ddae78a/12.c09c9b6e-aabd-4897-bef2-ed61db106297</classId>
            <seq>2</seq>
            <hasDefault>false</hasDefault>
            <defaultValue isNull="true" />
            <isLocked>false</isLocked>
            <description isNull="true" />
            <guid>99212d36-fa11-418d-b936-57af186ae773</guid>
            <versionId>31d10d57-c482-4c04-a478-9425851dc7d1</versionId>
        </processParameter>
        <processParameter name="error">
            <lastModified isNull="true" />
            <lastModifiedBy isNull="true" />
            <processParameterId>2055.4ecc3f91-50ef-42e0-88e9-7bb15865018a</processParameterId>
            <processId>1.72fe15f2-95cd-4e69-b276-f07ff9333b47</processId>
            <parameterType>2</parameterType>
            <isArrayOf>false</isArrayOf>
            <classId>f496ca18-836b-46b7-8846-85b2ee01f7eb/12.5551644c-3dc6-4161-a939-4e7f27f8ce45</classId>
            <seq>3</seq>
            <hasDefault>false</hasDefault>
            <defaultValue isNull="true" />
            <isLocked>false</isLocked>
            <description isNull="true" />
            <guid>1fceb344-254b-4d17-b50f-2c702194e29d</guid>
            <versionId>1c893889-0c8c-45c1-80d5-594e3807b2e0</versionId>
        </processParameter>
        <item>
            <lastModified isNull="true" />
            <lastModifiedBy isNull="true" />
            <processItemId>2025.3be0ba92-3c74-44ab-b0fa-276cbbb975ff</processItemId>
            <processId>1.72fe15f2-95cd-4e69-b276-f07ff9333b47</processId>
            <name>End</name>
            <tWComponentName>ExitPoint</tWComponentName>
            <tWComponentId>3008.370f1796-5885-43c0-9e91-4ced5a976f06</tWComponentId>
            <isLogEnabled>false</isLogEnabled>
            <isTraceEnabled>false</isTraceEnabled>
            <traceCategory isNull="true" />
            <traceLevel isNull="true" />
            <traceMessage isNull="true" />
            <traceSymbolTable isNull="true" />
            <isExecutionContextTraced>false</isExecutionContextTraced>
            <saveExecutionContext>true</saveExecutionContext>
            <documentation isNull="true" />
            <isErrorHandlerEnabled>false</isErrorHandlerEnabled>
            <errorHandlerItemId isNull="true" />
            <guid>guid:202f03917ad66b6e:7a09a9a:159cf0e4fc4:-7ff5</guid>
            <versionId>0b1cafe8-e459-4355-9115-bbe4816fee5d</versionId>
            <externalServiceRef isNull="true" />
            <externalServiceOp isNull="true" />
            <nodeColor isNull="true" />
            <layoutData x="400" y="97">
                <errorLink>
                    <controlPoints />
                    <showEndState>false</showEndState>
                    <showName>false</showName>
                </errorLink>
            </layoutData>
            <TWComponent>
                <lastModified isNull="true" />
                <lastModifiedBy isNull="true" />
                <exitPointId>3008.370f1796-5885-43c0-9e91-4ced5a976f06</exitPointId>
                <haltProcess>false</haltProcess>
                <guid>c98eb3c5-d1ba-4491-aa38-61d3497f4958</guid>
                <versionId>a9003167-2bca-4a5f-8a0d-e50e84ad1a63</versionId>
            </TWComponent>
        </item>
        <item>
            <lastModified isNull="true" />
            <lastModifiedBy isNull="true" />
            <processItemId>2025.9e36ae04-416e-43dc-9b37-7f012e6c577f</processItemId>
            <processId>1.72fe15f2-95cd-4e69-b276-f07ff9333b47</processId>
            <name>Remove Document</name>
            <tWComponentName>ECMConnector</tWComponentName>
            <tWComponentId>3030.26346771-d776-4ac3-9be0-3a051a6a6e01</tWComponentId>
            <isLogEnabled>false</isLogEnabled>
            <isTraceEnabled>false</isTraceEnabled>
            <traceCategory isNull="true" />
            <traceLevel isNull="true" />
            <traceMessage isNull="true" />
            <traceSymbolTable isNull="true" />
            <isExecutionContextTraced>false</isExecutionContextTraced>
            <saveExecutionContext>false</saveExecutionContext>
            <documentation isNull="true" />
            <isErrorHandlerEnabled>false</isErrorHandlerEnabled>
            <errorHandlerItemId isNull="true" />
            <guid>guid:202f03917ad66b6e:7a09a9a:159cf0e4fc4:-7ff3</guid>
            <versionId>b63e41ab-d5a8-4495-977e-85df6d7d1aa5</versionId>
            <externalServiceRef isNull="true" />
            <externalServiceOp isNull="true" />
            <nodeColor isNull="true" />
            <layoutData x="198" y="82">
                <errorLink>
                    <controlPoints />
                    <showEndState>false</showEndState>
                    <showName>false</showName>
                </errorLink>
            </layoutData>
            <TWComponent>
                <lastModified isNull="true" />
                <lastModifiedBy isNull="true" />
                <ecmConnectorId>3030.26346771-d776-4ac3-9be0-3a051a6a6e01</ecmConnectorId>
                <definition>&lt;config type="com.lombardisoftware.client.persistence.ECMConnectorConfiguration"&gt;&#xD;
  &lt;inputParameters&gt;&#xD;
    &lt;parameter&gt;&#xD;
      &lt;name&gt;documentId&lt;/name&gt;&#xD;
      &lt;type&gt;ECMID&lt;/type&gt;&#xD;
      &lt;description&gt;Document ID&lt;/description&gt;&#xD;
      &lt;defaultValue&gt;&lt;/defaultValue&gt;&#xD;
      &lt;argumentVariable&gt;tw.local.data.objectId&lt;/argumentVariable&gt;&#xD;
      &lt;isArray&gt;&lt;/isArray&gt;&#xD;
      &lt;isList&gt;false&lt;/isList&gt;&#xD;
    &lt;/parameter&gt;&#xD;
    &lt;parameter&gt;&#xD;
      &lt;name&gt;parentFolderId&lt;/name&gt;&#xD;
      &lt;type&gt;ECMID&lt;/type&gt;&#xD;
      &lt;description&gt;Parent folder ID&lt;/description&gt;&#xD;
      &lt;defaultValue&gt;&lt;/defaultValue&gt;&#xD;
      &lt;argumentVariable&gt;tw.local.data.parentFolderId&lt;/argumentVariable&gt;&#xD;
      &lt;isArray&gt;&lt;/isArray&gt;&#xD;
      &lt;isList&gt;false&lt;/isList&gt;&#xD;
    &lt;/parameter&gt;&#xD;
    &lt;parameter&gt;&#xD;
      &lt;name&gt;documentServerName&lt;/name&gt;&#xD;
      &lt;type&gt;String&lt;/type&gt;&#xD;
      &lt;description&gt;Document server name&lt;/description&gt;&#xD;
      &lt;defaultValue&gt;&lt;/defaultValue&gt;&#xD;
      &lt;argumentVariable&gt;tw.local.data.referenceServerName&lt;/argumentVariable&gt;&#xD;
      &lt;isArray&gt;&lt;/isArray&gt;&#xD;
      &lt;isList&gt;false&lt;/isList&gt;&#xD;
    &lt;/parameter&gt;&#xD;
    &lt;parameter&gt;&#xD;
      &lt;name&gt;serverName&lt;/name&gt;&#xD;
      &lt;type&gt;String&lt;/type&gt;&#xD;
      &lt;description&gt;Server name&lt;/description&gt;&#xD;
      &lt;defaultValue&gt;&lt;/defaultValue&gt;&#xD;
      &lt;argumentVariable&gt;tw.local.data.serverName&lt;/argumentVariable&gt;&#xD;
      &lt;isArray&gt;&lt;/isArray&gt;&#xD;
      &lt;isList&gt;false&lt;/isList&gt;&#xD;
    &lt;/parameter&gt;&#xD;
  &lt;/inputParameters&gt;&#xD;
  &lt;outputParameters /&gt;&#xD;
  &lt;matchAllSearchCriteria&gt;true&lt;/matchAllSearchCriteria&gt;&#xD;
  &lt;searchParameters /&gt;&#xD;
  &lt;selectParameters /&gt;&#xD;
  &lt;orderOverride&gt;false&lt;/orderOverride&gt;&#xD;
  &lt;orderOverrideValue&gt;&lt;/orderOverrideValue&gt;&#xD;
  &lt;operationType&gt;DOC_OP_REMOVE_DOCUMENT_FROM_FOLDER&lt;/operationType&gt;&#xD;
  &lt;server&gt;useMappingServer&lt;/server&gt;&#xD;
  &lt;objectTypeSelection&gt;DOCUMENT&lt;/objectTypeSelection&gt;&#xD;
  &lt;useMappedVariable&gt;false&lt;/useMappedVariable&gt;&#xD;
  &lt;faultParameterId&gt;2055.8858d68a-fc52-4273-98cb-133214cdc349&lt;/faultParameterId&gt;&#xD;
&lt;/config&gt;</definition>
                <guid>ae33f971-fdc9-4b94-a33f-1774d882d44a</guid>
                <versionId>98fee6fb-7f2b-477b-8971-e4b1e140e017</versionId>
            </TWComponent>
        </item>
        <startingProcessItemId>2025.9e36ae04-416e-43dc-9b37-7f012e6c577f</startingProcessItemId>
        <errorHandlerItemId isNull="true" />
        <layoutData noConversion="true">
            <errorLink>
                <controlPoints />
                <showEndState>false</showEndState>
                <showName>false</showName>
            </errorLink>
        </layoutData>
        <startPoint>
            <layoutData x="20" y="98">
                <errorLink>
                    <controlPoints />
                    <showEndState>false</showEndState>
                    <showName>false</showName>
                </errorLink>
            </layoutData>
        </startPoint>
        <startLink>
            <fromPort locationId="rightCenter" portType="1" />
            <toPort locationId="leftCenter" portType="2" />
            <layoutData>
                <controlPoints />
                <showEndState>false</showEndState>
                <showName>false</showName>
            </layoutData>
        </startLink>
        <link name="Untitled">
            <lastModified isNull="true" />
            <lastModifiedBy isNull="true" />
            <processLinkId>2027.fb9c94fe-a3bb-4902-9ddb-4d7e5175bf27</processLinkId>
            <processId>1.72fe15f2-95cd-4e69-b276-f07ff9333b47</processId>
            <description isNull="true" />
            <fromProcessItemId>2025.9e36ae04-416e-43dc-9b37-7f012e6c577f</fromProcessItemId>
            <endStateId>Out</endStateId>
            <toProcessItemId>2025.3be0ba92-3c74-44ab-b0fa-276cbbb975ff</toProcessItemId>
            <guid>0479c5b2-0312-4051-996c-4bfffa805a98</guid>
            <versionId>df120c27-abee-4fee-aa58-53951effce6b</versionId>
            <layoutData>
                <controlPoints />
                <showEndState>false</showEndState>
                <showName>false</showName>
            </layoutData>
            <fromItemPort locationId="rightCenter" portType="1" />
            <toItemPort locationId="leftCenter" portType="2" />
            <fromProcessItemId>2025.9e36ae04-416e-43dc-9b37-7f012e6c577f</fromProcessItemId>
            <toProcessItemId>2025.3be0ba92-3c74-44ab-b0fa-276cbbb975ff</toProcessItemId>
        </link>
    </process>
</teamworks>

