<?xml version="1.0" encoding="UTF-8"?>
<teamworks>
    <process id="1.7415f0e4-2a2d-4682-8f57-d8eeec0ce5cf" name="Heritage ECM Get Folder Service">
        <lastModified>1383805856232</lastModified>
        <lastModifiedBy>tw_admin</lastModifiedBy>
        <processId>1.7415f0e4-2a2d-4682-8f57-d8eeec0ce5cf</processId>
        <image isNull="true" />
        <tabGroup isNull="true" />
        <startingProcessItemId>2025.6a4ec186-1275-4e34-9d20-b3a5de57d136</startingProcessItemId>
        <isRootProcess>false</isRootProcess>
        <processType>2</processType>
        <isErrorHandlerEnabled>false</isErrorHandlerEnabled>
        <errorHandlerItemId isNull="true" />
        <isLoggingVariables>false</isLoggingVariables>
        <isTransactional>false</isTransactional>
        <processTimingLevel isNull="true" />
        <participantRef isNull="true" />
        <exposedType isNull="true" />
        <isTrackingEnabled>true</isTrackingEnabled>
        <xmlData isNull="true" />
        <cachingType>false</cachingType>
        <itemLabel isNull="true" />
        <cacheLength>43200</cacheLength>
        <mobileReady>false</mobileReady>
        <sboSyncEnabled>false</sboSyncEnabled>
        <externalId isNull="true" />
        <isSecured>false</isSecured>
        <isAjaxExposed>false</isAjaxExposed>
        <description isNull="true" />
        <guid>guid:5d48ec7a5a7987f6:-1130589a:142313b3e62:-7ffb</guid>
        <versionId>450bd101-eeaf-4fce-bbcf-c57f87f0a60d</versionId>
        <dependencySummary isNull="true" />
        <jsonData isNull="true" />
        <field1 isNull="true" />
        <field2 isNull="true" />
        <field3>0</field3>
        <field4 isNull="true" />
        <field5>false</field5>
        <clobField1 isNull="true" />
        <blobField1 isNull="true" />
        <processParameter name="ECMError">
            <lastModified isNull="true" />
            <lastModifiedBy isNull="true" />
            <processParameterId>2055.37db5e9b-944c-4605-9ff3-72e9f1eae02c</processParameterId>
            <processId>1.7415f0e4-2a2d-4682-8f57-d8eeec0ce5cf</processId>
            <parameterType>3</parameterType>
            <isArrayOf>false</isArrayOf>
            <classId>/12.bfb48b9b-8247-49fb-8f78-82b738b817a6</classId>
            <seq>1</seq>
            <hasDefault>false</hasDefault>
            <defaultValue>ECMError</defaultValue>
            <isLocked>false</isLocked>
            <description isNull="true" />
            <guid>4f48f593-d524-46b2-8ae1-e5199f297c8a</guid>
            <versionId>47d80e03-174b-43f0-9718-34ca9bb46501</versionId>
        </processParameter>
        <processParameter name="folderID">
            <lastModified isNull="true" />
            <lastModifiedBy isNull="true" />
            <processParameterId>2055.847e8f43-784e-46a7-830a-4ff2f6b67c5f</processParameterId>
            <processId>1.7415f0e4-2a2d-4682-8f57-d8eeec0ce5cf</processId>
            <parameterType>1</parameterType>
            <isArrayOf>false</isArrayOf>
            <classId>/12.3212d5b3-f692-41b3-a893-343dc5c3df01</classId>
            <seq>2</seq>
            <hasDefault>false</hasDefault>
            <defaultValue isNull="true" />
            <isLocked>false</isLocked>
            <description isNull="true" />
            <guid>8645f243-bb09-4976-8f81-2955bf1c0be7</guid>
            <versionId>df6eb09c-1297-4285-af79-366f22095e0f</versionId>
        </processParameter>
        <processParameter name="folder">
            <lastModified isNull="true" />
            <lastModifiedBy isNull="true" />
            <processParameterId>2055.01389dee-80dc-427c-8757-94ebb48d2b82</processParameterId>
            <processId>1.7415f0e4-2a2d-4682-8f57-d8eeec0ce5cf</processId>
            <parameterType>2</parameterType>
            <isArrayOf>false</isArrayOf>
            <classId>/12.240930df-e9da-40a6-a4e8-4b41b42bb183</classId>
            <seq>3</seq>
            <hasDefault>false</hasDefault>
            <defaultValue isNull="true" />
            <isLocked>false</isLocked>
            <description isNull="true" />
            <guid>8047e474-ed2d-4a33-a63d-abd70cc01545</guid>
            <versionId>67a0201b-503f-4703-be51-9df74e0bf780</versionId>
        </processParameter>
        <processParameter name="serverName">
            <lastModified isNull="true" />
            <lastModifiedBy isNull="true" />
            <processParameterId>2055.6e2c90ad-4ff5-4e9a-abf5-ab917de92047</processParameterId>
            <processId>1.7415f0e4-2a2d-4682-8f57-d8eeec0ce5cf</processId>
            <parameterType>1</parameterType>
            <isArrayOf>false</isArrayOf>
            <classId>f1e96cc6-5fd9-4002-8b04-107d4ddae78a/12.db884a3c-c533-44b7-bb2d-47bec8ad4022</classId>
            <seq>4</seq>
            <hasDefault>false</hasDefault>
            <defaultValue isNull="true" />
            <isLocked>false</isLocked>
            <description isNull="true" />
            <guid>8f31bdcd-bdfc-461f-b5ac-3ddfedde5c61</guid>
            <versionId>5d256e58-af19-4089-9c44-186126a54da4</versionId>
        </processParameter>
        <item>
            <lastModified isNull="true" />
            <lastModifiedBy isNull="true" />
            <processItemId>2025.6a4ec186-1275-4e34-9d20-b3a5de57d136</processItemId>
            <processId>1.7415f0e4-2a2d-4682-8f57-d8eeec0ce5cf</processId>
            <name>Get Folder</name>
            <tWComponentName>ECMConnector</tWComponentName>
            <tWComponentId>3030.5681e2af-3eac-41f8-933f-108bf4d8f0f5</tWComponentId>
            <isLogEnabled>false</isLogEnabled>
            <isTraceEnabled>false</isTraceEnabled>
            <traceCategory isNull="true" />
            <traceLevel isNull="true" />
            <traceMessage isNull="true" />
            <traceSymbolTable isNull="true" />
            <isExecutionContextTraced>false</isExecutionContextTraced>
            <saveExecutionContext>false</saveExecutionContext>
            <documentation isNull="true" />
            <isErrorHandlerEnabled>false</isErrorHandlerEnabled>
            <errorHandlerItemId isNull="true" />
            <guid>19ba175a-55db-471d-a74c-4898819990b7</guid>
            <versionId>3566210c-9434-42fa-afff-3d8f9086eb3d</versionId>
            <externalServiceRef isNull="true" />
            <externalServiceOp isNull="true" />
            <nodeColor isNull="true" />
            <layoutData x="347" y="108">
                <errorLink>
                    <controlPoints />
                    <showEndState>false</showEndState>
                    <showName>false</showName>
                </errorLink>
            </layoutData>
            <TWComponent>
                <lastModified isNull="true" />
                <lastModifiedBy isNull="true" />
                <ecmConnectorId>3030.5681e2af-3eac-41f8-933f-108bf4d8f0f5</ecmConnectorId>
                <definition>&lt;config type="com.lombardisoftware.client.persistence.ECMConnectorConfiguration"&gt;&#xD;
  &lt;inputParameters&gt;&#xD;
    &lt;parameter&gt;&#xD;
      &lt;name&gt;folderId&lt;/name&gt;&#xD;
      &lt;type&gt;ECMID&lt;/type&gt;&#xD;
      &lt;description&gt;Folder ID&lt;/description&gt;&#xD;
      &lt;defaultValue /&gt;&#xD;
      &lt;argumentVariable&gt;tw.local.folderID&lt;/argumentVariable&gt;&#xD;
      &lt;isArray&gt;&lt;/isArray&gt;&#xD;
      &lt;isList&gt;false&lt;/isList&gt;&#xD;
    &lt;/parameter&gt;&#xD;
    &lt;parameter&gt;&#xD;
      &lt;name&gt;serverName&lt;/name&gt;&#xD;
      &lt;type&gt;String&lt;/type&gt;&#xD;
      &lt;description&gt;Server name&lt;/description&gt;&#xD;
      &lt;defaultValue /&gt;&#xD;
      &lt;argumentVariable&gt;tw.local.serverName&lt;/argumentVariable&gt;&#xD;
      &lt;isArray&gt;&lt;/isArray&gt;&#xD;
      &lt;isList&gt;false&lt;/isList&gt;&#xD;
    &lt;/parameter&gt;&#xD;
  &lt;/inputParameters&gt;&#xD;
  &lt;outputParameters&gt;&#xD;
    &lt;parameter&gt;&#xD;
      &lt;name&gt;folder&lt;/name&gt;&#xD;
      &lt;type&gt;ECMFolder&lt;/type&gt;&#xD;
      &lt;description&gt;Folder&lt;/description&gt;&#xD;
      &lt;defaultValue /&gt;&#xD;
      &lt;argumentVariable&gt;tw.local.folder&lt;/argumentVariable&gt;&#xD;
      &lt;isArray&gt;&lt;/isArray&gt;&#xD;
      &lt;isList&gt;false&lt;/isList&gt;&#xD;
    &lt;/parameter&gt;&#xD;
  &lt;/outputParameters&gt;&#xD;
  &lt;matchAllSearchCriteria&gt;true&lt;/matchAllSearchCriteria&gt;&#xD;
  &lt;searchParameters /&gt;&#xD;
  &lt;selectParameters /&gt;&#xD;
  &lt;orderOverride&gt;false&lt;/orderOverride&gt;&#xD;
  &lt;orderOverrideValue&gt;&lt;/orderOverrideValue&gt;&#xD;
  &lt;operationType&gt;FOLDER_OP_GET_FOLDER&lt;/operationType&gt;&#xD;
  &lt;server&gt;useMappingServer&lt;/server&gt;&#xD;
  &lt;objectTypeSelection&gt;DOCUMENT&lt;/objectTypeSelection&gt;&#xD;
  &lt;useMappedVariable&gt;false&lt;/useMappedVariable&gt;&#xD;
  &lt;faultParameterId&gt;2055.37db5e9b-944c-4605-9ff3-72e9f1eae02c&lt;/faultParameterId&gt;&#xD;
&lt;/config&gt;</definition>
                <guid>ed91da84-d60d-465e-83ce-a2278eb00a33</guid>
                <versionId>d790ca21-6920-4ca2-8990-b9c752ed4c3d</versionId>
            </TWComponent>
        </item>
        <item>
            <lastModified isNull="true" />
            <lastModifiedBy isNull="true" />
            <processItemId>2025.f8c43e35-dc6f-4afc-8fcf-28ec48dde99e</processItemId>
            <processId>1.7415f0e4-2a2d-4682-8f57-d8eeec0ce5cf</processId>
            <name>End</name>
            <tWComponentName>ExitPoint</tWComponentName>
            <tWComponentId>3008.87941752-3ed6-473c-b7f3-096ea64d73f8</tWComponentId>
            <isLogEnabled>false</isLogEnabled>
            <isTraceEnabled>false</isTraceEnabled>
            <traceCategory isNull="true" />
            <traceLevel isNull="true" />
            <traceMessage isNull="true" />
            <traceSymbolTable isNull="true" />
            <isExecutionContextTraced>false</isExecutionContextTraced>
            <saveExecutionContext>true</saveExecutionContext>
            <documentation isNull="true" />
            <isErrorHandlerEnabled>false</isErrorHandlerEnabled>
            <errorHandlerItemId isNull="true" />
            <guid>guid:5d48ec7a5a7987f6:-1130589a:142313b3e62:-7ffa</guid>
            <versionId>d5432910-c938-4ff8-bd11-ff4fb368a200</versionId>
            <externalServiceRef isNull="true" />
            <externalServiceOp isNull="true" />
            <nodeColor isNull="true" />
            <layoutData x="700" y="100">
                <errorLink>
                    <controlPoints />
                    <showEndState>false</showEndState>
                    <showName>false</showName>
                </errorLink>
            </layoutData>
            <TWComponent>
                <lastModified isNull="true" />
                <lastModifiedBy isNull="true" />
                <exitPointId>3008.87941752-3ed6-473c-b7f3-096ea64d73f8</exitPointId>
                <haltProcess>false</haltProcess>
                <guid>724f0e19-0961-4add-ac6b-3072279b90f7</guid>
                <versionId>b1168d18-1f90-4ea3-8083-47d91608a850</versionId>
            </TWComponent>
        </item>
        <startingProcessItemId>2025.6a4ec186-1275-4e34-9d20-b3a5de57d136</startingProcessItemId>
        <errorHandlerItemId isNull="true" />
        <layoutData noConversion="true">
            <errorLink>
                <controlPoints />
                <showEndState>false</showEndState>
                <showName>false</showName>
            </errorLink>
        </layoutData>
        <startPoint>
            <layoutData x="20" y="100">
                <errorLink>
                    <controlPoints />
                    <showEndState>false</showEndState>
                    <showName>false</showName>
                </errorLink>
            </layoutData>
        </startPoint>
        <startLink>
            <fromPort locationId="rightCenter" portType="1" />
            <toPort locationId="leftCenter" portType="2" />
            <layoutData>
                <controlPoints />
                <showEndState>false</showEndState>
                <showName>false</showName>
            </layoutData>
        </startLink>
        <link name="Untitled">
            <lastModified isNull="true" />
            <lastModifiedBy isNull="true" />
            <processLinkId>2027.eded84fa-7282-466f-906a-6f54131ce783</processLinkId>
            <processId>1.7415f0e4-2a2d-4682-8f57-d8eeec0ce5cf</processId>
            <description isNull="true" />
            <fromProcessItemId>2025.6a4ec186-1275-4e34-9d20-b3a5de57d136</fromProcessItemId>
            <endStateId>Out</endStateId>
            <toProcessItemId>2025.f8c43e35-dc6f-4afc-8fcf-28ec48dde99e</toProcessItemId>
            <guid>f991c622-28f4-4c11-b2f3-fe1e0f58af81</guid>
            <versionId>e801059a-e0fa-4a48-83f4-899f999b34a8</versionId>
            <layoutData>
                <controlPoints />
                <showEndState>false</showEndState>
                <showName>false</showName>
            </layoutData>
            <fromItemPort locationId="rightCenter" portType="1" />
            <toItemPort locationId="leftCenter" portType="2" />
            <fromProcessItemId>2025.6a4ec186-1275-4e34-9d20-b3a5de57d136</fromProcessItemId>
            <toProcessItemId>2025.f8c43e35-dc6f-4afc-8fcf-28ec48dde99e</toProcessItemId>
        </link>
    </process>
</teamworks>

