<?xml version="1.0" encoding="UTF-8"?>
<teamworks>
    <process id="1.868d536b-923e-4048-b5f3-2a465b087af0" name="ECM Get Document Properties Service">
        <lastModified>1477600181779</lastModified>
        <lastModifiedBy>admin</lastModifiedBy>
        <processId>1.868d536b-923e-4048-b5f3-2a465b087af0</processId>
        <image isNull="true" />
        <tabGroup isNull="true" />
        <startingProcessItemId>2025.2c6a36df-40e1-4955-ac14-4d3d0db668ef</startingProcessItemId>
        <isRootProcess>false</isRootProcess>
        <processType>2</processType>
        <isErrorHandlerEnabled>false</isErrorHandlerEnabled>
        <errorHandlerItemId isNull="true" />
        <isLoggingVariables>false</isLoggingVariables>
        <isTransactional>false</isTransactional>
        <processTimingLevel isNull="true" />
        <participantRef isNull="true" />
        <exposedType isNull="true" />
        <isTrackingEnabled>true</isTrackingEnabled>
        <xmlData isNull="true" />
        <cachingType>false</cachingType>
        <itemLabel isNull="true" />
        <cacheLength>43200</cacheLength>
        <mobileReady>false</mobileReady>
        <sboSyncEnabled>false</sboSyncEnabled>
        <externalId isNull="true" />
        <isSecured>false</isSecured>
        <isAjaxExposed>false</isAjaxExposed>
        <description isNull="true" />
        <guid>guid:b0469c9feb10d60c:14264e71:1571e901856:-7ff6</guid>
        <versionId>74a7e429-8e06-4acc-9de5-06b15b95f529</versionId>
        <dependencySummary isNull="true" />
        <jsonData isNull="true" />
        <field1 isNull="true" />
        <field2 isNull="true" />
        <field3>0</field3>
        <field4 isNull="true" />
        <field5>false</field5>
        <clobField1 isNull="true" />
        <blobField1 isNull="true" />
        <processParameter name="data">
            <lastModified isNull="true" />
            <lastModifiedBy isNull="true" />
            <processParameterId>2055.071e07d5-4683-4663-a223-47c12b5e8ef5</processParameterId>
            <processId>1.868d536b-923e-4048-b5f3-2a465b087af0</processId>
            <parameterType>1</parameterType>
            <isArrayOf>false</isArrayOf>
            <classId>/12.49fbbe93-91d4-48d9-bc0a-2c3c3a59a9c6</classId>
            <seq>1</seq>
            <hasDefault>false</hasDefault>
            <defaultValue isNull="true" />
            <isLocked>false</isLocked>
            <description isNull="true" />
            <guid>8b92b7af-9157-4589-bde6-5612672e4022</guid>
            <versionId>c3e2eca5-5f3a-4415-af02-84d0e10f4ac1</versionId>
        </processParameter>
        <processParameter name="results">
            <lastModified isNull="true" />
            <lastModifiedBy isNull="true" />
            <processParameterId>2055.4552f503-d188-4371-b841-3a730cc2d394</processParameterId>
            <processId>1.868d536b-923e-4048-b5f3-2a465b087af0</processId>
            <parameterType>2</parameterType>
            <isArrayOf>false</isArrayOf>
            <classId>/12.4c08416b-b298-46f4-be63-133110cdc696</classId>
            <seq>2</seq>
            <hasDefault>false</hasDefault>
            <defaultValue isNull="true" />
            <isLocked>false</isLocked>
            <description isNull="true" />
            <guid>8853fece-6446-40c6-b784-41e22be97f88</guid>
            <versionId>c7d89e69-d4fb-4003-b718-205e455db8b2</versionId>
        </processParameter>
        <processParameter name="error">
            <lastModified isNull="true" />
            <lastModifiedBy isNull="true" />
            <processParameterId>2055.b942e26b-51f5-406f-bf66-3623e15c1e6a</processParameterId>
            <processId>1.868d536b-923e-4048-b5f3-2a465b087af0</processId>
            <parameterType>2</parameterType>
            <isArrayOf>false</isArrayOf>
            <classId>f496ca18-836b-46b7-8846-85b2ee01f7eb/12.5551644c-3dc6-4161-a939-4e7f27f8ce45</classId>
            <seq>3</seq>
            <hasDefault>false</hasDefault>
            <defaultValue isNull="true" />
            <isLocked>false</isLocked>
            <description isNull="true" />
            <guid>6e44ef84-71d5-4db3-956e-ff84d2e0be0f</guid>
            <versionId>ef9ef212-e796-487e-9288-2d1274e7ed2f</versionId>
        </processParameter>
        <processVariable name="document">
            <lastModified isNull="true" />
            <lastModifiedBy isNull="true" />
            <processVariableId>2056.eaf09d88-52e2-48a7-a8bd-9b688dcde92d</processVariableId>
            <description>Auto generated variable for mapping of Get Document by DocId</description>
            <processId>1.868d536b-923e-4048-b5f3-2a465b087af0</processId>
            <namespace>2</namespace>
            <seq>1</seq>
            <isArrayOf>false</isArrayOf>
            <isTransient>false</isTransient>
            <classId>/12.490f939c-3c6d-4ef7-9707-33b5b618877a</classId>
            <hasDefault>false</hasDefault>
            <defaultValue isNull="true" />
            <guid>ec1faf14-1d71-4d18-b919-d0f15f31f055</guid>
            <versionId>fce21398-4f7d-45c0-a72d-b42a8a0aeba1</versionId>
        </processVariable>
        <item>
            <lastModified isNull="true" />
            <lastModifiedBy isNull="true" />
            <processItemId>2025.83ee5ee8-bf61-4da5-a865-9e6e9f7f527c</processItemId>
            <processId>1.868d536b-923e-4048-b5f3-2a465b087af0</processId>
            <name>Build set property list</name>
            <tWComponentName>Script</tWComponentName>
            <tWComponentId>3011.e8d7c673-3053-44b4-8cd1-321f196cff7c</tWComponentId>
            <isLogEnabled>false</isLogEnabled>
            <isTraceEnabled>false</isTraceEnabled>
            <traceCategory isNull="true" />
            <traceLevel isNull="true" />
            <traceMessage isNull="true" />
            <traceSymbolTable isNull="true" />
            <isExecutionContextTraced>false</isExecutionContextTraced>
            <saveExecutionContext>false</saveExecutionContext>
            <documentation isNull="true" />
            <isErrorHandlerEnabled>false</isErrorHandlerEnabled>
            <errorHandlerItemId isNull="true" />
            <guid>guid:b0469c9feb10d60c:14264e71:1571e901856:-7ff2</guid>
            <versionId>2d0237c3-6e3c-4023-8fd9-45122b02ac2b</versionId>
            <externalServiceRef isNull="true" />
            <externalServiceOp isNull="true" />
            <nodeColor isNull="true" />
            <layoutData x="440" y="86">
                <errorLink>
                    <controlPoints />
                    <showEndState>false</showEndState>
                    <showName>false</showName>
                </errorLink>
            </layoutData>
            <TWComponent>
                <lastModified isNull="true" />
                <lastModifiedBy isNull="true" />
                <scriptId>3011.e8d7c673-3053-44b4-8cd1-321f196cff7c</scriptId>
                <scriptTypeId>2</scriptTypeId>
                <isActive>true</isActive>
                <script>var res = new tw.object.GetDocPropertiesServiceOutput();
var j = 0;

res.name = tw.local.document.name;
res.objectId = tw.local.document.objectId;
res.objectTypeId = tw.local.document.objectTypeId;
res.contentURL = tw.local.document.contentURL;
res.properties = new tw.object.listOf.ECMProperty();
res.properties[j] = new tw.object.ECMProperty();
res.properties[j].objectTypeId = "cmis:name";
res.properties[j].value = tw.local.document.name;


for(var i = 0; i &lt; tw.local.document.properties.listLength; i++)
{
    var prop = tw.local.document.properties[i];
    
    if(prop.value)
    {
        j++;
        res.properties[j] = new tw.object.ECMProperty();
        res.properties[j].objectTypeId = prop.objectTypeId;
        res.properties[j].value = prop.value;   
    }
}

tw.local.results = res;</script>
                <isRule>false</isRule>
                <guid>6d8c4fc5-0525-47ec-9912-021f18005557</guid>
                <versionId>4af87687-9c5a-46ce-aa47-3a7290744ae5</versionId>
            </TWComponent>
        </item>
        <item>
            <lastModified isNull="true" />
            <lastModifiedBy isNull="true" />
            <processItemId>2025.af0f51fc-66ff-43f4-9b72-baba1f534852</processItemId>
            <processId>1.868d536b-923e-4048-b5f3-2a465b087af0</processId>
            <name>End</name>
            <tWComponentName>ExitPoint</tWComponentName>
            <tWComponentId>3008.25f2d1bd-66da-4ef0-8564-d89575f7489a</tWComponentId>
            <isLogEnabled>false</isLogEnabled>
            <isTraceEnabled>false</isTraceEnabled>
            <traceCategory isNull="true" />
            <traceLevel isNull="true" />
            <traceMessage isNull="true" />
            <traceSymbolTable isNull="true" />
            <isExecutionContextTraced>false</isExecutionContextTraced>
            <saveExecutionContext>true</saveExecutionContext>
            <documentation isNull="true" />
            <isErrorHandlerEnabled>false</isErrorHandlerEnabled>
            <errorHandlerItemId isNull="true" />
            <guid>guid:b0469c9feb10d60c:14264e71:1571e901856:-7ff5</guid>
            <versionId>5a5d3cd7-6706-416f-8c0d-fecc0cf94778</versionId>
            <externalServiceRef isNull="true" />
            <externalServiceOp isNull="true" />
            <nodeColor isNull="true" />
            <layoutData x="700" y="101">
                <errorLink>
                    <controlPoints />
                    <showEndState>false</showEndState>
                    <showName>false</showName>
                </errorLink>
            </layoutData>
            <TWComponent>
                <lastModified isNull="true" />
                <lastModifiedBy isNull="true" />
                <exitPointId>3008.25f2d1bd-66da-4ef0-8564-d89575f7489a</exitPointId>
                <haltProcess>false</haltProcess>
                <guid>98f10ad6-904f-4a4a-bdc1-07bc0645087f</guid>
                <versionId>4217ee67-3752-47b3-9085-73b1b911f0f6</versionId>
            </TWComponent>
        </item>
        <item>
            <lastModified isNull="true" />
            <lastModifiedBy isNull="true" />
            <processItemId>2025.2c6a36df-40e1-4955-ac14-4d3d0db668ef</processItemId>
            <processId>1.868d536b-923e-4048-b5f3-2a465b087af0</processId>
            <name>Get Document by DocId</name>
            <tWComponentName>ECMConnector</tWComponentName>
            <tWComponentId>3030.8243cdef-1ed5-4fd4-8e9a-fa46a8e0e944</tWComponentId>
            <isLogEnabled>false</isLogEnabled>
            <isTraceEnabled>false</isTraceEnabled>
            <traceCategory isNull="true" />
            <traceLevel isNull="true" />
            <traceMessage isNull="true" />
            <traceSymbolTable isNull="true" />
            <isExecutionContextTraced>false</isExecutionContextTraced>
            <saveExecutionContext>false</saveExecutionContext>
            <documentation isNull="true" />
            <isErrorHandlerEnabled>false</isErrorHandlerEnabled>
            <errorHandlerItemId isNull="true" />
            <guid>guid:b0469c9feb10d60c:14264e71:1571e901856:-7ff1</guid>
            <versionId>e9df9cc5-297c-4cfd-b4cb-0d5feb132680</versionId>
            <externalServiceRef isNull="true" />
            <externalServiceOp isNull="true" />
            <nodeColor isNull="true" />
            <layoutData x="203" y="86">
                <errorLink>
                    <controlPoints />
                    <showEndState>false</showEndState>
                    <showName>false</showName>
                </errorLink>
            </layoutData>
            <TWComponent>
                <lastModified isNull="true" />
                <lastModifiedBy isNull="true" />
                <ecmConnectorId>3030.8243cdef-1ed5-4fd4-8e9a-fa46a8e0e944</ecmConnectorId>
                <definition>&lt;config type="com.lombardisoftware.client.persistence.ECMConnectorConfiguration"&gt;&#xD;
  &lt;inputParameters&gt;&#xD;
    &lt;parameter&gt;&#xD;
      &lt;name&gt;documentId&lt;/name&gt;&#xD;
      &lt;type&gt;ECMID&lt;/type&gt;&#xD;
      &lt;description&gt;Document ID&lt;/description&gt;&#xD;
      &lt;defaultValue&gt;&lt;/defaultValue&gt;&#xD;
      &lt;argumentVariable&gt;tw.local.data.documentObjectId&lt;/argumentVariable&gt;&#xD;
      &lt;isArray&gt;&lt;/isArray&gt;&#xD;
      &lt;isList&gt;false&lt;/isList&gt;&#xD;
    &lt;/parameter&gt;&#xD;
    &lt;parameter&gt;&#xD;
      &lt;name&gt;serverName&lt;/name&gt;&#xD;
      &lt;type&gt;String&lt;/type&gt;&#xD;
      &lt;description&gt;Server name&lt;/description&gt;&#xD;
      &lt;defaultValue&gt;&lt;/defaultValue&gt;&#xD;
      &lt;argumentVariable&gt;tw.local.data.serverName&lt;/argumentVariable&gt;&#xD;
      &lt;isArray&gt;&lt;/isArray&gt;&#xD;
      &lt;isList&gt;false&lt;/isList&gt;&#xD;
    &lt;/parameter&gt;&#xD;
  &lt;/inputParameters&gt;&#xD;
  &lt;outputParameters&gt;&#xD;
    &lt;parameter&gt;&#xD;
      &lt;name&gt;document&lt;/name&gt;&#xD;
      &lt;type&gt;ECMDocument&lt;/type&gt;&#xD;
      &lt;description&gt;Document&lt;/description&gt;&#xD;
      &lt;defaultValue&gt;&lt;/defaultValue&gt;&#xD;
      &lt;argumentVariable&gt;tw.local.document&lt;/argumentVariable&gt;&#xD;
      &lt;isArray&gt;&lt;/isArray&gt;&#xD;
      &lt;isList&gt;false&lt;/isList&gt;&#xD;
    &lt;/parameter&gt;&#xD;
  &lt;/outputParameters&gt;&#xD;
  &lt;matchAllSearchCriteria&gt;true&lt;/matchAllSearchCriteria&gt;&#xD;
  &lt;orderOverride&gt;false&lt;/orderOverride&gt;&#xD;
  &lt;orderOverrideValue&gt;&lt;/orderOverrideValue&gt;&#xD;
  &lt;operationType&gt;DOC_OP_GET_DOCUMENT&lt;/operationType&gt;&#xD;
  &lt;server&gt;useMappingServer&lt;/server&gt;&#xD;
  &lt;objectTypeSelection&gt;DOCUMENT&lt;/objectTypeSelection&gt;&#xD;
  &lt;useMappedVariable&gt;false&lt;/useMappedVariable&gt;&#xD;
  &lt;faultParameterId&gt;2055.95a5d5b2-441d-44d2-955e-551b69b99917&lt;/faultParameterId&gt;&#xD;
&lt;/config&gt;</definition>
                <guid>837d1788-ba02-4491-9614-46a4864f291b</guid>
                <versionId>1257a677-835e-40f6-ad48-400fed82a153</versionId>
            </TWComponent>
        </item>
        <startingProcessItemId>2025.2c6a36df-40e1-4955-ac14-4d3d0db668ef</startingProcessItemId>
        <errorHandlerItemId isNull="true" />
        <layoutData noConversion="true">
            <errorLink>
                <controlPoints />
                <showEndState>false</showEndState>
                <showName>false</showName>
            </errorLink>
        </layoutData>
        <startPoint>
            <layoutData x="20" y="102">
                <errorLink>
                    <controlPoints />
                    <showEndState>false</showEndState>
                    <showName>false</showName>
                </errorLink>
            </layoutData>
        </startPoint>
        <startLink>
            <fromPort locationId="rightCenter" portType="1" />
            <toPort locationId="leftCenter" portType="2" />
            <layoutData>
                <controlPoints />
                <showEndState>false</showEndState>
                <showName>false</showName>
            </layoutData>
        </startLink>
        <link name="Untitled">
            <lastModified isNull="true" />
            <lastModifiedBy isNull="true" />
            <processLinkId>2027.2a0a53ec-c312-4862-9492-6be832e3257c</processLinkId>
            <processId>1.868d536b-923e-4048-b5f3-2a465b087af0</processId>
            <description isNull="true" />
            <fromProcessItemId>2025.2c6a36df-40e1-4955-ac14-4d3d0db668ef</fromProcessItemId>
            <endStateId>Out</endStateId>
            <toProcessItemId>2025.83ee5ee8-bf61-4da5-a865-9e6e9f7f527c</toProcessItemId>
            <guid>5e595a9d-f5c1-4ec1-9c12-7e0ad0015de6</guid>
            <versionId>0735598b-498e-4576-baea-fb8d0508f8c9</versionId>
            <layoutData>
                <controlPoints />
                <showEndState>false</showEndState>
                <showName>false</showName>
            </layoutData>
            <fromItemPort locationId="rightCenter" portType="1" />
            <toItemPort locationId="leftCenter" portType="2" />
            <fromProcessItemId>2025.2c6a36df-40e1-4955-ac14-4d3d0db668ef</fromProcessItemId>
            <toProcessItemId>2025.83ee5ee8-bf61-4da5-a865-9e6e9f7f527c</toProcessItemId>
        </link>
        <link name="Untitled">
            <lastModified isNull="true" />
            <lastModifiedBy isNull="true" />
            <processLinkId>2027.e6b478be-9929-4d75-95b8-67abea5f10b1</processLinkId>
            <processId>1.868d536b-923e-4048-b5f3-2a465b087af0</processId>
            <description isNull="true" />
            <fromProcessItemId>2025.83ee5ee8-bf61-4da5-a865-9e6e9f7f527c</fromProcessItemId>
            <endStateId>Out</endStateId>
            <toProcessItemId>2025.af0f51fc-66ff-43f4-9b72-baba1f534852</toProcessItemId>
            <guid>61d5bb17-f8a6-454b-a3fe-39b8b9ad91ea</guid>
            <versionId>1f896eb4-880a-40cf-a5e6-86df5a284a93</versionId>
            <layoutData>
                <controlPoints />
                <showEndState>false</showEndState>
                <showName>false</showName>
            </layoutData>
            <fromItemPort locationId="rightCenter" portType="1" />
            <toItemPort locationId="leftCenter" portType="2" />
            <fromProcessItemId>2025.83ee5ee8-bf61-4da5-a865-9e6e9f7f527c</fromProcessItemId>
            <toProcessItemId>2025.af0f51fc-66ff-43f4-9b72-baba1f534852</toProcessItemId>
        </link>
    </process>
</teamworks>

