<?xml version="1.0" encoding="UTF-8"?>
<teamworks>
    <process id="1.8a6f44b3-b46a-46ac-94f1-0494df39af51" name="ECM Get All Document Type Properties Service">
        <lastModified>1502831811835</lastModified>
        <lastModifiedBy>tw_admin</lastModifiedBy>
        <processId>1.8a6f44b3-b46a-46ac-94f1-0494df39af51</processId>
        <image isNull="true" />
        <tabGroup isNull="true" />
        <startingProcessItemId>2025.5dd51bd0-31e2-46dd-b672-f522f7b246c7</startingProcessItemId>
        <isRootProcess>false</isRootProcess>
        <processType>2</processType>
        <isErrorHandlerEnabled>false</isErrorHandlerEnabled>
        <errorHandlerItemId isNull="true" />
        <isLoggingVariables>false</isLoggingVariables>
        <isTransactional>false</isTransactional>
        <processTimingLevel isNull="true" />
        <participantRef isNull="true" />
        <exposedType isNull="true" />
        <isTrackingEnabled>true</isTrackingEnabled>
        <xmlData isNull="true" />
        <cachingType>false</cachingType>
        <itemLabel isNull="true" />
        <cacheLength>43200</cacheLength>
        <mobileReady>false</mobileReady>
        <sboSyncEnabled>false</sboSyncEnabled>
        <externalId isNull="true" />
        <isSecured>false</isSecured>
        <isAjaxExposed>false</isAjaxExposed>
        <description isNull="true" />
        <guid>08809a46-0b11-44a7-9cd7-95e6c55309bd</guid>
        <versionId>0637718c-f60f-42d6-8cf1-eee70b9f45e4</versionId>
        <dependencySummary isNull="true" />
        <jsonData isNull="true" />
        <field1 isNull="true" />
        <field2 isNull="true" />
        <field3>0</field3>
        <field4 isNull="true" />
        <field5>false</field5>
        <clobField1 isNull="true" />
        <blobField1 isNull="true" />
        <processParameter name="data">
            <lastModified isNull="true" />
            <lastModifiedBy isNull="true" />
            <processParameterId>2055.eac15d20-0fe4-4e3f-a1f1-ff5558a585b4</processParameterId>
            <processId>1.8a6f44b3-b46a-46ac-94f1-0494df39af51</processId>
            <parameterType>1</parameterType>
            <isArrayOf>false</isArrayOf>
            <classId>f1e96cc6-5fd9-4002-8b04-107d4ddae78a/12.d2e5a15a-ea53-4793-9e93-29af5bd80b13</classId>
            <seq>1</seq>
            <hasDefault>false</hasDefault>
            <defaultValue isNull="true" />
            <isLocked>false</isLocked>
            <description isNull="true" />
            <guid>6ba1fa64-7d57-4c4f-8245-ca0562f428c7</guid>
            <versionId>edb7fb6a-8e4d-44b6-a7bd-a6bb56407cc4</versionId>
        </processParameter>
        <processParameter name="results">
            <lastModified isNull="true" />
            <lastModifiedBy isNull="true" />
            <processParameterId>2055.3829d430-1c72-486e-af44-446afde9d431</processParameterId>
            <processId>1.8a6f44b3-b46a-46ac-94f1-0494df39af51</processId>
            <parameterType>2</parameterType>
            <isArrayOf>false</isArrayOf>
            <classId>/12.d090937d-b509-4407-829c-b74dfb856888</classId>
            <seq>2</seq>
            <hasDefault>false</hasDefault>
            <defaultValue isNull="true" />
            <isLocked>false</isLocked>
            <description isNull="true" />
            <guid>f3cfabed-ce06-4183-89b5-5bbbe8130e52</guid>
            <versionId>d93d939d-6293-4a7a-a531-5cf9ed6f8171</versionId>
        </processParameter>
        <processParameter name="error">
            <lastModified isNull="true" />
            <lastModifiedBy isNull="true" />
            <processParameterId>2055.31069b45-5547-475e-8e9c-e975977ac667</processParameterId>
            <processId>1.8a6f44b3-b46a-46ac-94f1-0494df39af51</processId>
            <parameterType>2</parameterType>
            <isArrayOf>false</isArrayOf>
            <classId>f496ca18-836b-46b7-8846-85b2ee01f7eb/12.5551644c-3dc6-4161-a939-4e7f27f8ce45</classId>
            <seq>3</seq>
            <hasDefault>false</hasDefault>
            <defaultValue isNull="true" />
            <isLocked>false</isLocked>
            <description isNull="true" />
            <guid>29d65036-ace2-4973-b40f-5cb3552a6a3c</guid>
            <versionId>05f97bf0-f516-41d3-987b-352e7f995834</versionId>
        </processParameter>
        <processParameter name="ECMError">
            <lastModified isNull="true" />
            <lastModifiedBy isNull="true" />
            <processParameterId>2055.13d0a5df-9730-43ed-a6ff-7061b844d5cc</processParameterId>
            <processId>1.8a6f44b3-b46a-46ac-94f1-0494df39af51</processId>
            <parameterType>3</parameterType>
            <isArrayOf>false</isArrayOf>
            <classId>/12.bfb48b9b-8247-49fb-8f78-82b738b817a6</classId>
            <seq>4</seq>
            <hasDefault>false</hasDefault>
            <defaultValue>ECMError</defaultValue>
            <isLocked>false</isLocked>
            <description isNull="true" />
            <guid>0cca0003-d2a6-4a8d-9c8f-734f5765225b</guid>
            <versionId>1684696d-c4a5-44e9-b7b7-8f3c9043e70c</versionId>
        </processParameter>
        <processVariable name="typeDefinition">
            <lastModified isNull="true" />
            <lastModifiedBy isNull="true" />
            <processVariableId>2056.fea2fe23-fd01-45ad-9801-37bb1859c3ee</processVariableId>
            <description>Auto generated variable for mapping of Get Document Properties</description>
            <processId>1.8a6f44b3-b46a-46ac-94f1-0494df39af51</processId>
            <namespace>2</namespace>
            <seq>3</seq>
            <isArrayOf>false</isArrayOf>
            <isTransient>false</isTransient>
            <classId>/12.d090937d-b509-4407-829c-b74dfb856888</classId>
            <hasDefault>false</hasDefault>
            <defaultValue isNull="true" />
            <guid>0dcde262-aa7b-4a46-96fa-b7234f1449c3</guid>
            <versionId>cb481d7c-8571-4009-9394-721f595b533e</versionId>
        </processVariable>
        <item>
            <lastModified isNull="true" />
            <lastModifiedBy isNull="true" />
            <processItemId>2025.120d29f5-ffbe-4473-bf04-e0a8207eb876</processItemId>
            <processId>1.8a6f44b3-b46a-46ac-94f1-0494df39af51</processId>
            <name>End</name>
            <tWComponentName>ExitPoint</tWComponentName>
            <tWComponentId>3008.f55b82ea-efdc-47cf-b4a2-1c04bfdefaad</tWComponentId>
            <isLogEnabled>false</isLogEnabled>
            <isTraceEnabled>false</isTraceEnabled>
            <traceCategory isNull="true" />
            <traceLevel isNull="true" />
            <traceMessage isNull="true" />
            <traceSymbolTable isNull="true" />
            <isExecutionContextTraced>false</isExecutionContextTraced>
            <saveExecutionContext>true</saveExecutionContext>
            <documentation isNull="true" />
            <isErrorHandlerEnabled>false</isErrorHandlerEnabled>
            <errorHandlerItemId isNull="true" />
            <guid>guid:fc4c70069ec5c5f7:a360b7b:15de63dc61b:-78fd</guid>
            <versionId>05e85057-8d32-4098-89d0-a5bd7e6ab4c8</versionId>
            <externalServiceRef isNull="true" />
            <externalServiceOp isNull="true" />
            <nodeColor isNull="true" />
            <processPrePosts>
                <lastModified isNull="true" />
                <lastModifiedBy isNull="true" />
                <processItemPrePostId>2029.45a5e558-b246-4db7-a459-38ce3e7978db</processItemPrePostId>
                <processItemId>2025.120d29f5-ffbe-4473-bf04-e0a8207eb876</processItemId>
                <location>1</location>
                <script>//log.error("###\nUserProps\n" + tw.local.results);</script>
                <guid>0bd2c4f6-b2fe-433a-86cd-a6d5cacd7817</guid>
                <versionId>06064672-814e-4141-b810-03c9a061d239</versionId>
            </processPrePosts>
            <layoutData x="506" y="99">
                <errorLink>
                    <controlPoints />
                    <showEndState>false</showEndState>
                    <showName>false</showName>
                </errorLink>
            </layoutData>
            <TWComponent>
                <lastModified isNull="true" />
                <lastModifiedBy isNull="true" />
                <exitPointId>3008.f55b82ea-efdc-47cf-b4a2-1c04bfdefaad</exitPointId>
                <haltProcess>false</haltProcess>
                <guid>ac94e6c7-0466-4a3d-b2a8-254283f2ea1a</guid>
                <versionId>94805b82-bdf9-4583-8f05-cfd6bde86f31</versionId>
            </TWComponent>
        </item>
        <item>
            <lastModified isNull="true" />
            <lastModifiedBy isNull="true" />
            <processItemId>2025.dad230f7-eeeb-4280-bfaa-02c2f721f7fe</processItemId>
            <processId>1.8a6f44b3-b46a-46ac-94f1-0494df39af51</processId>
            <name>Get All Properties</name>
            <tWComponentName>Script</tWComponentName>
            <tWComponentId>3011.a995f64b-adbb-472f-9ab2-b0312d33da8f</tWComponentId>
            <isLogEnabled>false</isLogEnabled>
            <isTraceEnabled>false</isTraceEnabled>
            <traceCategory isNull="true" />
            <traceLevel isNull="true" />
            <traceMessage isNull="true" />
            <traceSymbolTable isNull="true" />
            <isExecutionContextTraced>false</isExecutionContextTraced>
            <saveExecutionContext>false</saveExecutionContext>
            <documentation isNull="true" />
            <isErrorHandlerEnabled>false</isErrorHandlerEnabled>
            <errorHandlerItemId isNull="true" />
            <guid>guid:fc4c70069ec5c5f7:a360b7b:15de63dc61b:-78fe</guid>
            <versionId>4bfb527b-1549-4854-8cfa-74d1a2b9dca4</versionId>
            <externalServiceRef isNull="true" />
            <externalServiceOp isNull="true" />
            <nodeColor isNull="true" />
            <layoutData x="346" y="84">
                <errorLink>
                    <controlPoints />
                    <showEndState>false</showEndState>
                    <showName>false</showName>
                </errorLink>
            </layoutData>
            <TWComponent>
                <lastModified isNull="true" />
                <lastModifiedBy isNull="true" />
                <scriptId>3011.a995f64b-adbb-472f-9ab2-b0312d33da8f</scriptId>
                <scriptTypeId>2</scriptTypeId>
                <isActive>true</isActive>
                <script>var out = new tw.object.ECMObjectTypeDefinition();
out.objectTypeId = tw.local.typeDefinition.objectTypeId;
out.localName = tw.local.typeDefinition.localName;
out.localNamespace = tw.local.typeDefinition.localNamespace;
out.queryName = tw.local.typeDefinition.queryName;
out.displayName = tw.local.typeDefinition.displayName;
out.description = tw.local.typeDefinition.description;
out.serverName = tw.local.typeDefinition.serverName;
out.repositoryId = tw.local.typeDefinition.repositoryId;
out.baseId = tw.local.typeDefinition.baseId;
out.queryable = tw.local.typeDefinition.queryable;
out.propertyTypeDefinitions = new tw.object.listOf.ECMPropertyTypeDefinition();

for (var i = 0; i &lt; tw.local.typeDefinition.propertyTypeDefinitions.listLength ; i++) {
    out.propertyTypeDefinitions[out.propertyTypeDefinitions.listLength] = tw.local.typeDefinition.propertyTypeDefinitions[i];
}

tw.local.results = out;</script>
                <isRule>false</isRule>
                <guid>6fdd6364-b60c-4ae4-824f-4a3171c6c0c7</guid>
                <versionId>28d3e176-3768-42cd-b15d-441687b0bbd4</versionId>
            </TWComponent>
        </item>
        <item>
            <lastModified isNull="true" />
            <lastModifiedBy isNull="true" />
            <processItemId>2025.5dd51bd0-31e2-46dd-b672-f522f7b246c7</processItemId>
            <processId>1.8a6f44b3-b46a-46ac-94f1-0494df39af51</processId>
            <name>Get Document Properties</name>
            <tWComponentName>ECMConnector</tWComponentName>
            <tWComponentId>3030.bc1fd3de-3cbb-4e9a-a116-11356f1829ee</tWComponentId>
            <isLogEnabled>false</isLogEnabled>
            <isTraceEnabled>false</isTraceEnabled>
            <traceCategory isNull="true" />
            <traceLevel isNull="true" />
            <traceMessage isNull="true" />
            <traceSymbolTable isNull="true" />
            <isExecutionContextTraced>false</isExecutionContextTraced>
            <saveExecutionContext>false</saveExecutionContext>
            <documentation isNull="true" />
            <isErrorHandlerEnabled>false</isErrorHandlerEnabled>
            <errorHandlerItemId isNull="true" />
            <guid>guid:fc4c70069ec5c5f7:a360b7b:15de63dc61b:-78ff</guid>
            <versionId>bbf38081-8480-4669-bac5-b43034df0f66</versionId>
            <externalServiceRef isNull="true" />
            <externalServiceOp isNull="true" />
            <nodeColor isNull="true" />
            <processPrePosts>
                <lastModified isNull="true" />
                <lastModifiedBy isNull="true" />
                <processItemPrePostId>2029.0540182e-bf84-481a-8fb9-53659df4f2df</processItemPrePostId>
                <processItemId>2025.5dd51bd0-31e2-46dd-b672-f522f7b246c7</processItemId>
                <location>2</location>
                <script isNull="true" />
                <guid>ef779ef9-b6a3-4724-aac7-a0c0f9575560</guid>
                <versionId>95b6421e-45cf-49bc-8340-0b8eba21e4b6</versionId>
            </processPrePosts>
            <layoutData x="161" y="84">
                <errorLink>
                    <controlPoints />
                    <showEndState>false</showEndState>
                    <showName>false</showName>
                </errorLink>
            </layoutData>
            <TWComponent>
                <lastModified isNull="true" />
                <lastModifiedBy isNull="true" />
                <ecmConnectorId>3030.bc1fd3de-3cbb-4e9a-a116-11356f1829ee</ecmConnectorId>
                <definition>&lt;config type="com.lombardisoftware.client.persistence.ECMConnectorConfiguration"&gt;&#xD;
  &lt;inputParameters&gt;&#xD;
    &lt;parameter&gt;&#xD;
      &lt;name&gt;objectTypeId&lt;/name&gt;&#xD;
      &lt;type&gt;ECMID&lt;/type&gt;&#xD;
      &lt;description&gt;Object type ID&lt;/description&gt;&#xD;
      &lt;defaultValue&gt;&lt;/defaultValue&gt;&#xD;
      &lt;argumentVariable&gt;tw.local.data.value&lt;/argumentVariable&gt;&#xD;
      &lt;isArray&gt;&lt;/isArray&gt;&#xD;
      &lt;isList&gt;false&lt;/isList&gt;&#xD;
    &lt;/parameter&gt;&#xD;
    &lt;parameter&gt;&#xD;
      &lt;name&gt;serverName&lt;/name&gt;&#xD;
      &lt;type&gt;String&lt;/type&gt;&#xD;
      &lt;description&gt;Server name&lt;/description&gt;&#xD;
      &lt;defaultValue&gt;&lt;/defaultValue&gt;&#xD;
      &lt;argumentVariable&gt;tw.local.data.name&lt;/argumentVariable&gt;&#xD;
      &lt;isArray&gt;&lt;/isArray&gt;&#xD;
      &lt;isList&gt;false&lt;/isList&gt;&#xD;
    &lt;/parameter&gt;&#xD;
  &lt;/inputParameters&gt;&#xD;
  &lt;outputParameters&gt;&#xD;
    &lt;parameter&gt;&#xD;
      &lt;name&gt;typeDefinition&lt;/name&gt;&#xD;
      &lt;type&gt;ECMObjectTypeDefinition&lt;/type&gt;&#xD;
      &lt;description&gt;Type definition&lt;/description&gt;&#xD;
      &lt;defaultValue&gt;&lt;/defaultValue&gt;&#xD;
      &lt;argumentVariable&gt;tw.local.typeDefinition&lt;/argumentVariable&gt;&#xD;
      &lt;isArray&gt;&lt;/isArray&gt;&#xD;
      &lt;isList&gt;false&lt;/isList&gt;&#xD;
    &lt;/parameter&gt;&#xD;
  &lt;/outputParameters&gt;&#xD;
  &lt;matchAllSearchCriteria&gt;true&lt;/matchAllSearchCriteria&gt;&#xD;
  &lt;searchParameters /&gt;&#xD;
  &lt;selectParameters /&gt;&#xD;
  &lt;orderOverride&gt;false&lt;/orderOverride&gt;&#xD;
  &lt;orderOverrideValue&gt;&lt;/orderOverrideValue&gt;&#xD;
  &lt;operationType&gt;SERVER_OP_GET_TYPE_DEFINITION&lt;/operationType&gt;&#xD;
  &lt;server&gt;useMappingServer&lt;/server&gt;&#xD;
  &lt;objectTypeSelection&gt;DOCUMENT&lt;/objectTypeSelection&gt;&#xD;
  &lt;useMappedVariable&gt;false&lt;/useMappedVariable&gt;&#xD;
  &lt;faultParameterId&gt;2055.6755bba1-4f72-446c-8c5c-ba5899a9d4b2&lt;/faultParameterId&gt;&#xD;
&lt;/config&gt;</definition>
                <guid>925c3e7f-030d-40a3-b4f1-45fb7343f6d6</guid>
                <versionId>f543855a-1770-49da-86cd-0e845de9c4b0</versionId>
            </TWComponent>
        </item>
        <startingProcessItemId>2025.5dd51bd0-31e2-46dd-b672-f522f7b246c7</startingProcessItemId>
        <errorHandlerItemId isNull="true" />
        <layoutData noConversion="true">
            <errorLink>
                <controlPoints />
                <showEndState>false</showEndState>
                <showName>false</showName>
            </errorLink>
        </layoutData>
        <startPoint>
            <layoutData x="20" y="100">
                <errorLink>
                    <controlPoints />
                    <showEndState>false</showEndState>
                    <showName>false</showName>
                </errorLink>
            </layoutData>
        </startPoint>
        <startLink>
            <fromPort locationId="rightCenter" portType="1" />
            <toPort locationId="leftCenter" portType="2" />
            <layoutData>
                <controlPoints />
                <showEndState>false</showEndState>
                <showName>false</showName>
            </layoutData>
        </startLink>
        <link name="Untitled">
            <lastModified isNull="true" />
            <lastModifiedBy isNull="true" />
            <processLinkId>2027.d50907c6-8f34-4480-9783-113dadcafb74</processLinkId>
            <processId>1.8a6f44b3-b46a-46ac-94f1-0494df39af51</processId>
            <description isNull="true" />
            <fromProcessItemId>2025.dad230f7-eeeb-4280-bfaa-02c2f721f7fe</fromProcessItemId>
            <endStateId>Out</endStateId>
            <toProcessItemId>2025.120d29f5-ffbe-4473-bf04-e0a8207eb876</toProcessItemId>
            <guid>9c646391-6f08-4bfb-9ed0-df7d83dab9ca</guid>
            <versionId>7cf79f3b-f783-4c2e-912d-05280257db82</versionId>
            <layoutData>
                <controlPoints />
                <showEndState>false</showEndState>
                <showName>false</showName>
            </layoutData>
            <fromItemPort locationId="rightCenter" portType="1" />
            <toItemPort locationId="leftCenter" portType="2" />
            <fromProcessItemId>2025.dad230f7-eeeb-4280-bfaa-02c2f721f7fe</fromProcessItemId>
            <toProcessItemId>2025.120d29f5-ffbe-4473-bf04-e0a8207eb876</toProcessItemId>
        </link>
        <link name="Untitled">
            <lastModified isNull="true" />
            <lastModifiedBy isNull="true" />
            <processLinkId>2027.43568925-b91c-4cfb-ae93-c87bcec27763</processLinkId>
            <processId>1.8a6f44b3-b46a-46ac-94f1-0494df39af51</processId>
            <description isNull="true" />
            <fromProcessItemId>2025.5dd51bd0-31e2-46dd-b672-f522f7b246c7</fromProcessItemId>
            <endStateId>Out</endStateId>
            <toProcessItemId>2025.dad230f7-eeeb-4280-bfaa-02c2f721f7fe</toProcessItemId>
            <guid>58090414-c7bd-49b8-a622-b356154c16b0</guid>
            <versionId>9ffca722-c691-418d-ab02-c9167fa2ae35</versionId>
            <layoutData>
                <controlPoints />
                <showEndState>false</showEndState>
                <showName>false</showName>
            </layoutData>
            <fromItemPort locationId="rightCenter" portType="1" />
            <toItemPort locationId="leftCenter" portType="2" />
            <fromProcessItemId>2025.5dd51bd0-31e2-46dd-b672-f522f7b246c7</fromProcessItemId>
            <toProcessItemId>2025.dad230f7-eeeb-4280-bfaa-02c2f721f7fe</toProcessItemId>
        </link>
    </process>
</teamworks>

