<?xml version="1.0" encoding="UTF-8"?>
<teamworks>
    <process id="1.8cea8458-60e1-447c-bc41-cb2019134f2a" name="ECM Get Content Object Properties Service">
        <lastModified>1551132520081</lastModified>
        <lastModifiedBy>tw_admin</lastModifiedBy>
        <processId>1.8cea8458-60e1-447c-bc41-cb2019134f2a</processId>
        <image isNull="true" />
        <tabGroup isNull="true" />
        <startingProcessItemId>2025.9de494cd-76f6-4cdc-8b5e-438f4c6d83a5</startingProcessItemId>
        <isRootProcess>false</isRootProcess>
        <processType>4</processType>
        <isErrorHandlerEnabled>false</isErrorHandlerEnabled>
        <errorHandlerItemId isNull="true" />
        <isLoggingVariables>false</isLoggingVariables>
        <isTransactional>false</isTransactional>
        <processTimingLevel isNull="true" />
        <participantRef isNull="true" />
        <exposedType isNull="true" />
        <isTrackingEnabled>true</isTrackingEnabled>
        <xmlData isNull="true" />
        <cachingType>false</cachingType>
        <itemLabel isNull="true" />
        <cacheLength>43200</cacheLength>
        <mobileReady>false</mobileReady>
        <sboSyncEnabled>true</sboSyncEnabled>
        <externalId isNull="true" />
        <isSecured>false</isSecured>
        <isAjaxExposed>false</isAjaxExposed>
        <description>&lt;HTML&gt;&lt;HEAD&gt;&#xD;
&lt;STYLE type=text/css&gt; p{margin:0px;}&lt;/STYLE&gt;&#xD;
&lt;/HEAD&gt;&#xD;
&lt;BODY style="FONT-SIZE: 10pt; FONT-FAMILY: arial" bgColor=#f5f5f5&gt;The service that returns the properties of a content object.&lt;/BODY&gt;&lt;/HTML&gt;</description>
        <guid>guid:8834599c84d802ca:5a7bd053:1690260eaf6:-7fed</guid>
        <versionId>ad7009a1-9976-497b-a30b-0a7a48e1137e</versionId>
        <dependencySummary isNull="true" />
        <jsonData isNull="true" />
        <field1 isNull="true" />
        <field2 isNull="true" />
        <field3>0</field3>
        <field4 isNull="true" />
        <field5>false</field5>
        <clobField1 isNull="true" />
        <blobField1 isNull="true" />
        <processParameter name="contentObjectId">
            <lastModified isNull="true" />
            <lastModifiedBy isNull="true" />
            <processParameterId>2055.3b3692c8-8278-4690-a661-07f8d872e464</processParameterId>
            <processId>1.8cea8458-60e1-447c-bc41-cb2019134f2a</processId>
            <parameterType>1</parameterType>
            <isArrayOf>false</isArrayOf>
            <classId>/12.3212d5b3-f692-41b3-a893-343dc5c3df01</classId>
            <seq>1</seq>
            <hasDefault>false</hasDefault>
            <defaultValue isNull="true" />
            <isLocked>false</isLocked>
            <description isNull="true" />
            <guid>4554aceb-798d-4666-9ab8-e940a8e3272f</guid>
            <versionId>32ead1f9-3fce-4642-bec4-e777fc6acf83</versionId>
        </processParameter>
        <processParameter name="serverName">
            <lastModified isNull="true" />
            <lastModifiedBy isNull="true" />
            <processParameterId>2055.13663d74-4b0b-4ca2-b5f2-1694eaaf08ed</processParameterId>
            <processId>1.8cea8458-60e1-447c-bc41-cb2019134f2a</processId>
            <parameterType>1</parameterType>
            <isArrayOf>false</isArrayOf>
            <classId>f1e96cc6-5fd9-4002-8b04-107d4ddae78a/12.db884a3c-c533-44b7-bb2d-47bec8ad4022</classId>
            <seq>2</seq>
            <hasDefault>false</hasDefault>
            <defaultValue isNull="true" />
            <isLocked>false</isLocked>
            <description isNull="true" />
            <guid>6dd92d6b-21e7-4470-b6d6-f4059555cf2d</guid>
            <versionId>caff8e7e-46b2-4c89-880f-d6b11cbdaa39</versionId>
        </processParameter>
        <processParameter name="properties">
            <lastModified isNull="true" />
            <lastModifiedBy isNull="true" />
            <processParameterId>2055.e0668bbb-3e39-46fa-a65a-684408f2e6e5</processParameterId>
            <processId>1.8cea8458-60e1-447c-bc41-cb2019134f2a</processId>
            <parameterType>2</parameterType>
            <isArrayOf>true</isArrayOf>
            <classId>/12.a4275847-1a37-4d3c-9289-0462d5afbca9</classId>
            <seq>3</seq>
            <hasDefault>false</hasDefault>
            <defaultValue isNull="true" />
            <isLocked>false</isLocked>
            <description isNull="true" />
            <guid>79343cc9-3edf-4a39-a914-c4bc045800db</guid>
            <versionId>80942b6e-4dc5-44d0-91b2-d8548f36263f</versionId>
        </processParameter>
        <processParameter name="ECMError">
            <lastModified isNull="true" />
            <lastModifiedBy isNull="true" />
            <processParameterId>2055.c35993d7-6dec-47aa-8cc6-448f512b6768</processParameterId>
            <processId>1.8cea8458-60e1-447c-bc41-cb2019134f2a</processId>
            <parameterType>3</parameterType>
            <isArrayOf>false</isArrayOf>
            <classId>/12.bfb48b9b-8247-49fb-8f78-82b738b817a6</classId>
            <seq>4</seq>
            <hasDefault>false</hasDefault>
            <defaultValue>ECMError</defaultValue>
            <isLocked>false</isLocked>
            <description isNull="true" />
            <guid>c7145ae3-183b-483c-a024-6910d8a4499c</guid>
            <versionId>f60f8585-9e57-49fd-b392-9ebc7f759d55</versionId>
        </processParameter>
        <processParameter name="ECMError">
            <lastModified isNull="true" />
            <lastModifiedBy isNull="true" />
            <processParameterId>2055.321a4569-f05e-499f-8097-94ec90551ab7</processParameterId>
            <processId>1.8cea8458-60e1-447c-bc41-cb2019134f2a</processId>
            <parameterType>3</parameterType>
            <isArrayOf>false</isArrayOf>
            <classId>/12.bfb48b9b-8247-49fb-8f78-82b738b817a6</classId>
            <seq>5</seq>
            <hasDefault>false</hasDefault>
            <defaultValue>ECMError</defaultValue>
            <isLocked>false</isLocked>
            <description isNull="true" />
            <guid>fc18dc5b-7b69-481e-a685-df2b3fbdf3c8</guid>
            <versionId>51f00285-fae8-4c00-a8cb-e33c3051034c</versionId>
        </processParameter>
        <processVariable name="error">
            <lastModified isNull="true" />
            <lastModifiedBy isNull="true" />
            <processVariableId>2056.a1d137de-8ef3-4753-9a38-881e28475dbe</processVariableId>
            <description isNull="true" />
            <processId>1.8cea8458-60e1-447c-bc41-cb2019134f2a</processId>
            <namespace>2</namespace>
            <seq>1</seq>
            <isArrayOf>false</isArrayOf>
            <isTransient>false</isTransient>
            <classId>/12.bfb48b9b-8247-49fb-8f78-82b738b817a6</classId>
            <hasDefault>false</hasDefault>
            <defaultValue isNull="true" />
            <guid>bb7ce591-0f7a-47b0-9680-4240626308bb</guid>
            <versionId>3ddf2be0-a8b1-422f-9af4-183ae287a9b0</versionId>
        </processVariable>
        <processVariable name="document">
            <lastModified isNull="true" />
            <lastModifiedBy isNull="true" />
            <processVariableId>2056.9737e079-f2fe-496f-874b-61addf1eb2b6</processVariableId>
            <description isNull="true" />
            <processId>1.8cea8458-60e1-447c-bc41-cb2019134f2a</processId>
            <namespace>2</namespace>
            <seq>2</seq>
            <isArrayOf>false</isArrayOf>
            <isTransient>false</isTransient>
            <classId>/12.490f939c-3c6d-4ef7-9707-33b5b618877a</classId>
            <hasDefault>false</hasDefault>
            <defaultValue isNull="true" />
            <guid>ec1a794a-ac70-4f75-ba09-ac9409fc9bdd</guid>
            <versionId>2c0fde88-57af-46cd-9e23-5e24de481d3f</versionId>
        </processVariable>
        <processVariable name="folder">
            <lastModified isNull="true" />
            <lastModifiedBy isNull="true" />
            <processVariableId>2056.10313740-6d16-4831-b6d6-ee0d8984c0c6</processVariableId>
            <description isNull="true" />
            <processId>1.8cea8458-60e1-447c-bc41-cb2019134f2a</processId>
            <namespace>2</namespace>
            <seq>3</seq>
            <isArrayOf>false</isArrayOf>
            <isTransient>false</isTransient>
            <classId>/12.240930df-e9da-40a6-a4e8-4b41b42bb183</classId>
            <hasDefault>false</hasDefault>
            <defaultValue isNull="true" />
            <guid>6235cb84-506b-4e16-ba4e-c3b38e69bc4e</guid>
            <versionId>b2944fda-b158-4e15-b844-86c009a517c7</versionId>
        </processVariable>
        <item>
            <lastModified isNull="true" />
            <lastModifiedBy isNull="true" />
            <processItemId>2025.9de494cd-76f6-4cdc-8b5e-438f4c6d83a5</processItemId>
            <processId>1.8cea8458-60e1-447c-bc41-cb2019134f2a</processId>
            <name>Get Document</name>
            <tWComponentName>ECMConnector</tWComponentName>
            <tWComponentId>3030.e166bd87-1fcc-42f3-91c3-b0d6ac24b8f1</tWComponentId>
            <isLogEnabled>false</isLogEnabled>
            <isTraceEnabled>false</isTraceEnabled>
            <traceCategory isNull="true" />
            <traceLevel isNull="true" />
            <traceMessage isNull="true" />
            <traceSymbolTable isNull="true" />
            <isExecutionContextTraced>false</isExecutionContextTraced>
            <saveExecutionContext>false</saveExecutionContext>
            <documentation isNull="true" />
            <isErrorHandlerEnabled>true</isErrorHandlerEnabled>
            <errorHandlerItemId>2025.477b6c40-eebe-41ae-a530-fdaf0811fe88</errorHandlerItemId>
            <guid>7679a2c3-88fd-409a-89fe-fc8fbf47a3e9</guid>
            <versionId>11ab7472-664b-4d0c-b6e2-e09d0ee2ff31</versionId>
            <externalServiceRef isNull="true" />
            <externalServiceOp isNull="true" />
            <nodeColor isNull="true" />
            <layoutData x="183" y="85">
                <errorLink>
                    <controlPoints />
                    <showEndState>false</showEndState>
                    <showName>false</showName>
                </errorLink>
            </layoutData>
            <errorHandler>
                <name>Content Object Is Not A Document</name>
                <locationId>bottomCenter</locationId>
                <faultStyle>1</faultStyle>
                <value>tw.local.error</value>
                <exceptionCode>ECMError</exceptionCode>
                <classId>/12.bfb48b9b-8247-49fb-8f78-82b738b817a6</classId>
                <isCatchAll>false</isCatchAll>
                <errorHandlerItem>d2d829b6-f85a-47e9-b3c9-4f6d57cbcad4</errorHandlerItem>
                <errorHandlerItemId>2025.477b6c40-eebe-41ae-a530-fdaf0811fe88</errorHandlerItemId>
                <errorHandlerLink>
                    <fromPort locationId="bottomCenter" portType="1" />
                    <toPort locationId="leftCenter" portType="2" />
                    <layoutData>
                        <controlPoints />
                        <showEndState>false</showEndState>
                        <showName>false</showName>
                    </layoutData>
                </errorHandlerLink>
            </errorHandler>
            <TWComponent>
                <lastModified isNull="true" />
                <lastModifiedBy isNull="true" />
                <ecmConnectorId>3030.e166bd87-1fcc-42f3-91c3-b0d6ac24b8f1</ecmConnectorId>
                <definition>&lt;config type="com.lombardisoftware.client.persistence.ECMConnectorConfiguration"&gt;&#xD;
  &lt;inputParameters&gt;&#xD;
    &lt;parameter&gt;&#xD;
      &lt;name&gt;documentId&lt;/name&gt;&#xD;
      &lt;type&gt;ECMID&lt;/type&gt;&#xD;
      &lt;description&gt;Document ID&lt;/description&gt;&#xD;
      &lt;defaultValue /&gt;&#xD;
      &lt;argumentVariable&gt;tw.local.contentObjectId&lt;/argumentVariable&gt;&#xD;
      &lt;isArray&gt;&lt;/isArray&gt;&#xD;
      &lt;isList&gt;false&lt;/isList&gt;&#xD;
    &lt;/parameter&gt;&#xD;
    &lt;parameter&gt;&#xD;
      &lt;name&gt;serverName&lt;/name&gt;&#xD;
      &lt;type&gt;String&lt;/type&gt;&#xD;
      &lt;description&gt;Server name&lt;/description&gt;&#xD;
      &lt;defaultValue /&gt;&#xD;
      &lt;argumentVariable&gt;tw.local.serverName&lt;/argumentVariable&gt;&#xD;
      &lt;isArray&gt;&lt;/isArray&gt;&#xD;
      &lt;isList&gt;false&lt;/isList&gt;&#xD;
    &lt;/parameter&gt;&#xD;
  &lt;/inputParameters&gt;&#xD;
  &lt;outputParameters&gt;&#xD;
    &lt;parameter&gt;&#xD;
      &lt;name&gt;document&lt;/name&gt;&#xD;
      &lt;type&gt;ECMDocument&lt;/type&gt;&#xD;
      &lt;description&gt;Document&lt;/description&gt;&#xD;
      &lt;defaultValue /&gt;&#xD;
      &lt;argumentVariable&gt;tw.local.document&lt;/argumentVariable&gt;&#xD;
      &lt;isArray&gt;&lt;/isArray&gt;&#xD;
      &lt;isList&gt;false&lt;/isList&gt;&#xD;
    &lt;/parameter&gt;&#xD;
  &lt;/outputParameters&gt;&#xD;
  &lt;matchAllSearchCriteria&gt;true&lt;/matchAllSearchCriteria&gt;&#xD;
  &lt;orderOverride&gt;false&lt;/orderOverride&gt;&#xD;
  &lt;orderOverrideValue&gt;&lt;/orderOverrideValue&gt;&#xD;
  &lt;operationType&gt;DOC_OP_GET_DOCUMENT&lt;/operationType&gt;&#xD;
  &lt;server&gt;useMappingServer&lt;/server&gt;&#xD;
  &lt;objectTypeSelection&gt;DOCUMENT&lt;/objectTypeSelection&gt;&#xD;
  &lt;useMappedVariable&gt;false&lt;/useMappedVariable&gt;&#xD;
  &lt;faultParameterId&gt;2055.c35993d7-6dec-47aa-8cc6-448f512b6768&lt;/faultParameterId&gt;&#xD;
&lt;/config&gt;</definition>
                <guid>2b94454e-0023-4a59-bf56-0ecdded4c5ed</guid>
                <versionId>6cb2ab9d-b6ee-41df-97c6-e3b78119cf8f</versionId>
            </TWComponent>
        </item>
        <item>
            <lastModified isNull="true" />
            <lastModifiedBy isNull="true" />
            <processItemId>2025.477b6c40-eebe-41ae-a530-fdaf0811fe88</processItemId>
            <processId>1.8cea8458-60e1-447c-bc41-cb2019134f2a</processId>
            <name>Get Folder</name>
            <tWComponentName>ECMConnector</tWComponentName>
            <tWComponentId>3030.a7f9700e-b980-41d2-a1a4-c83c0a161a69</tWComponentId>
            <isLogEnabled>false</isLogEnabled>
            <isTraceEnabled>false</isTraceEnabled>
            <traceCategory isNull="true" />
            <traceLevel isNull="true" />
            <traceMessage isNull="true" />
            <traceSymbolTable isNull="true" />
            <isExecutionContextTraced>false</isExecutionContextTraced>
            <saveExecutionContext>false</saveExecutionContext>
            <documentation isNull="true" />
            <isErrorHandlerEnabled>false</isErrorHandlerEnabled>
            <errorHandlerItemId isNull="true" />
            <guid>d2d829b6-f85a-47e9-b3c9-4f6d57cbcad4</guid>
            <versionId>35459157-6fce-4595-b5ad-4cee9faa296a</versionId>
            <externalServiceRef isNull="true" />
            <externalServiceOp isNull="true" />
            <nodeColor isNull="true" />
            <layoutData x="372" y="202">
                <errorLink>
                    <controlPoints />
                    <showEndState>false</showEndState>
                    <showName>false</showName>
                </errorLink>
            </layoutData>
            <TWComponent>
                <lastModified isNull="true" />
                <lastModifiedBy isNull="true" />
                <ecmConnectorId>3030.a7f9700e-b980-41d2-a1a4-c83c0a161a69</ecmConnectorId>
                <definition>&lt;config type="com.lombardisoftware.client.persistence.ECMConnectorConfiguration"&gt;&#xD;
  &lt;inputParameters&gt;&#xD;
    &lt;parameter&gt;&#xD;
      &lt;name&gt;folderId&lt;/name&gt;&#xD;
      &lt;type&gt;ECMID&lt;/type&gt;&#xD;
      &lt;description&gt;Folder ID&lt;/description&gt;&#xD;
      &lt;defaultValue /&gt;&#xD;
      &lt;argumentVariable&gt;tw.local.contentObjectId&lt;/argumentVariable&gt;&#xD;
      &lt;isArray&gt;&lt;/isArray&gt;&#xD;
      &lt;isList&gt;false&lt;/isList&gt;&#xD;
    &lt;/parameter&gt;&#xD;
    &lt;parameter&gt;&#xD;
      &lt;name&gt;serverName&lt;/name&gt;&#xD;
      &lt;type&gt;String&lt;/type&gt;&#xD;
      &lt;description&gt;Server name&lt;/description&gt;&#xD;
      &lt;defaultValue /&gt;&#xD;
      &lt;argumentVariable&gt;tw.local.serverName&lt;/argumentVariable&gt;&#xD;
      &lt;isArray&gt;&lt;/isArray&gt;&#xD;
      &lt;isList&gt;false&lt;/isList&gt;&#xD;
    &lt;/parameter&gt;&#xD;
  &lt;/inputParameters&gt;&#xD;
  &lt;outputParameters&gt;&#xD;
    &lt;parameter&gt;&#xD;
      &lt;name&gt;folder&lt;/name&gt;&#xD;
      &lt;type&gt;ECMFolder&lt;/type&gt;&#xD;
      &lt;description&gt;Folder&lt;/description&gt;&#xD;
      &lt;defaultValue /&gt;&#xD;
      &lt;argumentVariable&gt;tw.local.folder&lt;/argumentVariable&gt;&#xD;
      &lt;isArray&gt;&lt;/isArray&gt;&#xD;
      &lt;isList&gt;false&lt;/isList&gt;&#xD;
    &lt;/parameter&gt;&#xD;
  &lt;/outputParameters&gt;&#xD;
  &lt;matchAllSearchCriteria&gt;true&lt;/matchAllSearchCriteria&gt;&#xD;
  &lt;orderOverride&gt;false&lt;/orderOverride&gt;&#xD;
  &lt;orderOverrideValue&gt;&lt;/orderOverrideValue&gt;&#xD;
  &lt;operationType&gt;FOLDER_OP_GET_FOLDER&lt;/operationType&gt;&#xD;
  &lt;server&gt;useMappingServer&lt;/server&gt;&#xD;
  &lt;objectTypeSelection&gt;DOCUMENT&lt;/objectTypeSelection&gt;&#xD;
  &lt;useMappedVariable&gt;false&lt;/useMappedVariable&gt;&#xD;
  &lt;faultParameterId&gt;2055.321a4569-f05e-499f-8097-94ec90551ab7&lt;/faultParameterId&gt;&#xD;
&lt;/config&gt;</definition>
                <guid>bf934ddb-3a92-489b-bb0d-9ec1f0420385</guid>
                <versionId>58e5db7a-ad22-4d30-bc25-6d2fd1bc04c7</versionId>
            </TWComponent>
        </item>
        <item>
            <lastModified isNull="true" />
            <lastModifiedBy isNull="true" />
            <processItemId>2025.13731566-bc82-4f37-aac8-0d5ddd8697fe</processItemId>
            <processId>1.8cea8458-60e1-447c-bc41-cb2019134f2a</processId>
            <name>Retrieve All Properties</name>
            <tWComponentName>Script</tWComponentName>
            <tWComponentId>3011.f0f26730-6a93-47ba-b0df-8cc64fe374a1</tWComponentId>
            <isLogEnabled>false</isLogEnabled>
            <isTraceEnabled>false</isTraceEnabled>
            <traceCategory isNull="true" />
            <traceLevel isNull="true" />
            <traceMessage isNull="true" />
            <traceSymbolTable isNull="true" />
            <isExecutionContextTraced>false</isExecutionContextTraced>
            <saveExecutionContext>false</saveExecutionContext>
            <documentation isNull="true" />
            <isErrorHandlerEnabled>false</isErrorHandlerEnabled>
            <errorHandlerItemId isNull="true" />
            <guid>guid:8834599c84d802ca:5a7bd053:1690260eaf6:-7fe8</guid>
            <versionId>7c827a1b-b7ac-4fa9-9ac1-bb63e2a93dc3</versionId>
            <externalServiceRef isNull="true" />
            <externalServiceOp isNull="true" />
            <nodeColor isNull="true" />
            <layoutData x="535" y="85">
                <errorLink>
                    <controlPoints />
                    <showEndState>false</showEndState>
                    <showName>false</showName>
                </errorLink>
            </layoutData>
            <TWComponent>
                <lastModified isNull="true" />
                <lastModifiedBy isNull="true" />
                <scriptId>3011.f0f26730-6a93-47ba-b0df-8cc64fe374a1</scriptId>
                <scriptTypeId>2</scriptTypeId>
                <isActive>true</isActive>
                <script>var object = (tw.local.error == undefined) ? tw.local.document : tw.local.folder;

tw.local.properties = object.properties;</script>
                <isRule>false</isRule>
                <guid>28a8421e-05a4-473c-9039-26185828f4df</guid>
                <versionId>2681b59e-0f0a-4f1e-ae16-3a74570016e1</versionId>
            </TWComponent>
        </item>
        <item>
            <lastModified isNull="true" />
            <lastModifiedBy isNull="true" />
            <processItemId>2025.1d98cfba-167d-431e-8137-da693d05ca9d</processItemId>
            <processId>1.8cea8458-60e1-447c-bc41-cb2019134f2a</processId>
            <name>End</name>
            <tWComponentName>ExitPoint</tWComponentName>
            <tWComponentId>3008.9fbb712d-1442-434a-a9c6-7bc1f42839d3</tWComponentId>
            <isLogEnabled>false</isLogEnabled>
            <isTraceEnabled>false</isTraceEnabled>
            <traceCategory isNull="true" />
            <traceLevel isNull="true" />
            <traceMessage isNull="true" />
            <traceSymbolTable isNull="true" />
            <isExecutionContextTraced>false</isExecutionContextTraced>
            <saveExecutionContext>true</saveExecutionContext>
            <documentation isNull="true" />
            <isErrorHandlerEnabled>false</isErrorHandlerEnabled>
            <errorHandlerItemId isNull="true" />
            <guid>guid:8834599c84d802ca:5a7bd053:1690260eaf6:-7fec</guid>
            <versionId>92375417-5adc-420f-832b-cc6e3675f48f</versionId>
            <externalServiceRef isNull="true" />
            <externalServiceOp isNull="true" />
            <nodeColor isNull="true" />
            <layoutData x="700" y="107">
                <errorLink>
                    <controlPoints />
                    <showEndState>false</showEndState>
                    <showName>false</showName>
                </errorLink>
            </layoutData>
            <TWComponent>
                <lastModified isNull="true" />
                <lastModifiedBy isNull="true" />
                <exitPointId>3008.9fbb712d-1442-434a-a9c6-7bc1f42839d3</exitPointId>
                <haltProcess>false</haltProcess>
                <guid>2c77495d-2290-4b7d-9370-e47bb527e6e5</guid>
                <versionId>593839df-eb0a-4056-9e8c-a16e81aa203b</versionId>
            </TWComponent>
        </item>
        <startingProcessItemId>2025.9de494cd-76f6-4cdc-8b5e-438f4c6d83a5</startingProcessItemId>
        <errorHandlerItemId isNull="true" />
        <layoutData noConversion="true">
            <errorLink>
                <controlPoints />
                <showEndState>false</showEndState>
                <showName>false</showName>
            </errorLink>
        </layoutData>
        <startPoint>
            <layoutData x="20" y="108">
                <errorLink>
                    <controlPoints />
                    <showEndState>false</showEndState>
                    <showName>false</showName>
                </errorLink>
            </layoutData>
        </startPoint>
        <startLink>
            <fromPort locationId="rightCenter" portType="1" />
            <toPort locationId="leftCenter" portType="2" />
            <layoutData>
                <controlPoints />
                <showEndState>false</showEndState>
                <showName>false</showName>
            </layoutData>
        </startLink>
        <link name="Untitled">
            <lastModified isNull="true" />
            <lastModifiedBy isNull="true" />
            <processLinkId>2027.a4a2c3a0-acd4-43ff-883f-21fa308096a3</processLinkId>
            <processId>1.8cea8458-60e1-447c-bc41-cb2019134f2a</processId>
            <description isNull="true" />
            <fromProcessItemId>2025.477b6c40-eebe-41ae-a530-fdaf0811fe88</fromProcessItemId>
            <endStateId>Out</endStateId>
            <toProcessItemId>2025.13731566-bc82-4f37-aac8-0d5ddd8697fe</toProcessItemId>
            <guid>e10ca7f8-4034-471c-8844-401058d2d75a</guid>
            <versionId>75605668-1d1b-4c05-8b3f-fd684dcb7697</versionId>
            <layoutData>
                <controlPoints />
                <showEndState>false</showEndState>
                <showName>false</showName>
            </layoutData>
            <fromItemPort locationId="rightCenter" portType="1" />
            <toItemPort locationId="bottomCenter" portType="2" />
            <fromProcessItemId>2025.477b6c40-eebe-41ae-a530-fdaf0811fe88</fromProcessItemId>
            <toProcessItemId>2025.13731566-bc82-4f37-aac8-0d5ddd8697fe</toProcessItemId>
        </link>
        <link name="Untitled">
            <lastModified isNull="true" />
            <lastModifiedBy isNull="true" />
            <processLinkId>2027.a6bfc634-4937-4629-806f-fd2eb11c83f0</processLinkId>
            <processId>1.8cea8458-60e1-447c-bc41-cb2019134f2a</processId>
            <description isNull="true" />
            <fromProcessItemId>2025.9de494cd-76f6-4cdc-8b5e-438f4c6d83a5</fromProcessItemId>
            <endStateId>Out</endStateId>
            <toProcessItemId>2025.13731566-bc82-4f37-aac8-0d5ddd8697fe</toProcessItemId>
            <guid>dc9b1988-1369-4d9b-85fc-afc0c6432723</guid>
            <versionId>a3efe4f8-5600-4cf4-a5d7-30734859a17d</versionId>
            <layoutData>
                <controlPoints />
                <showEndState>false</showEndState>
                <showName>false</showName>
            </layoutData>
            <fromItemPort locationId="rightCenter" portType="1" />
            <toItemPort locationId="leftCenter" portType="2" />
            <fromProcessItemId>2025.9de494cd-76f6-4cdc-8b5e-438f4c6d83a5</fromProcessItemId>
            <toProcessItemId>2025.13731566-bc82-4f37-aac8-0d5ddd8697fe</toProcessItemId>
        </link>
        <link name="Untitled">
            <lastModified isNull="true" />
            <lastModifiedBy isNull="true" />
            <processLinkId>2027.4ed8cb5f-1031-4ee5-ade8-0db88b0ec3a1</processLinkId>
            <processId>1.8cea8458-60e1-447c-bc41-cb2019134f2a</processId>
            <description isNull="true" />
            <fromProcessItemId>2025.13731566-bc82-4f37-aac8-0d5ddd8697fe</fromProcessItemId>
            <endStateId>Out</endStateId>
            <toProcessItemId>2025.1d98cfba-167d-431e-8137-da693d05ca9d</toProcessItemId>
            <guid>aec6495d-754d-4352-93b5-3774237c4e15</guid>
            <versionId>bd95dcb4-9442-4790-9a0a-ba73721e062e</versionId>
            <layoutData>
                <controlPoints />
                <showEndState>false</showEndState>
                <showName>false</showName>
            </layoutData>
            <fromItemPort locationId="rightCenter" portType="1" />
            <toItemPort locationId="leftCenter" portType="2" />
            <fromProcessItemId>2025.13731566-bc82-4f37-aac8-0d5ddd8697fe</fromProcessItemId>
            <toProcessItemId>2025.1d98cfba-167d-431e-8137-da693d05ca9d</toProcessItemId>
        </link>
    </process>
</teamworks>

