<?xml version="1.0" encoding="UTF-8"?>
<teamworks>
    <process id="1.8e5be6fe-a80e-40d4-8f16-dfee4e5666df" name="ECM Get Object Service">
        <lastModified>1486198663844</lastModified>
        <lastModifiedBy>celladmin</lastModifiedBy>
        <processId>1.8e5be6fe-a80e-40d4-8f16-dfee4e5666df</processId>
        <image isNull="true" />
        <tabGroup isNull="true" />
        <startingProcessItemId>2025.0c0a92e4-799c-4c6d-a9a6-de445c39f693</startingProcessItemId>
        <isRootProcess>false</isRootProcess>
        <processType>2</processType>
        <isErrorHandlerEnabled>false</isErrorHandlerEnabled>
        <errorHandlerItemId isNull="true" />
        <isLoggingVariables>false</isLoggingVariables>
        <isTransactional>false</isTransactional>
        <processTimingLevel isNull="true" />
        <participantRef isNull="true" />
        <exposedType isNull="true" />
        <isTrackingEnabled>true</isTrackingEnabled>
        <xmlData isNull="true" />
        <cachingType>false</cachingType>
        <itemLabel isNull="true" />
        <cacheLength>43200</cacheLength>
        <mobileReady>false</mobileReady>
        <sboSyncEnabled>false</sboSyncEnabled>
        <externalId isNull="true" />
        <isSecured>false</isSecured>
        <isAjaxExposed>false</isAjaxExposed>
        <description isNull="true" />
        <guid>7fb78bf9-7cb3-48de-8d04-96a05221d43d</guid>
        <versionId>bdcc51d1-e2f5-434b-8ea2-97139502bd11</versionId>
        <dependencySummary isNull="true" />
        <jsonData isNull="true" />
        <field1 isNull="true" />
        <field2 isNull="true" />
        <field3>0</field3>
        <field4 isNull="true" />
        <field5>false</field5>
        <clobField1 isNull="true" />
        <blobField1 isNull="true" />
        <processParameter name="data">
            <lastModified isNull="true" />
            <lastModifiedBy isNull="true" />
            <processParameterId>2055.f1b430b2-9762-45cf-9b9c-1fced78b7935</processParameterId>
            <processId>1.8e5be6fe-a80e-40d4-8f16-dfee4e5666df</processId>
            <parameterType>1</parameterType>
            <isArrayOf>false</isArrayOf>
            <classId>/12.a4faccae-de05-4973-a377-49061b74743e</classId>
            <seq>1</seq>
            <hasDefault>false</hasDefault>
            <defaultValue isNull="true" />
            <isLocked>false</isLocked>
            <description isNull="true" />
            <guid>ed3ddece-b205-49cf-8b98-c9ca4a334e99</guid>
            <versionId>24594c83-78c7-4ce3-801b-2e1e7d26960e</versionId>
        </processParameter>
        <processParameter name="results">
            <lastModified isNull="true" />
            <lastModifiedBy isNull="true" />
            <processParameterId>2055.e4a29ccc-ca4d-4e57-a13b-33891ea8ecc1</processParameterId>
            <processId>1.8e5be6fe-a80e-40d4-8f16-dfee4e5666df</processId>
            <parameterType>2</parameterType>
            <isArrayOf>false</isArrayOf>
            <classId>f1e96cc6-5fd9-4002-8b04-107d4ddae78a/12.c09c9b6e-aabd-4897-bef2-ed61db106297</classId>
            <seq>2</seq>
            <hasDefault>false</hasDefault>
            <defaultValue isNull="true" />
            <isLocked>false</isLocked>
            <description isNull="true" />
            <guid>68dad657-644b-4396-a470-db58cf8444ec</guid>
            <versionId>4487a09e-6b8b-4aa2-8b76-fb4fc0511557</versionId>
        </processParameter>
        <processParameter name="error">
            <lastModified isNull="true" />
            <lastModifiedBy isNull="true" />
            <processParameterId>2055.1b005663-8655-463e-98bc-34c6548a2899</processParameterId>
            <processId>1.8e5be6fe-a80e-40d4-8f16-dfee4e5666df</processId>
            <parameterType>2</parameterType>
            <isArrayOf>false</isArrayOf>
            <classId>f496ca18-836b-46b7-8846-85b2ee01f7eb/12.5551644c-3dc6-4161-a939-4e7f27f8ce45</classId>
            <seq>3</seq>
            <hasDefault>false</hasDefault>
            <defaultValue isNull="true" />
            <isLocked>false</isLocked>
            <description isNull="true" />
            <guid>a4caf438-3e42-4a5d-810c-8fc3ac842960</guid>
            <versionId>e9dc1a8c-5cab-4887-aec6-509e40bc2c61</versionId>
        </processParameter>
        <processParameter name="ECMError">
            <lastModified isNull="true" />
            <lastModifiedBy isNull="true" />
            <processParameterId>2055.b5ea1f9f-04f4-4034-a0af-193d8795ff32</processParameterId>
            <processId>1.8e5be6fe-a80e-40d4-8f16-dfee4e5666df</processId>
            <parameterType>3</parameterType>
            <isArrayOf>false</isArrayOf>
            <classId>/12.bfb48b9b-8247-49fb-8f78-82b738b817a6</classId>
            <seq>4</seq>
            <hasDefault>false</hasDefault>
            <defaultValue>ECMError</defaultValue>
            <isLocked>false</isLocked>
            <description isNull="true" />
            <guid>f67ead55-9129-481d-bd77-78cfc4cee7ab</guid>
            <versionId>dad824ab-4186-4091-8653-a682c5868fea</versionId>
        </processParameter>
        <item>
            <lastModified isNull="true" />
            <lastModifiedBy isNull="true" />
            <processItemId>2025.e28a248c-67fe-4143-86b5-ae23edc8db11</processItemId>
            <processId>1.8e5be6fe-a80e-40d4-8f16-dfee4e5666df</processId>
            <name>End</name>
            <tWComponentName>ExitPoint</tWComponentName>
            <tWComponentId>3008.252990e2-befe-4707-bf39-be4dae6ee145</tWComponentId>
            <isLogEnabled>false</isLogEnabled>
            <isTraceEnabled>false</isTraceEnabled>
            <traceCategory isNull="true" />
            <traceLevel isNull="true" />
            <traceMessage isNull="true" />
            <traceSymbolTable isNull="true" />
            <isExecutionContextTraced>false</isExecutionContextTraced>
            <saveExecutionContext>true</saveExecutionContext>
            <documentation isNull="true" />
            <isErrorHandlerEnabled>false</isErrorHandlerEnabled>
            <errorHandlerItemId isNull="true" />
            <guid>guid:1dec311fdcebb937:-3fa8a729:159fd91c827:-7d2e</guid>
            <versionId>0082590e-a25f-4ef0-ab9a-33c2ea0cbc7b</versionId>
            <externalServiceRef isNull="true" />
            <externalServiceOp isNull="true" />
            <nodeColor isNull="true" />
            <layoutData x="555" y="99">
                <errorLink>
                    <controlPoints />
                    <showEndState>false</showEndState>
                    <showName>false</showName>
                </errorLink>
            </layoutData>
            <TWComponent>
                <lastModified isNull="true" />
                <lastModifiedBy isNull="true" />
                <exitPointId>3008.252990e2-befe-4707-bf39-be4dae6ee145</exitPointId>
                <haltProcess>false</haltProcess>
                <guid>4c9e21ec-4b7b-463f-a9d4-1551856889e8</guid>
                <versionId>2cee9f77-b7e1-488b-a1dd-dacc2d275a01</versionId>
            </TWComponent>
        </item>
        <item>
            <lastModified isNull="true" />
            <lastModifiedBy isNull="true" />
            <processItemId>2025.3cac0fe0-4892-423d-bac4-271ada0ff6ec</processItemId>
            <processId>1.8e5be6fe-a80e-40d4-8f16-dfee4e5666df</processId>
            <name>Get Folder</name>
            <tWComponentName>ECMConnector</tWComponentName>
            <tWComponentId>3030.76787ad7-1d8d-4733-9f6e-b0e192465c3a</tWComponentId>
            <isLogEnabled>false</isLogEnabled>
            <isTraceEnabled>false</isTraceEnabled>
            <traceCategory isNull="true" />
            <traceLevel isNull="true" />
            <traceMessage isNull="true" />
            <traceSymbolTable isNull="true" />
            <isExecutionContextTraced>false</isExecutionContextTraced>
            <saveExecutionContext>false</saveExecutionContext>
            <documentation isNull="true" />
            <isErrorHandlerEnabled>false</isErrorHandlerEnabled>
            <errorHandlerItemId isNull="true" />
            <guid>guid:1dec311fdcebb937:-3fa8a729:159fd91c827:-7d2f</guid>
            <versionId>87ce5096-a50a-4769-96a9-a29975defdd2</versionId>
            <externalServiceRef isNull="true" />
            <externalServiceOp isNull="true" />
            <nodeColor isNull="true" />
            <processPrePosts>
                <lastModified isNull="true" />
                <lastModifiedBy isNull="true" />
                <processItemPrePostId>2029.e7139632-1f70-4933-a066-2f84efbfea4c</processItemPrePostId>
                <processItemId>2025.3cac0fe0-4892-423d-bac4-271ada0ff6ec</processItemId>
                <location>2</location>
                <script>//log.info(tw.local.data);</script>
                <guid>a78d08f7-ae0d-4617-b259-1e6b42ed5182</guid>
                <versionId>0ed962c5-ac80-4a11-a18e-923d07cd6a47</versionId>
            </processPrePosts>
            <layoutData x="319" y="15">
                <errorLink>
                    <controlPoints />
                    <showEndState>false</showEndState>
                    <showName>false</showName>
                </errorLink>
            </layoutData>
            <TWComponent>
                <lastModified isNull="true" />
                <lastModifiedBy isNull="true" />
                <ecmConnectorId>3030.76787ad7-1d8d-4733-9f6e-b0e192465c3a</ecmConnectorId>
                <definition>&lt;config type="com.lombardisoftware.client.persistence.ECMConnectorConfiguration"&gt;&#xD;
  &lt;inputParameters&gt;&#xD;
    &lt;parameter&gt;&#xD;
      &lt;name&gt;folderId&lt;/name&gt;&#xD;
      &lt;type&gt;ECMID&lt;/type&gt;&#xD;
      &lt;description&gt;Folder ID&lt;/description&gt;&#xD;
      &lt;defaultValue&gt;&lt;/defaultValue&gt;&#xD;
      &lt;argumentVariable&gt;tw.local.data.id&lt;/argumentVariable&gt;&#xD;
      &lt;isArray&gt;&lt;/isArray&gt;&#xD;
      &lt;isList&gt;false&lt;/isList&gt;&#xD;
    &lt;/parameter&gt;&#xD;
    &lt;parameter&gt;&#xD;
      &lt;name&gt;serverName&lt;/name&gt;&#xD;
      &lt;type&gt;String&lt;/type&gt;&#xD;
      &lt;description&gt;Server name&lt;/description&gt;&#xD;
      &lt;defaultValue&gt;&lt;/defaultValue&gt;&#xD;
      &lt;argumentVariable&gt;tw.local.data.serverName&lt;/argumentVariable&gt;&#xD;
      &lt;isArray&gt;&lt;/isArray&gt;&#xD;
      &lt;isList&gt;false&lt;/isList&gt;&#xD;
    &lt;/parameter&gt;&#xD;
  &lt;/inputParameters&gt;&#xD;
  &lt;outputParameters&gt;&#xD;
    &lt;parameter&gt;&#xD;
      &lt;name&gt;folder&lt;/name&gt;&#xD;
      &lt;type&gt;ECMFolder&lt;/type&gt;&#xD;
      &lt;description&gt;Folder&lt;/description&gt;&#xD;
      &lt;defaultValue&gt;&lt;/defaultValue&gt;&#xD;
      &lt;argumentVariable&gt;tw.local.results&lt;/argumentVariable&gt;&#xD;
      &lt;isArray&gt;&lt;/isArray&gt;&#xD;
      &lt;isList&gt;false&lt;/isList&gt;&#xD;
    &lt;/parameter&gt;&#xD;
  &lt;/outputParameters&gt;&#xD;
  &lt;matchAllSearchCriteria&gt;true&lt;/matchAllSearchCriteria&gt;&#xD;
  &lt;searchParameters /&gt;&#xD;
  &lt;selectParameters /&gt;&#xD;
  &lt;orderOverride&gt;false&lt;/orderOverride&gt;&#xD;
  &lt;orderOverrideValue&gt;&lt;/orderOverrideValue&gt;&#xD;
  &lt;operationType&gt;FOLDER_OP_GET_FOLDER&lt;/operationType&gt;&#xD;
  &lt;server&gt;useMappingServer&lt;/server&gt;&#xD;
  &lt;objectTypeSelection&gt;DOCUMENT&lt;/objectTypeSelection&gt;&#xD;
  &lt;useMappedVariable&gt;false&lt;/useMappedVariable&gt;&#xD;
  &lt;faultParameterId&gt;2055.a16c9113-2505-482a-ab66-d4dc5fd61258&lt;/faultParameterId&gt;&#xD;
&lt;/config&gt;</definition>
                <guid>61372d7a-1264-468b-80c9-66f0e84cf508</guid>
                <versionId>2bfd8445-6713-4640-9b02-3820a4369694</versionId>
            </TWComponent>
        </item>
        <item>
            <lastModified isNull="true" />
            <lastModifiedBy isNull="true" />
            <processItemId>2025.0cf1db12-7027-4a79-aee2-968d62812a47</processItemId>
            <processId>1.8e5be6fe-a80e-40d4-8f16-dfee4e5666df</processId>
            <name>Get Document</name>
            <tWComponentName>ECMConnector</tWComponentName>
            <tWComponentId>3030.7f57083c-b591-4790-8b9a-9d0ab02b98ab</tWComponentId>
            <isLogEnabled>false</isLogEnabled>
            <isTraceEnabled>false</isTraceEnabled>
            <traceCategory isNull="true" />
            <traceLevel isNull="true" />
            <traceMessage isNull="true" />
            <traceSymbolTable isNull="true" />
            <isExecutionContextTraced>false</isExecutionContextTraced>
            <saveExecutionContext>false</saveExecutionContext>
            <documentation isNull="true" />
            <isErrorHandlerEnabled>false</isErrorHandlerEnabled>
            <errorHandlerItemId isNull="true" />
            <guid>858d425a-5bd8-49d0-9ef1-349a27d9dddc</guid>
            <versionId>c8a43670-8b76-4799-a150-c83636b6a662</versionId>
            <externalServiceRef isNull="true" />
            <externalServiceOp isNull="true" />
            <nodeColor isNull="true" />
            <layoutData x="317" y="191">
                <errorLink>
                    <controlPoints />
                    <showEndState>false</showEndState>
                    <showName>false</showName>
                </errorLink>
            </layoutData>
            <TWComponent>
                <lastModified isNull="true" />
                <lastModifiedBy isNull="true" />
                <ecmConnectorId>3030.7f57083c-b591-4790-8b9a-9d0ab02b98ab</ecmConnectorId>
                <definition>&lt;config type="com.lombardisoftware.client.persistence.ECMConnectorConfiguration"&gt;&#xD;
  &lt;inputParameters&gt;&#xD;
    &lt;parameter&gt;&#xD;
      &lt;name&gt;documentId&lt;/name&gt;&#xD;
      &lt;type&gt;ECMID&lt;/type&gt;&#xD;
      &lt;description&gt;Document ID&lt;/description&gt;&#xD;
      &lt;defaultValue /&gt;&#xD;
      &lt;argumentVariable&gt;tw.local.data.id&lt;/argumentVariable&gt;&#xD;
      &lt;isArray&gt;&lt;/isArray&gt;&#xD;
      &lt;isList&gt;false&lt;/isList&gt;&#xD;
    &lt;/parameter&gt;&#xD;
    &lt;parameter&gt;&#xD;
      &lt;name&gt;serverName&lt;/name&gt;&#xD;
      &lt;type&gt;String&lt;/type&gt;&#xD;
      &lt;description&gt;Server name&lt;/description&gt;&#xD;
      &lt;defaultValue /&gt;&#xD;
      &lt;argumentVariable&gt;tw.local.data.serverName&lt;/argumentVariable&gt;&#xD;
      &lt;isArray&gt;&lt;/isArray&gt;&#xD;
      &lt;isList&gt;false&lt;/isList&gt;&#xD;
    &lt;/parameter&gt;&#xD;
  &lt;/inputParameters&gt;&#xD;
  &lt;outputParameters&gt;&#xD;
    &lt;parameter&gt;&#xD;
      &lt;name&gt;document&lt;/name&gt;&#xD;
      &lt;type&gt;ECMDocument&lt;/type&gt;&#xD;
      &lt;description&gt;Document&lt;/description&gt;&#xD;
      &lt;defaultValue /&gt;&#xD;
      &lt;argumentVariable&gt;tw.local.results&lt;/argumentVariable&gt;&#xD;
      &lt;isArray&gt;&lt;/isArray&gt;&#xD;
      &lt;isList&gt;false&lt;/isList&gt;&#xD;
    &lt;/parameter&gt;&#xD;
  &lt;/outputParameters&gt;&#xD;
  &lt;matchAllSearchCriteria&gt;true&lt;/matchAllSearchCriteria&gt;&#xD;
  &lt;orderOverride&gt;false&lt;/orderOverride&gt;&#xD;
  &lt;orderOverrideValue&gt;&lt;/orderOverrideValue&gt;&#xD;
  &lt;operationType&gt;DOC_OP_GET_DOCUMENT&lt;/operationType&gt;&#xD;
  &lt;server&gt;useMappingServer&lt;/server&gt;&#xD;
  &lt;objectTypeSelection&gt;DOCUMENT&lt;/objectTypeSelection&gt;&#xD;
  &lt;useMappedVariable&gt;false&lt;/useMappedVariable&gt;&#xD;
  &lt;faultParameterId&gt;2055.b5ea1f9f-04f4-4034-a0af-193d8795ff32&lt;/faultParameterId&gt;&#xD;
&lt;/config&gt;</definition>
                <guid>3b141c4c-6b5c-4d0b-9466-62880a14a198</guid>
                <versionId>63cc5bfd-f33b-422f-88ed-8bf00402f94b</versionId>
            </TWComponent>
        </item>
        <item>
            <lastModified isNull="true" />
            <lastModifiedBy isNull="true" />
            <processItemId>2025.0c0a92e4-799c-4c6d-a9a6-de445c39f693</processItemId>
            <processId>1.8e5be6fe-a80e-40d4-8f16-dfee4e5666df</processId>
            <name>Is Folder</name>
            <tWComponentName>Switch</tWComponentName>
            <tWComponentId>3013.da094d9e-d6f3-443d-aa6c-67dcee155377</tWComponentId>
            <isLogEnabled>false</isLogEnabled>
            <isTraceEnabled>false</isTraceEnabled>
            <traceCategory isNull="true" />
            <traceLevel isNull="true" />
            <traceMessage isNull="true" />
            <traceSymbolTable isNull="true" />
            <isExecutionContextTraced>false</isExecutionContextTraced>
            <saveExecutionContext>false</saveExecutionContext>
            <documentation isNull="true" />
            <isErrorHandlerEnabled>false</isErrorHandlerEnabled>
            <errorHandlerItemId isNull="true" />
            <guid>guid:28a7b53690616aa8:6afe4cc9:15a07f3363a:-7ffe</guid>
            <versionId>e55fa1b4-118f-40f8-bf59-37d9a31dd7eb</versionId>
            <externalServiceRef isNull="true" />
            <externalServiceOp isNull="true" />
            <nodeColor isNull="true" />
            <layoutData x="166" y="96">
                <errorLink>
                    <controlPoints />
                    <showEndState>false</showEndState>
                    <showName>false</showName>
                </errorLink>
            </layoutData>
            <TWComponent>
                <lastModified isNull="true" />
                <lastModifiedBy isNull="true" />
                <switchId>3013.da094d9e-d6f3-443d-aa6c-67dcee155377</switchId>
                <guid>babd1221-c65b-4870-ba91-0c5774581670</guid>
                <versionId>3aab04e3-4952-4e13-b8b9-6c5892abbe7e</versionId>
                <SwitchCondition>
                    <lastModified isNull="true" />
                    <lastModifiedBy isNull="true" />
                    <switchConditionId>3014.54b28c69-fcf6-48be-9830-3be30961431b</switchConditionId>
                    <switchId>3013.da094d9e-d6f3-443d-aa6c-67dcee155377</switchId>
                    <seq>1</seq>
                    <endStateId>guid:28a7b53690616aa8:6afe4cc9:15a07f3363a:-7ffc</endStateId>
                    <condition>tw.local.data.isFolder
==
false
</condition>
                    <guid>b7e06f4d-f6cb-4f59-8df9-62cd6a8d021d</guid>
                    <versionId>e03d58e7-c276-4c47-bdd5-124c7e203e88</versionId>
                </SwitchCondition>
            </TWComponent>
        </item>
        <startingProcessItemId>2025.0c0a92e4-799c-4c6d-a9a6-de445c39f693</startingProcessItemId>
        <errorHandlerItemId isNull="true" />
        <layoutData noConversion="true">
            <errorLink>
                <controlPoints />
                <showEndState>false</showEndState>
                <showName>false</showName>
            </errorLink>
        </layoutData>
        <startPoint>
            <layoutData x="20" y="100">
                <errorLink>
                    <controlPoints />
                    <showEndState>false</showEndState>
                    <showName>false</showName>
                </errorLink>
            </layoutData>
        </startPoint>
        <startLink>
            <fromPort locationId="rightCenter" portType="1" />
            <toPort locationId="leftCenter" portType="2" />
            <layoutData>
                <controlPoints />
                <showEndState>false</showEndState>
                <showName>false</showName>
            </layoutData>
        </startLink>
        <link name="Untitled">
            <lastModified isNull="true" />
            <lastModifiedBy isNull="true" />
            <processLinkId>2027.2cfb14b3-7e0f-4cbf-9df1-4804f6c38b4a</processLinkId>
            <processId>1.8e5be6fe-a80e-40d4-8f16-dfee4e5666df</processId>
            <description isNull="true" />
            <fromProcessItemId>2025.3cac0fe0-4892-423d-bac4-271ada0ff6ec</fromProcessItemId>
            <endStateId>Out</endStateId>
            <toProcessItemId>2025.e28a248c-67fe-4143-86b5-ae23edc8db11</toProcessItemId>
            <guid>c6984bf6-0865-4a0d-96fb-286a0f531c34</guid>
            <versionId>181530ca-ddbb-4b05-89e8-62e10c8c70cb</versionId>
            <layoutData>
                <controlPoints />
                <showEndState>false</showEndState>
                <showName>false</showName>
            </layoutData>
            <fromItemPort locationId="rightCenter" portType="1" />
            <toItemPort locationId="topCenter" portType="2" />
            <fromProcessItemId>2025.3cac0fe0-4892-423d-bac4-271ada0ff6ec</fromProcessItemId>
            <toProcessItemId>2025.e28a248c-67fe-4143-86b5-ae23edc8db11</toProcessItemId>
        </link>
        <link name="Untitled">
            <lastModified isNull="true" />
            <lastModifiedBy isNull="true" />
            <processLinkId>2027.9f20f704-e982-4db6-9e34-07c90e1b3458</processLinkId>
            <processId>1.8e5be6fe-a80e-40d4-8f16-dfee4e5666df</processId>
            <description isNull="true" />
            <fromProcessItemId>2025.0c0a92e4-799c-4c6d-a9a6-de445c39f693</fromProcessItemId>
            <endStateId>guid:28a7b53690616aa8:6afe4cc9:15a07f3363a:-7ffc</endStateId>
            <toProcessItemId>2025.0cf1db12-7027-4a79-aee2-968d62812a47</toProcessItemId>
            <guid>b6591b51-c996-4f8e-b948-367f2fbf6f43</guid>
            <versionId>a8f61369-69ee-4d20-8b92-635b11608c48</versionId>
            <layoutData>
                <controlPoints />
                <showEndState>false</showEndState>
                <showName>false</showName>
            </layoutData>
            <fromItemPort locationId="bottomCenter" portType="1" />
            <toItemPort locationId="leftCenter" portType="2" />
            <fromProcessItemId>2025.0c0a92e4-799c-4c6d-a9a6-de445c39f693</fromProcessItemId>
            <toProcessItemId>2025.0cf1db12-7027-4a79-aee2-968d62812a47</toProcessItemId>
        </link>
        <link name="Untitled">
            <lastModified isNull="true" />
            <lastModifiedBy isNull="true" />
            <processLinkId>2027.db9a959c-214e-42f9-9180-230f97168c5b</processLinkId>
            <processId>1.8e5be6fe-a80e-40d4-8f16-dfee4e5666df</processId>
            <description isNull="true" />
            <fromProcessItemId>2025.0cf1db12-7027-4a79-aee2-968d62812a47</fromProcessItemId>
            <endStateId>Out</endStateId>
            <toProcessItemId>2025.e28a248c-67fe-4143-86b5-ae23edc8db11</toProcessItemId>
            <guid>a0632983-1c4c-4b8a-a093-22d39b3ef71f</guid>
            <versionId>b2716731-e4b9-4c44-9156-fc6e3ba37834</versionId>
            <layoutData>
                <controlPoints />
                <showEndState>false</showEndState>
                <showName>false</showName>
            </layoutData>
            <fromItemPort locationId="rightCenter" portType="1" />
            <toItemPort locationId="bottomCenter" portType="2" />
            <fromProcessItemId>2025.0cf1db12-7027-4a79-aee2-968d62812a47</fromProcessItemId>
            <toProcessItemId>2025.e28a248c-67fe-4143-86b5-ae23edc8db11</toProcessItemId>
        </link>
        <link name="Untitled">
            <lastModified isNull="true" />
            <lastModifiedBy isNull="true" />
            <processLinkId>2027.adcad9fd-b841-4edd-a57c-dbc1909da061</processLinkId>
            <processId>1.8e5be6fe-a80e-40d4-8f16-dfee4e5666df</processId>
            <description isNull="true" />
            <fromProcessItemId>2025.0c0a92e4-799c-4c6d-a9a6-de445c39f693</fromProcessItemId>
            <endStateId>DEFAULT</endStateId>
            <toProcessItemId>2025.3cac0fe0-4892-423d-bac4-271ada0ff6ec</toProcessItemId>
            <guid>521e49d0-0675-4cdb-9e80-7e37471e6ff4</guid>
            <versionId>d1987ed1-77bd-49be-8160-d8170491df5c</versionId>
            <layoutData>
                <controlPoints />
                <showEndState>false</showEndState>
                <showName>false</showName>
            </layoutData>
            <fromItemPort locationId="topCenter" portType="1" />
            <toItemPort locationId="leftCenter" portType="2" />
            <fromProcessItemId>2025.0c0a92e4-799c-4c6d-a9a6-de445c39f693</fromProcessItemId>
            <toProcessItemId>2025.3cac0fe0-4892-423d-bac4-271ada0ff6ec</toProcessItemId>
        </link>
    </process>
</teamworks>

