<?xml version="1.0" encoding="UTF-8"?>
<teamworks>
    <process id="1.9bb0a37c-dcf2-4013-a6e6-54ed55ebe9fe" name="ECM Checkout Document Service">
        <lastModified>1497473646439</lastModified>
        <lastModifiedBy>tw_admin</lastModifiedBy>
        <processId>1.9bb0a37c-dcf2-4013-a6e6-54ed55ebe9fe</processId>
        <image isNull="true" />
        <tabGroup isNull="true" />
        <startingProcessItemId>2025.bd2731f7-3d2a-4963-af96-a06a3367d721</startingProcessItemId>
        <isRootProcess>false</isRootProcess>
        <processType>2</processType>
        <isErrorHandlerEnabled>false</isErrorHandlerEnabled>
        <errorHandlerItemId isNull="true" />
        <isLoggingVariables>false</isLoggingVariables>
        <isTransactional>false</isTransactional>
        <processTimingLevel isNull="true" />
        <participantRef isNull="true" />
        <exposedType isNull="true" />
        <isTrackingEnabled>true</isTrackingEnabled>
        <xmlData isNull="true" />
        <cachingType>false</cachingType>
        <itemLabel isNull="true" />
        <cacheLength>43200</cacheLength>
        <mobileReady>false</mobileReady>
        <sboSyncEnabled>false</sboSyncEnabled>
        <externalId isNull="true" />
        <isSecured>false</isSecured>
        <isAjaxExposed>false</isAjaxExposed>
        <description isNull="true" />
        <guid>guid:e7062dcf5d800caa:-6efb499f:15868216947:-7fff</guid>
        <versionId>e8274831-d4d8-4a2b-86a2-cc096ebc00f3</versionId>
        <dependencySummary isNull="true" />
        <jsonData isNull="true" />
        <field1 isNull="true" />
        <field2 isNull="true" />
        <field3>0</field3>
        <field4 isNull="true" />
        <field5>false</field5>
        <clobField1 isNull="true" />
        <blobField1 isNull="true" />
        <processParameter name="data">
            <lastModified isNull="true" />
            <lastModifiedBy isNull="true" />
            <processParameterId>2055.6e28f8da-0ed8-4afd-9213-6eca5d72eab4</processParameterId>
            <processId>1.9bb0a37c-dcf2-4013-a6e6-54ed55ebe9fe</processId>
            <parameterType>1</parameterType>
            <isArrayOf>false</isArrayOf>
            <classId>/12.cf54c4c5-0fe6-40c1-b8d3-208ca5e60edd</classId>
            <seq>1</seq>
            <hasDefault>false</hasDefault>
            <defaultValue isNull="true" />
            <isLocked>false</isLocked>
            <description isNull="true" />
            <guid>cd19e09a-a9cb-4cae-ad4b-f24e1abe8971</guid>
            <versionId>d955afab-e896-4cb7-ba29-c6a7ff25062e</versionId>
        </processParameter>
        <processParameter name="results">
            <lastModified isNull="true" />
            <lastModifiedBy isNull="true" />
            <processParameterId>2055.56012c49-b490-48ce-9a7c-d251a0f5a234</processParameterId>
            <processId>1.9bb0a37c-dcf2-4013-a6e6-54ed55ebe9fe</processId>
            <parameterType>2</parameterType>
            <isArrayOf>false</isArrayOf>
            <classId>f1e96cc6-5fd9-4002-8b04-107d4ddae78a/12.c09c9b6e-aabd-4897-bef2-ed61db106297</classId>
            <seq>2</seq>
            <hasDefault>false</hasDefault>
            <defaultValue isNull="true" />
            <isLocked>false</isLocked>
            <description isNull="true" />
            <guid>fe51b354-4b0b-4130-a5bd-5e5cc8677d72</guid>
            <versionId>b781cf35-e9a8-4070-82bb-4cf7e88fce05</versionId>
        </processParameter>
        <processParameter name="error">
            <lastModified isNull="true" />
            <lastModifiedBy isNull="true" />
            <processParameterId>2055.74e248d6-e5b7-4496-93aa-a427234b4e46</processParameterId>
            <processId>1.9bb0a37c-dcf2-4013-a6e6-54ed55ebe9fe</processId>
            <parameterType>2</parameterType>
            <isArrayOf>false</isArrayOf>
            <classId>f496ca18-836b-46b7-8846-85b2ee01f7eb/12.5551644c-3dc6-4161-a939-4e7f27f8ce45</classId>
            <seq>3</seq>
            <hasDefault>false</hasDefault>
            <defaultValue isNull="true" />
            <isLocked>false</isLocked>
            <description isNull="true" />
            <guid>665b6219-2455-497f-a5e9-2a411f10fedf</guid>
            <versionId>c103522e-2517-4f8d-8230-da068b8a1fc8</versionId>
        </processParameter>
        <processParameter name="ECMError">
            <lastModified isNull="true" />
            <lastModifiedBy isNull="true" />
            <processParameterId>2055.15786edb-5765-49bd-8392-83094f3acf99</processParameterId>
            <processId>1.9bb0a37c-dcf2-4013-a6e6-54ed55ebe9fe</processId>
            <parameterType>3</parameterType>
            <isArrayOf>false</isArrayOf>
            <classId>/12.bfb48b9b-8247-49fb-8f78-82b738b817a6</classId>
            <seq>4</seq>
            <hasDefault>false</hasDefault>
            <defaultValue>ECMError</defaultValue>
            <isLocked>false</isLocked>
            <description isNull="true" />
            <guid>faca57b0-f851-421a-8a9d-f6c90f5fd347</guid>
            <versionId>9b0598cf-f3cd-41bd-a71f-e8752f2c31cf</versionId>
        </processParameter>
        <item>
            <lastModified isNull="true" />
            <lastModifiedBy isNull="true" />
            <processItemId>2025.bd2731f7-3d2a-4963-af96-a06a3367d721</processItemId>
            <processId>1.9bb0a37c-dcf2-4013-a6e6-54ed55ebe9fe</processId>
            <name>Checkout Document</name>
            <tWComponentName>ECMConnector</tWComponentName>
            <tWComponentId>3030.000f79cb-d860-4403-8024-287e7f3c046c</tWComponentId>
            <isLogEnabled>false</isLogEnabled>
            <isTraceEnabled>false</isTraceEnabled>
            <traceCategory isNull="true" />
            <traceLevel isNull="true" />
            <traceMessage isNull="true" />
            <traceSymbolTable isNull="true" />
            <isExecutionContextTraced>false</isExecutionContextTraced>
            <saveExecutionContext>false</saveExecutionContext>
            <documentation isNull="true" />
            <isErrorHandlerEnabled>false</isErrorHandlerEnabled>
            <errorHandlerItemId isNull="true" />
            <guid>4499f841-cfb7-4cb4-995b-222b1eaa50aa</guid>
            <versionId>b017a3f3-0751-4d69-bedb-93cbf5d8d45d</versionId>
            <externalServiceRef isNull="true" />
            <externalServiceOp isNull="true" />
            <nodeColor isNull="true" />
            <layoutData x="220" y="85">
                <errorLink>
                    <controlPoints />
                    <showEndState>false</showEndState>
                    <showName>false</showName>
                </errorLink>
            </layoutData>
            <TWComponent>
                <lastModified isNull="true" />
                <lastModifiedBy isNull="true" />
                <ecmConnectorId>3030.000f79cb-d860-4403-8024-287e7f3c046c</ecmConnectorId>
                <definition>&lt;config type="com.lombardisoftware.client.persistence.ECMConnectorConfiguration"&gt;&#xD;
  &lt;inputParameters&gt;&#xD;
    &lt;parameter&gt;&#xD;
      &lt;name&gt;documentId&lt;/name&gt;&#xD;
      &lt;type&gt;ECMID&lt;/type&gt;&#xD;
      &lt;description&gt;Document ID&lt;/description&gt;&#xD;
      &lt;defaultValue&gt;&lt;/defaultValue&gt;&#xD;
      &lt;argumentVariable&gt;tw.local.data.documentId&lt;/argumentVariable&gt;&#xD;
      &lt;isArray&gt;&lt;/isArray&gt;&#xD;
      &lt;isList&gt;false&lt;/isList&gt;&#xD;
    &lt;/parameter&gt;&#xD;
    &lt;parameter&gt;&#xD;
      &lt;name&gt;serverName&lt;/name&gt;&#xD;
      &lt;type&gt;String&lt;/type&gt;&#xD;
      &lt;description&gt;Server name&lt;/description&gt;&#xD;
      &lt;defaultValue&gt;&lt;/defaultValue&gt;&#xD;
      &lt;argumentVariable&gt;tw.local.data.serverName&lt;/argumentVariable&gt;&#xD;
      &lt;isArray&gt;&lt;/isArray&gt;&#xD;
      &lt;isList&gt;false&lt;/isList&gt;&#xD;
    &lt;/parameter&gt;&#xD;
  &lt;/inputParameters&gt;&#xD;
  &lt;outputParameters&gt;&#xD;
    &lt;parameter&gt;&#xD;
      &lt;name&gt;pwcDocumentId&lt;/name&gt;&#xD;
      &lt;type&gt;ECMID&lt;/type&gt;&#xD;
      &lt;description&gt;Private working copy document ID&lt;/description&gt;&#xD;
      &lt;defaultValue&gt;&lt;/defaultValue&gt;&#xD;
      &lt;argumentVariable&gt;tw.local.results&lt;/argumentVariable&gt;&#xD;
      &lt;isArray&gt;&lt;/isArray&gt;&#xD;
      &lt;isList&gt;false&lt;/isList&gt;&#xD;
    &lt;/parameter&gt;&#xD;
  &lt;/outputParameters&gt;&#xD;
  &lt;matchAllSearchCriteria&gt;true&lt;/matchAllSearchCriteria&gt;&#xD;
  &lt;orderOverride&gt;false&lt;/orderOverride&gt;&#xD;
  &lt;orderOverrideValue&gt;&lt;/orderOverrideValue&gt;&#xD;
  &lt;operationType&gt;DOC_OP_CHECK_OUT_DOCUMENT&lt;/operationType&gt;&#xD;
  &lt;server&gt;useMappingServer&lt;/server&gt;&#xD;
  &lt;objectTypeSelection&gt;DOCUMENT&lt;/objectTypeSelection&gt;&#xD;
  &lt;useMappedVariable&gt;false&lt;/useMappedVariable&gt;&#xD;
  &lt;faultParameterId&gt;2055.15786edb-5765-49bd-8392-83094f3acf99&lt;/faultParameterId&gt;&#xD;
&lt;/config&gt;</definition>
                <guid>885d6357-3725-4596-b89a-9fabc659935a</guid>
                <versionId>d8d49d5b-b27f-471e-bdf8-7bd8730df524</versionId>
            </TWComponent>
        </item>
        <item>
            <lastModified isNull="true" />
            <lastModifiedBy isNull="true" />
            <processItemId>2025.b90cfb88-f1bf-4d3b-8e71-1b676fcdebb2</processItemId>
            <processId>1.9bb0a37c-dcf2-4013-a6e6-54ed55ebe9fe</processId>
            <name>End</name>
            <tWComponentName>ExitPoint</tWComponentName>
            <tWComponentId>3008.d61ca1b0-5552-4f41-b0dd-b8be36a763fc</tWComponentId>
            <isLogEnabled>false</isLogEnabled>
            <isTraceEnabled>false</isTraceEnabled>
            <traceCategory isNull="true" />
            <traceLevel isNull="true" />
            <traceMessage isNull="true" />
            <traceSymbolTable isNull="true" />
            <isExecutionContextTraced>false</isExecutionContextTraced>
            <saveExecutionContext>true</saveExecutionContext>
            <documentation isNull="true" />
            <isErrorHandlerEnabled>false</isErrorHandlerEnabled>
            <errorHandlerItemId isNull="true" />
            <guid>guid:e7062dcf5d800caa:-6efb499f:15868216947:-7ffe</guid>
            <versionId>bf7cb5ea-1a26-4cd6-821b-42d2e88b3784</versionId>
            <externalServiceRef isNull="true" />
            <externalServiceOp isNull="true" />
            <nodeColor isNull="true" />
            <layoutData x="420" y="100">
                <errorLink>
                    <controlPoints />
                    <showEndState>false</showEndState>
                    <showName>false</showName>
                </errorLink>
            </layoutData>
            <TWComponent>
                <lastModified isNull="true" />
                <lastModifiedBy isNull="true" />
                <exitPointId>3008.d61ca1b0-5552-4f41-b0dd-b8be36a763fc</exitPointId>
                <haltProcess>false</haltProcess>
                <guid>97d2cb5b-90ab-48f0-bb85-a60649124384</guid>
                <versionId>d39529d9-c966-49c8-b27a-9d545bbef238</versionId>
            </TWComponent>
        </item>
        <startingProcessItemId>2025.bd2731f7-3d2a-4963-af96-a06a3367d721</startingProcessItemId>
        <errorHandlerItemId isNull="true" />
        <layoutData noConversion="true">
            <errorLink>
                <controlPoints />
                <showEndState>false</showEndState>
                <showName>false</showName>
            </errorLink>
        </layoutData>
        <startPoint>
            <layoutData x="20" y="100">
                <errorLink>
                    <controlPoints />
                    <showEndState>false</showEndState>
                    <showName>false</showName>
                </errorLink>
            </layoutData>
        </startPoint>
        <startLink>
            <fromPort locationId="rightCenter" portType="1" />
            <toPort locationId="leftCenter" portType="2" />
            <layoutData>
                <controlPoints />
                <showEndState>false</showEndState>
                <showName>false</showName>
            </layoutData>
        </startLink>
        <link name="Untitled">
            <lastModified isNull="true" />
            <lastModifiedBy isNull="true" />
            <processLinkId>2027.6a74581b-1d17-4e6f-ab07-aa599e19d158</processLinkId>
            <processId>1.9bb0a37c-dcf2-4013-a6e6-54ed55ebe9fe</processId>
            <description isNull="true" />
            <fromProcessItemId>2025.bd2731f7-3d2a-4963-af96-a06a3367d721</fromProcessItemId>
            <endStateId>Out</endStateId>
            <toProcessItemId>2025.b90cfb88-f1bf-4d3b-8e71-1b676fcdebb2</toProcessItemId>
            <guid>75d08055-1782-4302-a8d3-04f2f003026e</guid>
            <versionId>d61a4e28-26e5-48f0-9d3f-aeb35518801a</versionId>
            <layoutData>
                <controlPoints />
                <showEndState>false</showEndState>
                <showName>false</showName>
            </layoutData>
            <fromItemPort locationId="rightCenter" portType="1" />
            <toItemPort locationId="leftCenter" portType="2" />
            <fromProcessItemId>2025.bd2731f7-3d2a-4963-af96-a06a3367d721</fromProcessItemId>
            <toProcessItemId>2025.b90cfb88-f1bf-4d3b-8e71-1b676fcdebb2</toProcessItemId>
        </link>
    </process>
</teamworks>

