<?xml version="1.0" encoding="UTF-8"?>
<teamworks>
    <process id="1.a418f06d-b0be-4960-9557-2b56efe85bb4" name="ECM Document Search Service">
        <lastModified>1497466748725</lastModified>
        <lastModifiedBy>tw_admin</lastModifiedBy>
        <processId>1.a418f06d-b0be-4960-9557-2b56efe85bb4</processId>
        <image isNull="true" />
        <tabGroup isNull="true" />
        <startingProcessItemId>2025.cc50f503-4d46-4419-ac61-0abd8ca619a1</startingProcessItemId>
        <isRootProcess>false</isRootProcess>
        <processType>2</processType>
        <isErrorHandlerEnabled>false</isErrorHandlerEnabled>
        <errorHandlerItemId isNull="true" />
        <isLoggingVariables>false</isLoggingVariables>
        <isTransactional>false</isTransactional>
        <processTimingLevel isNull="true" />
        <participantRef isNull="true" />
        <exposedType isNull="true" />
        <isTrackingEnabled>true</isTrackingEnabled>
        <xmlData isNull="true" />
        <cachingType>false</cachingType>
        <itemLabel isNull="true" />
        <cacheLength>43200</cacheLength>
        <mobileReady>false</mobileReady>
        <sboSyncEnabled>false</sboSyncEnabled>
        <externalId isNull="true" />
        <isSecured>false</isSecured>
        <isAjaxExposed>false</isAjaxExposed>
        <description isNull="true" />
        <guid>f8ef166a-7991-4b34-ad36-ce41fc62e7f5</guid>
        <versionId>50468b5a-d368-4672-9ddc-ccecedf18075</versionId>
        <dependencySummary isNull="true" />
        <jsonData isNull="true" />
        <field1 isNull="true" />
        <field2 isNull="true" />
        <field3>0</field3>
        <field4 isNull="true" />
        <field5>false</field5>
        <clobField1 isNull="true" />
        <blobField1 isNull="true" />
        <processParameter name="data">
            <lastModified isNull="true" />
            <lastModifiedBy isNull="true" />
            <processParameterId>2055.637f747f-27f0-483d-adcb-2f323ec8a10e</processParameterId>
            <processId>1.a418f06d-b0be-4960-9557-2b56efe85bb4</processId>
            <parameterType>1</parameterType>
            <isArrayOf>false</isArrayOf>
            <classId>/12.5055e8f8-72c4-44e6-a57e-c7f2f1069e38</classId>
            <seq>1</seq>
            <hasDefault>false</hasDefault>
            <defaultValue isNull="true" />
            <isLocked>false</isLocked>
            <description isNull="true" />
            <guid>f4e72a11-c7c7-48e1-97a2-1aad1f006a5c</guid>
            <versionId>ebf8fef5-f2e2-4d8d-aa48-da6558bd41fb</versionId>
        </processParameter>
        <processParameter name="results">
            <lastModified isNull="true" />
            <lastModifiedBy isNull="true" />
            <processParameterId>2055.867b8a37-43ab-4ac0-a7df-1e36b19c96ef</processParameterId>
            <processId>1.a418f06d-b0be-4960-9557-2b56efe85bb4</processId>
            <parameterType>2</parameterType>
            <isArrayOf>false</isArrayOf>
            <classId>/12.03cab43d-a714-41c5-b8d5-768bde4bc6a4</classId>
            <seq>2</seq>
            <hasDefault>false</hasDefault>
            <defaultValue isNull="true" />
            <isLocked>false</isLocked>
            <description isNull="true" />
            <guid>e0ca16a8-c07e-4685-8330-879e2c3c76d8</guid>
            <versionId>8bcbc80f-3bc6-4448-b127-a102b6f27e4e</versionId>
        </processParameter>
        <processParameter name="error">
            <lastModified isNull="true" />
            <lastModifiedBy isNull="true" />
            <processParameterId>2055.4047216b-56f2-4deb-a859-51c1d825b5f7</processParameterId>
            <processId>1.a418f06d-b0be-4960-9557-2b56efe85bb4</processId>
            <parameterType>2</parameterType>
            <isArrayOf>false</isArrayOf>
            <classId>f496ca18-836b-46b7-8846-85b2ee01f7eb/12.5551644c-3dc6-4161-a939-4e7f27f8ce45</classId>
            <seq>3</seq>
            <hasDefault>false</hasDefault>
            <defaultValue isNull="true" />
            <isLocked>false</isLocked>
            <description isNull="true" />
            <guid>1cb807d5-65cf-42a1-b881-9752b6044403</guid>
            <versionId>9c0329a8-77d5-4f4e-a022-fe0fb98311ff</versionId>
        </processParameter>
        <item>
            <lastModified isNull="true" />
            <lastModifiedBy isNull="true" />
            <processItemId>2025.39bdcb8d-25f8-4bb6-8593-679238926f65</processItemId>
            <processId>1.a418f06d-b0be-4960-9557-2b56efe85bb4</processId>
            <name>CMIS Query Validation</name>
            <tWComponentName>Script</tWComponentName>
            <tWComponentId>3011.b9fb8646-3c79-4f03-b7b8-4e607b11b5c7</tWComponentId>
            <isLogEnabled>false</isLogEnabled>
            <isTraceEnabled>false</isTraceEnabled>
            <traceCategory isNull="true" />
            <traceLevel isNull="true" />
            <traceMessage isNull="true" />
            <traceSymbolTable isNull="true" />
            <isExecutionContextTraced>false</isExecutionContextTraced>
            <saveExecutionContext>false</saveExecutionContext>
            <documentation isNull="true" />
            <isErrorHandlerEnabled>false</isErrorHandlerEnabled>
            <errorHandlerItemId isNull="true" />
            <guid>guid:9263f1d7ecbb9525:-1f25236c:15ca683e60e:-7fee</guid>
            <versionId>108fc9ec-cfd5-446d-ba66-b282cf98c778</versionId>
            <externalServiceRef isNull="true" />
            <externalServiceOp isNull="true" />
            <nodeColor isNull="true" />
            <layoutData x="249" y="83">
                <errorLink>
                    <controlPoints />
                    <showEndState>false</showEndState>
                    <showName>false</showName>
                </errorLink>
            </layoutData>
            <TWComponent>
                <lastModified isNull="true" />
                <lastModifiedBy isNull="true" />
                <scriptId>3011.b9fb8646-3c79-4f03-b7b8-4e607b11b5c7</scriptId>
                <scriptTypeId>2</scriptTypeId>
                <isActive>true</isActive>
                <script>// Check the properties passed in the query and only allow a preefine set to be selected
var allowedProperties = ["cmis:contentStreamLength","cmis:versionLabel","cmis:contentStreamMimeType","cmis:name","IBM_BPM_Document_FileNameURL","MajorVersionNumber","cmis:lastModificationDate","IBM_BPM_Document_UserId","IBM_BPM_Document_FileType","cmis:objectId","cmis:versionSeriesId"];
var orderBy = "ORDER BY cmis:name ASC";
var input = tw.local.data.cmisQuery;
if (input == undefined) {
	input = "";
}

var selectClause = tw.local.data.cmisQuery.split("FROM")[0];
selectClause = selectClause.replace("SELECT", "");
var props = selectClause.split(",");

var partialQuery = "SELECT ";

var comma = "";

for ( var idx = 0 ; idx &lt; props.length ; idx++ ) {
    var prop = props[idx].trim();
    
    if(allowedProperties.indexOf(prop) != -1){
        partialQuery = partialQuery + comma + prop;
    }
    comma = ",";
}

partialQuery = partialQuery + " FROM IBM_BPM_Document ";

tw.local.data.cmisQuery = "";

var arr = input.split("WHERE");
if(arr.length == 1) {
    // where clause not found
    tw.local.data.cmisQuery = partialQuery + " " + orderBy;
} else if ( arr.length == 2) {
    tw.local.data.cmisQuery = partialQuery + " WHERE" + arr[1];
}
</script>
                <isRule>false</isRule>
                <guid>cb09ff60-0beb-41da-9e61-e91c3144d600</guid>
                <versionId>1c2a616d-e5db-4538-a3bb-a02e68075d81</versionId>
            </TWComponent>
        </item>
        <item>
            <lastModified isNull="true" />
            <lastModifiedBy isNull="true" />
            <processItemId>2025.2c73ffe2-4805-404e-b581-a52d1d27ef99</processItemId>
            <processId>1.a418f06d-b0be-4960-9557-2b56efe85bb4</processId>
            <name>Search BPM Documents</name>
            <tWComponentName>ECMConnector</tWComponentName>
            <tWComponentId>3030.85949df6-c8bd-469a-8e0a-ee94f75a68f7</tWComponentId>
            <isLogEnabled>false</isLogEnabled>
            <isTraceEnabled>false</isTraceEnabled>
            <traceCategory isNull="true" />
            <traceLevel isNull="true" />
            <traceMessage isNull="true" />
            <traceSymbolTable isNull="true" />
            <isExecutionContextTraced>false</isExecutionContextTraced>
            <saveExecutionContext>false</saveExecutionContext>
            <documentation isNull="true" />
            <isErrorHandlerEnabled>false</isErrorHandlerEnabled>
            <errorHandlerItemId isNull="true" />
            <guid>guid:9263f1d7ecbb9525:-1f25236c:15ca683e60e:-7ff0</guid>
            <versionId>25a3334a-d642-4d1c-add0-044e7460f0f4</versionId>
            <externalServiceRef isNull="true" />
            <externalServiceOp isNull="true" />
            <nodeColor isNull="true" />
            <layoutData x="398" y="83">
                <errorLink>
                    <controlPoints />
                    <showEndState>false</showEndState>
                    <showName>false</showName>
                </errorLink>
            </layoutData>
            <TWComponent>
                <lastModified isNull="true" />
                <lastModifiedBy isNull="true" />
                <ecmConnectorId>3030.85949df6-c8bd-469a-8e0a-ee94f75a68f7</ecmConnectorId>
                <definition>&lt;config type="com.lombardisoftware.client.persistence.ECMConnectorConfiguration"&gt;&#xD;
  &lt;inputParameters&gt;&#xD;
    &lt;parameter&gt;&#xD;
      &lt;name&gt;cmisQuery&lt;/name&gt;&#xD;
      &lt;type&gt;String&lt;/type&gt;&#xD;
      &lt;description&gt;CMIS query&lt;/description&gt;&#xD;
      &lt;defaultValue&gt;&lt;/defaultValue&gt;&#xD;
      &lt;argumentVariable&gt;tw.local.data.cmisQuery&lt;/argumentVariable&gt;&#xD;
      &lt;isArray&gt;&lt;/isArray&gt;&#xD;
      &lt;isList&gt;false&lt;/isList&gt;&#xD;
    &lt;/parameter&gt;&#xD;
    &lt;parameter&gt;&#xD;
      &lt;name&gt;returnType&lt;/name&gt;&#xD;
      &lt;type&gt;String&lt;/type&gt;&#xD;
      &lt;description&gt;Return type&lt;/description&gt;&#xD;
      &lt;defaultValue&gt;&lt;/defaultValue&gt;&#xD;
      &lt;argumentVariable&gt;&lt;/argumentVariable&gt;&#xD;
      &lt;isArray&gt;&lt;/isArray&gt;&#xD;
      &lt;isList&gt;false&lt;/isList&gt;&#xD;
    &lt;/parameter&gt;&#xD;
    &lt;parameter&gt;&#xD;
      &lt;name&gt;searchAllVersions&lt;/name&gt;&#xD;
      &lt;type&gt;Boolean&lt;/type&gt;&#xD;
      &lt;description&gt;Search all versions&lt;/description&gt;&#xD;
      &lt;defaultValue&gt;&lt;/defaultValue&gt;&#xD;
      &lt;argumentVariable&gt;tw.local.data.searchAllVersions&lt;/argumentVariable&gt;&#xD;
      &lt;isArray&gt;&lt;/isArray&gt;&#xD;
      &lt;isList&gt;false&lt;/isList&gt;&#xD;
    &lt;/parameter&gt;&#xD;
    &lt;parameter&gt;&#xD;
      &lt;name&gt;maxItems&lt;/name&gt;&#xD;
      &lt;type&gt;Integer&lt;/type&gt;&#xD;
      &lt;description&gt;Max items&lt;/description&gt;&#xD;
      &lt;defaultValue&gt;&lt;/defaultValue&gt;&#xD;
      &lt;argumentVariable&gt;tw.local.data.maxItems&lt;/argumentVariable&gt;&#xD;
      &lt;isArray&gt;&lt;/isArray&gt;&#xD;
      &lt;isList&gt;false&lt;/isList&gt;&#xD;
    &lt;/parameter&gt;&#xD;
    &lt;parameter&gt;&#xD;
      &lt;name&gt;skipCount&lt;/name&gt;&#xD;
      &lt;type&gt;Integer&lt;/type&gt;&#xD;
      &lt;description&gt;Skip count&lt;/description&gt;&#xD;
      &lt;defaultValue&gt;&lt;/defaultValue&gt;&#xD;
      &lt;argumentVariable&gt;tw.local.data.skipCount&lt;/argumentVariable&gt;&#xD;
      &lt;isArray&gt;&lt;/isArray&gt;&#xD;
      &lt;isList&gt;false&lt;/isList&gt;&#xD;
    &lt;/parameter&gt;&#xD;
    &lt;parameter&gt;&#xD;
      &lt;name&gt;serverName&lt;/name&gt;&#xD;
      &lt;type&gt;String&lt;/type&gt;&#xD;
      &lt;description&gt;Server name&lt;/description&gt;&#xD;
      &lt;defaultValue&gt;&lt;/defaultValue&gt;&#xD;
      &lt;argumentVariable&gt;&lt;/argumentVariable&gt;&#xD;
      &lt;isArray&gt;&lt;/isArray&gt;&#xD;
      &lt;isList&gt;false&lt;/isList&gt;&#xD;
    &lt;/parameter&gt;&#xD;
  &lt;/inputParameters&gt;&#xD;
  &lt;outputParameters&gt;&#xD;
    &lt;parameter&gt;&#xD;
      &lt;name&gt;searchResult&lt;/name&gt;&#xD;
      &lt;type&gt;ECMSearchResult&lt;/type&gt;&#xD;
      &lt;description&gt;Search result&lt;/description&gt;&#xD;
      &lt;defaultValue&gt;&lt;/defaultValue&gt;&#xD;
      &lt;argumentVariable&gt;tw.local.results&lt;/argumentVariable&gt;&#xD;
      &lt;isArray&gt;&lt;/isArray&gt;&#xD;
      &lt;isList&gt;false&lt;/isList&gt;&#xD;
    &lt;/parameter&gt;&#xD;
  &lt;/outputParameters&gt;&#xD;
  &lt;matchAllSearchCriteria&gt;true&lt;/matchAllSearchCriteria&gt;&#xD;
  &lt;searchParameters /&gt;&#xD;
  &lt;selectParameters&gt;&#xD;
    &lt;selectParameter&gt;&#xD;
      &lt;name&gt;cmis:name&lt;/name&gt;&#xD;
      &lt;displayName&gt;Name&lt;/displayName&gt;&#xD;
      &lt;isVisible&gt;true&lt;/isVisible&gt;&#xD;
      &lt;sort&gt;ASC&lt;/sort&gt;&#xD;
      &lt;sortOrder&gt;1&lt;/sortOrder&gt;&#xD;
    &lt;/selectParameter&gt;&#xD;
    &lt;selectParameter&gt;&#xD;
      &lt;name&gt;cmis:objectId&lt;/name&gt;&#xD;
      &lt;displayName&gt;ID&lt;/displayName&gt;&#xD;
      &lt;isVisible&gt;true&lt;/isVisible&gt;&#xD;
      &lt;sort&gt;ASC&lt;/sort&gt;&#xD;
      &lt;sortOrder&gt;0&lt;/sortOrder&gt;&#xD;
    &lt;/selectParameter&gt;&#xD;
    &lt;selectParameter&gt;&#xD;
      &lt;name&gt;IBM_BPM_Document_FileNameURL&lt;/name&gt;&#xD;
      &lt;displayName&gt;File name or URL&lt;/displayName&gt;&#xD;
      &lt;isVisible&gt;true&lt;/isVisible&gt;&#xD;
      &lt;sort&gt;ASC&lt;/sort&gt;&#xD;
      &lt;sortOrder&gt;0&lt;/sortOrder&gt;&#xD;
    &lt;/selectParameter&gt;&#xD;
    &lt;selectParameter&gt;&#xD;
      &lt;name&gt;IBM_BPM_Document_FileType&lt;/name&gt;&#xD;
      &lt;displayName&gt;File type&lt;/displayName&gt;&#xD;
      &lt;isVisible&gt;true&lt;/isVisible&gt;&#xD;
      &lt;sort&gt;ASC&lt;/sort&gt;&#xD;
      &lt;sortOrder&gt;0&lt;/sortOrder&gt;&#xD;
    &lt;/selectParameter&gt;&#xD;
    &lt;selectParameter&gt;&#xD;
      &lt;name&gt;cmis:versionSeriedId&lt;/name&gt;&#xD;
      &lt;displayName&gt;Version series&lt;/displayName&gt;&#xD;
      &lt;isVisible&gt;true&lt;/isVisible&gt;&#xD;
      &lt;sort&gt;ASC&lt;/sort&gt;&#xD;
      &lt;sortOrder&gt;0&lt;/sortOrder&gt;&#xD;
    &lt;/selectParameter&gt;&#xD;
  &lt;/selectParameters&gt;&#xD;
  &lt;orderOverride&gt;false&lt;/orderOverride&gt;&#xD;
  &lt;orderOverrideValue&gt;&lt;/orderOverrideValue&gt;&#xD;
  &lt;operationType&gt;SEARCH_OP&lt;/operationType&gt;&#xD;
  &lt;server&gt;EMBEDDED_ECM_SERVER&lt;/server&gt;&#xD;
  &lt;objectTypeSelection&gt;DOCUMENT&lt;/objectTypeSelection&gt;&#xD;
  &lt;objectTypeId&gt;IBM_BPM_Document&lt;/objectTypeId&gt;&#xD;
  &lt;objectQueryName&gt;IBM_BPM_Document&lt;/objectQueryName&gt;&#xD;
  &lt;useMappedVariable&gt;true&lt;/useMappedVariable&gt;&#xD;
  &lt;faultParameterId&gt;2055.d3a9a150-55d6-4f24-9596-eed0294638f3&lt;/faultParameterId&gt;&#xD;
&lt;/config&gt;</definition>
                <guid>9b3d1e91-2f63-47dc-99e6-82c3bcbc16aa</guid>
                <versionId>72c70495-e190-49cd-97ba-7ac561039c24</versionId>
            </TWComponent>
        </item>
        <item>
            <lastModified isNull="true" />
            <lastModifiedBy isNull="true" />
            <processItemId>2025.77e36610-593f-4cb6-a7a3-5195a662c230</processItemId>
            <processId>1.a418f06d-b0be-4960-9557-2b56efe85bb4</processId>
            <name>Parse User Name</name>
            <tWComponentName>Script</tWComponentName>
            <tWComponentId>3011.7c2a03a0-35ee-40af-b8f5-79a04a53f12a</tWComponentId>
            <isLogEnabled>false</isLogEnabled>
            <isTraceEnabled>false</isTraceEnabled>
            <traceCategory isNull="true" />
            <traceLevel isNull="true" />
            <traceMessage isNull="true" />
            <traceSymbolTable isNull="true" />
            <isExecutionContextTraced>false</isExecutionContextTraced>
            <saveExecutionContext>false</saveExecutionContext>
            <documentation isNull="true" />
            <isErrorHandlerEnabled>false</isErrorHandlerEnabled>
            <errorHandlerItemId isNull="true" />
            <guid>guid:9263f1d7ecbb9525:-1f25236c:15ca683e60e:-7ff1</guid>
            <versionId>293d7eeb-244e-4658-b218-924c19c1f184</versionId>
            <externalServiceRef isNull="true" />
            <externalServiceOp isNull="true" />
            <nodeColor isNull="true" />
            <layoutData x="550" y="83">
                <errorLink>
                    <controlPoints />
                    <showEndState>false</showEndState>
                    <showName>false</showName>
                </errorLink>
            </layoutData>
            <TWComponent>
                <lastModified isNull="true" />
                <lastModifiedBy isNull="true" />
                <scriptId>3011.7c2a03a0-35ee-40af-b8f5-79a04a53f12a</scriptId>
                <scriptTypeId>2</scriptTypeId>
                <isActive>true</isActive>
                <script>/*
 This server script converts user IDs to user names in the searchResult for
 enhanced readability in the Document List coach view 'Modified by' column
*/

if (tw.local.results.numItems &gt; 0) {
    var columnMetadata = tw.local.results.propertyMetadata;
    var idColumnIndex = -1;
    
    //Determine the index of the column which contains the user IDs
	for (var i = 0; i &lt; columnMetadata.length; i++) {
		if (columnMetadata[i].queryName == 'IBM_BPM_Document_UserId') {
			idColumnIndex = i;
			break;
		}
	}
	
	if (idColumnIndex &gt; -1) {
    	var resultSet = tw.local.results.resultSet;
    	var userIdMap = new tw.object.Map();
    	
    	//For every result row resolve the user name from the user ID and
    	//update the entry in the corresponding searchResult row
    	for (var i = 0; i &lt; resultSet.row.length; i++) {
    	    var userId = resultSet.row[i].column[idColumnIndex];
    	    
    	    //To limit findUserById requests, previously resolved user names
    	    //are cached in a map
    	    if (!userIdMap.containsKey(userId)) {
           	    var user = tw.system.org.findUserById(userId);
    	        var userName = user != null ? user.fullName : userId;
    	        userIdMap.put(userId, userName);
    	    }
    		
    		resultSet.row[i].column[idColumnIndex] = userIdMap.get(userId);
    	}
	}
}</script>
                <isRule>false</isRule>
                <guid>b202c041-d004-49ba-a463-c8080e8bf8c3</guid>
                <versionId>ccc877ba-a5b2-4d5b-ba1f-2bd3056d1f37</versionId>
            </TWComponent>
        </item>
        <item>
            <lastModified isNull="true" />
            <lastModifiedBy isNull="true" />
            <processItemId>2025.cc50f503-4d46-4419-ac61-0abd8ca619a1</processItemId>
            <processId>1.a418f06d-b0be-4960-9557-2b56efe85bb4</processId>
            <name>Is BPM Doc?</name>
            <tWComponentName>Switch</tWComponentName>
            <tWComponentId>3013.3e07a6df-f6c1-4a54-b491-5103686b9400</tWComponentId>
            <isLogEnabled>false</isLogEnabled>
            <isTraceEnabled>false</isTraceEnabled>
            <traceCategory isNull="true" />
            <traceLevel isNull="true" />
            <traceMessage isNull="true" />
            <traceSymbolTable isNull="true" />
            <isExecutionContextTraced>false</isExecutionContextTraced>
            <saveExecutionContext>false</saveExecutionContext>
            <documentation isNull="true" />
            <isErrorHandlerEnabled>false</isErrorHandlerEnabled>
            <errorHandlerItemId isNull="true" />
            <guid>guid:9263f1d7ecbb9525:-1f25236c:15ca683e60e:-7ff8</guid>
            <versionId>3066f17d-6c3b-4dea-b1ba-e74818d38348</versionId>
            <externalServiceRef isNull="true" />
            <externalServiceOp isNull="true" />
            <nodeColor isNull="true" />
            <layoutData x="185" y="361">
                <errorLink>
                    <controlPoints />
                    <showEndState>false</showEndState>
                    <showName>false</showName>
                </errorLink>
            </layoutData>
            <TWComponent>
                <lastModified isNull="true" />
                <lastModifiedBy isNull="true" />
                <switchId>3013.3e07a6df-f6c1-4a54-b491-5103686b9400</switchId>
                <guid>463dcf0b-b8ca-4136-8f19-c43040973257</guid>
                <versionId>f50b4765-6a3b-4e5d-b86f-9b2abc868ec9</versionId>
                <SwitchCondition>
                    <lastModified isNull="true" />
                    <lastModifiedBy isNull="true" />
                    <switchConditionId>3014.94cf620a-f354-42d8-b3a2-0484a1ed3f9e</switchConditionId>
                    <switchId>3013.3e07a6df-f6c1-4a54-b491-5103686b9400</switchId>
                    <seq>1</seq>
                    <endStateId>guid:9263f1d7ecbb9525:-1f25236c:15ca683e60e:-7fed</endStateId>
                    <condition>tw.local.data.serverName == ECMServerNames.IBM_BPM_DOCUMENT_STORE || tw.local.data.serverName == undefined</condition>
                    <guid>eb9b2f87-84c5-4376-8ad1-a54e1b6e4952</guid>
                    <versionId>af543b33-fbfc-4d2c-9ccb-b9a48266f974</versionId>
                </SwitchCondition>
            </TWComponent>
        </item>
        <item>
            <lastModified isNull="true" />
            <lastModifiedBy isNull="true" />
            <processItemId>2025.43d6d27a-acaa-4fd7-9918-5f49ee0fc861</processItemId>
            <processId>1.a418f06d-b0be-4960-9557-2b56efe85bb4</processId>
            <name>End</name>
            <tWComponentName>ExitPoint</tWComponentName>
            <tWComponentId>3008.9a2dddfe-274a-4f98-ac5d-7617d38b2bc1</tWComponentId>
            <isLogEnabled>false</isLogEnabled>
            <isTraceEnabled>false</isTraceEnabled>
            <traceCategory isNull="true" />
            <traceLevel isNull="true" />
            <traceMessage isNull="true" />
            <traceSymbolTable isNull="true" />
            <isExecutionContextTraced>false</isExecutionContextTraced>
            <saveExecutionContext>true</saveExecutionContext>
            <documentation isNull="true" />
            <isErrorHandlerEnabled>false</isErrorHandlerEnabled>
            <errorHandlerItemId isNull="true" />
            <guid>guid:13a59355493bb473:-6f40172c:154ba1a388b:-7860</guid>
            <versionId>5750dfe0-c83a-47ab-8d2d-4c64626743d0</versionId>
            <externalServiceRef isNull="true" />
            <externalServiceOp isNull="true" />
            <nodeColor isNull="true" />
            <processPrePosts>
                <lastModified isNull="true" />
                <lastModifiedBy isNull="true" />
                <processItemPrePostId>2029.27570802-e048-4976-9168-88334e7a534a</processItemPrePostId>
                <processItemId>2025.43d6d27a-acaa-4fd7-9918-5f49ee0fc861</processItemId>
                <location>1</location>
                <script isNull="true" />
                <guid>b785492e-0d23-4fc4-a09d-e03e2aff5dff</guid>
                <versionId>8f12cf00-0bd2-4c4e-9a7b-340203c1f159</versionId>
            </processPrePosts>
            <layoutData x="917" y="363">
                <errorLink>
                    <controlPoints />
                    <showEndState>false</showEndState>
                    <showName>false</showName>
                </errorLink>
            </layoutData>
            <TWComponent>
                <lastModified isNull="true" />
                <lastModifiedBy isNull="true" />
                <exitPointId>3008.9a2dddfe-274a-4f98-ac5d-7617d38b2bc1</exitPointId>
                <haltProcess>false</haltProcess>
                <guid>83fdc60f-cf6f-493b-8093-05c08db90038</guid>
                <versionId>5779ee98-863e-4d25-bd61-dc09bd2ddd69</versionId>
            </TWComponent>
        </item>
        <item>
            <lastModified isNull="true" />
            <lastModifiedBy isNull="true" />
            <processItemId>2025.78d23f95-f7dd-4b50-85bc-efdff3b22d6e</processItemId>
            <processId>1.a418f06d-b0be-4960-9557-2b56efe85bb4</processId>
            <name>Search ECM Documents</name>
            <tWComponentName>ECMConnector</tWComponentName>
            <tWComponentId>3030.a0ca4a69-7dae-4f34-87d2-ca410212db41</tWComponentId>
            <isLogEnabled>false</isLogEnabled>
            <isTraceEnabled>false</isTraceEnabled>
            <traceCategory isNull="true" />
            <traceLevel isNull="true" />
            <traceMessage isNull="true" />
            <traceSymbolTable isNull="true" />
            <isExecutionContextTraced>false</isExecutionContextTraced>
            <saveExecutionContext>false</saveExecutionContext>
            <documentation isNull="true" />
            <isErrorHandlerEnabled>false</isErrorHandlerEnabled>
            <errorHandlerItemId isNull="true" />
            <guid>guid:13a59355493bb473:-6f40172c:154ba1a388b:-7861</guid>
            <versionId>ac5efe98-62be-47d2-bd4e-83c2eee31a1c</versionId>
            <externalServiceRef isNull="true" />
            <externalServiceOp isNull="true" />
            <nodeColor isNull="true" />
            <processPrePosts>
                <lastModified isNull="true" />
                <lastModifiedBy isNull="true" />
                <processItemPrePostId>2029.0cd8c57b-3bff-4d59-9a93-64db65703218</processItemPrePostId>
                <processItemId>2025.78d23f95-f7dd-4b50-85bc-efdff3b22d6e</processItemId>
                <location>1</location>
                <script isNull="true" />
                <guid>11655859-1cec-4e3b-ba6e-1203471c2da0</guid>
                <versionId>faaa9c02-8e07-4005-8bd0-af9721e6ad23</versionId>
            </processPrePosts>
            <layoutData x="398" y="348">
                <errorLink>
                    <controlPoints />
                    <showEndState>false</showEndState>
                    <showName>false</showName>
                </errorLink>
            </layoutData>
            <TWComponent>
                <lastModified isNull="true" />
                <lastModifiedBy isNull="true" />
                <ecmConnectorId>3030.a0ca4a69-7dae-4f34-87d2-ca410212db41</ecmConnectorId>
                <definition>&lt;config type="com.lombardisoftware.client.persistence.ECMConnectorConfiguration"&gt;&#xD;
  &lt;inputParameters&gt;&#xD;
    &lt;parameter&gt;&#xD;
      &lt;name&gt;cmisQuery&lt;/name&gt;&#xD;
      &lt;type&gt;String&lt;/type&gt;&#xD;
      &lt;description&gt;CMIS query&lt;/description&gt;&#xD;
      &lt;defaultValue&gt;&lt;/defaultValue&gt;&#xD;
      &lt;argumentVariable&gt;tw.local.data.cmisQuery&lt;/argumentVariable&gt;&#xD;
      &lt;isArray&gt;&lt;/isArray&gt;&#xD;
      &lt;isList&gt;false&lt;/isList&gt;&#xD;
    &lt;/parameter&gt;&#xD;
    &lt;parameter&gt;&#xD;
      &lt;name&gt;returnType&lt;/name&gt;&#xD;
      &lt;type&gt;String&lt;/type&gt;&#xD;
      &lt;description&gt;Return type&lt;/description&gt;&#xD;
      &lt;defaultValue&gt;&lt;/defaultValue&gt;&#xD;
      &lt;argumentVariable&gt;&lt;/argumentVariable&gt;&#xD;
      &lt;isArray&gt;&lt;/isArray&gt;&#xD;
      &lt;isList&gt;false&lt;/isList&gt;&#xD;
    &lt;/parameter&gt;&#xD;
    &lt;parameter&gt;&#xD;
      &lt;name&gt;searchAllVersions&lt;/name&gt;&#xD;
      &lt;type&gt;Boolean&lt;/type&gt;&#xD;
      &lt;description&gt;Search all versions&lt;/description&gt;&#xD;
      &lt;defaultValue&gt;&lt;/defaultValue&gt;&#xD;
      &lt;argumentVariable&gt;tw.local.data.searchAllVersions&lt;/argumentVariable&gt;&#xD;
      &lt;isArray&gt;&lt;/isArray&gt;&#xD;
      &lt;isList&gt;false&lt;/isList&gt;&#xD;
    &lt;/parameter&gt;&#xD;
    &lt;parameter&gt;&#xD;
      &lt;name&gt;maxItems&lt;/name&gt;&#xD;
      &lt;type&gt;Integer&lt;/type&gt;&#xD;
      &lt;description&gt;Max items&lt;/description&gt;&#xD;
      &lt;defaultValue&gt;&lt;/defaultValue&gt;&#xD;
      &lt;argumentVariable&gt;tw.local.data.maxItems&lt;/argumentVariable&gt;&#xD;
      &lt;isArray&gt;&lt;/isArray&gt;&#xD;
      &lt;isList&gt;false&lt;/isList&gt;&#xD;
    &lt;/parameter&gt;&#xD;
    &lt;parameter&gt;&#xD;
      &lt;name&gt;skipCount&lt;/name&gt;&#xD;
      &lt;type&gt;Integer&lt;/type&gt;&#xD;
      &lt;description&gt;Skip count&lt;/description&gt;&#xD;
      &lt;defaultValue&gt;&lt;/defaultValue&gt;&#xD;
      &lt;argumentVariable&gt;tw.local.data.skipCount&lt;/argumentVariable&gt;&#xD;
      &lt;isArray&gt;&lt;/isArray&gt;&#xD;
      &lt;isList&gt;false&lt;/isList&gt;&#xD;
    &lt;/parameter&gt;&#xD;
    &lt;parameter&gt;&#xD;
      &lt;name&gt;serverName&lt;/name&gt;&#xD;
      &lt;type&gt;String&lt;/type&gt;&#xD;
      &lt;description&gt;Server name&lt;/description&gt;&#xD;
      &lt;defaultValue&gt;&lt;/defaultValue&gt;&#xD;
      &lt;argumentVariable&gt;tw.local.data.serverName&lt;/argumentVariable&gt;&#xD;
      &lt;isArray&gt;&lt;/isArray&gt;&#xD;
      &lt;isList&gt;false&lt;/isList&gt;&#xD;
    &lt;/parameter&gt;&#xD;
  &lt;/inputParameters&gt;&#xD;
  &lt;outputParameters&gt;&#xD;
    &lt;parameter&gt;&#xD;
      &lt;name&gt;searchResult&lt;/name&gt;&#xD;
      &lt;type&gt;ECMSearchResult&lt;/type&gt;&#xD;
      &lt;description&gt;Search result&lt;/description&gt;&#xD;
      &lt;defaultValue&gt;&lt;/defaultValue&gt;&#xD;
      &lt;argumentVariable&gt;tw.local.results&lt;/argumentVariable&gt;&#xD;
      &lt;isArray&gt;&lt;/isArray&gt;&#xD;
      &lt;isList&gt;false&lt;/isList&gt;&#xD;
    &lt;/parameter&gt;&#xD;
  &lt;/outputParameters&gt;&#xD;
  &lt;matchAllSearchCriteria&gt;true&lt;/matchAllSearchCriteria&gt;&#xD;
  &lt;searchParameters /&gt;&#xD;
  &lt;selectParameters /&gt;&#xD;
  &lt;orderOverride&gt;false&lt;/orderOverride&gt;&#xD;
  &lt;orderOverrideValue&gt;&lt;/orderOverrideValue&gt;&#xD;
  &lt;operationType&gt;SEARCH_OP&lt;/operationType&gt;&#xD;
  &lt;server&gt;useMappingServer&lt;/server&gt;&#xD;
  &lt;objectTypeSelection&gt;DOCUMENT&lt;/objectTypeSelection&gt;&#xD;
  &lt;useMappedVariable&gt;true&lt;/useMappedVariable&gt;&#xD;
  &lt;faultParameterId&gt;2055.d3a9a150-55d6-4f24-9596-eed0294638f3&lt;/faultParameterId&gt;&#xD;
&lt;/config&gt;</definition>
                <guid>96b5ff0c-562c-4546-851a-191f4476a94a</guid>
                <versionId>53967072-3b2d-447a-b1cb-5ba4bd4c19cd</versionId>
            </TWComponent>
        </item>
        <startingProcessItemId>2025.cc50f503-4d46-4419-ac61-0abd8ca619a1</startingProcessItemId>
        <errorHandlerItemId isNull="true" />
        <layoutData noConversion="true">
            <errorLink>
                <controlPoints />
                <showEndState>false</showEndState>
                <showName>false</showName>
            </errorLink>
        </layoutData>
        <startPoint>
            <layoutData x="27" y="364">
                <errorLink>
                    <controlPoints />
                    <showEndState>false</showEndState>
                    <showName>false</showName>
                </errorLink>
            </layoutData>
        </startPoint>
        <startLink>
            <fromPort locationId="rightCenter" portType="1" />
            <toPort locationId="leftCenter" portType="2" />
            <layoutData>
                <controlPoints />
                <showEndState>false</showEndState>
                <showName>false</showName>
            </layoutData>
        </startLink>
        <link name="Untitled">
            <lastModified isNull="true" />
            <lastModifiedBy isNull="true" />
            <processLinkId>2027.9ad3f828-56a4-44c6-8561-6a6c10279509</processLinkId>
            <processId>1.a418f06d-b0be-4960-9557-2b56efe85bb4</processId>
            <description isNull="true" />
            <fromProcessItemId>2025.2c73ffe2-4805-404e-b581-a52d1d27ef99</fromProcessItemId>
            <endStateId>Out</endStateId>
            <toProcessItemId>2025.77e36610-593f-4cb6-a7a3-5195a662c230</toProcessItemId>
            <guid>3474ec0c-721f-4a6a-92d3-034c0bf9f258</guid>
            <versionId>46c34f02-5928-4912-95c3-ab995193f68a</versionId>
            <layoutData>
                <controlPoints />
                <showEndState>false</showEndState>
                <showName>false</showName>
            </layoutData>
            <fromItemPort locationId="rightCenter" portType="1" />
            <toItemPort locationId="leftCenter" portType="2" />
            <fromProcessItemId>2025.2c73ffe2-4805-404e-b581-a52d1d27ef99</fromProcessItemId>
            <toProcessItemId>2025.77e36610-593f-4cb6-a7a3-5195a662c230</toProcessItemId>
        </link>
        <link name="Untitled">
            <lastModified isNull="true" />
            <lastModifiedBy isNull="true" />
            <processLinkId>2027.cbb48b5f-4a75-4552-aca8-2e7a3c14fe01</processLinkId>
            <processId>1.a418f06d-b0be-4960-9557-2b56efe85bb4</processId>
            <description isNull="true" />
            <fromProcessItemId>2025.39bdcb8d-25f8-4bb6-8593-679238926f65</fromProcessItemId>
            <endStateId>Out</endStateId>
            <toProcessItemId>2025.2c73ffe2-4805-404e-b581-a52d1d27ef99</toProcessItemId>
            <guid>346dd063-1248-4404-8e23-b4364f1a1192</guid>
            <versionId>830724d7-1c86-4a0c-b926-f7da2af8e6e3</versionId>
            <layoutData>
                <controlPoints />
                <showEndState>false</showEndState>
                <showName>false</showName>
            </layoutData>
            <fromItemPort locationId="rightCenter" portType="1" />
            <toItemPort locationId="leftCenter" portType="2" />
            <fromProcessItemId>2025.39bdcb8d-25f8-4bb6-8593-679238926f65</fromProcessItemId>
            <toProcessItemId>2025.2c73ffe2-4805-404e-b581-a52d1d27ef99</toProcessItemId>
        </link>
        <link name="Untitled">
            <lastModified isNull="true" />
            <lastModifiedBy isNull="true" />
            <processLinkId>2027.0fc74dc9-e8b5-4a0c-8079-4bea2f2fcbe8</processLinkId>
            <processId>1.a418f06d-b0be-4960-9557-2b56efe85bb4</processId>
            <description isNull="true" />
            <fromProcessItemId>2025.cc50f503-4d46-4419-ac61-0abd8ca619a1</fromProcessItemId>
            <endStateId>guid:9263f1d7ecbb9525:-1f25236c:15ca683e60e:-7fed</endStateId>
            <toProcessItemId>2025.39bdcb8d-25f8-4bb6-8593-679238926f65</toProcessItemId>
            <guid>4bdc77f8-f3fc-4f63-9ffd-67ab8befdf97</guid>
            <versionId>d18069dc-c974-4909-b9c5-c4fcd5e402e8</versionId>
            <layoutData>
                <controlPoints />
                <showEndState>false</showEndState>
                <showName>false</showName>
            </layoutData>
            <fromItemPort locationId="topCenter" portType="1" />
            <toItemPort locationId="leftCenter" portType="2" />
            <fromProcessItemId>2025.cc50f503-4d46-4419-ac61-0abd8ca619a1</fromProcessItemId>
            <toProcessItemId>2025.39bdcb8d-25f8-4bb6-8593-679238926f65</toProcessItemId>
        </link>
        <link name="Untitled">
            <lastModified isNull="true" />
            <lastModifiedBy isNull="true" />
            <processLinkId>2027.211fd6e7-3eea-4b3a-9adb-db6ccff11f97</processLinkId>
            <processId>1.a418f06d-b0be-4960-9557-2b56efe85bb4</processId>
            <description isNull="true" />
            <fromProcessItemId>2025.cc50f503-4d46-4419-ac61-0abd8ca619a1</fromProcessItemId>
            <endStateId>DEFAULT</endStateId>
            <toProcessItemId>2025.78d23f95-f7dd-4b50-85bc-efdff3b22d6e</toProcessItemId>
            <guid>c98c49ed-613a-4bd8-8fcf-18ddc0c73d85</guid>
            <versionId>da0df51c-2a3f-4182-ad53-4e6701117d3d</versionId>
            <layoutData>
                <controlPoints />
                <showEndState>false</showEndState>
                <showName>false</showName>
            </layoutData>
            <fromItemPort locationId="rightCenter" portType="1" />
            <toItemPort locationId="leftCenter" portType="2" />
            <fromProcessItemId>2025.cc50f503-4d46-4419-ac61-0abd8ca619a1</fromProcessItemId>
            <toProcessItemId>2025.78d23f95-f7dd-4b50-85bc-efdff3b22d6e</toProcessItemId>
        </link>
        <link name="Untitled">
            <lastModified isNull="true" />
            <lastModifiedBy isNull="true" />
            <processLinkId>2027.cf5f5748-39e2-4cf0-be36-03bfb5534bb5</processLinkId>
            <processId>1.a418f06d-b0be-4960-9557-2b56efe85bb4</processId>
            <description isNull="true" />
            <fromProcessItemId>2025.78d23f95-f7dd-4b50-85bc-efdff3b22d6e</fromProcessItemId>
            <endStateId>Out</endStateId>
            <toProcessItemId>2025.43d6d27a-acaa-4fd7-9918-5f49ee0fc861</toProcessItemId>
            <guid>943ea3ad-04d5-4904-84f0-73ae96fcfaf7</guid>
            <versionId>fab07314-b3d9-4d44-a00e-2bfe22e3666d</versionId>
            <layoutData>
                <controlPoints />
                <showEndState>false</showEndState>
                <showName>false</showName>
            </layoutData>
            <fromItemPort locationId="rightCenter" portType="1" />
            <toItemPort locationId="leftCenter" portType="2" />
            <fromProcessItemId>2025.78d23f95-f7dd-4b50-85bc-efdff3b22d6e</fromProcessItemId>
            <toProcessItemId>2025.43d6d27a-acaa-4fd7-9918-5f49ee0fc861</toProcessItemId>
        </link>
        <link name="Untitled">
            <lastModified isNull="true" />
            <lastModifiedBy isNull="true" />
            <processLinkId>2027.853debae-7a95-4144-b550-fc79e538ea24</processLinkId>
            <processId>1.a418f06d-b0be-4960-9557-2b56efe85bb4</processId>
            <description isNull="true" />
            <fromProcessItemId>2025.77e36610-593f-4cb6-a7a3-5195a662c230</fromProcessItemId>
            <endStateId>Out</endStateId>
            <toProcessItemId>2025.43d6d27a-acaa-4fd7-9918-5f49ee0fc861</toProcessItemId>
            <guid>b425a267-b0de-460f-bb0e-5442343cfa55</guid>
            <versionId>fbb84ba1-3aa8-4386-a344-e08eb5060283</versionId>
            <layoutData>
                <controlPoints />
                <showEndState>false</showEndState>
                <showName>false</showName>
            </layoutData>
            <fromItemPort locationId="rightCenter" portType="1" />
            <toItemPort locationId="topCenter" portType="2" />
            <fromProcessItemId>2025.77e36610-593f-4cb6-a7a3-5195a662c230</fromProcessItemId>
            <toProcessItemId>2025.43d6d27a-acaa-4fd7-9918-5f49ee0fc861</toProcessItemId>
        </link>
    </process>
</teamworks>

