<?xml version="1.0" encoding="UTF-8"?>
<teamworks>
    <process id="1.c000b9e9-2eba-42ce-8dce-cdfc41217c5d" name="ECM Document Delete Service">
        <lastModified>1497448199369</lastModified>
        <lastModifiedBy>tw_admin</lastModifiedBy>
        <processId>1.c000b9e9-2eba-42ce-8dce-cdfc41217c5d</processId>
        <image isNull="true" />
        <tabGroup isNull="true" />
        <startingProcessItemId>2025.b1c7d3c6-2e43-48c7-a7e2-5ea6e3f1392f</startingProcessItemId>
        <isRootProcess>false</isRootProcess>
        <processType>2</processType>
        <isErrorHandlerEnabled>false</isErrorHandlerEnabled>
        <errorHandlerItemId isNull="true" />
        <isLoggingVariables>false</isLoggingVariables>
        <isTransactional>false</isTransactional>
        <processTimingLevel isNull="true" />
        <participantRef isNull="true" />
        <exposedType isNull="true" />
        <isTrackingEnabled>true</isTrackingEnabled>
        <xmlData isNull="true" />
        <cachingType>false</cachingType>
        <itemLabel isNull="true" />
        <cacheLength>43200</cacheLength>
        <mobileReady>false</mobileReady>
        <sboSyncEnabled>false</sboSyncEnabled>
        <externalId isNull="true" />
        <isSecured>false</isSecured>
        <isAjaxExposed>false</isAjaxExposed>
        <description isNull="true" />
        <guid>8ac3e5b9-9025-48f1-b828-ab3f826abe7c</guid>
        <versionId>a03633cc-a125-49e9-ae84-3d4bcd753eb4</versionId>
        <dependencySummary isNull="true" />
        <jsonData isNull="true" />
        <field1 isNull="true" />
        <field2 isNull="true" />
        <field3>0</field3>
        <field4 isNull="true" />
        <field5>false</field5>
        <clobField1 isNull="true" />
        <blobField1 isNull="true" />
        <processParameter name="data">
            <lastModified isNull="true" />
            <lastModifiedBy isNull="true" />
            <processParameterId>2055.6baa695a-237d-41c9-a398-82b4f4dab916</processParameterId>
            <processId>1.c000b9e9-2eba-42ce-8dce-cdfc41217c5d</processId>
            <parameterType>1</parameterType>
            <isArrayOf>false</isArrayOf>
            <classId>/12.8300e115-4237-473a-b2cb-b5d22da9df30</classId>
            <seq>1</seq>
            <hasDefault>false</hasDefault>
            <defaultValue isNull="true" />
            <isLocked>false</isLocked>
            <description isNull="true" />
            <guid>bf741f07-d75f-4734-943d-cb64812f6ff2</guid>
            <versionId>66d67f1b-82ab-4317-9f74-03068f3a4936</versionId>
        </processParameter>
        <processParameter name="results">
            <lastModified isNull="true" />
            <lastModifiedBy isNull="true" />
            <processParameterId>2055.109339c4-d416-4596-b614-29d822eb58eb</processParameterId>
            <processId>1.c000b9e9-2eba-42ce-8dce-cdfc41217c5d</processId>
            <parameterType>2</parameterType>
            <isArrayOf>false</isArrayOf>
            <classId>f1e96cc6-5fd9-4002-8b04-107d4ddae78a/12.c09c9b6e-aabd-4897-bef2-ed61db106297</classId>
            <seq>2</seq>
            <hasDefault>false</hasDefault>
            <defaultValue isNull="true" />
            <isLocked>false</isLocked>
            <description isNull="true" />
            <guid>302d87c1-b82a-4702-87a8-1d22d39cdbba</guid>
            <versionId>9cb61c6f-3879-4a62-a318-89ee97d7502b</versionId>
        </processParameter>
        <processParameter name="error">
            <lastModified isNull="true" />
            <lastModifiedBy isNull="true" />
            <processParameterId>2055.bd097721-577b-4fc2-bdf2-75115fd3f972</processParameterId>
            <processId>1.c000b9e9-2eba-42ce-8dce-cdfc41217c5d</processId>
            <parameterType>2</parameterType>
            <isArrayOf>false</isArrayOf>
            <classId>f496ca18-836b-46b7-8846-85b2ee01f7eb/12.5551644c-3dc6-4161-a939-4e7f27f8ce45</classId>
            <seq>3</seq>
            <hasDefault>false</hasDefault>
            <defaultValue isNull="true" />
            <isLocked>false</isLocked>
            <description isNull="true" />
            <guid>dd833fa1-1462-4419-be70-8ed0f8c0abd3</guid>
            <versionId>4b13848f-5857-48ae-9698-2e415349b3fb</versionId>
        </processParameter>
        <item>
            <lastModified isNull="true" />
            <lastModifiedBy isNull="true" />
            <processItemId>2025.b1c7d3c6-2e43-48c7-a7e2-5ea6e3f1392f</processItemId>
            <processId>1.c000b9e9-2eba-42ce-8dce-cdfc41217c5d</processId>
            <name>Set Default Server</name>
            <tWComponentName>Script</tWComponentName>
            <tWComponentId>3011.1b983975-b54d-452c-981c-e321f05a4b7a</tWComponentId>
            <isLogEnabled>false</isLogEnabled>
            <isTraceEnabled>false</isTraceEnabled>
            <traceCategory isNull="true" />
            <traceLevel isNull="true" />
            <traceMessage isNull="true" />
            <traceSymbolTable isNull="true" />
            <isExecutionContextTraced>false</isExecutionContextTraced>
            <saveExecutionContext>false</saveExecutionContext>
            <documentation isNull="true" />
            <isErrorHandlerEnabled>false</isErrorHandlerEnabled>
            <errorHandlerItemId isNull="true" />
            <guid>guid:9263f1d7ecbb9525:-1f25236c:15ca683e60e:-7ffa</guid>
            <versionId>8500c49d-6439-4f96-a64b-80ee7794da61</versionId>
            <externalServiceRef isNull="true" />
            <externalServiceOp isNull="true" />
            <nodeColor isNull="true" />
            <layoutData x="138" y="81">
                <errorLink>
                    <controlPoints />
                    <showEndState>false</showEndState>
                    <showName>false</showName>
                </errorLink>
            </layoutData>
            <TWComponent>
                <lastModified isNull="true" />
                <lastModifiedBy isNull="true" />
                <scriptId>3011.1b983975-b54d-452c-981c-e321f05a4b7a</scriptId>
                <scriptTypeId>2</scriptTypeId>
                <isActive>true</isActive>
                <script>if(tw.local.data.serverName == undefined){
    tw.local.data.serverName = ECMServerNames.IBM_BPM_DOCUMENT_STORE;
}
</script>
                <isRule>false</isRule>
                <guid>92e69a7c-b452-4475-9064-347e7b6f2852</guid>
                <versionId>f50d905f-e5be-46ed-aa86-9198d123fb17</versionId>
            </TWComponent>
        </item>
        <item>
            <lastModified isNull="true" />
            <lastModifiedBy isNull="true" />
            <processItemId>2025.02a31f78-c251-4827-91a4-cbb08a852123</processItemId>
            <processId>1.c000b9e9-2eba-42ce-8dce-cdfc41217c5d</processId>
            <name>Delete Doc</name>
            <tWComponentName>ECMConnector</tWComponentName>
            <tWComponentId>3030.957fdff0-35d8-4f42-a8ec-0be4e7c61103</tWComponentId>
            <isLogEnabled>false</isLogEnabled>
            <isTraceEnabled>false</isTraceEnabled>
            <traceCategory isNull="true" />
            <traceLevel isNull="true" />
            <traceMessage isNull="true" />
            <traceSymbolTable isNull="true" />
            <isExecutionContextTraced>false</isExecutionContextTraced>
            <saveExecutionContext>false</saveExecutionContext>
            <documentation isNull="true" />
            <isErrorHandlerEnabled>false</isErrorHandlerEnabled>
            <errorHandlerItemId isNull="true" />
            <guid>guid:13a59355493bb473:-6f40172c:154ba1a388b:-783d</guid>
            <versionId>9d5be3a5-87a0-4b6c-9cc3-c6ebe69b4d6d</versionId>
            <externalServiceRef isNull="true" />
            <externalServiceOp isNull="true" />
            <nodeColor isNull="true" />
            <layoutData x="285" y="81">
                <errorLink>
                    <controlPoints />
                    <showEndState>false</showEndState>
                    <showName>false</showName>
                </errorLink>
            </layoutData>
            <TWComponent>
                <lastModified isNull="true" />
                <lastModifiedBy isNull="true" />
                <ecmConnectorId>3030.957fdff0-35d8-4f42-a8ec-0be4e7c61103</ecmConnectorId>
                <definition>&lt;config type="com.lombardisoftware.client.persistence.ECMConnectorConfiguration"&gt;&#xD;
  &lt;inputParameters&gt;&#xD;
    &lt;parameter&gt;&#xD;
      &lt;name&gt;documentId&lt;/name&gt;&#xD;
      &lt;type&gt;ECMID&lt;/type&gt;&#xD;
      &lt;description&gt;Document ID&lt;/description&gt;&#xD;
      &lt;defaultValue&gt;&lt;/defaultValue&gt;&#xD;
      &lt;argumentVariable&gt;tw.local.data.id&lt;/argumentVariable&gt;&#xD;
      &lt;isArray&gt;&lt;/isArray&gt;&#xD;
      &lt;isList&gt;false&lt;/isList&gt;&#xD;
    &lt;/parameter&gt;&#xD;
    &lt;parameter&gt;&#xD;
      &lt;name&gt;allVersions&lt;/name&gt;&#xD;
      &lt;type&gt;Boolean&lt;/type&gt;&#xD;
      &lt;description&gt;All versions&lt;/description&gt;&#xD;
      &lt;defaultValue&gt;&lt;/defaultValue&gt;&#xD;
      &lt;argumentVariable&gt;tw.local.data.allVersions&lt;/argumentVariable&gt;&#xD;
      &lt;isArray&gt;&lt;/isArray&gt;&#xD;
      &lt;isList&gt;false&lt;/isList&gt;&#xD;
    &lt;/parameter&gt;&#xD;
    &lt;parameter&gt;&#xD;
      &lt;name&gt;serverName&lt;/name&gt;&#xD;
      &lt;type&gt;String&lt;/type&gt;&#xD;
      &lt;description&gt;Server name&lt;/description&gt;&#xD;
      &lt;defaultValue&gt;&lt;/defaultValue&gt;&#xD;
      &lt;argumentVariable&gt;tw.local.data.serverName&lt;/argumentVariable&gt;&#xD;
      &lt;isArray&gt;&lt;/isArray&gt;&#xD;
      &lt;isList&gt;false&lt;/isList&gt;&#xD;
    &lt;/parameter&gt;&#xD;
  &lt;/inputParameters&gt;&#xD;
  &lt;outputParameters /&gt;&#xD;
  &lt;matchAllSearchCriteria&gt;true&lt;/matchAllSearchCriteria&gt;&#xD;
  &lt;searchParameters /&gt;&#xD;
  &lt;selectParameters /&gt;&#xD;
  &lt;orderOverride&gt;false&lt;/orderOverride&gt;&#xD;
  &lt;orderOverrideValue&gt;&lt;/orderOverrideValue&gt;&#xD;
  &lt;operationType&gt;DOC_OP_DELETE_DOCUMENT&lt;/operationType&gt;&#xD;
  &lt;server&gt;useMappingServer&lt;/server&gt;&#xD;
  &lt;objectTypeSelection&gt;DOCUMENT&lt;/objectTypeSelection&gt;&#xD;
  &lt;useMappedVariable&gt;false&lt;/useMappedVariable&gt;&#xD;
  &lt;faultParameterId&gt;2055.a16c9113-2505-482a-ab66-d4dc5fd61258&lt;/faultParameterId&gt;&#xD;
&lt;/config&gt;</definition>
                <guid>01d66f5a-39b7-459e-9e2f-d61d227903da</guid>
                <versionId>e0328a03-50e5-4275-97da-b8c687f22c1d</versionId>
            </TWComponent>
        </item>
        <item>
            <lastModified isNull="true" />
            <lastModifiedBy isNull="true" />
            <processItemId>2025.98a2e7a6-3a7a-400f-acd8-f6e5321b143f</processItemId>
            <processId>1.c000b9e9-2eba-42ce-8dce-cdfc41217c5d</processId>
            <name>End</name>
            <tWComponentName>ExitPoint</tWComponentName>
            <tWComponentId>3008.31235be9-2bf0-4d73-bf96-208484ee24c3</tWComponentId>
            <isLogEnabled>false</isLogEnabled>
            <isTraceEnabled>false</isTraceEnabled>
            <traceCategory isNull="true" />
            <traceLevel isNull="true" />
            <traceMessage isNull="true" />
            <traceSymbolTable isNull="true" />
            <isExecutionContextTraced>false</isExecutionContextTraced>
            <saveExecutionContext>true</saveExecutionContext>
            <documentation isNull="true" />
            <isErrorHandlerEnabled>false</isErrorHandlerEnabled>
            <errorHandlerItemId isNull="true" />
            <guid>guid:13a59355493bb473:-6f40172c:154ba1a388b:-783c</guid>
            <versionId>c3614f31-2416-4c52-bc2c-2ef14ba637b5</versionId>
            <externalServiceRef isNull="true" />
            <externalServiceOp isNull="true" />
            <nodeColor isNull="true" />
            <layoutData x="460" y="96">
                <errorLink>
                    <controlPoints />
                    <showEndState>false</showEndState>
                    <showName>false</showName>
                </errorLink>
            </layoutData>
            <TWComponent>
                <lastModified isNull="true" />
                <lastModifiedBy isNull="true" />
                <exitPointId>3008.31235be9-2bf0-4d73-bf96-208484ee24c3</exitPointId>
                <haltProcess>false</haltProcess>
                <guid>5f4bbda4-2a6e-4d9b-b162-f9c24cb30614</guid>
                <versionId>2c9ec3ec-52d8-4ce6-9f47-8a96f38d5da3</versionId>
            </TWComponent>
        </item>
        <startingProcessItemId>2025.b1c7d3c6-2e43-48c7-a7e2-5ea6e3f1392f</startingProcessItemId>
        <errorHandlerItemId isNull="true" />
        <layoutData noConversion="true">
            <errorLink>
                <controlPoints />
                <showEndState>false</showEndState>
                <showName>false</showName>
            </errorLink>
        </layoutData>
        <startPoint>
            <layoutData x="25" y="97">
                <errorLink>
                    <controlPoints />
                    <showEndState>false</showEndState>
                    <showName>false</showName>
                </errorLink>
            </layoutData>
        </startPoint>
        <startLink>
            <fromPort locationId="rightCenter" portType="1" />
            <toPort locationId="leftCenter" portType="2" />
            <layoutData>
                <controlPoints />
                <showEndState>false</showEndState>
                <showName>false</showName>
            </layoutData>
        </startLink>
        <link name="Untitled">
            <lastModified isNull="true" />
            <lastModifiedBy isNull="true" />
            <processLinkId>2027.2eef10d1-4539-4571-93c1-7a4a31c05126</processLinkId>
            <processId>1.c000b9e9-2eba-42ce-8dce-cdfc41217c5d</processId>
            <description isNull="true" />
            <fromProcessItemId>2025.02a31f78-c251-4827-91a4-cbb08a852123</fromProcessItemId>
            <endStateId>Out</endStateId>
            <toProcessItemId>2025.98a2e7a6-3a7a-400f-acd8-f6e5321b143f</toProcessItemId>
            <guid>ed9bbe48-ed7d-49b0-8560-25c7c613a88e</guid>
            <versionId>0cb23332-b86c-49de-aecf-978c556c2b91</versionId>
            <layoutData>
                <controlPoints />
                <showEndState>false</showEndState>
                <showName>false</showName>
            </layoutData>
            <fromItemPort locationId="rightCenter" portType="1" />
            <toItemPort locationId="leftCenter" portType="2" />
            <fromProcessItemId>2025.02a31f78-c251-4827-91a4-cbb08a852123</fromProcessItemId>
            <toProcessItemId>2025.98a2e7a6-3a7a-400f-acd8-f6e5321b143f</toProcessItemId>
        </link>
        <link name="Untitled">
            <lastModified isNull="true" />
            <lastModifiedBy isNull="true" />
            <processLinkId>2027.314e357c-bbc5-4380-857b-955287fbf433</processLinkId>
            <processId>1.c000b9e9-2eba-42ce-8dce-cdfc41217c5d</processId>
            <description isNull="true" />
            <fromProcessItemId>2025.b1c7d3c6-2e43-48c7-a7e2-5ea6e3f1392f</fromProcessItemId>
            <endStateId>Out</endStateId>
            <toProcessItemId>2025.02a31f78-c251-4827-91a4-cbb08a852123</toProcessItemId>
            <guid>44488f8b-2b71-4c04-9eaa-2f0fb78afae1</guid>
            <versionId>b3da5c27-96f3-411d-b930-5dbe32721449</versionId>
            <layoutData>
                <controlPoints />
                <showEndState>false</showEndState>
                <showName>false</showName>
            </layoutData>
            <fromItemPort locationId="rightCenter" portType="1" />
            <toItemPort locationId="leftCenter" portType="2" />
            <fromProcessItemId>2025.b1c7d3c6-2e43-48c7-a7e2-5ea6e3f1392f</fromProcessItemId>
            <toProcessItemId>2025.02a31f78-c251-4827-91a4-cbb08a852123</toProcessItemId>
        </link>
    </process>
</teamworks>

