<?xml version="1.0" encoding="UTF-8"?>
<teamworks>
    <process id="1.d2108594-519f-4438-96bf-6bd1105e8e5d" name="ECM Get Folder Tree Service">
        <lastModified>1479855948451</lastModified>
        <lastModifiedBy>admin</lastModifiedBy>
        <processId>1.d2108594-519f-4438-96bf-6bd1105e8e5d</processId>
        <image isNull="true" />
        <tabGroup isNull="true" />
        <startingProcessItemId>2025.b86892ed-e850-4fb9-9542-1fc909e796b8</startingProcessItemId>
        <isRootProcess>false</isRootProcess>
        <processType>2</processType>
        <isErrorHandlerEnabled>false</isErrorHandlerEnabled>
        <errorHandlerItemId isNull="true" />
        <isLoggingVariables>false</isLoggingVariables>
        <isTransactional>false</isTransactional>
        <processTimingLevel isNull="true" />
        <participantRef isNull="true" />
        <exposedType isNull="true" />
        <isTrackingEnabled>true</isTrackingEnabled>
        <xmlData isNull="true" />
        <cachingType>false</cachingType>
        <itemLabel isNull="true" />
        <cacheLength>43200</cacheLength>
        <mobileReady>false</mobileReady>
        <sboSyncEnabled>false</sboSyncEnabled>
        <externalId isNull="true" />
        <isSecured>false</isSecured>
        <isAjaxExposed>false</isAjaxExposed>
        <description isNull="true" />
        <guid>73e43f6c-fd58-4464-be20-5e9f9170c57e</guid>
        <versionId>bdef7ef7-c92c-4475-a9bd-b56a63196ea8</versionId>
        <dependencySummary isNull="true" />
        <jsonData isNull="true" />
        <field1 isNull="true" />
        <field2 isNull="true" />
        <field3>0</field3>
        <field4 isNull="true" />
        <field5>false</field5>
        <clobField1 isNull="true" />
        <blobField1 isNull="true" />
        <processParameter name="data">
            <lastModified isNull="true" />
            <lastModifiedBy isNull="true" />
            <processParameterId>2055.b74b75b0-05f3-4dbe-b61a-1049106ede43</processParameterId>
            <processId>1.d2108594-519f-4438-96bf-6bd1105e8e5d</processId>
            <parameterType>1</parameterType>
            <isArrayOf>false</isArrayOf>
            <classId>/12.e81552b5-e92b-4c45-816a-d5bdffad7800</classId>
            <seq>1</seq>
            <hasDefault>false</hasDefault>
            <defaultValue isNull="true" />
            <isLocked>false</isLocked>
            <description isNull="true" />
            <guid>f50848f6-c045-4e13-9d45-b9836dc83595</guid>
            <versionId>6b134df3-9127-4a69-aae8-3d98a148b97d</versionId>
        </processParameter>
        <processParameter name="results">
            <lastModified isNull="true" />
            <lastModifiedBy isNull="true" />
            <processParameterId>2055.79aa28dc-0942-4ffe-82e7-d25078f7bc3e</processParameterId>
            <processId>1.d2108594-519f-4438-96bf-6bd1105e8e5d</processId>
            <parameterType>2</parameterType>
            <isArrayOf>false</isArrayOf>
            <classId>f1e96cc6-5fd9-4002-8b04-107d4ddae78a/12.c09c9b6e-aabd-4897-bef2-ed61db106297</classId>
            <seq>2</seq>
            <hasDefault>false</hasDefault>
            <defaultValue isNull="true" />
            <isLocked>false</isLocked>
            <description isNull="true" />
            <guid>53b6c0f4-b859-469b-967e-5fffaf6fb0bf</guid>
            <versionId>67dcda77-0986-4e87-9572-434094b3fee3</versionId>
        </processParameter>
        <processParameter name="error">
            <lastModified isNull="true" />
            <lastModifiedBy isNull="true" />
            <processParameterId>2055.c8701b11-1204-4948-9430-a30e4bf7889b</processParameterId>
            <processId>1.d2108594-519f-4438-96bf-6bd1105e8e5d</processId>
            <parameterType>2</parameterType>
            <isArrayOf>false</isArrayOf>
            <classId>f496ca18-836b-46b7-8846-85b2ee01f7eb/12.5551644c-3dc6-4161-a939-4e7f27f8ce45</classId>
            <seq>3</seq>
            <hasDefault>false</hasDefault>
            <defaultValue isNull="true" />
            <isLocked>false</isLocked>
            <description isNull="true" />
            <guid>a818538e-8afc-49eb-8987-aefdbdc49394</guid>
            <versionId>d443c5f8-374c-425b-8be5-217f95b00141</versionId>
        </processParameter>
        <processParameter name="ECMError">
            <lastModified isNull="true" />
            <lastModifiedBy isNull="true" />
            <processParameterId>2055.f6809f43-c02b-4894-8708-805446e76ec9</processParameterId>
            <processId>1.d2108594-519f-4438-96bf-6bd1105e8e5d</processId>
            <parameterType>3</parameterType>
            <isArrayOf>false</isArrayOf>
            <classId>/12.bfb48b9b-8247-49fb-8f78-82b738b817a6</classId>
            <seq>4</seq>
            <hasDefault>false</hasDefault>
            <defaultValue>ECMError</defaultValue>
            <isLocked>false</isLocked>
            <description isNull="true" />
            <guid>5c829363-ad34-4346-8035-4c28889c237d</guid>
            <versionId>23230d13-a572-4b05-8441-3fb3c0de6c12</versionId>
        </processParameter>
        <processVariable name="folders">
            <lastModified isNull="true" />
            <lastModifiedBy isNull="true" />
            <processVariableId>2056.d9a2177b-2e11-4cb3-a3c6-3d5c1835c8a4</processVariableId>
            <description>Auto generated variable for mapping of Get Folder Tree</description>
            <processId>1.d2108594-519f-4438-96bf-6bd1105e8e5d</processId>
            <namespace>2</namespace>
            <seq>1</seq>
            <isArrayOf>true</isArrayOf>
            <isTransient>false</isTransient>
            <classId>/12.240930df-e9da-40a6-a4e8-4b41b42bb183</classId>
            <hasDefault>false</hasDefault>
            <defaultValue isNull="true" />
            <guid>3bb2b38d-86dc-42eb-8552-a50d9a094f57</guid>
            <versionId>30cfe7cb-907c-4baa-acdc-dbe4a5afb64b</versionId>
        </processVariable>
        <processVariable name="folder">
            <lastModified isNull="true" />
            <lastModifiedBy isNull="true" />
            <processVariableId>2056.f11727b9-ce06-408c-9911-07ed70a8062f</processVariableId>
            <description>Auto generated variable for mapping of Untitled1</description>
            <processId>1.d2108594-519f-4438-96bf-6bd1105e8e5d</processId>
            <namespace>2</namespace>
            <seq>2</seq>
            <isArrayOf>false</isArrayOf>
            <isTransient>false</isTransient>
            <classId>/12.240930df-e9da-40a6-a4e8-4b41b42bb183</classId>
            <hasDefault>false</hasDefault>
            <defaultValue isNull="true" />
            <guid>d5aa3175-c62c-4dbb-b3d9-d195d604e787</guid>
            <versionId>97fe51ef-6881-4a25-90ad-a8ee24220867</versionId>
        </processVariable>
        <item>
            <lastModified isNull="true" />
            <lastModifiedBy isNull="true" />
            <processItemId>2025.b86892ed-e850-4fb9-9542-1fc909e796b8</processItemId>
            <processId>1.d2108594-519f-4438-96bf-6bd1105e8e5d</processId>
            <name>Get Folder</name>
            <tWComponentName>ECMConnector</tWComponentName>
            <tWComponentId>3030.0193d5ef-76af-4c17-ba92-d6d5e3a49c32</tWComponentId>
            <isLogEnabled>false</isLogEnabled>
            <isTraceEnabled>false</isTraceEnabled>
            <traceCategory isNull="true" />
            <traceLevel isNull="true" />
            <traceMessage isNull="true" />
            <traceSymbolTable isNull="true" />
            <isExecutionContextTraced>false</isExecutionContextTraced>
            <saveExecutionContext>false</saveExecutionContext>
            <documentation isNull="true" />
            <isErrorHandlerEnabled>false</isErrorHandlerEnabled>
            <errorHandlerItemId isNull="true" />
            <guid>298c56db-dc90-4cd6-9797-f2b456c65914</guid>
            <versionId>28bd36ae-b88c-4402-82b9-bc69cfdb49ae</versionId>
            <externalServiceRef isNull="true" />
            <externalServiceOp isNull="true" />
            <nodeColor isNull="true" />
            <processPrePosts>
                <lastModified isNull="true" />
                <lastModifiedBy isNull="true" />
                <processItemPrePostId>2029.6ab27530-ac87-489f-9f8f-264b886df3e3</processItemPrePostId>
                <processItemId>2025.b86892ed-e850-4fb9-9542-1fc909e796b8</processItemId>
                <location>1</location>
                <script isNull="true" />
                <guid>ad2791ff-1cbd-427f-95c1-ddcc4c6c7338</guid>
                <versionId>0dc28732-3358-411b-b521-8ec2db5ddb17</versionId>
            </processPrePosts>
            <layoutData x="158" y="84">
                <errorLink>
                    <controlPoints />
                    <showEndState>false</showEndState>
                    <showName>false</showName>
                </errorLink>
            </layoutData>
            <TWComponent>
                <lastModified isNull="true" />
                <lastModifiedBy isNull="true" />
                <ecmConnectorId>3030.0193d5ef-76af-4c17-ba92-d6d5e3a49c32</ecmConnectorId>
                <definition>&lt;config type="com.lombardisoftware.client.persistence.ECMConnectorConfiguration"&gt;&#xD;
  &lt;inputParameters&gt;&#xD;
    &lt;parameter&gt;&#xD;
      &lt;name&gt;path&lt;/name&gt;&#xD;
      &lt;type&gt;String&lt;/type&gt;&#xD;
      &lt;description&gt;Path&lt;/description&gt;&#xD;
      &lt;defaultValue&gt;&lt;/defaultValue&gt;&#xD;
      &lt;argumentVariable&gt;tw.local.data.folder&lt;/argumentVariable&gt;&#xD;
      &lt;isArray&gt;&lt;/isArray&gt;&#xD;
      &lt;isList&gt;false&lt;/isList&gt;&#xD;
    &lt;/parameter&gt;&#xD;
    &lt;parameter&gt;&#xD;
      &lt;name&gt;serverName&lt;/name&gt;&#xD;
      &lt;type&gt;String&lt;/type&gt;&#xD;
      &lt;description&gt;Server name&lt;/description&gt;&#xD;
      &lt;defaultValue&gt;&lt;/defaultValue&gt;&#xD;
      &lt;argumentVariable&gt;tw.local.data.serverName&lt;/argumentVariable&gt;&#xD;
      &lt;isArray&gt;&lt;/isArray&gt;&#xD;
      &lt;isList&gt;false&lt;/isList&gt;&#xD;
    &lt;/parameter&gt;&#xD;
  &lt;/inputParameters&gt;&#xD;
  &lt;outputParameters&gt;&#xD;
    &lt;parameter&gt;&#xD;
      &lt;name&gt;folder&lt;/name&gt;&#xD;
      &lt;type&gt;ECMFolder&lt;/type&gt;&#xD;
      &lt;description&gt;Folder&lt;/description&gt;&#xD;
      &lt;defaultValue&gt;&lt;/defaultValue&gt;&#xD;
      &lt;argumentVariable&gt;tw.local.folder&lt;/argumentVariable&gt;&#xD;
      &lt;isArray&gt;&lt;/isArray&gt;&#xD;
      &lt;isList&gt;false&lt;/isList&gt;&#xD;
    &lt;/parameter&gt;&#xD;
  &lt;/outputParameters&gt;&#xD;
  &lt;matchAllSearchCriteria&gt;true&lt;/matchAllSearchCriteria&gt;&#xD;
  &lt;orderOverride&gt;false&lt;/orderOverride&gt;&#xD;
  &lt;orderOverrideValue&gt;&lt;/orderOverrideValue&gt;&#xD;
  &lt;operationType&gt;FOLDER_OP_GET_FOLDER_BY_PATH&lt;/operationType&gt;&#xD;
  &lt;server&gt;useMappingServer&lt;/server&gt;&#xD;
  &lt;objectTypeSelection&gt;DOCUMENT&lt;/objectTypeSelection&gt;&#xD;
  &lt;useMappedVariable&gt;false&lt;/useMappedVariable&gt;&#xD;
  &lt;faultParameterId&gt;2055.f6809f43-c02b-4894-8708-805446e76ec9&lt;/faultParameterId&gt;&#xD;
&lt;/config&gt;</definition>
                <guid>411336f1-edda-414b-8863-10abd238a0c4</guid>
                <versionId>2768721e-bf18-4ff0-8dbf-371e4750099b</versionId>
            </TWComponent>
        </item>
        <item>
            <lastModified isNull="true" />
            <lastModifiedBy isNull="true" />
            <processItemId>2025.72f3688c-2cf8-4aa6-962c-6ce6315e5199</processItemId>
            <processId>1.d2108594-519f-4438-96bf-6bd1105e8e5d</processId>
            <name>Get Folder Tree</name>
            <tWComponentName>ECMConnector</tWComponentName>
            <tWComponentId>3030.6559e019-e861-46f0-9bbe-316d9a51c70f</tWComponentId>
            <isLogEnabled>false</isLogEnabled>
            <isTraceEnabled>false</isTraceEnabled>
            <traceCategory isNull="true" />
            <traceLevel isNull="true" />
            <traceMessage isNull="true" />
            <traceSymbolTable isNull="true" />
            <isExecutionContextTraced>false</isExecutionContextTraced>
            <saveExecutionContext>false</saveExecutionContext>
            <documentation isNull="true" />
            <isErrorHandlerEnabled>false</isErrorHandlerEnabled>
            <errorHandlerItemId isNull="true" />
            <guid>guid:24747628aa2e2b37:-70c47def:1582f407c3d:-7acf</guid>
            <versionId>4d786654-7885-4976-80d3-69f593d58ca7</versionId>
            <externalServiceRef isNull="true" />
            <externalServiceOp isNull="true" />
            <nodeColor isNull="true" />
            <processPrePosts>
                <lastModified isNull="true" />
                <lastModifiedBy isNull="true" />
                <processItemPrePostId>2029.4890e4dc-e756-47c3-a603-d7ea8b7d2b21</processItemPrePostId>
                <processItemId>2025.72f3688c-2cf8-4aa6-962c-6ce6315e5199</processItemId>
                <location>2</location>
                <script>tw.local.results = tw.local.folders;</script>
                <guid>528b8389-fb84-4907-a0c9-25531ccf50cc</guid>
                <versionId>a03fe9cd-f016-46fb-a2c6-4da430058ff9</versionId>
            </processPrePosts>
            <layoutData x="349" y="84">
                <errorLink>
                    <controlPoints />
                    <showEndState>false</showEndState>
                    <showName>false</showName>
                </errorLink>
            </layoutData>
            <TWComponent>
                <lastModified isNull="true" />
                <lastModifiedBy isNull="true" />
                <ecmConnectorId>3030.6559e019-e861-46f0-9bbe-316d9a51c70f</ecmConnectorId>
                <definition>&lt;config type="com.lombardisoftware.client.persistence.ECMConnectorConfiguration"&gt;&#xD;
  &lt;inputParameters&gt;&#xD;
    &lt;parameter&gt;&#xD;
      &lt;name&gt;folderId&lt;/name&gt;&#xD;
      &lt;type&gt;ECMID&lt;/type&gt;&#xD;
      &lt;description&gt;Folder ID&lt;/description&gt;&#xD;
      &lt;defaultValue /&gt;&#xD;
      &lt;argumentVariable&gt;tw.local.folder.objectId&lt;/argumentVariable&gt;&#xD;
      &lt;isArray&gt;&lt;/isArray&gt;&#xD;
      &lt;isList&gt;false&lt;/isList&gt;&#xD;
    &lt;/parameter&gt;&#xD;
    &lt;parameter&gt;&#xD;
      &lt;name&gt;depth&lt;/name&gt;&#xD;
      &lt;type&gt;Integer&lt;/type&gt;&#xD;
      &lt;description&gt;Depth&lt;/description&gt;&#xD;
      &lt;defaultValue /&gt;&#xD;
      &lt;argumentVariable&gt;tw.local.data.depth&lt;/argumentVariable&gt;&#xD;
      &lt;isArray&gt;&lt;/isArray&gt;&#xD;
      &lt;isList&gt;false&lt;/isList&gt;&#xD;
    &lt;/parameter&gt;&#xD;
    &lt;parameter&gt;&#xD;
      &lt;name&gt;serverName&lt;/name&gt;&#xD;
      &lt;type&gt;String&lt;/type&gt;&#xD;
      &lt;description&gt;Server name&lt;/description&gt;&#xD;
      &lt;defaultValue /&gt;&#xD;
      &lt;argumentVariable&gt;tw.local.data.serverName&lt;/argumentVariable&gt;&#xD;
      &lt;isArray&gt;&lt;/isArray&gt;&#xD;
      &lt;isList&gt;false&lt;/isList&gt;&#xD;
    &lt;/parameter&gt;&#xD;
  &lt;/inputParameters&gt;&#xD;
  &lt;outputParameters&gt;&#xD;
    &lt;parameter&gt;&#xD;
      &lt;name&gt;folders&lt;/name&gt;&#xD;
      &lt;type&gt;ECMFolder&lt;/type&gt;&#xD;
      &lt;description&gt;Folders&lt;/description&gt;&#xD;
      &lt;defaultValue /&gt;&#xD;
      &lt;argumentVariable&gt;tw.local.folders&lt;/argumentVariable&gt;&#xD;
      &lt;isArray&gt;&lt;/isArray&gt;&#xD;
      &lt;isList&gt;true&lt;/isList&gt;&#xD;
    &lt;/parameter&gt;&#xD;
  &lt;/outputParameters&gt;&#xD;
  &lt;matchAllSearchCriteria&gt;true&lt;/matchAllSearchCriteria&gt;&#xD;
  &lt;searchParameters /&gt;&#xD;
  &lt;selectParameters /&gt;&#xD;
  &lt;orderOverride&gt;false&lt;/orderOverride&gt;&#xD;
  &lt;orderOverrideValue&gt;&lt;/orderOverrideValue&gt;&#xD;
  &lt;operationType&gt;FOLDER_OP_GET_FOLDER_TREE&lt;/operationType&gt;&#xD;
  &lt;server&gt;useMappingServer&lt;/server&gt;&#xD;
  &lt;objectTypeSelection&gt;DOCUMENT&lt;/objectTypeSelection&gt;&#xD;
  &lt;useMappedVariable&gt;false&lt;/useMappedVariable&gt;&#xD;
  &lt;faultParameterId&gt;2055.a16c9113-2505-482a-ab66-d4dc5fd61258&lt;/faultParameterId&gt;&#xD;
&lt;/config&gt;</definition>
                <guid>4a3d8cdf-b5ac-4c61-8873-5e25334256b4</guid>
                <versionId>db26df65-398b-4d6a-b4c9-0effeeafc41f</versionId>
            </TWComponent>
        </item>
        <item>
            <lastModified isNull="true" />
            <lastModifiedBy isNull="true" />
            <processItemId>2025.d702a7ef-ed0a-46c9-9777-3560ce889aaa</processItemId>
            <processId>1.d2108594-519f-4438-96bf-6bd1105e8e5d</processId>
            <name>End</name>
            <tWComponentName>ExitPoint</tWComponentName>
            <tWComponentId>3008.84c26a91-3d10-4790-ba57-0c8be0bac810</tWComponentId>
            <isLogEnabled>false</isLogEnabled>
            <isTraceEnabled>false</isTraceEnabled>
            <traceCategory isNull="true" />
            <traceLevel isNull="true" />
            <traceMessage isNull="true" />
            <traceSymbolTable isNull="true" />
            <isExecutionContextTraced>false</isExecutionContextTraced>
            <saveExecutionContext>true</saveExecutionContext>
            <documentation isNull="true" />
            <isErrorHandlerEnabled>false</isErrorHandlerEnabled>
            <errorHandlerItemId isNull="true" />
            <guid>guid:24747628aa2e2b37:-70c47def:1582f407c3d:-7ad0</guid>
            <versionId>9df5a4af-a95c-4ec1-8a7e-f46e2ac90052</versionId>
            <externalServiceRef isNull="true" />
            <externalServiceOp isNull="true" />
            <nodeColor isNull="true" />
            <layoutData x="524" y="99">
                <errorLink>
                    <controlPoints />
                    <showEndState>false</showEndState>
                    <showName>false</showName>
                </errorLink>
            </layoutData>
            <TWComponent>
                <lastModified isNull="true" />
                <lastModifiedBy isNull="true" />
                <exitPointId>3008.84c26a91-3d10-4790-ba57-0c8be0bac810</exitPointId>
                <haltProcess>false</haltProcess>
                <guid>035a5732-e4d7-4374-9211-e09d2e106e08</guid>
                <versionId>52cfd1c4-d12b-44a6-9383-0f34ce06a11c</versionId>
            </TWComponent>
        </item>
        <startingProcessItemId>2025.b86892ed-e850-4fb9-9542-1fc909e796b8</startingProcessItemId>
        <errorHandlerItemId isNull="true" />
        <layoutData noConversion="true">
            <errorLink>
                <controlPoints />
                <showEndState>false</showEndState>
                <showName>false</showName>
            </errorLink>
        </layoutData>
        <startPoint>
            <layoutData x="20" y="100">
                <errorLink>
                    <controlPoints />
                    <showEndState>false</showEndState>
                    <showName>false</showName>
                </errorLink>
            </layoutData>
        </startPoint>
        <startLink>
            <fromPort locationId="rightCenter" portType="1" />
            <toPort locationId="leftCenter" portType="2" />
            <layoutData>
                <controlPoints />
                <showEndState>false</showEndState>
                <showName>false</showName>
            </layoutData>
        </startLink>
        <link name="Untitled">
            <lastModified isNull="true" />
            <lastModifiedBy isNull="true" />
            <processLinkId>2027.0384238d-f68a-4958-b110-4577d21b6491</processLinkId>
            <processId>1.d2108594-519f-4438-96bf-6bd1105e8e5d</processId>
            <description isNull="true" />
            <fromProcessItemId>2025.b86892ed-e850-4fb9-9542-1fc909e796b8</fromProcessItemId>
            <endStateId>Out</endStateId>
            <toProcessItemId>2025.72f3688c-2cf8-4aa6-962c-6ce6315e5199</toProcessItemId>
            <guid>6e43e174-c9fe-4774-bbc9-1d609ea1ebe5</guid>
            <versionId>4d5de248-799b-47eb-b1ba-b3d8624435df</versionId>
            <layoutData>
                <controlPoints />
                <showEndState>false</showEndState>
                <showName>false</showName>
            </layoutData>
            <fromItemPort locationId="rightCenter" portType="1" />
            <toItemPort locationId="leftCenter" portType="2" />
            <fromProcessItemId>2025.b86892ed-e850-4fb9-9542-1fc909e796b8</fromProcessItemId>
            <toProcessItemId>2025.72f3688c-2cf8-4aa6-962c-6ce6315e5199</toProcessItemId>
        </link>
        <link name="Untitled">
            <lastModified isNull="true" />
            <lastModifiedBy isNull="true" />
            <processLinkId>2027.704535c2-6877-472f-9ca4-39e7babdd79e</processLinkId>
            <processId>1.d2108594-519f-4438-96bf-6bd1105e8e5d</processId>
            <description isNull="true" />
            <fromProcessItemId>2025.72f3688c-2cf8-4aa6-962c-6ce6315e5199</fromProcessItemId>
            <endStateId>Out</endStateId>
            <toProcessItemId>2025.d702a7ef-ed0a-46c9-9777-3560ce889aaa</toProcessItemId>
            <guid>8620a108-f258-408d-bfca-cc40cba2949b</guid>
            <versionId>ff92d746-9f79-48ab-ada4-90da30784c37</versionId>
            <layoutData>
                <controlPoints />
                <showEndState>false</showEndState>
                <showName>false</showName>
            </layoutData>
            <fromItemPort locationId="rightCenter" portType="1" />
            <toItemPort locationId="leftCenter" portType="2" />
            <fromProcessItemId>2025.72f3688c-2cf8-4aa6-962c-6ce6315e5199</fromProcessItemId>
            <toProcessItemId>2025.d702a7ef-ed0a-46c9-9777-3560ce889aaa</toProcessItemId>
        </link>
    </process>
</teamworks>

