<?xml version="1.0" encoding="UTF-8"?>
<teamworks>
    <process id="1.d6cfbe20-3203-4287-9675-9242c6f822b9" name="Heritage ECM Get All Document Versions">
        <lastModified>1385134371543</lastModified>
        <lastModifiedBy>tw_admin</lastModifiedBy>
        <processId>1.d6cfbe20-3203-4287-9675-9242c6f822b9</processId>
        <image isNull="true" />
        <tabGroup isNull="true" />
        <startingProcessItemId>2025.87b120ed-2ad3-4c17-abfc-27cf9ccf1ede</startingProcessItemId>
        <isRootProcess>false</isRootProcess>
        <processType>2</processType>
        <isErrorHandlerEnabled>false</isErrorHandlerEnabled>
        <errorHandlerItemId isNull="true" />
        <isLoggingVariables>false</isLoggingVariables>
        <isTransactional>false</isTransactional>
        <processTimingLevel isNull="true" />
        <participantRef isNull="true" />
        <exposedType isNull="true" />
        <isTrackingEnabled>true</isTrackingEnabled>
        <xmlData isNull="true" />
        <cachingType>false</cachingType>
        <itemLabel isNull="true" />
        <cacheLength>43200</cacheLength>
        <mobileReady>false</mobileReady>
        <sboSyncEnabled>false</sboSyncEnabled>
        <externalId isNull="true" />
        <isSecured>false</isSecured>
        <isAjaxExposed>false</isAjaxExposed>
        <description isNull="true" />
        <guid>guid:d5b59e2cf13bea07:4e41f3cf:13530095222:-7ff9</guid>
        <versionId>4418230a-e5a9-4e23-8e6c-b3396b5bbfc1</versionId>
        <dependencySummary isNull="true" />
        <jsonData isNull="true" />
        <field1 isNull="true" />
        <field2 isNull="true" />
        <field3>0</field3>
        <field4 isNull="true" />
        <field5>false</field5>
        <clobField1 isNull="true" />
        <blobField1 isNull="true" />
        <processParameter name="ECMError">
            <lastModified isNull="true" />
            <lastModifiedBy isNull="true" />
            <processParameterId>2055.9d506944-4548-43dd-af73-7602f569bc1c</processParameterId>
            <processId>1.d6cfbe20-3203-4287-9675-9242c6f822b9</processId>
            <parameterType>3</parameterType>
            <isArrayOf>false</isArrayOf>
            <classId>/12.bfb48b9b-8247-49fb-8f78-82b738b817a6</classId>
            <seq>1</seq>
            <hasDefault>false</hasDefault>
            <defaultValue>ECMError</defaultValue>
            <isLocked>false</isLocked>
            <description isNull="true" />
            <guid>guid:d5b59e2cf13bea07:4e41f3cf:13530095222:-7ff2</guid>
            <versionId>57911b37-8818-4316-b7e5-f2067b970bdf</versionId>
        </processParameter>
        <processParameter name="versionSeriesId">
            <lastModified isNull="true" />
            <lastModifiedBy isNull="true" />
            <processParameterId>2055.e6947b03-0b20-4aed-a7f6-a525241feed5</processParameterId>
            <processId>1.d6cfbe20-3203-4287-9675-9242c6f822b9</processId>
            <parameterType>1</parameterType>
            <isArrayOf>false</isArrayOf>
            <classId>/12.3212d5b3-f692-41b3-a893-343dc5c3df01</classId>
            <seq>2</seq>
            <hasDefault>false</hasDefault>
            <defaultValue isNull="true" />
            <isLocked>false</isLocked>
            <description isNull="true" />
            <guid>guid:d5b59e2cf13bea07:4e41f3cf:13530095222:-7ff0</guid>
            <versionId>6cd7bdd5-137e-4511-bdaa-3c49e8b0ec9c</versionId>
        </processParameter>
        <processParameter name="serverName">
            <lastModified isNull="true" />
            <lastModifiedBy isNull="true" />
            <processParameterId>2055.37eb7b0f-fc07-4b9c-b046-24836a7cd6b0</processParameterId>
            <processId>1.d6cfbe20-3203-4287-9675-9242c6f822b9</processId>
            <parameterType>1</parameterType>
            <isArrayOf>false</isArrayOf>
            <classId>f1e96cc6-5fd9-4002-8b04-107d4ddae78a/12.db884a3c-c533-44b7-bb2d-47bec8ad4022</classId>
            <seq>3</seq>
            <hasDefault>false</hasDefault>
            <defaultValue isNull="true" />
            <isLocked>false</isLocked>
            <description isNull="true" />
            <guid>guid:d5b59e2cf13bea07:4e41f3cf:13530095222:-7fef</guid>
            <versionId>f558b29f-ab9b-400b-a726-14aaf1c8e45c</versionId>
        </processParameter>
        <processParameter name="documents">
            <lastModified isNull="true" />
            <lastModifiedBy isNull="true" />
            <processParameterId>2055.1be1e5f9-b55e-4857-9f9b-ddac0e41d7aa</processParameterId>
            <processId>1.d6cfbe20-3203-4287-9675-9242c6f822b9</processId>
            <parameterType>2</parameterType>
            <isArrayOf>true</isArrayOf>
            <classId>/12.490f939c-3c6d-4ef7-9707-33b5b618877a</classId>
            <seq>4</seq>
            <hasDefault>false</hasDefault>
            <defaultValue isNull="true" />
            <isLocked>false</isLocked>
            <description isNull="true" />
            <guid>guid:d5b59e2cf13bea07:4e41f3cf:13530095222:-7fee</guid>
            <versionId>c6dcd02b-1f42-4ef4-88ff-22b64ac577e2</versionId>
        </processParameter>
        <item>
            <lastModified isNull="true" />
            <lastModifiedBy isNull="true" />
            <processItemId>2025.01c50130-2a7d-4b2c-9d4c-0047f85ccfc9</processItemId>
            <processId>1.d6cfbe20-3203-4287-9675-9242c6f822b9</processId>
            <name>End</name>
            <tWComponentName>ExitPoint</tWComponentName>
            <tWComponentId>3008.ef0beee6-808e-4d99-a93f-dc5b960763d9</tWComponentId>
            <isLogEnabled>false</isLogEnabled>
            <isTraceEnabled>false</isTraceEnabled>
            <traceCategory isNull="true" />
            <traceLevel isNull="true" />
            <traceMessage isNull="true" />
            <traceSymbolTable isNull="true" />
            <isExecutionContextTraced>false</isExecutionContextTraced>
            <saveExecutionContext>true</saveExecutionContext>
            <documentation isNull="true" />
            <isErrorHandlerEnabled>false</isErrorHandlerEnabled>
            <errorHandlerItemId isNull="true" />
            <guid>guid:d5b59e2cf13bea07:4e41f3cf:13530095222:-7ff7</guid>
            <versionId>363b138c-6431-4af2-a0d3-8ad811319f68</versionId>
            <externalServiceRef isNull="true" />
            <externalServiceOp isNull="true" />
            <nodeColor isNull="true" />
            <layoutData x="700" y="100">
                <errorLink>
                    <controlPoints />
                    <showEndState>false</showEndState>
                    <showName>false</showName>
                </errorLink>
            </layoutData>
            <TWComponent>
                <lastModified isNull="true" />
                <lastModifiedBy isNull="true" />
                <exitPointId>3008.ef0beee6-808e-4d99-a93f-dc5b960763d9</exitPointId>
                <haltProcess>false</haltProcess>
                <guid>guid:d5b59e2cf13bea07:4e41f3cf:13530095222:-7ff6</guid>
                <versionId>cb348846-c367-41ba-9579-ce53b128e9e8</versionId>
            </TWComponent>
        </item>
        <item>
            <lastModified isNull="true" />
            <lastModifiedBy isNull="true" />
            <processItemId>2025.c63048be-8b18-4bd0-8fde-0180c8115d81</processItemId>
            <processId>1.d6cfbe20-3203-4287-9675-9242c6f822b9</processId>
            <name>Convert User IDs to User Names</name>
            <tWComponentName>Script</tWComponentName>
            <tWComponentId>3011.799810d9-e165-4374-8a79-f5975a8a33f0</tWComponentId>
            <isLogEnabled>false</isLogEnabled>
            <isTraceEnabled>false</isTraceEnabled>
            <traceCategory isNull="true" />
            <traceLevel isNull="true" />
            <traceMessage isNull="true" />
            <traceSymbolTable isNull="true" />
            <isExecutionContextTraced>false</isExecutionContextTraced>
            <saveExecutionContext>false</saveExecutionContext>
            <documentation isNull="true" />
            <isErrorHandlerEnabled>false</isErrorHandlerEnabled>
            <errorHandlerItemId isNull="true" />
            <guid>guid:73862ae00ad24944:-4cfe7290:1427ca2fec8:-7ffc</guid>
            <versionId>be9daca1-83ee-4789-a6c0-a03efef18b00</versionId>
            <externalServiceRef isNull="true" />
            <externalServiceOp isNull="true" />
            <nodeColor isNull="true" />
            <layoutData x="453" y="85">
                <errorLink>
                    <controlPoints />
                    <showEndState>false</showEndState>
                    <showName>false</showName>
                </errorLink>
            </layoutData>
            <TWComponent>
                <lastModified isNull="true" />
                <lastModifiedBy isNull="true" />
                <scriptId>3011.799810d9-e165-4374-8a79-f5975a8a33f0</scriptId>
                <scriptTypeId>2</scriptTypeId>
                <isActive>true</isActive>
                <script>/*
 This server script converts user IDs to user names in the documents list
 for enhanced readability in the Document List coach view 'Modified by' and 
 'Created by' columns
*/

if (tw.local.documents.listLength &gt; 0) {
    var userIdMap = new tw.object.Map();
    
    //Update all documents in the list
    for (var i = 0; i &lt; tw.local.documents.listLength; i++) {
        var doc = tw.local.documents[i];
        
        //We only need to do this for documents in the IBM BPM document store
        if(doc.objectTypeId == 'IBM_BPM_Document') {

            //Iterate through the list of properties to find the UserId property
            for (var j = 0; j &lt; doc.properties.listLength; j++) {
                var property = doc.properties[j];
                
                if(property.objectTypeId == 'IBM_BPM_Document_UserId') {
                    var userId = property.value;
                    
                    //To limit findUserByName requests, previously resolved user names
                    //are cached in a map
                    if (!userIdMap.containsKey(userId)) {
                        var user = tw.system.org.findUserById(userId);
                        var userName = user != null ? user.fullName : userId;
                        userIdMap.put(userId, userName);
                    }
                    
                    //Update the two fields with the resolved full names
                    doc.lastModifiedBy = userIdMap.get(userId);
                    doc.createdBy = userIdMap.get(userId);
                    
                    break;
                }
            }
        }
    }
}</script>
                <isRule>false</isRule>
                <guid>30bd35fd-5dc9-4aee-bd7f-1d864c34c429</guid>
                <versionId>1e42dc28-1e01-4ed7-a708-2cc47884738e</versionId>
            </TWComponent>
        </item>
        <item>
            <lastModified isNull="true" />
            <lastModifiedBy isNull="true" />
            <processItemId>2025.87b120ed-2ad3-4c17-abfc-27cf9ccf1ede</processItemId>
            <processId>1.d6cfbe20-3203-4287-9675-9242c6f822b9</processId>
            <name>Get all document versions</name>
            <tWComponentName>ECMConnector</tWComponentName>
            <tWComponentId>3030.d99ca805-272d-4f34-be50-a3af836aca63</tWComponentId>
            <isLogEnabled>false</isLogEnabled>
            <isTraceEnabled>false</isTraceEnabled>
            <traceCategory isNull="true" />
            <traceLevel isNull="true" />
            <traceMessage isNull="true" />
            <traceSymbolTable isNull="true" />
            <isExecutionContextTraced>false</isExecutionContextTraced>
            <saveExecutionContext>false</saveExecutionContext>
            <documentation isNull="true" />
            <isErrorHandlerEnabled>false</isErrorHandlerEnabled>
            <errorHandlerItemId isNull="true" />
            <guid>a160ff1d-5028-496a-8e0b-e22ed9bc972a</guid>
            <versionId>dbf913e2-48da-4afb-a3dc-3308d65da106</versionId>
            <externalServiceRef isNull="true" />
            <externalServiceOp isNull="true" />
            <nodeColor isNull="true" />
            <layoutData x="250" y="85">
                <errorLink>
                    <controlPoints />
                    <showEndState>false</showEndState>
                    <showName>false</showName>
                </errorLink>
            </layoutData>
            <TWComponent>
                <lastModified isNull="true" />
                <lastModifiedBy isNull="true" />
                <ecmConnectorId>3030.d99ca805-272d-4f34-be50-a3af836aca63</ecmConnectorId>
                <definition>&lt;config type="com.lombardisoftware.client.persistence.ECMConnectorConfiguration"&gt;&#xD;
  &lt;inputParameters&gt;&#xD;
    &lt;parameter&gt;&#xD;
      &lt;name&gt;documentId&lt;/name&gt;&#xD;
      &lt;type&gt;ECMID&lt;/type&gt;&#xD;
      &lt;description&gt;Document ID&lt;/description&gt;&#xD;
      &lt;defaultValue /&gt;&#xD;
      &lt;argumentVariable&gt;tw.local.versionSeriesId&lt;/argumentVariable&gt;&#xD;
      &lt;isList&gt;false&lt;/isList&gt;&#xD;
    &lt;/parameter&gt;&#xD;
    &lt;parameter&gt;&#xD;
      &lt;name&gt;serverName&lt;/name&gt;&#xD;
      &lt;type&gt;String&lt;/type&gt;&#xD;
      &lt;description&gt;Server name&lt;/description&gt;&#xD;
      &lt;defaultValue /&gt;&#xD;
      &lt;argumentVariable&gt;tw.local.serverName&lt;/argumentVariable&gt;&#xD;
      &lt;isList&gt;false&lt;/isList&gt;&#xD;
    &lt;/parameter&gt;&#xD;
  &lt;/inputParameters&gt;&#xD;
  &lt;outputParameters&gt;&#xD;
    &lt;parameter&gt;&#xD;
      &lt;name&gt;documents&lt;/name&gt;&#xD;
      &lt;type&gt;ECMDocument&lt;/type&gt;&#xD;
      &lt;description&gt;Documents&lt;/description&gt;&#xD;
      &lt;defaultValue /&gt;&#xD;
      &lt;argumentVariable&gt;tw.local.documents&lt;/argumentVariable&gt;&#xD;
      &lt;isList&gt;true&lt;/isList&gt;&#xD;
    &lt;/parameter&gt;&#xD;
  &lt;/outputParameters&gt;&#xD;
  &lt;matchAllSearchCriteria&gt;true&lt;/matchAllSearchCriteria&gt;&#xD;
  &lt;orderOverride&gt;false&lt;/orderOverride&gt;&#xD;
  &lt;orderOverrideValue&gt;&lt;/orderOverrideValue&gt;&#xD;
  &lt;operationType&gt;DOC_OP_GET_ALL_DOCUMENT_VERSIONS&lt;/operationType&gt;&#xD;
  &lt;useMappedVariable&gt;false&lt;/useMappedVariable&gt;&#xD;
  &lt;faultParameterId&gt;2055.9d506944-4548-43dd-af73-7602f569bc1c&lt;/faultParameterId&gt;&#xD;
&lt;/config&gt;</definition>
                <guid>guid:d5b59e2cf13bea07:4e41f3cf:13530095222:-7ff3</guid>
                <versionId>ab4e761b-f6b1-476e-86a7-368b1daaa608</versionId>
            </TWComponent>
        </item>
        <startingProcessItemId>2025.87b120ed-2ad3-4c17-abfc-27cf9ccf1ede</startingProcessItemId>
        <errorHandlerItemId isNull="true" />
        <layoutData noConversion="true">
            <errorLink>
                <controlPoints />
                <showEndState>false</showEndState>
                <showName>false</showName>
            </errorLink>
        </layoutData>
        <startPoint>
            <layoutData x="20" y="101">
                <errorLink>
                    <controlPoints />
                    <showEndState>false</showEndState>
                    <showName>false</showName>
                </errorLink>
            </layoutData>
        </startPoint>
        <startLink>
            <fromPort locationId="rightCenter" portType="1" />
            <toPort locationId="leftCenter" portType="2" />
            <layoutData>
                <controlPoints />
                <showEndState>false</showEndState>
                <showName>false</showName>
            </layoutData>
        </startLink>
        <link name="Untitled">
            <lastModified isNull="true" />
            <lastModifiedBy isNull="true" />
            <processLinkId>2027.4d5660ec-9bfa-45fc-a208-e940dd795f9d</processLinkId>
            <processId>1.d6cfbe20-3203-4287-9675-9242c6f822b9</processId>
            <description isNull="true" />
            <fromProcessItemId>2025.c63048be-8b18-4bd0-8fde-0180c8115d81</fromProcessItemId>
            <endStateId>Out</endStateId>
            <toProcessItemId>2025.01c50130-2a7d-4b2c-9d4c-0047f85ccfc9</toProcessItemId>
            <guid>1433faca-6d1f-4b26-accb-dab641710bf0</guid>
            <versionId>5903d268-a0e1-4496-ae30-f8ecf1a6f086</versionId>
            <layoutData>
                <controlPoints />
                <showEndState>false</showEndState>
                <showName>false</showName>
            </layoutData>
            <fromItemPort locationId="rightCenter" portType="1" />
            <toItemPort locationId="leftCenter" portType="2" />
            <fromProcessItemId>2025.c63048be-8b18-4bd0-8fde-0180c8115d81</fromProcessItemId>
            <toProcessItemId>2025.01c50130-2a7d-4b2c-9d4c-0047f85ccfc9</toProcessItemId>
        </link>
        <link name="Untitled">
            <lastModified isNull="true" />
            <lastModifiedBy isNull="true" />
            <processLinkId>2027.86f26fee-b0ec-4ed2-ba48-39878618ec81</processLinkId>
            <processId>1.d6cfbe20-3203-4287-9675-9242c6f822b9</processId>
            <description isNull="true" />
            <fromProcessItemId>2025.87b120ed-2ad3-4c17-abfc-27cf9ccf1ede</fromProcessItemId>
            <endStateId>Out</endStateId>
            <toProcessItemId>2025.c63048be-8b18-4bd0-8fde-0180c8115d81</toProcessItemId>
            <guid>9995e765-b1bb-4f21-9423-d410652cdee7</guid>
            <versionId>9ec4aacf-a249-4791-b030-1f03bb972c14</versionId>
            <layoutData>
                <controlPoints />
                <showEndState>false</showEndState>
                <showName>false</showName>
            </layoutData>
            <fromItemPort locationId="rightCenter" portType="1" />
            <toItemPort locationId="leftCenter" portType="2" />
            <fromProcessItemId>2025.87b120ed-2ad3-4c17-abfc-27cf9ccf1ede</fromProcessItemId>
            <toProcessItemId>2025.c63048be-8b18-4bd0-8fde-0180c8115d81</toProcessItemId>
        </link>
    </process>
</teamworks>

