<?xml version="1.0" encoding="UTF-8"?>
<teamworks>
    <process id="1.d81bc185-068d-436c-9bae-7842a4dc96c4" name="Heritage Default Add External ECM Reference Service">
        <lastModified>1433170083578</lastModified>
        <lastModifiedBy>tw_admin</lastModifiedBy>
        <processId>1.d81bc185-068d-436c-9bae-7842a4dc96c4</processId>
        <image isNull="true" />
        <tabGroup isNull="true" />
        <startingProcessItemId>2025.321e0855-a604-4fab-8329-0b2a98d04b65</startingProcessItemId>
        <isRootProcess>false</isRootProcess>
        <processType>2</processType>
        <isErrorHandlerEnabled>false</isErrorHandlerEnabled>
        <errorHandlerItemId isNull="true" />
        <isLoggingVariables>false</isLoggingVariables>
        <isTransactional>false</isTransactional>
        <processTimingLevel isNull="true" />
        <participantRef isNull="true" />
        <exposedType isNull="true" />
        <isTrackingEnabled>true</isTrackingEnabled>
        <xmlData isNull="true" />
        <cachingType>false</cachingType>
        <itemLabel isNull="true" />
        <cacheLength>43200</cacheLength>
        <mobileReady>false</mobileReady>
        <sboSyncEnabled>false</sboSyncEnabled>
        <externalId isNull="true" />
        <isSecured>false</isSecured>
        <isAjaxExposed>false</isAjaxExposed>
        <description isNull="true" />
        <guid>guid:7b105e0a5336b626:1c60b597:14d9aee7994:-7fdb</guid>
        <versionId>c8a2a311-69ec-4bc9-9300-1894c8c0a41f</versionId>
        <dependencySummary isNull="true" />
        <jsonData isNull="true" />
        <field1 isNull="true" />
        <field2 isNull="true" />
        <field3>0</field3>
        <field4 isNull="true" />
        <field5>false</field5>
        <clobField1 isNull="true" />
        <blobField1 isNull="true" />
        <processParameter name="ECMError">
            <lastModified isNull="true" />
            <lastModifiedBy isNull="true" />
            <processParameterId>2055.7059e72a-ce45-49e2-b698-517cea114a9d</processParameterId>
            <processId>1.d81bc185-068d-436c-9bae-7842a4dc96c4</processId>
            <parameterType>3</parameterType>
            <isArrayOf>false</isArrayOf>
            <classId>/12.bfb48b9b-8247-49fb-8f78-82b738b817a6</classId>
            <seq>1</seq>
            <hasDefault>false</hasDefault>
            <defaultValue>ECMError</defaultValue>
            <isLocked>false</isLocked>
            <description isNull="true" />
            <guid>95db630d-b8dc-4e0b-8f3d-9534af8ebe0b</guid>
            <versionId>8ea6aceb-06df-48d1-b430-84f4cc0c309f</versionId>
        </processParameter>
        <processParameter name="ECMError">
            <lastModified isNull="true" />
            <lastModifiedBy isNull="true" />
            <processParameterId>2055.121b9bd2-c6da-4e0c-9545-470009aa64b4</processParameterId>
            <processId>1.d81bc185-068d-436c-9bae-7842a4dc96c4</processId>
            <parameterType>3</parameterType>
            <isArrayOf>false</isArrayOf>
            <classId>/12.bfb48b9b-8247-49fb-8f78-82b738b817a6</classId>
            <seq>2</seq>
            <hasDefault>false</hasDefault>
            <defaultValue>ECMError</defaultValue>
            <isLocked>false</isLocked>
            <description isNull="true" />
            <guid>e24d77ff-7fb0-4ff4-858c-67e0f01784aa</guid>
            <versionId>f6017c75-de8a-45dd-a172-a5b707f3f18e</versionId>
        </processParameter>
        <processParameter name="objectId">
            <lastModified isNull="true" />
            <lastModifiedBy isNull="true" />
            <processParameterId>2055.7715cd2d-ad14-4008-8cca-dee034face60</processParameterId>
            <processId>1.d81bc185-068d-436c-9bae-7842a4dc96c4</processId>
            <parameterType>1</parameterType>
            <isArrayOf>false</isArrayOf>
            <classId>/12.3212d5b3-f692-41b3-a893-343dc5c3df01</classId>
            <seq>3</seq>
            <hasDefault>false</hasDefault>
            <defaultValue isNull="true" />
            <isLocked>false</isLocked>
            <description isNull="true" />
            <guid>eaba4d82-eafa-49fe-9d8c-9b2a7b07cdfc</guid>
            <versionId>f77082a6-8ed4-4b8d-b35c-718cb8926b8f</versionId>
        </processParameter>
        <processParameter name="parentFolderId">
            <lastModified isNull="true" />
            <lastModifiedBy isNull="true" />
            <processParameterId>2055.d960e48d-a625-4d5a-87f3-79900a123a77</processParameterId>
            <processId>1.d81bc185-068d-436c-9bae-7842a4dc96c4</processId>
            <parameterType>1</parameterType>
            <isArrayOf>false</isArrayOf>
            <classId>/12.3212d5b3-f692-41b3-a893-343dc5c3df01</classId>
            <seq>4</seq>
            <hasDefault>false</hasDefault>
            <defaultValue isNull="true" />
            <isLocked>false</isLocked>
            <description isNull="true" />
            <guid>beff2699-6934-48a8-b64b-c90e7d440ccf</guid>
            <versionId>fd2d0d73-de57-4276-bb1e-f26c3b3cba71</versionId>
        </processParameter>
        <processParameter name="referenceServerName">
            <lastModified isNull="true" />
            <lastModifiedBy isNull="true" />
            <processParameterId>2055.b0da2b5d-18c7-4386-a0c2-74b6e9099e9e</processParameterId>
            <processId>1.d81bc185-068d-436c-9bae-7842a4dc96c4</processId>
            <parameterType>1</parameterType>
            <isArrayOf>false</isArrayOf>
            <classId>f1e96cc6-5fd9-4002-8b04-107d4ddae78a/12.db884a3c-c533-44b7-bb2d-47bec8ad4022</classId>
            <seq>5</seq>
            <hasDefault>false</hasDefault>
            <defaultValue isNull="true" />
            <isLocked>false</isLocked>
            <description isNull="true" />
            <guid>32eba101-5955-43f3-9685-fc657cc5d36b</guid>
            <versionId>278e3ab6-b190-4f8a-8bdc-c2ee163e0609</versionId>
        </processParameter>
        <processParameter name="referenceName">
            <lastModified isNull="true" />
            <lastModifiedBy isNull="true" />
            <processParameterId>2055.55196baa-2df3-4e40-b396-276d60cbd834</processParameterId>
            <processId>1.d81bc185-068d-436c-9bae-7842a4dc96c4</processId>
            <parameterType>1</parameterType>
            <isArrayOf>false</isArrayOf>
            <classId>f1e96cc6-5fd9-4002-8b04-107d4ddae78a/12.db884a3c-c533-44b7-bb2d-47bec8ad4022</classId>
            <seq>6</seq>
            <hasDefault>false</hasDefault>
            <defaultValue isNull="true" />
            <isLocked>false</isLocked>
            <description isNull="true" />
            <guid>48b4cca4-509d-4521-919c-78595640fb91</guid>
            <versionId>e58acd92-7e00-415e-a850-19b9b2f89198</versionId>
        </processParameter>
        <processParameter name="serverName">
            <lastModified isNull="true" />
            <lastModifiedBy isNull="true" />
            <processParameterId>2055.96bc3dc6-27e2-41ae-a30f-43814dcb5112</processParameterId>
            <processId>1.d81bc185-068d-436c-9bae-7842a4dc96c4</processId>
            <parameterType>1</parameterType>
            <isArrayOf>false</isArrayOf>
            <classId>f1e96cc6-5fd9-4002-8b04-107d4ddae78a/12.db884a3c-c533-44b7-bb2d-47bec8ad4022</classId>
            <seq>7</seq>
            <hasDefault>false</hasDefault>
            <defaultValue isNull="true" />
            <isLocked>false</isLocked>
            <description isNull="true" />
            <guid>ebf6f03d-0678-4b6b-8156-6da739bf2aed</guid>
            <versionId>7ed5b79f-476a-44f1-94f6-3e8b718163d0</versionId>
        </processParameter>
        <processParameter name="type">
            <lastModified isNull="true" />
            <lastModifiedBy isNull="true" />
            <processParameterId>2055.ae6148ac-0ec2-4f05-b614-2898f97a0f41</processParameterId>
            <processId>1.d81bc185-068d-436c-9bae-7842a4dc96c4</processId>
            <parameterType>1</parameterType>
            <isArrayOf>false</isArrayOf>
            <classId>f1e96cc6-5fd9-4002-8b04-107d4ddae78a/12.db884a3c-c533-44b7-bb2d-47bec8ad4022</classId>
            <seq>8</seq>
            <hasDefault>false</hasDefault>
            <defaultValue isNull="true" />
            <isLocked>false</isLocked>
            <description isNull="true" />
            <guid>79a5c571-b36b-44b9-a7de-265f05c359ac</guid>
            <versionId>26fa1889-fdb0-412a-b7b4-60cc30fdc012</versionId>
        </processParameter>
        <item>
            <lastModified isNull="true" />
            <lastModifiedBy isNull="true" />
            <processItemId>2025.321e0855-a604-4fab-8329-0b2a98d04b65</processItemId>
            <processId>1.d81bc185-068d-436c-9bae-7842a4dc96c4</processId>
            <name>Link Type</name>
            <tWComponentName>Switch</tWComponentName>
            <tWComponentId>3013.aaba77c1-fa97-431b-9842-137ec82a8ab6</tWComponentId>
            <isLogEnabled>false</isLogEnabled>
            <isTraceEnabled>false</isTraceEnabled>
            <traceCategory isNull="true" />
            <traceLevel isNull="true" />
            <traceMessage isNull="true" />
            <traceSymbolTable isNull="true" />
            <isExecutionContextTraced>false</isExecutionContextTraced>
            <saveExecutionContext>false</saveExecutionContext>
            <documentation isNull="true" />
            <isErrorHandlerEnabled>false</isErrorHandlerEnabled>
            <errorHandlerItemId isNull="true" />
            <guid>guid:7b105e0a5336b626:1c60b597:14d9aee7994:-7fd6</guid>
            <versionId>4496c265-2513-478f-8b63-4a634029a205</versionId>
            <externalServiceRef isNull="true" />
            <externalServiceOp isNull="true" />
            <nodeColor isNull="true" />
            <layoutData x="220" y="97">
                <errorLink>
                    <controlPoints />
                    <showEndState>false</showEndState>
                    <showName>false</showName>
                </errorLink>
            </layoutData>
            <TWComponent>
                <lastModified isNull="true" />
                <lastModifiedBy isNull="true" />
                <switchId>3013.aaba77c1-fa97-431b-9842-137ec82a8ab6</switchId>
                <guid>9f896a7c-7c6f-4b19-83d9-b81b428f8547</guid>
                <versionId>1a242b52-2835-49e7-bfcd-e53713e5a214</versionId>
                <SwitchCondition>
                    <lastModified isNull="true" />
                    <lastModifiedBy isNull="true" />
                    <switchConditionId>3014.b0d1eea2-2de6-4443-9aaa-f6084aad6ae4</switchConditionId>
                    <switchId>3013.aaba77c1-fa97-431b-9842-137ec82a8ab6</switchId>
                    <seq>1</seq>
                    <endStateId>guid:7b105e0a5336b626:1c60b597:14d9aee7994:-7fd5</endStateId>
                    <condition>tw.local.type
==
"DOCUMENT"
</condition>
                    <guid>fb203456-5068-4a48-ba6b-a031e741b71f</guid>
                    <versionId>42cb0b9f-ba65-41dd-bf90-cdc2457c3e24</versionId>
                </SwitchCondition>
            </TWComponent>
        </item>
        <item>
            <lastModified isNull="true" />
            <lastModifiedBy isNull="true" />
            <processItemId>2025.19270a83-9259-4a02-958d-2a85842f2edd</processItemId>
            <processId>1.d81bc185-068d-436c-9bae-7842a4dc96c4</processId>
            <name>Add External Folder Link</name>
            <tWComponentName>ECMConnector</tWComponentName>
            <tWComponentId>3030.48923a22-fad5-4a75-9183-c81c1472cf63</tWComponentId>
            <isLogEnabled>false</isLogEnabled>
            <isTraceEnabled>false</isTraceEnabled>
            <traceCategory isNull="true" />
            <traceLevel isNull="true" />
            <traceMessage isNull="true" />
            <traceSymbolTable isNull="true" />
            <isExecutionContextTraced>false</isExecutionContextTraced>
            <saveExecutionContext>false</saveExecutionContext>
            <documentation isNull="true" />
            <isErrorHandlerEnabled>false</isErrorHandlerEnabled>
            <errorHandlerItemId isNull="true" />
            <guid>98cfcc84-37be-4312-a26d-9238046cfb49</guid>
            <versionId>a709a3cd-d0fc-41ae-a609-373bd2baaf68</versionId>
            <externalServiceRef isNull="true" />
            <externalServiceOp isNull="true" />
            <nodeColor isNull="true" />
            <layoutData x="461" y="169">
                <errorLink>
                    <controlPoints />
                    <showEndState>false</showEndState>
                    <showName>false</showName>
                </errorLink>
            </layoutData>
            <TWComponent>
                <lastModified isNull="true" />
                <lastModifiedBy isNull="true" />
                <ecmConnectorId>3030.48923a22-fad5-4a75-9183-c81c1472cf63</ecmConnectorId>
                <definition>&lt;config type="com.lombardisoftware.client.persistence.ECMConnectorConfiguration"&gt;&#xD;
  &lt;inputParameters&gt;&#xD;
    &lt;parameter&gt;&#xD;
      &lt;name&gt;parentFolderId&lt;/name&gt;&#xD;
      &lt;type&gt;ECMID&lt;/type&gt;&#xD;
      &lt;description&gt;Parent folder ID&lt;/description&gt;&#xD;
      &lt;defaultValue /&gt;&#xD;
      &lt;argumentVariable&gt;tw.local.parentFolderId&lt;/argumentVariable&gt;&#xD;
      &lt;isArray&gt;&lt;/isArray&gt;&#xD;
      &lt;isList&gt;false&lt;/isList&gt;&#xD;
    &lt;/parameter&gt;&#xD;
    &lt;parameter&gt;&#xD;
      &lt;name&gt;folderId&lt;/name&gt;&#xD;
      &lt;type&gt;ECMID&lt;/type&gt;&#xD;
      &lt;description&gt;Folder ID&lt;/description&gt;&#xD;
      &lt;defaultValue /&gt;&#xD;
      &lt;argumentVariable&gt;tw.local.objectId&lt;/argumentVariable&gt;&#xD;
      &lt;isArray&gt;&lt;/isArray&gt;&#xD;
      &lt;isList&gt;false&lt;/isList&gt;&#xD;
    &lt;/parameter&gt;&#xD;
    &lt;parameter&gt;&#xD;
      &lt;name&gt;folderServerName&lt;/name&gt;&#xD;
      &lt;type&gt;String&lt;/type&gt;&#xD;
      &lt;description&gt;Folder server name&lt;/description&gt;&#xD;
      &lt;defaultValue /&gt;&#xD;
      &lt;argumentVariable&gt;tw.local.referenceServerName&lt;/argumentVariable&gt;&#xD;
      &lt;isArray&gt;&lt;/isArray&gt;&#xD;
      &lt;isList&gt;false&lt;/isList&gt;&#xD;
    &lt;/parameter&gt;&#xD;
    &lt;parameter&gt;&#xD;
      &lt;name&gt;referenceName&lt;/name&gt;&#xD;
      &lt;type&gt;String&lt;/type&gt;&#xD;
      &lt;description&gt;Reference name&lt;/description&gt;&#xD;
      &lt;defaultValue /&gt;&#xD;
      &lt;argumentVariable&gt;tw.local.referenceName&lt;/argumentVariable&gt;&#xD;
      &lt;isArray&gt;&lt;/isArray&gt;&#xD;
      &lt;isList&gt;false&lt;/isList&gt;&#xD;
    &lt;/parameter&gt;&#xD;
    &lt;parameter&gt;&#xD;
      &lt;name&gt;serverName&lt;/name&gt;&#xD;
      &lt;type&gt;String&lt;/type&gt;&#xD;
      &lt;description&gt;Server name&lt;/description&gt;&#xD;
      &lt;defaultValue /&gt;&#xD;
      &lt;argumentVariable&gt;tw.local.serverName&lt;/argumentVariable&gt;&#xD;
      &lt;isArray&gt;&lt;/isArray&gt;&#xD;
      &lt;isList&gt;false&lt;/isList&gt;&#xD;
    &lt;/parameter&gt;&#xD;
  &lt;/inputParameters&gt;&#xD;
  &lt;outputParameters /&gt;&#xD;
  &lt;matchAllSearchCriteria&gt;true&lt;/matchAllSearchCriteria&gt;&#xD;
  &lt;searchParameters /&gt;&#xD;
  &lt;selectParameters /&gt;&#xD;
  &lt;orderOverride&gt;false&lt;/orderOverride&gt;&#xD;
  &lt;orderOverrideValue&gt;&lt;/orderOverrideValue&gt;&#xD;
  &lt;operationType&gt;FOLDER_OP_ADD_FOLDER_TO_FOLDER&lt;/operationType&gt;&#xD;
  &lt;server&gt;useMappingServer&lt;/server&gt;&#xD;
  &lt;objectTypeSelection&gt;DOCUMENT&lt;/objectTypeSelection&gt;&#xD;
  &lt;useMappedVariable&gt;false&lt;/useMappedVariable&gt;&#xD;
  &lt;faultParameterId&gt;2055.121b9bd2-c6da-4e0c-9545-470009aa64b4&lt;/faultParameterId&gt;&#xD;
&lt;/config&gt;</definition>
                <guid>73a46164-23f0-4181-97b9-c682cad61a7f</guid>
                <versionId>8f76b3e6-29a1-4c6a-b05f-4fed7289853d</versionId>
            </TWComponent>
        </item>
        <item>
            <lastModified isNull="true" />
            <lastModifiedBy isNull="true" />
            <processItemId>2025.1c005b27-8e24-46ad-a8ff-1ea02435fd48</processItemId>
            <processId>1.d81bc185-068d-436c-9bae-7842a4dc96c4</processId>
            <name>End</name>
            <tWComponentName>ExitPoint</tWComponentName>
            <tWComponentId>3008.d5a921e3-20d3-4f53-9da2-06afa582efd1</tWComponentId>
            <isLogEnabled>false</isLogEnabled>
            <isTraceEnabled>false</isTraceEnabled>
            <traceCategory isNull="true" />
            <traceLevel isNull="true" />
            <traceMessage isNull="true" />
            <traceSymbolTable isNull="true" />
            <isExecutionContextTraced>false</isExecutionContextTraced>
            <saveExecutionContext>true</saveExecutionContext>
            <documentation isNull="true" />
            <isErrorHandlerEnabled>false</isErrorHandlerEnabled>
            <errorHandlerItemId isNull="true" />
            <guid>guid:7b105e0a5336b626:1c60b597:14d9aee7994:-7fda</guid>
            <versionId>c1a71615-0794-4207-9940-38488801ea35</versionId>
            <externalServiceRef isNull="true" />
            <externalServiceOp isNull="true" />
            <nodeColor isNull="true" />
            <layoutData x="700" y="100">
                <errorLink>
                    <controlPoints />
                    <showEndState>false</showEndState>
                    <showName>false</showName>
                </errorLink>
            </layoutData>
            <TWComponent>
                <lastModified isNull="true" />
                <lastModifiedBy isNull="true" />
                <exitPointId>3008.d5a921e3-20d3-4f53-9da2-06afa582efd1</exitPointId>
                <haltProcess>false</haltProcess>
                <guid>b622fe1e-38ad-4266-b300-f4b270d7f621</guid>
                <versionId>944b7fbf-b2c5-430a-a88b-824466a65ec2</versionId>
            </TWComponent>
        </item>
        <item>
            <lastModified isNull="true" />
            <lastModifiedBy isNull="true" />
            <processItemId>2025.b290a9cb-087e-4429-9461-8b49c5435d23</processItemId>
            <processId>1.d81bc185-068d-436c-9bae-7842a4dc96c4</processId>
            <name>Add External Document Link</name>
            <tWComponentName>ECMConnector</tWComponentName>
            <tWComponentId>3030.bac35e95-62b3-402d-b8f5-65e9fb6b6e45</tWComponentId>
            <isLogEnabled>false</isLogEnabled>
            <isTraceEnabled>false</isTraceEnabled>
            <traceCategory isNull="true" />
            <traceLevel isNull="true" />
            <traceMessage isNull="true" />
            <traceSymbolTable isNull="true" />
            <isExecutionContextTraced>false</isExecutionContextTraced>
            <saveExecutionContext>false</saveExecutionContext>
            <documentation isNull="true" />
            <isErrorHandlerEnabled>false</isErrorHandlerEnabled>
            <errorHandlerItemId isNull="true" />
            <guid>f6fda5d7-b91a-4552-9c53-5ff91e41b15a</guid>
            <versionId>ee512455-59b0-4967-9351-5e3a130773ff</versionId>
            <externalServiceRef isNull="true" />
            <externalServiceOp isNull="true" />
            <nodeColor isNull="true" />
            <layoutData x="461" y="19">
                <errorLink>
                    <controlPoints />
                    <showEndState>false</showEndState>
                    <showName>false</showName>
                </errorLink>
            </layoutData>
            <TWComponent>
                <lastModified isNull="true" />
                <lastModifiedBy isNull="true" />
                <ecmConnectorId>3030.bac35e95-62b3-402d-b8f5-65e9fb6b6e45</ecmConnectorId>
                <definition>&lt;config type="com.lombardisoftware.client.persistence.ECMConnectorConfiguration"&gt;&#xD;
  &lt;inputParameters&gt;&#xD;
    &lt;parameter&gt;&#xD;
      &lt;name&gt;documentId&lt;/name&gt;&#xD;
      &lt;type&gt;ECMID&lt;/type&gt;&#xD;
      &lt;description&gt;Document ID&lt;/description&gt;&#xD;
      &lt;defaultValue /&gt;&#xD;
      &lt;argumentVariable&gt;tw.local.objectId&lt;/argumentVariable&gt;&#xD;
      &lt;isArray&gt;&lt;/isArray&gt;&#xD;
      &lt;isList&gt;false&lt;/isList&gt;&#xD;
    &lt;/parameter&gt;&#xD;
    &lt;parameter&gt;&#xD;
      &lt;name&gt;parentFolderId&lt;/name&gt;&#xD;
      &lt;type&gt;ECMID&lt;/type&gt;&#xD;
      &lt;description&gt;Parent folder ID&lt;/description&gt;&#xD;
      &lt;defaultValue /&gt;&#xD;
      &lt;argumentVariable&gt;tw.local.parentFolderId&lt;/argumentVariable&gt;&#xD;
      &lt;isArray&gt;&lt;/isArray&gt;&#xD;
      &lt;isList&gt;false&lt;/isList&gt;&#xD;
    &lt;/parameter&gt;&#xD;
    &lt;parameter&gt;&#xD;
      &lt;name&gt;documentServerName&lt;/name&gt;&#xD;
      &lt;type&gt;String&lt;/type&gt;&#xD;
      &lt;description&gt;Document server name&lt;/description&gt;&#xD;
      &lt;defaultValue /&gt;&#xD;
      &lt;argumentVariable&gt;tw.local.referenceServerName&lt;/argumentVariable&gt;&#xD;
      &lt;isArray&gt;&lt;/isArray&gt;&#xD;
      &lt;isList&gt;false&lt;/isList&gt;&#xD;
    &lt;/parameter&gt;&#xD;
    &lt;parameter&gt;&#xD;
      &lt;name&gt;referenceName&lt;/name&gt;&#xD;
      &lt;type&gt;String&lt;/type&gt;&#xD;
      &lt;description&gt;Reference name&lt;/description&gt;&#xD;
      &lt;defaultValue /&gt;&#xD;
      &lt;argumentVariable&gt;tw.local.referenceName&lt;/argumentVariable&gt;&#xD;
      &lt;isArray&gt;&lt;/isArray&gt;&#xD;
      &lt;isList&gt;false&lt;/isList&gt;&#xD;
    &lt;/parameter&gt;&#xD;
    &lt;parameter&gt;&#xD;
      &lt;name&gt;serverName&lt;/name&gt;&#xD;
      &lt;type&gt;String&lt;/type&gt;&#xD;
      &lt;description&gt;Server name&lt;/description&gt;&#xD;
      &lt;defaultValue /&gt;&#xD;
      &lt;argumentVariable&gt;tw.local.serverName&lt;/argumentVariable&gt;&#xD;
      &lt;isArray&gt;&lt;/isArray&gt;&#xD;
      &lt;isList&gt;false&lt;/isList&gt;&#xD;
    &lt;/parameter&gt;&#xD;
  &lt;/inputParameters&gt;&#xD;
  &lt;outputParameters /&gt;&#xD;
  &lt;matchAllSearchCriteria&gt;true&lt;/matchAllSearchCriteria&gt;&#xD;
  &lt;searchParameters /&gt;&#xD;
  &lt;selectParameters /&gt;&#xD;
  &lt;orderOverride&gt;false&lt;/orderOverride&gt;&#xD;
  &lt;orderOverrideValue&gt;&lt;/orderOverrideValue&gt;&#xD;
  &lt;operationType&gt;DOC_OP_ADD_DOCUMENT_TO_FOLDER&lt;/operationType&gt;&#xD;
  &lt;server&gt;useMappingServer&lt;/server&gt;&#xD;
  &lt;objectTypeSelection&gt;DOCUMENT&lt;/objectTypeSelection&gt;&#xD;
  &lt;useMappedVariable&gt;false&lt;/useMappedVariable&gt;&#xD;
  &lt;faultParameterId&gt;2055.7059e72a-ce45-49e2-b698-517cea114a9d&lt;/faultParameterId&gt;&#xD;
&lt;/config&gt;</definition>
                <guid>910dfcdb-dfcf-43f0-835c-9728f5ebad6b</guid>
                <versionId>63d206c4-855c-4001-8203-9a46f034bece</versionId>
            </TWComponent>
        </item>
        <startingProcessItemId>2025.321e0855-a604-4fab-8329-0b2a98d04b65</startingProcessItemId>
        <errorHandlerItemId isNull="true" />
        <layoutData noConversion="true">
            <errorLink>
                <controlPoints />
                <showEndState>false</showEndState>
                <showName>false</showName>
            </errorLink>
        </layoutData>
        <startPoint>
            <layoutData x="20" y="100">
                <errorLink>
                    <controlPoints />
                    <showEndState>false</showEndState>
                    <showName>false</showName>
                </errorLink>
            </layoutData>
        </startPoint>
        <startLink>
            <fromPort locationId="rightCenter" portType="1" />
            <toPort locationId="leftCenter" portType="2" />
            <layoutData>
                <controlPoints />
                <showEndState>false</showEndState>
                <showName>false</showName>
            </layoutData>
        </startLink>
        <link name="Untitled">
            <lastModified isNull="true" />
            <lastModifiedBy isNull="true" />
            <processLinkId>2027.01810e78-bee0-49a5-9774-e0307bdeee6e</processLinkId>
            <processId>1.d81bc185-068d-436c-9bae-7842a4dc96c4</processId>
            <description isNull="true" />
            <fromProcessItemId>2025.19270a83-9259-4a02-958d-2a85842f2edd</fromProcessItemId>
            <endStateId>Out</endStateId>
            <toProcessItemId>2025.1c005b27-8e24-46ad-a8ff-1ea02435fd48</toProcessItemId>
            <guid>ecf5fac9-c26b-43ed-b4a8-390f29712fe4</guid>
            <versionId>1e3386fc-e184-4983-95b6-3ad98038b0b8</versionId>
            <layoutData>
                <controlPoints />
                <showEndState>false</showEndState>
                <showName>false</showName>
            </layoutData>
            <fromItemPort locationId="rightCenter" portType="1" />
            <toItemPort locationId="bottomCenter" portType="2" />
            <fromProcessItemId>2025.19270a83-9259-4a02-958d-2a85842f2edd</fromProcessItemId>
            <toProcessItemId>2025.1c005b27-8e24-46ad-a8ff-1ea02435fd48</toProcessItemId>
        </link>
        <link name="Untitled">
            <lastModified isNull="true" />
            <lastModifiedBy isNull="true" />
            <processLinkId>2027.b9349356-262b-4edb-88f3-eae52c318654</processLinkId>
            <processId>1.d81bc185-068d-436c-9bae-7842a4dc96c4</processId>
            <description isNull="true" />
            <fromProcessItemId>2025.321e0855-a604-4fab-8329-0b2a98d04b65</fromProcessItemId>
            <endStateId>guid:7b105e0a5336b626:1c60b597:14d9aee7994:-7fd5</endStateId>
            <toProcessItemId>2025.b290a9cb-087e-4429-9461-8b49c5435d23</toProcessItemId>
            <guid>e50d3e6e-2a59-4d48-80dc-b8baeaf19122</guid>
            <versionId>a2b2fe8d-1052-4902-bf28-6f50c5914b00</versionId>
            <layoutData>
                <controlPoints />
                <showEndState>false</showEndState>
                <showName>false</showName>
            </layoutData>
            <fromItemPort locationId="topCenter" portType="1" />
            <toItemPort locationId="leftCenter" portType="2" />
            <fromProcessItemId>2025.321e0855-a604-4fab-8329-0b2a98d04b65</fromProcessItemId>
            <toProcessItemId>2025.b290a9cb-087e-4429-9461-8b49c5435d23</toProcessItemId>
        </link>
        <link name="Untitled">
            <lastModified isNull="true" />
            <lastModifiedBy isNull="true" />
            <processLinkId>2027.a848037e-c0a0-4416-bfd6-68bd869774e4</processLinkId>
            <processId>1.d81bc185-068d-436c-9bae-7842a4dc96c4</processId>
            <description isNull="true" />
            <fromProcessItemId>2025.321e0855-a604-4fab-8329-0b2a98d04b65</fromProcessItemId>
            <endStateId>DEFAULT</endStateId>
            <toProcessItemId>2025.19270a83-9259-4a02-958d-2a85842f2edd</toProcessItemId>
            <guid>160c5569-478e-4a6f-9700-6c844ca32235</guid>
            <versionId>b7210823-3d85-4718-b94a-7e9c0c1a1bf1</versionId>
            <layoutData>
                <controlPoints />
                <showEndState>false</showEndState>
                <showName>false</showName>
            </layoutData>
            <fromItemPort locationId="bottomCenter" portType="1" />
            <toItemPort locationId="leftCenter" portType="2" />
            <fromProcessItemId>2025.321e0855-a604-4fab-8329-0b2a98d04b65</fromProcessItemId>
            <toProcessItemId>2025.19270a83-9259-4a02-958d-2a85842f2edd</toProcessItemId>
        </link>
        <link name="Untitled">
            <lastModified isNull="true" />
            <lastModifiedBy isNull="true" />
            <processLinkId>2027.e977b180-0c3b-4b97-bf1c-9b43ffe8c11c</processLinkId>
            <processId>1.d81bc185-068d-436c-9bae-7842a4dc96c4</processId>
            <description isNull="true" />
            <fromProcessItemId>2025.b290a9cb-087e-4429-9461-8b49c5435d23</fromProcessItemId>
            <endStateId>Out</endStateId>
            <toProcessItemId>2025.1c005b27-8e24-46ad-a8ff-1ea02435fd48</toProcessItemId>
            <guid>3b19f485-a15a-4b14-babf-025a11837e7a</guid>
            <versionId>edc22483-dbb2-4fdc-8be6-4ff7cdf3ac38</versionId>
            <layoutData>
                <controlPoints />
                <showEndState>false</showEndState>
                <showName>false</showName>
            </layoutData>
            <fromItemPort locationId="rightCenter" portType="1" />
            <toItemPort locationId="topCenter" portType="2" />
            <fromProcessItemId>2025.b290a9cb-087e-4429-9461-8b49c5435d23</fromProcessItemId>
            <toProcessItemId>2025.1c005b27-8e24-46ad-a8ff-1ea02435fd48</toProcessItemId>
        </link>
    </process>
</teamworks>

