<?xml version="1.0" encoding="UTF-8"?>
<teamworks>
    <process id="1.f0244f85-e132-400d-9f73-fa4967ff170d" name="ECM Get Document Types Service">
        <lastModified>1504904116262</lastModified>
        <lastModifiedBy>tw_admin</lastModifiedBy>
        <processId>1.f0244f85-e132-400d-9f73-fa4967ff170d</processId>
        <image isNull="true" />
        <tabGroup isNull="true" />
        <startingProcessItemId>2025.91b633cd-de18-4272-9ecc-cbb6ac291f3b</startingProcessItemId>
        <isRootProcess>false</isRootProcess>
        <processType>2</processType>
        <isErrorHandlerEnabled>false</isErrorHandlerEnabled>
        <errorHandlerItemId isNull="true" />
        <isLoggingVariables>false</isLoggingVariables>
        <isTransactional>false</isTransactional>
        <processTimingLevel isNull="true" />
        <participantRef isNull="true" />
        <exposedType isNull="true" />
        <isTrackingEnabled>true</isTrackingEnabled>
        <xmlData isNull="true" />
        <cachingType>false</cachingType>
        <itemLabel isNull="true" />
        <cacheLength>43200</cacheLength>
        <mobileReady>false</mobileReady>
        <sboSyncEnabled>false</sboSyncEnabled>
        <externalId isNull="true" />
        <isSecured>false</isSecured>
        <isAjaxExposed>false</isAjaxExposed>
        <description isNull="true" />
        <guid>ef17fc73-ba93-4884-a5e0-147df6b7a2b1</guid>
        <versionId>bc089bb2-faaa-4d87-83d2-5d65d0fda934</versionId>
        <dependencySummary isNull="true" />
        <jsonData isNull="true" />
        <field1 isNull="true" />
        <field2 isNull="true" />
        <field3>0</field3>
        <field4 isNull="true" />
        <field5>false</field5>
        <clobField1 isNull="true" />
        <blobField1 isNull="true" />
        <processParameter name="data">
            <lastModified isNull="true" />
            <lastModifiedBy isNull="true" />
            <processParameterId>2055.0da0fa61-9aa9-48b4-ba74-c459f25bb52e</processParameterId>
            <processId>1.f0244f85-e132-400d-9f73-fa4967ff170d</processId>
            <parameterType>1</parameterType>
            <isArrayOf>false</isArrayOf>
            <classId>/12.6d282146-7fb3-4734-9448-92c99c18ce34</classId>
            <seq>2</seq>
            <hasDefault>false</hasDefault>
            <defaultValue isNull="true" />
            <isLocked>false</isLocked>
            <description isNull="true" />
            <guid>6e5126c5-5ea5-4d1e-929d-848082a20e59</guid>
            <versionId>8898a717-f2c7-4917-8c63-d289e518c9ff</versionId>
        </processParameter>
        <processParameter name="results">
            <lastModified isNull="true" />
            <lastModifiedBy isNull="true" />
            <processParameterId>2055.9695b898-c69c-4e2f-a88d-0b6686d23f0b</processParameterId>
            <processId>1.f0244f85-e132-400d-9f73-fa4967ff170d</processId>
            <parameterType>2</parameterType>
            <isArrayOf>true</isArrayOf>
            <classId>/12.d090937d-b509-4407-829c-b74dfb856888</classId>
            <seq>3</seq>
            <hasDefault>false</hasDefault>
            <defaultValue isNull="true" />
            <isLocked>false</isLocked>
            <description isNull="true" />
            <guid>b5b37293-bfc0-4ef6-a646-896fcf65c358</guid>
            <versionId>e24b236e-5f47-43f1-b46d-d39c3591166d</versionId>
        </processParameter>
        <processParameter name="ECMError">
            <lastModified isNull="true" />
            <lastModifiedBy isNull="true" />
            <processParameterId>2055.60cdfe1e-dba1-4e10-ad74-3c439e57bcc5</processParameterId>
            <processId>1.f0244f85-e132-400d-9f73-fa4967ff170d</processId>
            <parameterType>3</parameterType>
            <isArrayOf>false</isArrayOf>
            <classId>/12.bfb48b9b-8247-49fb-8f78-82b738b817a6</classId>
            <seq>4</seq>
            <hasDefault>false</hasDefault>
            <defaultValue>ECMError</defaultValue>
            <isLocked>false</isLocked>
            <description isNull="true" />
            <guid>bf2ae8e5-1600-4599-95c7-fbe8aa7cdc79</guid>
            <versionId>d65c25cf-05ca-4ae6-b712-4d30879e0d82</versionId>
        </processParameter>
        <processVariable name="results0">
            <lastModified isNull="true" />
            <lastModifiedBy isNull="true" />
            <processVariableId>2056.2cb85aa3-c5a3-4bd0-8f43-240fee28ae8b</processVariableId>
            <description isNull="true" />
            <processId>1.f0244f85-e132-400d-9f73-fa4967ff170d</processId>
            <namespace>2</namespace>
            <seq>1</seq>
            <isArrayOf>true</isArrayOf>
            <isTransient>false</isTransient>
            <classId>/12.d090937d-b509-4407-829c-b74dfb856888</classId>
            <hasDefault>false</hasDefault>
            <defaultValue isNull="true" />
            <guid>1024a6ef-727e-4127-832f-ab3e15977fa0</guid>
            <versionId>d7b8b11e-9c8a-4b52-8377-cf9c9968afd8</versionId>
        </processVariable>
        <processVariable name="typeDefinition">
            <lastModified isNull="true" />
            <lastModifiedBy isNull="true" />
            <processVariableId>2056.f3d46d6c-385f-42aa-8c79-d345de57a8b0</processVariableId>
            <description>Auto generated variable for mapping of Get Doc Type Detail</description>
            <processId>1.f0244f85-e132-400d-9f73-fa4967ff170d</processId>
            <namespace>2</namespace>
            <seq>2</seq>
            <isArrayOf>false</isArrayOf>
            <isTransient>false</isTransient>
            <classId>/12.d090937d-b509-4407-829c-b74dfb856888</classId>
            <hasDefault>false</hasDefault>
            <defaultValue isNull="true" />
            <guid>682d4431-8ca5-455c-8c5f-a2231dfcd45d</guid>
            <versionId>ca981234-716e-4b20-8215-95d56cd73b86</versionId>
        </processVariable>
        <item>
            <lastModified isNull="true" />
            <lastModifiedBy isNull="true" />
            <processItemId>2025.bd8324c1-6816-4d73-b3cb-52098e0b3b89</processItemId>
            <processId>1.f0244f85-e132-400d-9f73-fa4967ff170d</processId>
            <name>Get Doc Type Definition</name>
            <tWComponentName>ECMConnector</tWComponentName>
            <tWComponentId>3030.d7ff872c-cbad-4a92-8a14-aa58e7077352</tWComponentId>
            <isLogEnabled>false</isLogEnabled>
            <isTraceEnabled>false</isTraceEnabled>
            <traceCategory isNull="true" />
            <traceLevel isNull="true" />
            <traceMessage isNull="true" />
            <traceSymbolTable isNull="true" />
            <isExecutionContextTraced>false</isExecutionContextTraced>
            <saveExecutionContext>false</saveExecutionContext>
            <documentation isNull="true" />
            <isErrorHandlerEnabled>false</isErrorHandlerEnabled>
            <errorHandlerItemId isNull="true" />
            <guid>6280420f-748f-43f2-acd9-c9d22146b4f4</guid>
            <versionId>51cf2f6f-0bfa-4aa7-8820-18818e0a3ab2</versionId>
            <externalServiceRef isNull="true" />
            <externalServiceOp isNull="true" />
            <nodeColor isNull="true" />
            <layoutData x="294" y="85">
                <errorLink>
                    <controlPoints />
                    <showEndState>false</showEndState>
                    <showName>false</showName>
                </errorLink>
            </layoutData>
            <TWComponent>
                <lastModified isNull="true" />
                <lastModifiedBy isNull="true" />
                <ecmConnectorId>3030.d7ff872c-cbad-4a92-8a14-aa58e7077352</ecmConnectorId>
                <definition>&lt;config type="com.lombardisoftware.client.persistence.ECMConnectorConfiguration"&gt;&#xD;
  &lt;inputParameters&gt;&#xD;
    &lt;parameter&gt;&#xD;
      &lt;name&gt;objectTypeId&lt;/name&gt;&#xD;
      &lt;type&gt;ECMID&lt;/type&gt;&#xD;
      &lt;description&gt;Object type ID&lt;/description&gt;&#xD;
      &lt;defaultValue /&gt;&#xD;
      &lt;argumentVariable&gt;tw.local.data.fromDocTypeId&lt;/argumentVariable&gt;&#xD;
      &lt;isArray&gt;&lt;/isArray&gt;&#xD;
      &lt;isList&gt;false&lt;/isList&gt;&#xD;
    &lt;/parameter&gt;&#xD;
    &lt;parameter&gt;&#xD;
      &lt;name&gt;serverName&lt;/name&gt;&#xD;
      &lt;type&gt;String&lt;/type&gt;&#xD;
      &lt;description&gt;Server name&lt;/description&gt;&#xD;
      &lt;defaultValue /&gt;&#xD;
      &lt;argumentVariable&gt;tw.local.data.serverName&lt;/argumentVariable&gt;&#xD;
      &lt;isArray&gt;&lt;/isArray&gt;&#xD;
      &lt;isList&gt;false&lt;/isList&gt;&#xD;
    &lt;/parameter&gt;&#xD;
  &lt;/inputParameters&gt;&#xD;
  &lt;outputParameters&gt;&#xD;
    &lt;parameter&gt;&#xD;
      &lt;name&gt;typeDefinition&lt;/name&gt;&#xD;
      &lt;type&gt;ECMObjectTypeDefinition&lt;/type&gt;&#xD;
      &lt;description&gt;Type definition&lt;/description&gt;&#xD;
      &lt;defaultValue /&gt;&#xD;
      &lt;argumentVariable&gt;tw.local.typeDefinition&lt;/argumentVariable&gt;&#xD;
      &lt;isArray&gt;&lt;/isArray&gt;&#xD;
      &lt;isList&gt;false&lt;/isList&gt;&#xD;
    &lt;/parameter&gt;&#xD;
  &lt;/outputParameters&gt;&#xD;
  &lt;matchAllSearchCriteria&gt;true&lt;/matchAllSearchCriteria&gt;&#xD;
  &lt;orderOverride&gt;false&lt;/orderOverride&gt;&#xD;
  &lt;orderOverrideValue&gt;&lt;/orderOverrideValue&gt;&#xD;
  &lt;operationType&gt;SERVER_OP_GET_TYPE_DEFINITION&lt;/operationType&gt;&#xD;
  &lt;server&gt;useMappingServer&lt;/server&gt;&#xD;
  &lt;objectTypeSelection&gt;DOCUMENT&lt;/objectTypeSelection&gt;&#xD;
  &lt;useMappedVariable&gt;false&lt;/useMappedVariable&gt;&#xD;
  &lt;faultParameterId&gt;2055.60cdfe1e-dba1-4e10-ad74-3c439e57bcc5&lt;/faultParameterId&gt;&#xD;
&lt;/config&gt;</definition>
                <guid>e0bfd845-08ac-4cac-ba15-31aef77b539f</guid>
                <versionId>6b64f681-99e0-4969-88e7-9279ad93c501</versionId>
            </TWComponent>
        </item>
        <item>
            <lastModified isNull="true" />
            <lastModifiedBy isNull="true" />
            <processItemId>2025.d85811e3-4f8b-41e3-80d2-eb41f8ef58aa</processItemId>
            <processId>1.f0244f85-e132-400d-9f73-fa4967ff170d</processId>
            <name>Prepend root doc type</name>
            <tWComponentName>Script</tWComponentName>
            <tWComponentId>3011.0a36638f-49e5-49d2-8e22-67090e145c8e</tWComponentId>
            <isLogEnabled>false</isLogEnabled>
            <isTraceEnabled>false</isTraceEnabled>
            <traceCategory isNull="true" />
            <traceLevel isNull="true" />
            <traceMessage isNull="true" />
            <traceSymbolTable isNull="true" />
            <isExecutionContextTraced>false</isExecutionContextTraced>
            <saveExecutionContext>false</saveExecutionContext>
            <documentation isNull="true" />
            <isErrorHandlerEnabled>false</isErrorHandlerEnabled>
            <errorHandlerItemId isNull="true" />
            <guid>guid:14f51bae59ead233:-253bd9f6:1582a8a3e50:-7ffc</guid>
            <versionId>8b35f709-f2b5-4dbc-b89e-0faa017fa6ef</versionId>
            <externalServiceRef isNull="true" />
            <externalServiceOp isNull="true" />
            <nodeColor isNull="true" />
            <layoutData x="447" y="85">
                <errorLink>
                    <controlPoints />
                    <showEndState>false</showEndState>
                    <showName>false</showName>
                </errorLink>
            </layoutData>
            <TWComponent>
                <lastModified isNull="true" />
                <lastModifiedBy isNull="true" />
                <scriptId>3011.0a36638f-49e5-49d2-8e22-67090e145c8e</scriptId>
                <scriptTypeId>2</scriptTypeId>
                <isActive>true</isActive>
                <script>tw.local.results = new tw.object.listOf.ECMObjectTypeDefinition();
var rootDef = new tw.object.ECMObjectTypeDefinition();

if(tw.local.data.fromDocTypeId){
    rootDef.objectTypeId = tw.local.data.fromDocTypeId;
    rootDef.displayName = tw.local.typeDefinition.displayName;
} else {
    rootDef.objectTypeId = "cmis:document";
rootDef.displayName = "Document";
}

rootDef.children = tw.local.results0;

tw.local.results[0] = rootDef;</script>
                <isRule>false</isRule>
                <guid>ebb33393-5661-4de0-8bb9-7f02dae1f1cc</guid>
                <versionId>3a8eecff-a6e8-4b85-9df8-94410aab2b9a</versionId>
            </TWComponent>
        </item>
        <item>
            <lastModified isNull="true" />
            <lastModifiedBy isNull="true" />
            <processItemId>2025.91b633cd-de18-4272-9ecc-cbb6ac291f3b</processItemId>
            <processId>1.f0244f85-e132-400d-9f73-fa4967ff170d</processId>
            <name>Get Doc Type Descendants</name>
            <tWComponentName>ECMConnector</tWComponentName>
            <tWComponentId>3030.81e51789-98c4-4eb5-a013-ff8f73e9a034</tWComponentId>
            <isLogEnabled>false</isLogEnabled>
            <isTraceEnabled>false</isTraceEnabled>
            <traceCategory isNull="true" />
            <traceLevel isNull="true" />
            <traceMessage isNull="true" />
            <traceSymbolTable isNull="true" />
            <isExecutionContextTraced>false</isExecutionContextTraced>
            <saveExecutionContext>false</saveExecutionContext>
            <documentation isNull="true" />
            <isErrorHandlerEnabled>false</isErrorHandlerEnabled>
            <errorHandlerItemId isNull="true" />
            <guid>guid:7659e61c53ec3b07:29fb3470:1582a0ec58d:-783f</guid>
            <versionId>b91b86e5-a9e4-4afe-9f1b-71ab145f48ac</versionId>
            <externalServiceRef isNull="true" />
            <externalServiceOp isNull="true" />
            <nodeColor isNull="true" />
            <processPrePosts>
                <lastModified isNull="true" />
                <lastModifiedBy isNull="true" />
                <processItemPrePostId>2029.9a37cc92-efc9-4c45-b02e-d2d3b95aa28a</processItemPrePostId>
                <processItemId>2025.91b633cd-de18-4272-9ecc-cbb6ac291f3b</processItemId>
                <location>1</location>
                <script>if(tw.local.data == null)
    tw.local.data = new tw.object.GetDocTypesServiceInput();

if(tw.local.data.fromDocTypeId == null)
    tw.local.data.fromDocTypeId = "cmis:document";

if(tw.local.data.includePropDefs == null)
    tw.local.data.includePropDefs = true;

if(tw.local.data.depth == null)
    tw.local.data.depth = 1;</script>
                <guid>fb16091f-4eeb-4bdd-ae14-1fd63e7ddfd0</guid>
                <versionId>722fe847-3f6b-4370-9b50-4202b3682363</versionId>
            </processPrePosts>
            <layoutData x="138" y="85">
                <errorLink>
                    <controlPoints />
                    <showEndState>false</showEndState>
                    <showName>false</showName>
                </errorLink>
            </layoutData>
            <TWComponent>
                <lastModified isNull="true" />
                <lastModifiedBy isNull="true" />
                <ecmConnectorId>3030.81e51789-98c4-4eb5-a013-ff8f73e9a034</ecmConnectorId>
                <definition>&lt;config type="com.lombardisoftware.client.persistence.ECMConnectorConfiguration"&gt;&#xD;
  &lt;inputParameters&gt;&#xD;
    &lt;parameter&gt;&#xD;
      &lt;name&gt;objectTypeId&lt;/name&gt;&#xD;
      &lt;type&gt;ECMID&lt;/type&gt;&#xD;
      &lt;description&gt;Object type ID&lt;/description&gt;&#xD;
      &lt;defaultValue&gt;&lt;/defaultValue&gt;&#xD;
      &lt;argumentVariable&gt;tw.local.data.fromDocTypeId&lt;/argumentVariable&gt;&#xD;
      &lt;isArray&gt;&lt;/isArray&gt;&#xD;
      &lt;isList&gt;false&lt;/isList&gt;&#xD;
    &lt;/parameter&gt;&#xD;
    &lt;parameter&gt;&#xD;
      &lt;name&gt;depth&lt;/name&gt;&#xD;
      &lt;type&gt;Integer&lt;/type&gt;&#xD;
      &lt;description&gt;Depth&lt;/description&gt;&#xD;
      &lt;defaultValue&gt;&lt;/defaultValue&gt;&#xD;
      &lt;argumentVariable&gt;tw.local.data.depth&lt;/argumentVariable&gt;&#xD;
      &lt;isArray&gt;&lt;/isArray&gt;&#xD;
      &lt;isList&gt;false&lt;/isList&gt;&#xD;
    &lt;/parameter&gt;&#xD;
    &lt;parameter&gt;&#xD;
      &lt;name&gt;includePropertyDefinitions&lt;/name&gt;&#xD;
      &lt;type&gt;Boolean&lt;/type&gt;&#xD;
      &lt;description&gt;Include property definitions&lt;/description&gt;&#xD;
      &lt;defaultValue&gt;&lt;/defaultValue&gt;&#xD;
      &lt;argumentVariable&gt;tw.local.data.includePropDefs&lt;/argumentVariable&gt;&#xD;
      &lt;isArray&gt;&lt;/isArray&gt;&#xD;
      &lt;isList&gt;false&lt;/isList&gt;&#xD;
    &lt;/parameter&gt;&#xD;
    &lt;parameter&gt;&#xD;
      &lt;name&gt;serverName&lt;/name&gt;&#xD;
      &lt;type&gt;String&lt;/type&gt;&#xD;
      &lt;description&gt;Server name&lt;/description&gt;&#xD;
      &lt;defaultValue&gt;&lt;/defaultValue&gt;&#xD;
      &lt;argumentVariable&gt;tw.local.data.serverName&lt;/argumentVariable&gt;&#xD;
      &lt;isArray&gt;&lt;/isArray&gt;&#xD;
      &lt;isList&gt;false&lt;/isList&gt;&#xD;
    &lt;/parameter&gt;&#xD;
  &lt;/inputParameters&gt;&#xD;
  &lt;outputParameters&gt;&#xD;
    &lt;parameter&gt;&#xD;
      &lt;name&gt;typeDefinitions&lt;/name&gt;&#xD;
      &lt;type&gt;ECMObjectTypeDefinition&lt;/type&gt;&#xD;
      &lt;description&gt;Type definitions&lt;/description&gt;&#xD;
      &lt;defaultValue&gt;&lt;/defaultValue&gt;&#xD;
      &lt;argumentVariable&gt;tw.local.results0&lt;/argumentVariable&gt;&#xD;
      &lt;isArray&gt;&lt;/isArray&gt;&#xD;
      &lt;isList&gt;true&lt;/isList&gt;&#xD;
    &lt;/parameter&gt;&#xD;
  &lt;/outputParameters&gt;&#xD;
  &lt;matchAllSearchCriteria&gt;true&lt;/matchAllSearchCriteria&gt;&#xD;
  &lt;searchParameters /&gt;&#xD;
  &lt;selectParameters /&gt;&#xD;
  &lt;orderOverride&gt;false&lt;/orderOverride&gt;&#xD;
  &lt;orderOverrideValue&gt;&lt;/orderOverrideValue&gt;&#xD;
  &lt;operationType&gt;SERVER_OP_GET_TYPE_DESCENDANTS&lt;/operationType&gt;&#xD;
  &lt;server&gt;useMappingServer&lt;/server&gt;&#xD;
  &lt;objectTypeSelection&gt;DOCUMENT&lt;/objectTypeSelection&gt;&#xD;
  &lt;useMappedVariable&gt;false&lt;/useMappedVariable&gt;&#xD;
  &lt;faultParameterId&gt;2055.f6d7a90e-3e7f-4570-b91a-6478c0ed070c&lt;/faultParameterId&gt;&#xD;
&lt;/config&gt;</definition>
                <guid>8c5936ea-96ea-493d-a734-84ff9816fe0a</guid>
                <versionId>a5c276cf-c0f9-4873-99a5-e6f71b1979c1</versionId>
            </TWComponent>
        </item>
        <item>
            <lastModified isNull="true" />
            <lastModifiedBy isNull="true" />
            <processItemId>2025.a6c8e557-a429-4c91-9aef-3416c9d1a4e9</processItemId>
            <processId>1.f0244f85-e132-400d-9f73-fa4967ff170d</processId>
            <name>End</name>
            <tWComponentName>ExitPoint</tWComponentName>
            <tWComponentId>3008.7ab9bc48-a0d9-48fe-9900-ec75bdecf56c</tWComponentId>
            <isLogEnabled>false</isLogEnabled>
            <isTraceEnabled>false</isTraceEnabled>
            <traceCategory isNull="true" />
            <traceLevel isNull="true" />
            <traceMessage isNull="true" />
            <traceSymbolTable isNull="true" />
            <isExecutionContextTraced>false</isExecutionContextTraced>
            <saveExecutionContext>true</saveExecutionContext>
            <documentation isNull="true" />
            <isErrorHandlerEnabled>false</isErrorHandlerEnabled>
            <errorHandlerItemId isNull="true" />
            <guid>guid:7659e61c53ec3b07:29fb3470:1582a0ec58d:-7840</guid>
            <versionId>f3ff5e4a-ada9-45b3-9456-16013394be5a</versionId>
            <externalServiceRef isNull="true" />
            <externalServiceOp isNull="true" />
            <nodeColor isNull="true" />
            <processPrePosts>
                <lastModified isNull="true" />
                <lastModifiedBy isNull="true" />
                <processItemPrePostId>2029.56616feb-fbdc-44c5-af5b-8dcf89ed2589</processItemPrePostId>
                <processItemId>2025.a6c8e557-a429-4c91-9aef-3416c9d1a4e9</processItemId>
                <location>1</location>
                <script isNull="true" />
                <guid>97d4e114-fce9-47e0-83ac-91ba2c2292fc</guid>
                <versionId>acde5484-765b-42ff-96a5-808f0f6093c2</versionId>
            </processPrePosts>
            <layoutData x="584" y="100">
                <errorLink>
                    <controlPoints />
                    <showEndState>false</showEndState>
                    <showName>false</showName>
                </errorLink>
            </layoutData>
            <TWComponent>
                <lastModified isNull="true" />
                <lastModifiedBy isNull="true" />
                <exitPointId>3008.7ab9bc48-a0d9-48fe-9900-ec75bdecf56c</exitPointId>
                <haltProcess>false</haltProcess>
                <guid>37b4f2b5-6c59-46dc-9fa5-cc20ff30eb91</guid>
                <versionId>74df4742-94f7-43ee-aef4-e25da1e07f8b</versionId>
            </TWComponent>
        </item>
        <startingProcessItemId>2025.91b633cd-de18-4272-9ecc-cbb6ac291f3b</startingProcessItemId>
        <errorHandlerItemId isNull="true" />
        <layoutData noConversion="true">
            <errorLink>
                <controlPoints />
                <showEndState>false</showEndState>
                <showName>false</showName>
            </errorLink>
        </layoutData>
        <startPoint>
            <layoutData x="20" y="101">
                <errorLink>
                    <controlPoints />
                    <showEndState>false</showEndState>
                    <showName>false</showName>
                </errorLink>
            </layoutData>
        </startPoint>
        <startLink>
            <fromPort locationId="rightCenter" portType="1" />
            <toPort locationId="leftCenter" portType="2" />
            <layoutData>
                <controlPoints />
                <showEndState>false</showEndState>
                <showName>false</showName>
            </layoutData>
        </startLink>
        <link name="Untitled">
            <lastModified isNull="true" />
            <lastModifiedBy isNull="true" />
            <processLinkId>2027.aa071210-09bf-4072-8843-8cebec6b515f</processLinkId>
            <processId>1.f0244f85-e132-400d-9f73-fa4967ff170d</processId>
            <description isNull="true" />
            <fromProcessItemId>2025.91b633cd-de18-4272-9ecc-cbb6ac291f3b</fromProcessItemId>
            <endStateId>Out</endStateId>
            <toProcessItemId>2025.bd8324c1-6816-4d73-b3cb-52098e0b3b89</toProcessItemId>
            <guid>ac716269-11a0-487a-a1ec-5f59b1522b22</guid>
            <versionId>45535d03-47e2-4eda-80ed-35d5ddc48fc7</versionId>
            <layoutData>
                <controlPoints />
                <showEndState>false</showEndState>
                <showName>false</showName>
            </layoutData>
            <fromItemPort locationId="rightCenter" portType="1" />
            <toItemPort locationId="leftCenter" portType="2" />
            <fromProcessItemId>2025.91b633cd-de18-4272-9ecc-cbb6ac291f3b</fromProcessItemId>
            <toProcessItemId>2025.bd8324c1-6816-4d73-b3cb-52098e0b3b89</toProcessItemId>
        </link>
        <link name="Untitled">
            <lastModified isNull="true" />
            <lastModifiedBy isNull="true" />
            <processLinkId>2027.028beaef-8965-46de-b799-aff4c3f49b17</processLinkId>
            <processId>1.f0244f85-e132-400d-9f73-fa4967ff170d</processId>
            <description isNull="true" />
            <fromProcessItemId>2025.d85811e3-4f8b-41e3-80d2-eb41f8ef58aa</fromProcessItemId>
            <endStateId>Out</endStateId>
            <toProcessItemId>2025.a6c8e557-a429-4c91-9aef-3416c9d1a4e9</toProcessItemId>
            <guid>142b3600-fe14-443a-98f7-f7d95bfccf4c</guid>
            <versionId>c05d4f87-48b2-45e2-97e2-3b18c71cf19f</versionId>
            <layoutData>
                <controlPoints />
                <showEndState>false</showEndState>
                <showName>false</showName>
            </layoutData>
            <fromItemPort locationId="rightCenter" portType="1" />
            <toItemPort locationId="leftCenter" portType="2" />
            <fromProcessItemId>2025.d85811e3-4f8b-41e3-80d2-eb41f8ef58aa</fromProcessItemId>
            <toProcessItemId>2025.a6c8e557-a429-4c91-9aef-3416c9d1a4e9</toProcessItemId>
        </link>
        <link name="Untitled">
            <lastModified isNull="true" />
            <lastModifiedBy isNull="true" />
            <processLinkId>2027.7ec751d5-68b5-4b56-8a5a-93a7cbedda60</processLinkId>
            <processId>1.f0244f85-e132-400d-9f73-fa4967ff170d</processId>
            <description isNull="true" />
            <fromProcessItemId>2025.bd8324c1-6816-4d73-b3cb-52098e0b3b89</fromProcessItemId>
            <endStateId>Out</endStateId>
            <toProcessItemId>2025.d85811e3-4f8b-41e3-80d2-eb41f8ef58aa</toProcessItemId>
            <guid>74fa86a5-9920-4ee9-aee6-d97325f9fda8</guid>
            <versionId>d231d4d3-7ac2-4347-b83b-ff4bd81c96a5</versionId>
            <layoutData>
                <controlPoints />
                <showEndState>false</showEndState>
                <showName>false</showName>
            </layoutData>
            <fromItemPort locationId="rightCenter" portType="1" />
            <toItemPort locationId="leftCenter" portType="2" />
            <fromProcessItemId>2025.bd8324c1-6816-4d73-b3cb-52098e0b3b89</fromProcessItemId>
            <toProcessItemId>2025.d85811e3-4f8b-41e3-80d2-eb41f8ef58aa</toProcessItemId>
        </link>
    </process>
</teamworks>

