<?xml version="1.0" encoding="UTF-8"?>
<teamworks>
    <process id="1.f17ce13a-a7b7-4f7a-82bf-81d9f56db905" name="ECM Update Content Object Property Service">
        <lastModified>1551132898284</lastModified>
        <lastModifiedBy>tw_admin</lastModifiedBy>
        <processId>1.f17ce13a-a7b7-4f7a-82bf-81d9f56db905</processId>
        <image isNull="true" />
        <tabGroup isNull="true" />
        <startingProcessItemId>2025.6730093c-633a-4d46-8b89-0568f2e80c56</startingProcessItemId>
        <isRootProcess>false</isRootProcess>
        <processType>4</processType>
        <isErrorHandlerEnabled>false</isErrorHandlerEnabled>
        <errorHandlerItemId isNull="true" />
        <isLoggingVariables>false</isLoggingVariables>
        <isTransactional>false</isTransactional>
        <processTimingLevel isNull="true" />
        <participantRef isNull="true" />
        <exposedType isNull="true" />
        <isTrackingEnabled>true</isTrackingEnabled>
        <xmlData isNull="true" />
        <cachingType>false</cachingType>
        <itemLabel isNull="true" />
        <cacheLength>43200</cacheLength>
        <mobileReady>false</mobileReady>
        <sboSyncEnabled>true</sboSyncEnabled>
        <externalId isNull="true" />
        <isSecured>false</isSecured>
        <isAjaxExposed>false</isAjaxExposed>
        <description>&lt;HTML&gt;&lt;HEAD&gt;&#xD;
&lt;STYLE type=text/css&gt; p{margin:0px;}&lt;/STYLE&gt;&#xD;
&lt;/HEAD&gt;&#xD;
&lt;BODY style="FONT-SIZE: 10pt; FONT-FAMILY: arial" bgColor=#f5f5f5&gt;The service that updates the value of a content object's property.&lt;/BODY&gt;&lt;/HTML&gt;</description>
        <guid>guid:8834599c84d802ca:5a7bd053:1690260eaf6:-7fdc</guid>
        <versionId>c14f319a-700b-4d4b-b203-43044295b005</versionId>
        <dependencySummary isNull="true" />
        <jsonData isNull="true" />
        <field1 isNull="true" />
        <field2 isNull="true" />
        <field3>0</field3>
        <field4 isNull="true" />
        <field5>false</field5>
        <clobField1 isNull="true" />
        <blobField1 isNull="true" />
        <processParameter name="contentObjectId">
            <lastModified isNull="true" />
            <lastModifiedBy isNull="true" />
            <processParameterId>2055.78ff56bb-479a-45d0-9ea2-4e96c66ae60d</processParameterId>
            <processId>1.f17ce13a-a7b7-4f7a-82bf-81d9f56db905</processId>
            <parameterType>1</parameterType>
            <isArrayOf>false</isArrayOf>
            <classId>/12.3212d5b3-f692-41b3-a893-343dc5c3df01</classId>
            <seq>1</seq>
            <hasDefault>false</hasDefault>
            <defaultValue isNull="true" />
            <isLocked>false</isLocked>
            <description isNull="true" />
            <guid>e0998726-c0a4-4986-b677-7eed15d7ce88</guid>
            <versionId>0dc0d1c2-ca86-4dac-bdca-c29bc6e4eb6e</versionId>
        </processParameter>
        <processParameter name="serverName">
            <lastModified isNull="true" />
            <lastModifiedBy isNull="true" />
            <processParameterId>2055.4c16664c-2b76-40b2-b502-658f4de1961a</processParameterId>
            <processId>1.f17ce13a-a7b7-4f7a-82bf-81d9f56db905</processId>
            <parameterType>1</parameterType>
            <isArrayOf>false</isArrayOf>
            <classId>f1e96cc6-5fd9-4002-8b04-107d4ddae78a/12.db884a3c-c533-44b7-bb2d-47bec8ad4022</classId>
            <seq>2</seq>
            <hasDefault>false</hasDefault>
            <defaultValue isNull="true" />
            <isLocked>false</isLocked>
            <description isNull="true" />
            <guid>717bcb39-0151-4399-a716-bf5ad083999a</guid>
            <versionId>b088724b-6fc1-4261-8fdf-e605c4cbefd9</versionId>
        </processParameter>
        <processParameter name="propertyTypeId">
            <lastModified isNull="true" />
            <lastModifiedBy isNull="true" />
            <processParameterId>2055.c8449f64-79cb-49bf-a11d-1b103312dd97</processParameterId>
            <processId>1.f17ce13a-a7b7-4f7a-82bf-81d9f56db905</processId>
            <parameterType>1</parameterType>
            <isArrayOf>false</isArrayOf>
            <classId>/12.3212d5b3-f692-41b3-a893-343dc5c3df01</classId>
            <seq>3</seq>
            <hasDefault>false</hasDefault>
            <defaultValue isNull="true" />
            <isLocked>false</isLocked>
            <description isNull="true" />
            <guid>beefd410-b2fd-493b-84b0-f2998464ff70</guid>
            <versionId>c9f0fe3d-45bc-4d85-83ad-f79d0c703112</versionId>
        </processParameter>
        <processParameter name="propertyValue">
            <lastModified isNull="true" />
            <lastModifiedBy isNull="true" />
            <processParameterId>2055.543e03d3-b534-4b8a-bc57-30c533d9ea40</processParameterId>
            <processId>1.f17ce13a-a7b7-4f7a-82bf-81d9f56db905</processId>
            <parameterType>1</parameterType>
            <isArrayOf>false</isArrayOf>
            <classId>f1e96cc6-5fd9-4002-8b04-107d4ddae78a/12.c09c9b6e-aabd-4897-bef2-ed61db106297</classId>
            <seq>4</seq>
            <hasDefault>false</hasDefault>
            <defaultValue isNull="true" />
            <isLocked>false</isLocked>
            <description isNull="true" />
            <guid>a8405fad-3d64-4ff1-ae41-45865042f5ec</guid>
            <versionId>9e8832cf-0e5f-4bc5-ad37-db5017dbd69b</versionId>
        </processParameter>
        <processVariable name="properties">
            <lastModified isNull="true" />
            <lastModifiedBy isNull="true" />
            <processVariableId>2056.4327c0b8-1bf4-4179-b2a1-bb1749840913</processVariableId>
            <description isNull="true" />
            <processId>1.f17ce13a-a7b7-4f7a-82bf-81d9f56db905</processId>
            <namespace>2</namespace>
            <seq>1</seq>
            <isArrayOf>true</isArrayOf>
            <isTransient>false</isTransient>
            <classId>/12.a4275847-1a37-4d3c-9289-0462d5afbca9</classId>
            <hasDefault>true</hasDefault>
            <defaultValue>var autoObject = new tw.object.listOf.ECMProperty();
autoObject[0] = new tw.object.ECMProperty();
autoObject[0].value = tw.local.propertyValue;
autoObject[0].objectTypeId = tw.local.propertyTypeId;
autoObject
</defaultValue>
            <guid>3db6f84a-dc10-4e96-bec6-e22695bda659</guid>
            <versionId>1d7e1b02-464b-47b3-bcb1-a6ce579d3b78</versionId>
        </processVariable>
        <item>
            <lastModified isNull="true" />
            <lastModifiedBy isNull="true" />
            <processItemId>2025.7842e8d8-213a-42c4-8a0d-554445c93f11</processItemId>
            <processId>1.f17ce13a-a7b7-4f7a-82bf-81d9f56db905</processId>
            <name>End</name>
            <tWComponentName>ExitPoint</tWComponentName>
            <tWComponentId>3008.6572417e-880e-40bd-9dd5-6c76d5fdc1eb</tWComponentId>
            <isLogEnabled>false</isLogEnabled>
            <isTraceEnabled>false</isTraceEnabled>
            <traceCategory isNull="true" />
            <traceLevel isNull="true" />
            <traceMessage isNull="true" />
            <traceSymbolTable isNull="true" />
            <isExecutionContextTraced>false</isExecutionContextTraced>
            <saveExecutionContext>true</saveExecutionContext>
            <documentation isNull="true" />
            <isErrorHandlerEnabled>false</isErrorHandlerEnabled>
            <errorHandlerItemId isNull="true" />
            <guid>guid:8834599c84d802ca:5a7bd053:1690260eaf6:-7fdb</guid>
            <versionId>3cae4176-e190-4c34-8ca4-c9390f94e547</versionId>
            <externalServiceRef isNull="true" />
            <externalServiceOp isNull="true" />
            <nodeColor isNull="true" />
            <layoutData x="698" y="96">
                <errorLink>
                    <controlPoints />
                    <showEndState>false</showEndState>
                    <showName>false</showName>
                </errorLink>
            </layoutData>
            <TWComponent>
                <lastModified isNull="true" />
                <lastModifiedBy isNull="true" />
                <exitPointId>3008.6572417e-880e-40bd-9dd5-6c76d5fdc1eb</exitPointId>
                <haltProcess>false</haltProcess>
                <guid>d516ec64-cfdb-446b-94c3-e22b1758ee38</guid>
                <versionId>7fc18875-7483-48cf-9764-9441b9a5b361</versionId>
            </TWComponent>
        </item>
        <item>
            <lastModified isNull="true" />
            <lastModifiedBy isNull="true" />
            <processItemId>2025.6730093c-633a-4d46-8b89-0568f2e80c56</processItemId>
            <processId>1.f17ce13a-a7b7-4f7a-82bf-81d9f56db905</processId>
            <name>Update Property</name>
            <tWComponentName>SubProcess</tWComponentName>
            <tWComponentId>3012.69fb91bb-8c7d-4118-a74f-9f5b4d1b48eb</tWComponentId>
            <isLogEnabled>false</isLogEnabled>
            <isTraceEnabled>false</isTraceEnabled>
            <traceCategory isNull="true" />
            <traceLevel isNull="true" />
            <traceMessage isNull="true" />
            <traceSymbolTable isNull="true" />
            <isExecutionContextTraced>false</isExecutionContextTraced>
            <saveExecutionContext>false</saveExecutionContext>
            <documentation isNull="true" />
            <isErrorHandlerEnabled>false</isErrorHandlerEnabled>
            <errorHandlerItemId isNull="true" />
            <guid>guid:8834599c84d802ca:5a7bd053:1690260eaf6:-7fd8</guid>
            <versionId>477ec981-31e8-45b5-a90b-4c1b0fc18334</versionId>
            <externalServiceRef isNull="true" />
            <externalServiceOp isNull="true" />
            <nodeColor isNull="true" />
            <layoutData x="227" y="81">
                <errorLink>
                    <controlPoints />
                    <showEndState>false</showEndState>
                    <showName>false</showName>
                </errorLink>
            </layoutData>
            <TWComponent>
                <lastModified isNull="true" />
                <lastModifiedBy isNull="true" />
                <subProcessId>3012.69fb91bb-8c7d-4118-a74f-9f5b4d1b48eb</subProcessId>
                <attachedProcessRef>/1.2c696500-2a89-485d-9ffa-d951dfcc367b</attachedProcessRef>
                <guid>e5b18f40-3699-47b3-be36-b64f5c58d8da</guid>
                <versionId>2b826654-2f2c-4643-b74c-c375ae0d8024</versionId>
                <parameterMapping name="serverName">
                    <lastModified isNull="true" />
                    <lastModifiedBy isNull="true" />
                    <parameterMappingId>2054.97ac9b00-62aa-4c55-97d0-f29a16567d8d</parameterMappingId>
                    <processParameterId>2055.a3f408b6-3458-4843-b14f-fd4a502f88cf</processParameterId>
                    <parameterMappingParentId>3012.69fb91bb-8c7d-4118-a74f-9f5b4d1b48eb</parameterMappingParentId>
                    <useDefault>false</useDefault>
                    <value>tw.local.serverName</value>
                    <classRef>f1e96cc6-5fd9-4002-8b04-107d4ddae78a/12.db884a3c-c533-44b7-bb2d-47bec8ad4022</classRef>
                    <isList>false</isList>
                    <isInput>true</isInput>
                    <guid>80063aa6-1d25-42e6-8ea0-bd5c2c542f1c</guid>
                    <versionId>199eecf4-f291-49c7-9a84-c67e30dd082e</versionId>
                    <description isNull="true" />
                </parameterMapping>
                <parameterMapping name="contentObjectId">
                    <lastModified isNull="true" />
                    <lastModifiedBy isNull="true" />
                    <parameterMappingId>2054.eb111323-e3a9-4fcc-9b2e-fc438d1676e3</parameterMappingId>
                    <processParameterId>2055.3deb342c-06ad-4ce8-956c-cbd2213db4b8</processParameterId>
                    <parameterMappingParentId>3012.69fb91bb-8c7d-4118-a74f-9f5b4d1b48eb</parameterMappingParentId>
                    <useDefault>false</useDefault>
                    <value>tw.local.contentObjectId</value>
                    <classRef>/12.3212d5b3-f692-41b3-a893-343dc5c3df01</classRef>
                    <isList>false</isList>
                    <isInput>true</isInput>
                    <guid>4e984517-2a74-44f9-a0f3-48337f057feb</guid>
                    <versionId>5aa6695c-ebab-466f-a1de-f370f4f2d4fa</versionId>
                    <description isNull="true" />
                </parameterMapping>
                <parameterMapping name="properties">
                    <lastModified isNull="true" />
                    <lastModifiedBy isNull="true" />
                    <parameterMappingId>2054.a869fa75-d221-4737-a86c-b8274bd5f5cd</parameterMappingId>
                    <processParameterId>2055.0f8188a3-4236-4b42-bf1f-bdb667ea34cc</processParameterId>
                    <parameterMappingParentId>3012.69fb91bb-8c7d-4118-a74f-9f5b4d1b48eb</parameterMappingParentId>
                    <useDefault>false</useDefault>
                    <value>tw.local.properties</value>
                    <classRef>/12.a4275847-1a37-4d3c-9289-0462d5afbca9</classRef>
                    <isList>true</isList>
                    <isInput>true</isInput>
                    <guid>42915c1d-c092-4b6e-b462-d5acbeed0ebb</guid>
                    <versionId>80993c81-837a-4a10-8947-1a0d1ebfb1b7</versionId>
                    <description isNull="true" />
                </parameterMapping>
            </TWComponent>
        </item>
        <startingProcessItemId>2025.6730093c-633a-4d46-8b89-0568f2e80c56</startingProcessItemId>
        <errorHandlerItemId isNull="true" />
        <layoutData noConversion="true">
            <errorLink>
                <controlPoints />
                <showEndState>false</showEndState>
                <showName>false</showName>
            </errorLink>
        </layoutData>
        <startPoint>
            <layoutData x="21" y="97">
                <errorLink>
                    <controlPoints />
                    <showEndState>false</showEndState>
                    <showName>false</showName>
                </errorLink>
            </layoutData>
        </startPoint>
        <startLink>
            <fromPort locationId="rightCenter" portType="1" />
            <toPort locationId="leftCenter" portType="2" />
            <layoutData>
                <controlPoints />
                <showEndState>false</showEndState>
                <showName>false</showName>
            </layoutData>
        </startLink>
        <link name="Untitled">
            <lastModified isNull="true" />
            <lastModifiedBy isNull="true" />
            <processLinkId>2027.1ae78177-4849-4603-a9fc-991f5393fb2d</processLinkId>
            <processId>1.f17ce13a-a7b7-4f7a-82bf-81d9f56db905</processId>
            <description isNull="true" />
            <fromProcessItemId>2025.6730093c-633a-4d46-8b89-0568f2e80c56</fromProcessItemId>
            <endStateId>guid:8834599c84d802ca:5a7bd053:1690260eaf6:-7fe0</endStateId>
            <toProcessItemId>2025.7842e8d8-213a-42c4-8a0d-554445c93f11</toProcessItemId>
            <guid>ad55aaad-aa26-46e5-9947-5f1dfb6930d0</guid>
            <versionId>2a8760ca-73bb-4b56-a5fa-ee161b52c3d5</versionId>
            <layoutData>
                <controlPoints />
                <showEndState>false</showEndState>
                <showName>false</showName>
            </layoutData>
            <fromItemPort locationId="rightCenter" portType="1" />
            <toItemPort locationId="leftCenter" portType="2" />
            <fromProcessItemId>2025.6730093c-633a-4d46-8b89-0568f2e80c56</fromProcessItemId>
            <toProcessItemId>2025.7842e8d8-213a-42c4-8a0d-554445c93f11</toProcessItemId>
        </link>
    </process>
</teamworks>

