<?xml version="1.0" encoding="UTF-8"?>
<teamworks>
    <process id="1.fa8b2cd2-0828-4559-844e-3001d498d14c" name="ECM Delete Folder Service">
        <lastModified>1479134805606</lastModified>
        <lastModifiedBy>admin</lastModifiedBy>
        <processId>1.fa8b2cd2-0828-4559-844e-3001d498d14c</processId>
        <image isNull="true" />
        <tabGroup isNull="true" />
        <startingProcessItemId>2025.3eb038dc-e060-45ee-95d5-5b2a58f845c5</startingProcessItemId>
        <isRootProcess>false</isRootProcess>
        <processType>2</processType>
        <isErrorHandlerEnabled>false</isErrorHandlerEnabled>
        <errorHandlerItemId isNull="true" />
        <isLoggingVariables>false</isLoggingVariables>
        <isTransactional>false</isTransactional>
        <processTimingLevel isNull="true" />
        <participantRef isNull="true" />
        <exposedType isNull="true" />
        <isTrackingEnabled>true</isTrackingEnabled>
        <xmlData isNull="true" />
        <cachingType>false</cachingType>
        <itemLabel isNull="true" />
        <cacheLength>43200</cacheLength>
        <mobileReady>false</mobileReady>
        <sboSyncEnabled>false</sboSyncEnabled>
        <externalId isNull="true" />
        <isSecured>false</isSecured>
        <isAjaxExposed>false</isAjaxExposed>
        <description isNull="true" />
        <guid>92923fc0-e0ab-418c-b769-54b8cc44ef2d</guid>
        <versionId>3e5e9e5c-f3e3-479b-a990-f99fd16c1bc3</versionId>
        <dependencySummary isNull="true" />
        <jsonData isNull="true" />
        <field1 isNull="true" />
        <field2 isNull="true" />
        <field3>0</field3>
        <field4 isNull="true" />
        <field5>false</field5>
        <clobField1 isNull="true" />
        <blobField1 isNull="true" />
        <processParameter name="data">
            <lastModified isNull="true" />
            <lastModifiedBy isNull="true" />
            <processParameterId>2055.cb58ae59-f526-4a88-99d7-b08eb0b08dce</processParameterId>
            <processId>1.fa8b2cd2-0828-4559-844e-3001d498d14c</processId>
            <parameterType>1</parameterType>
            <isArrayOf>false</isArrayOf>
            <classId>/12.075ca012-e899-4b97-95bc-569fd59c4331</classId>
            <seq>1</seq>
            <hasDefault>false</hasDefault>
            <defaultValue isNull="true" />
            <isLocked>false</isLocked>
            <description isNull="true" />
            <guid>fe9e7a8a-3079-4d2f-9a3b-44c490190295</guid>
            <versionId>1e539a7b-9dc6-4095-91ca-42640cfd401c</versionId>
        </processParameter>
        <processParameter name="results">
            <lastModified isNull="true" />
            <lastModifiedBy isNull="true" />
            <processParameterId>2055.7f87470a-b4c1-4df3-9e22-9ed61d5f9f41</processParameterId>
            <processId>1.fa8b2cd2-0828-4559-844e-3001d498d14c</processId>
            <parameterType>2</parameterType>
            <isArrayOf>false</isArrayOf>
            <classId>f1e96cc6-5fd9-4002-8b04-107d4ddae78a/12.c09c9b6e-aabd-4897-bef2-ed61db106297</classId>
            <seq>2</seq>
            <hasDefault>false</hasDefault>
            <defaultValue isNull="true" />
            <isLocked>false</isLocked>
            <description isNull="true" />
            <guid>19709a1b-02ab-4300-b2e2-763b72387548</guid>
            <versionId>b0ae2c18-964d-483a-9474-43f2e1df5854</versionId>
        </processParameter>
        <processParameter name="error">
            <lastModified isNull="true" />
            <lastModifiedBy isNull="true" />
            <processParameterId>2055.067c2818-22fc-43e5-bb82-e02dce5256d1</processParameterId>
            <processId>1.fa8b2cd2-0828-4559-844e-3001d498d14c</processId>
            <parameterType>2</parameterType>
            <isArrayOf>false</isArrayOf>
            <classId>f496ca18-836b-46b7-8846-85b2ee01f7eb/12.5551644c-3dc6-4161-a939-4e7f27f8ce45</classId>
            <seq>3</seq>
            <hasDefault>false</hasDefault>
            <defaultValue isNull="true" />
            <isLocked>false</isLocked>
            <description isNull="true" />
            <guid>f65a4076-584d-49aa-b911-27e07fa6b84e</guid>
            <versionId>8019ee13-04e8-43f2-94e0-5ee170cd8581</versionId>
        </processParameter>
        <item>
            <lastModified isNull="true" />
            <lastModifiedBy isNull="true" />
            <processItemId>2025.81637fd4-78c3-4d8c-a6d4-d242fa2eb4cf</processItemId>
            <processId>1.fa8b2cd2-0828-4559-844e-3001d498d14c</processId>
            <name>End</name>
            <tWComponentName>ExitPoint</tWComponentName>
            <tWComponentId>3008.9f9e11ea-eba0-4350-8d36-6ab84f1b61ee</tWComponentId>
            <isLogEnabled>false</isLogEnabled>
            <isTraceEnabled>false</isTraceEnabled>
            <traceCategory isNull="true" />
            <traceLevel isNull="true" />
            <traceMessage isNull="true" />
            <traceSymbolTable isNull="true" />
            <isExecutionContextTraced>false</isExecutionContextTraced>
            <saveExecutionContext>true</saveExecutionContext>
            <documentation isNull="true" />
            <isErrorHandlerEnabled>false</isErrorHandlerEnabled>
            <errorHandlerItemId isNull="true" />
            <guid>guid:b15c825c78224b72:-5d7f3a37:15862f59d95:-7dc6</guid>
            <versionId>e662a7a5-dd6c-49f7-a10c-58390113e518</versionId>
            <externalServiceRef isNull="true" />
            <externalServiceOp isNull="true" />
            <nodeColor isNull="true" />
            <layoutData x="334" y="99">
                <errorLink>
                    <controlPoints />
                    <showEndState>false</showEndState>
                    <showName>false</showName>
                </errorLink>
            </layoutData>
            <TWComponent>
                <lastModified isNull="true" />
                <lastModifiedBy isNull="true" />
                <exitPointId>3008.9f9e11ea-eba0-4350-8d36-6ab84f1b61ee</exitPointId>
                <haltProcess>false</haltProcess>
                <guid>68293488-1148-422c-bfca-68ac0ac664da</guid>
                <versionId>5948081d-b521-4aba-b3df-c2eea298c2b6</versionId>
            </TWComponent>
        </item>
        <item>
            <lastModified isNull="true" />
            <lastModifiedBy isNull="true" />
            <processItemId>2025.3eb038dc-e060-45ee-95d5-5b2a58f845c5</processItemId>
            <processId>1.fa8b2cd2-0828-4559-844e-3001d498d14c</processId>
            <name>Delete Folder</name>
            <tWComponentName>ECMConnector</tWComponentName>
            <tWComponentId>3030.dd91a868-856c-4d90-b22d-2d38f28a46a9</tWComponentId>
            <isLogEnabled>false</isLogEnabled>
            <isTraceEnabled>false</isTraceEnabled>
            <traceCategory isNull="true" />
            <traceLevel isNull="true" />
            <traceMessage isNull="true" />
            <traceSymbolTable isNull="true" />
            <isExecutionContextTraced>false</isExecutionContextTraced>
            <saveExecutionContext>false</saveExecutionContext>
            <documentation isNull="true" />
            <isErrorHandlerEnabled>false</isErrorHandlerEnabled>
            <errorHandlerItemId isNull="true" />
            <guid>guid:b15c825c78224b72:-5d7f3a37:15862f59d95:-7dc5</guid>
            <versionId>ec325cfb-aa8f-49c7-a05e-69ba82a6bc59</versionId>
            <externalServiceRef isNull="true" />
            <externalServiceOp isNull="true" />
            <nodeColor isNull="true" />
            <layoutData x="159" y="84">
                <errorLink>
                    <controlPoints />
                    <showEndState>false</showEndState>
                    <showName>false</showName>
                </errorLink>
            </layoutData>
            <TWComponent>
                <lastModified isNull="true" />
                <lastModifiedBy isNull="true" />
                <ecmConnectorId>3030.dd91a868-856c-4d90-b22d-2d38f28a46a9</ecmConnectorId>
                <definition>&lt;config type="com.lombardisoftware.client.persistence.ECMConnectorConfiguration"&gt;&#xD;
  &lt;inputParameters&gt;&#xD;
    &lt;parameter&gt;&#xD;
      &lt;name&gt;folderId&lt;/name&gt;&#xD;
      &lt;type&gt;ECMID&lt;/type&gt;&#xD;
      &lt;description&gt;Folder ID&lt;/description&gt;&#xD;
      &lt;defaultValue /&gt;&#xD;
      &lt;argumentVariable&gt;tw.local.data.id&lt;/argumentVariable&gt;&#xD;
      &lt;isArray&gt;&lt;/isArray&gt;&#xD;
      &lt;isList&gt;false&lt;/isList&gt;&#xD;
    &lt;/parameter&gt;&#xD;
    &lt;parameter&gt;&#xD;
      &lt;name&gt;serverName&lt;/name&gt;&#xD;
      &lt;type&gt;String&lt;/type&gt;&#xD;
      &lt;description&gt;Server name&lt;/description&gt;&#xD;
      &lt;defaultValue /&gt;&#xD;
      &lt;argumentVariable&gt;tw.local.data.serverName&lt;/argumentVariable&gt;&#xD;
      &lt;isArray&gt;&lt;/isArray&gt;&#xD;
      &lt;isList&gt;false&lt;/isList&gt;&#xD;
    &lt;/parameter&gt;&#xD;
  &lt;/inputParameters&gt;&#xD;
  &lt;outputParameters /&gt;&#xD;
  &lt;matchAllSearchCriteria&gt;true&lt;/matchAllSearchCriteria&gt;&#xD;
  &lt;searchParameters /&gt;&#xD;
  &lt;selectParameters /&gt;&#xD;
  &lt;orderOverride&gt;false&lt;/orderOverride&gt;&#xD;
  &lt;orderOverrideValue&gt;&lt;/orderOverrideValue&gt;&#xD;
  &lt;operationType&gt;FOLDER_OP_DELETE_FOLDER&lt;/operationType&gt;&#xD;
  &lt;server&gt;useMappingServer&lt;/server&gt;&#xD;
  &lt;objectTypeSelection&gt;DOCUMENT&lt;/objectTypeSelection&gt;&#xD;
  &lt;useMappedVariable&gt;false&lt;/useMappedVariable&gt;&#xD;
  &lt;faultParameterId&gt;2055.a16c9113-2505-482a-ab66-d4dc5fd61258&lt;/faultParameterId&gt;&#xD;
&lt;/config&gt;</definition>
                <guid>aa06ee1b-a426-431f-a769-c1c5bbfa54b8</guid>
                <versionId>26ec6bc9-4769-4f0e-97fc-aba441bc2fbf</versionId>
            </TWComponent>
        </item>
        <startingProcessItemId>2025.3eb038dc-e060-45ee-95d5-5b2a58f845c5</startingProcessItemId>
        <errorHandlerItemId isNull="true" />
        <layoutData noConversion="true">
            <errorLink>
                <controlPoints />
                <showEndState>false</showEndState>
                <showName>false</showName>
            </errorLink>
        </layoutData>
        <startPoint>
            <layoutData x="20" y="100">
                <errorLink>
                    <controlPoints />
                    <showEndState>false</showEndState>
                    <showName>false</showName>
                </errorLink>
            </layoutData>
        </startPoint>
        <startLink>
            <fromPort locationId="rightCenter" portType="1" />
            <toPort locationId="leftCenter" portType="2" />
            <layoutData>
                <controlPoints />
                <showEndState>false</showEndState>
                <showName>false</showName>
            </layoutData>
        </startLink>
        <link name="Untitled">
            <lastModified isNull="true" />
            <lastModifiedBy isNull="true" />
            <processLinkId>2027.2d19164e-11da-44a0-b1c1-396cc2e9ed41</processLinkId>
            <processId>1.fa8b2cd2-0828-4559-844e-3001d498d14c</processId>
            <description isNull="true" />
            <fromProcessItemId>2025.3eb038dc-e060-45ee-95d5-5b2a58f845c5</fromProcessItemId>
            <endStateId>Out</endStateId>
            <toProcessItemId>2025.81637fd4-78c3-4d8c-a6d4-d242fa2eb4cf</toProcessItemId>
            <guid>47ed8b47-abb4-4374-ac88-09f23dc305ab</guid>
            <versionId>fd322e40-5184-4178-a268-8168cce50ed3</versionId>
            <layoutData>
                <controlPoints />
                <showEndState>false</showEndState>
                <showName>false</showName>
            </layoutData>
            <fromItemPort locationId="rightCenter" portType="1" />
            <toItemPort locationId="leftCenter" portType="2" />
            <fromProcessItemId>2025.3eb038dc-e060-45ee-95d5-5b2a58f845c5</fromProcessItemId>
            <toProcessItemId>2025.81637fd4-78c3-4d8c-a6d4-d242fa2eb4cf</toProcessItemId>
        </link>
    </process>
</teamworks>

