<?xml version="1.0" encoding="UTF-8"?>
<teamworks>
    <process id="1.fa26cb87-f6e3-4a7a-b3a4-77b232e854c0" name="ECM Get Children Service">
        <lastModified>1484571387331</lastModified>
        <lastModifiedBy>celladmin</lastModifiedBy>
        <processId>1.fa26cb87-f6e3-4a7a-b3a4-77b232e854c0</processId>
        <image isNull="true" />
        <tabGroup isNull="true" />
        <startingProcessItemId>2025.4a79f649-ad81-400e-b5c1-3127dd0df7cf</startingProcessItemId>
        <isRootProcess>false</isRootProcess>
        <processType>2</processType>
        <isErrorHandlerEnabled>false</isErrorHandlerEnabled>
        <errorHandlerItemId isNull="true" />
        <isLoggingVariables>false</isLoggingVariables>
        <isTransactional>false</isTransactional>
        <processTimingLevel isNull="true" />
        <participantRef isNull="true" />
        <exposedType isNull="true" />
        <isTrackingEnabled>true</isTrackingEnabled>
        <xmlData isNull="true" />
        <cachingType>false</cachingType>
        <itemLabel isNull="true" />
        <cacheLength>43200</cacheLength>
        <mobileReady>false</mobileReady>
        <sboSyncEnabled>false</sboSyncEnabled>
        <externalId isNull="true" />
        <isSecured>false</isSecured>
        <isAjaxExposed>false</isAjaxExposed>
        <description isNull="true" />
        <guid>c2a6f320-c3af-45ce-82c2-f8c818dc0425</guid>
        <versionId>28437dcc-765b-4962-83ff-6edad1c9dd1a</versionId>
        <dependencySummary isNull="true" />
        <jsonData isNull="true" />
        <field1 isNull="true" />
        <field2 isNull="true" />
        <field3>0</field3>
        <field4 isNull="true" />
        <field5>false</field5>
        <clobField1 isNull="true" />
        <blobField1 isNull="true" />
        <processParameter name="ECMError">
            <lastModified isNull="true" />
            <lastModifiedBy isNull="true" />
            <processParameterId>2055.3ae1d461-becf-4d58-8d8b-c890b974da86</processParameterId>
            <processId>1.fa26cb87-f6e3-4a7a-b3a4-77b232e854c0</processId>
            <parameterType>3</parameterType>
            <isArrayOf>false</isArrayOf>
            <classId>/12.bfb48b9b-8247-49fb-8f78-82b738b817a6</classId>
            <seq>13</seq>
            <hasDefault>false</hasDefault>
            <defaultValue>ECMError</defaultValue>
            <isLocked>false</isLocked>
            <description isNull="true" />
            <guid>5a190b08-35b0-4d2e-9d3e-a4a03aa475a2</guid>
            <versionId>05cfdfcc-0d19-4aab-ae07-2f3f89e7c95f</versionId>
        </processParameter>
        <processParameter name="data">
            <lastModified isNull="true" />
            <lastModifiedBy isNull="true" />
            <processParameterId>2055.ac3dc6bf-dc19-4dcb-93c5-fda2054781cd</processParameterId>
            <processId>1.fa26cb87-f6e3-4a7a-b3a4-77b232e854c0</processId>
            <parameterType>1</parameterType>
            <isArrayOf>false</isArrayOf>
            <classId>/12.cab1e6df-11c3-4b54-b250-626cc6dae6dc</classId>
            <seq>14</seq>
            <hasDefault>false</hasDefault>
            <defaultValue isNull="true" />
            <isLocked>false</isLocked>
            <description isNull="true" />
            <guid>e6f7c1c9-5a65-45af-8382-77c8792d4f69</guid>
            <versionId>25c3b3f5-a26d-4d87-9468-2bb146c3d3b2</versionId>
        </processParameter>
        <processParameter name="results">
            <lastModified isNull="true" />
            <lastModifiedBy isNull="true" />
            <processParameterId>2055.4e133fd0-ab44-4c1f-92e3-fde6b1918be3</processParameterId>
            <processId>1.fa26cb87-f6e3-4a7a-b3a4-77b232e854c0</processId>
            <parameterType>2</parameterType>
            <isArrayOf>false</isArrayOf>
            <classId>f1e96cc6-5fd9-4002-8b04-107d4ddae78a/12.c09c9b6e-aabd-4897-bef2-ed61db106297</classId>
            <seq>15</seq>
            <hasDefault>false</hasDefault>
            <defaultValue isNull="true" />
            <isLocked>false</isLocked>
            <description isNull="true" />
            <guid>89ed87a7-bb4f-445d-89b3-731387fd9345</guid>
            <versionId>236d25c0-5b92-49cf-af13-d09cc924b401</versionId>
        </processParameter>
        <processParameter name="error">
            <lastModified isNull="true" />
            <lastModifiedBy isNull="true" />
            <processParameterId>2055.e68a0c9b-328d-49b6-a84d-de7f67a0ed2f</processParameterId>
            <processId>1.fa26cb87-f6e3-4a7a-b3a4-77b232e854c0</processId>
            <parameterType>2</parameterType>
            <isArrayOf>false</isArrayOf>
            <classId>f496ca18-836b-46b7-8846-85b2ee01f7eb/12.5551644c-3dc6-4161-a939-4e7f27f8ce45</classId>
            <seq>16</seq>
            <hasDefault>false</hasDefault>
            <defaultValue isNull="true" />
            <isLocked>false</isLocked>
            <description isNull="true" />
            <guid>8cd568e6-cbeb-4793-b337-3fa294ddbcdd</guid>
            <versionId>99b16266-f244-4caa-8830-ac7abde8a861</versionId>
        </processParameter>
        <processVariable name="folderQuery">
            <lastModified isNull="true" />
            <lastModifiedBy isNull="true" />
            <processVariableId>2056.23b47d16-4cdd-45d0-822f-245225e6584e</processVariableId>
            <description isNull="true" />
            <processId>1.fa26cb87-f6e3-4a7a-b3a4-77b232e854c0</processId>
            <namespace>2</namespace>
            <seq>1</seq>
            <isArrayOf>false</isArrayOf>
            <isTransient>false</isTransient>
            <classId>f1e96cc6-5fd9-4002-8b04-107d4ddae78a/12.db884a3c-c533-44b7-bb2d-47bec8ad4022</classId>
            <hasDefault>false</hasDefault>
            <defaultValue isNull="true" />
            <guid>6ba3257c-8a73-4cdc-94bd-8b43e68d7ac8</guid>
            <versionId>d6553922-bd55-4310-bcba-60ac10265d8b</versionId>
        </processVariable>
        <processVariable name="documentQuery">
            <lastModified isNull="true" />
            <lastModifiedBy isNull="true" />
            <processVariableId>2056.1cbd33cb-ba88-4fd1-a8da-fd7395aaaf41</processVariableId>
            <description isNull="true" />
            <processId>1.fa26cb87-f6e3-4a7a-b3a4-77b232e854c0</processId>
            <namespace>2</namespace>
            <seq>2</seq>
            <isArrayOf>false</isArrayOf>
            <isTransient>false</isTransient>
            <classId>f1e96cc6-5fd9-4002-8b04-107d4ddae78a/12.db884a3c-c533-44b7-bb2d-47bec8ad4022</classId>
            <hasDefault>false</hasDefault>
            <defaultValue isNull="true" />
            <guid>45eaa607-c24e-489a-816a-61fa126340f5</guid>
            <versionId>27cbf082-5908-4135-9f4b-f39b53a53fbb</versionId>
        </processVariable>
        <processVariable name="searchResult">
            <lastModified isNull="true" />
            <lastModifiedBy isNull="true" />
            <processVariableId>2056.fe39edcd-7bc6-4ddc-825e-e8fa1334945e</processVariableId>
            <description isNull="true" />
            <processId>1.fa26cb87-f6e3-4a7a-b3a4-77b232e854c0</processId>
            <namespace>2</namespace>
            <seq>3</seq>
            <isArrayOf>false</isArrayOf>
            <isTransient>false</isTransient>
            <classId>/12.03cab43d-a714-41c5-b8d5-768bde4bc6a4</classId>
            <hasDefault>false</hasDefault>
            <defaultValue isNull="true" />
            <guid>5d561954-9420-4506-87a2-4ca94c1734d5</guid>
            <versionId>57b5bbb5-f6f4-452b-b312-5042127f983d</versionId>
        </processVariable>
        <processVariable name="filter">
            <lastModified isNull="true" />
            <lastModifiedBy isNull="true" />
            <processVariableId>2056.b038d171-eb75-4ead-bfbc-4bffd0582a08</processVariableId>
            <description isNull="true" />
            <processId>1.fa26cb87-f6e3-4a7a-b3a4-77b232e854c0</processId>
            <namespace>2</namespace>
            <seq>4</seq>
            <isArrayOf>false</isArrayOf>
            <isTransient>false</isTransient>
            <classId>f1e96cc6-5fd9-4002-8b04-107d4ddae78a/12.db884a3c-c533-44b7-bb2d-47bec8ad4022</classId>
            <hasDefault>false</hasDefault>
            <defaultValue isNull="true" />
            <guid>4a055870-6bd1-4a94-ae81-6f1a55537a86</guid>
            <versionId>e9618646-0765-43f9-83a3-86a38823f488</versionId>
        </processVariable>
        <processVariable name="hasAnyDocumentCanCheckInTrue">
            <lastModified isNull="true" />
            <lastModifiedBy isNull="true" />
            <processVariableId>2056.ac826b9c-0328-45d8-9d72-ca16ade5ad6f</processVariableId>
            <description isNull="true" />
            <processId>1.fa26cb87-f6e3-4a7a-b3a4-77b232e854c0</processId>
            <namespace>2</namespace>
            <seq>5</seq>
            <isArrayOf>false</isArrayOf>
            <isTransient>false</isTransient>
            <classId>f1e96cc6-5fd9-4002-8b04-107d4ddae78a/12.83ff975e-8dbc-42e5-b738-fa8bc08274a2</classId>
            <hasDefault>true</hasDefault>
            <defaultValue>false</defaultValue>
            <guid>d6178836-67c0-458d-bb7e-297e5a1755cf</guid>
            <versionId>2f8f21b8-9a61-4a1b-b542-1b8b0c653e79</versionId>
        </processVariable>
        <processVariable name="checkedOutDocumentsWithCanCheckInFalse">
            <lastModified isNull="true" />
            <lastModifiedBy isNull="true" />
            <processVariableId>2056.e6a3dfa2-7f41-4d3e-9bf9-60bd15119399</processVariableId>
            <description isNull="true" />
            <processId>1.fa26cb87-f6e3-4a7a-b3a4-77b232e854c0</processId>
            <namespace>2</namespace>
            <seq>6</seq>
            <isArrayOf>true</isArrayOf>
            <isTransient>false</isTransient>
            <classId>/12.330e22e8-c44e-4951-8499-01a86f08ebae</classId>
            <hasDefault>false</hasDefault>
            <defaultValue isNull="true" />
            <guid>34c8067d-6fb9-42b6-9ac6-0132958d278f</guid>
            <versionId>3d9ec21c-ba5b-49cc-82b0-4aad81be888d</versionId>
        </processVariable>
        <processVariable name="checkedOutIdColumnIndex">
            <lastModified isNull="true" />
            <lastModifiedBy isNull="true" />
            <processVariableId>2056.48f7a0a8-799e-4e67-9416-a47b38b41010</processVariableId>
            <description isNull="true" />
            <processId>1.fa26cb87-f6e3-4a7a-b3a4-77b232e854c0</processId>
            <namespace>2</namespace>
            <seq>7</seq>
            <isArrayOf>false</isArrayOf>
            <isTransient>false</isTransient>
            <classId>f1e96cc6-5fd9-4002-8b04-107d4ddae78a/12.3fa0d7a0-828a-4d60-99cc-db5ed143fc2d</classId>
            <hasDefault>false</hasDefault>
            <defaultValue isNull="true" />
            <guid>6ee8eaee-b20b-4bec-bb15-553fb4e9f665</guid>
            <versionId>cae33511-d157-4d4e-a32a-526bacc3a4aa</versionId>
        </processVariable>
        <processVariable name="currentParentFolder">
            <lastModified isNull="true" />
            <lastModifiedBy isNull="true" />
            <processVariableId>2056.cb034fce-6f1f-4e7a-a3ca-c9ba5d311b8a</processVariableId>
            <description isNull="true" />
            <processId>1.fa26cb87-f6e3-4a7a-b3a4-77b232e854c0</processId>
            <namespace>2</namespace>
            <seq>8</seq>
            <isArrayOf>false</isArrayOf>
            <isTransient>false</isTransient>
            <classId>/12.240930df-e9da-40a6-a4e8-4b41b42bb183</classId>
            <hasDefault>false</hasDefault>
            <defaultValue isNull="true" />
            <guid>4cb5f2b3-ef04-43a0-ac4e-b9c6ee7041be</guid>
            <versionId>473c82f4-a682-4ae5-aa17-5780e878b84b</versionId>
        </processVariable>
        <processVariable name="folders">
            <lastModified isNull="true" />
            <lastModifiedBy isNull="true" />
            <processVariableId>2056.9ff82b63-9170-4768-9e71-d7db1f2aaeea</processVariableId>
            <description isNull="true" />
            <processId>1.fa26cb87-f6e3-4a7a-b3a4-77b232e854c0</processId>
            <namespace>2</namespace>
            <seq>9</seq>
            <isArrayOf>false</isArrayOf>
            <isTransient>false</isTransient>
            <classId>/12.03cab43d-a714-41c5-b8d5-768bde4bc6a4</classId>
            <hasDefault>false</hasDefault>
            <defaultValue isNull="true" />
            <guid>36f28181-3daa-4cdb-8615-8cc8323d324b</guid>
            <versionId>2ca74cef-05fb-4689-82dc-393726500a0e</versionId>
        </processVariable>
        <processVariable name="documents">
            <lastModified isNull="true" />
            <lastModifiedBy isNull="true" />
            <processVariableId>2056.3a7db074-ca15-4cf3-955d-47d3bed30800</processVariableId>
            <description isNull="true" />
            <processId>1.fa26cb87-f6e3-4a7a-b3a4-77b232e854c0</processId>
            <namespace>2</namespace>
            <seq>10</seq>
            <isArrayOf>false</isArrayOf>
            <isTransient>false</isTransient>
            <classId>/12.03cab43d-a714-41c5-b8d5-768bde4bc6a4</classId>
            <hasDefault>false</hasDefault>
            <defaultValue isNull="true" />
            <guid>d9b0240b-71e5-49a5-a004-1d3b403158d1</guid>
            <versionId>6ff3439a-85d1-47bb-aea7-7deddf5c28bc</versionId>
        </processVariable>
        <processVariable name="GetChildrenServiceOutput">
            <lastModified isNull="true" />
            <lastModifiedBy isNull="true" />
            <processVariableId>2056.98c0a624-bfc7-4dce-8ec4-237841453936</processVariableId>
            <description isNull="true" />
            <processId>1.fa26cb87-f6e3-4a7a-b3a4-77b232e854c0</processId>
            <namespace>2</namespace>
            <seq>11</seq>
            <isArrayOf>false</isArrayOf>
            <isTransient>false</isTransient>
            <classId>/12.396e8482-d406-419b-8c5f-fe31d201d951</classId>
            <hasDefault>false</hasDefault>
            <defaultValue isNull="true" />
            <guid>8af800bd-7a79-49f2-81f6-81439e396e11</guid>
            <versionId>938b4a56-d1bc-44b9-bb0c-b41e2fc4d3f8</versionId>
        </processVariable>
        <item>
            <lastModified isNull="true" />
            <lastModifiedBy isNull="true" />
            <processItemId>2025.b1cc3389-1911-45ce-9998-298558aa843b</processItemId>
            <processId>1.fa26cb87-f6e3-4a7a-b3a4-77b232e854c0</processId>
            <name>Map User Names and Split Results</name>
            <tWComponentName>Script</tWComponentName>
            <tWComponentId>3011.54ff322e-7ad6-44c3-8fc0-f4eb00a71769</tWComponentId>
            <isLogEnabled>false</isLogEnabled>
            <isTraceEnabled>false</isTraceEnabled>
            <traceCategory isNull="true" />
            <traceLevel isNull="true" />
            <traceMessage isNull="true" />
            <traceSymbolTable isNull="true" />
            <isExecutionContextTraced>false</isExecutionContextTraced>
            <saveExecutionContext>false</saveExecutionContext>
            <documentation isNull="true" />
            <isErrorHandlerEnabled>false</isErrorHandlerEnabled>
            <errorHandlerItemId isNull="true" />
            <guid>guid:5eeaa82b474602bf:-1904a12:159a5de8035:-7c9b</guid>
            <versionId>10b37699-5b23-4372-a7b2-cf747efb12e4</versionId>
            <externalServiceRef isNull="true" />
            <externalServiceOp isNull="true" />
            <nodeColor isNull="true" />
            <layoutData x="580" y="80">
                <errorLink>
                    <controlPoints />
                    <showEndState>false</showEndState>
                    <showName>false</showName>
                </errorLink>
            </layoutData>
            <TWComponent>
                <lastModified isNull="true" />
                <lastModifiedBy isNull="true" />
                <scriptId>3011.54ff322e-7ad6-44c3-8fc0-f4eb00a71769</scriptId>
                <scriptTypeId>2</scriptTypeId>
                <isActive>true</isActive>
                <script>/*
 This server script converts user IDs to user names in the searchResult for
 enhanced readability in the Document Explorer coach view.
 
 It also splits the children result into two separate ECMSerchResult objects.
*/

tw.local.folders = new tw.object.ECMSearchResult();
tw.local.documents = new tw.object.ECMSearchResult();
tw.local.checkedOutDocumentsWithCanCheckInFalse = new tw.object.listOf.ECMSearchResultRow();

tw.local.folders.hasMoreItems = tw.local.searchResult.hasMoreItems;
tw.local.folders.serverName = tw.local.searchResult.serverName;
tw.local.folders.repositoryId = tw.local.searchResult.repositoryId;
tw.local.folders.objectTypeId = tw.local.searchResult.objectTypeId;
tw.local.folders.propertyMetadata = tw.local.searchResult.propertyMetadata;
tw.local.folders.resultSet = new tw.object.ECMSearchResultSet();

tw.local.documents.hasMoreItems = tw.local.searchResult.hasMoreItems;
tw.local.documents.serverName = tw.local.searchResult.serverName;
tw.local.documents.repositoryId = tw.local.searchResult.repositoryId;
tw.local.documents.objectTypeId = tw.local.searchResult.objectTypeId;
tw.local.documents.propertyMetadata = tw.local.searchResult.propertyMetadata;
tw.local.documents.resultSet = new tw.object.ECMSearchResultSet();

if (tw.local.searchResult.numItems &gt; 0) {
    var columnMetadata = tw.local.searchResult.propertyMetadata;
    var idColumnIndex = -1;
    var typeColumnIndex = -1;
    tw.local.checkedOutIdColumnIndex = -1;
    
    //Determine the index of the column which contains the user IDs
	for (var i = 0; i &lt; columnMetadata.length; i++) {
		if (columnMetadata[i].queryName == "cmis:lastModifiedBy") {
			idColumnIndex = i;
		} else if (columnMetadata[i].queryName == "cmis:baseTypeId"){
		    typeColumnIndex = i;
		} else if (columnMetadata[i].queryName == "cmis:versionSeriesCheckedOutId"){
		    tw.local.checkedOutIdColumnIndex = i;
		}
		
		if(idColumnIndex &gt; -1 &amp;&amp; typeColumnIndex &gt; -1 &amp;&amp; tw.local.checkedOutIdColumnIndex &gt; -1){
		    break;
		}
	}

	if (idColumnIndex &gt; -1 || typeColumnIndex &gt; -1) {
		
    	var resultSet = tw.local.searchResult.resultSet;
    	var userIdMap = new tw.object.Map();
    	
    	var folders = new tw.object.listOf.ECMSearchResultRow();
    	var documents = new tw.object.listOf.ECMSearchResultRow();
    	
    	//For every result row resolve the user name from the user ID and
    	//update the entry in the corresponding searchResult row
    	for (var i = 0; i &lt; resultSet.row.length; i++) {
        	if (idColumnIndex &gt; -1) {
        	    var userId = resultSet.row[i].column[idColumnIndex];
        	    
        	   //To limit findUserById requests, previously resolved user names
        	   //are cached in a map
        	   if (!userIdMap.containsKey(userId)) {
        	       var user = tw.system.org.findUserByName(userId);
           	       var userName = user != null ? user.fullName : userId;
        	       userIdMap.put(userId, userName);
        	   }
        		
        		resultSet.row[i].column[idColumnIndex] = userIdMap.get(userId);
    		}
    		
    		if (typeColumnIndex &gt; -1) {
    		    // Move the row to the correct result set (document or folder)
    		    var type = resultSet.row[i].column[typeColumnIndex];
    		    if(type == 'cmis:folder'){
    		        folders[folders.listLength] = resultSet.row[i];
    		    }else{
    		        documents[documents.listLength] = resultSet.row[i];
            		if(tw.local.data.serverName != ECMServerNames.IBM_BPM_MANAGED_STORE &amp;&amp; !tw.local.hasAnyDocumentCanCheckInTrue &amp;&amp; tw.local.checkedOutIdColumnIndex &gt; -1 &amp;&amp; resultSet.row[i].allowableActions &amp;&amp; typeof resultSet.row[i].allowableActions.canCheckIn == "boolean") {
            		    if(resultSet.row[i].allowableActions.canCheckIn) {
            		        tw.local.hasAnyDocumentCanCheckInTrue = true;
            		        tw.local.checkedOutDocumentsWithCanCheckInFalse = new tw.object.listOf.ECMSearchResultRow();
            		    } else {
            		        var checkedOutId = resultSet.row[i].column[tw.local.checkedOutIdColumnIndex];
            		        if(typeof checkedOutId == "string" &amp;&amp; checkedOutId.indexOf("idd_") == 0) {
            		            tw.local.checkedOutDocumentsWithCanCheckInFalse[tw.local.checkedOutDocumentsWithCanCheckInFalse.listLength] = resultSet.row[i];
            		        }
            		    }
            		}
    		    }
    		}
    	}
    	
    	tw.local.folders.resultSet.row = folders;
    	tw.local.folders.numItems = folders.listLength;
    	
    	tw.local.documents.resultSet.row = documents;
    	tw.local.documents.numItems = documents.listLength;
    }
}</script>
                <isRule>false</isRule>
                <guid>ca67c334-0ded-4d66-8342-a1f162c30812</guid>
                <versionId>37729207-2856-4bbf-9649-a9891ba26c2d</versionId>
            </TWComponent>
        </item>
        <item>
            <lastModified isNull="true" />
            <lastModifiedBy isNull="true" />
            <processItemId>2025.368fd622-b264-495a-8808-cf69f74fb360</processItemId>
            <processId>1.fa26cb87-f6e3-4a7a-b3a4-77b232e854c0</processId>
            <name>Check private working copies ?</name>
            <tWComponentName>Switch</tWComponentName>
            <tWComponentId>3013.f218f7fc-c4fd-4a5d-a66a-4ce42d719fae</tWComponentId>
            <isLogEnabled>false</isLogEnabled>
            <isTraceEnabled>false</isTraceEnabled>
            <traceCategory isNull="true" />
            <traceLevel isNull="true" />
            <traceMessage isNull="true" />
            <traceSymbolTable isNull="true" />
            <isExecutionContextTraced>false</isExecutionContextTraced>
            <saveExecutionContext>false</saveExecutionContext>
            <documentation isNull="true" />
            <isErrorHandlerEnabled>false</isErrorHandlerEnabled>
            <errorHandlerItemId isNull="true" />
            <guid>guid:5eeaa82b474602bf:-1904a12:159a5de8035:-7ca0</guid>
            <versionId>5f9415cb-c786-498a-b258-b1eb0e98bbb3</versionId>
            <externalServiceRef isNull="true" />
            <externalServiceOp isNull="true" />
            <nodeColor isNull="true" />
            <layoutData x="722" y="93">
                <errorLink>
                    <controlPoints />
                    <showEndState>false</showEndState>
                    <showName>false</showName>
                </errorLink>
            </layoutData>
            <TWComponent>
                <lastModified isNull="true" />
                <lastModifiedBy isNull="true" />
                <switchId>3013.f218f7fc-c4fd-4a5d-a66a-4ce42d719fae</switchId>
                <guid>d313911f-c2db-41a3-8fdb-ecbcd95939f8</guid>
                <versionId>bb5043c0-002d-45ff-b8e9-11004ae04e9b</versionId>
                <SwitchCondition>
                    <lastModified isNull="true" />
                    <lastModifiedBy isNull="true" />
                    <switchConditionId>3014.0cfe7131-9cab-4245-b79c-9ccecfd9ef4e</switchConditionId>
                    <switchId>3013.f218f7fc-c4fd-4a5d-a66a-4ce42d719fae</switchId>
                    <seq>1</seq>
                    <endStateId>guid:daf6dfc298f29e66:-183727b2:152d5889360:-7ffb</endStateId>
                    <condition>tw.local.checkedOutDocumentsWithCanCheckInFalse.listLength
&gt;
0
</condition>
                    <guid>afee4f82-ee5a-443b-bab9-bb27ba6de245</guid>
                    <versionId>83e8cc61-3a78-4b86-87bd-73d120c59eaf</versionId>
                </SwitchCondition>
            </TWComponent>
        </item>
        <item>
            <lastModified isNull="true" />
            <lastModifiedBy isNull="true" />
            <processItemId>2025.53ebd006-8c89-439f-8257-56c842178b34</processItemId>
            <processId>1.fa26cb87-f6e3-4a7a-b3a4-77b232e854c0</processId>
            <name>End</name>
            <tWComponentName>ExitPoint</tWComponentName>
            <tWComponentId>3008.6e4e9270-3ad2-48df-a274-07f6dc3f7809</tWComponentId>
            <isLogEnabled>false</isLogEnabled>
            <isTraceEnabled>false</isTraceEnabled>
            <traceCategory isNull="true" />
            <traceLevel isNull="true" />
            <traceMessage isNull="true" />
            <traceSymbolTable isNull="true" />
            <isExecutionContextTraced>false</isExecutionContextTraced>
            <saveExecutionContext>true</saveExecutionContext>
            <documentation isNull="true" />
            <isErrorHandlerEnabled>false</isErrorHandlerEnabled>
            <errorHandlerItemId isNull="true" />
            <guid>guid:5eeaa82b474602bf:-1904a12:159a5de8035:-7ca2</guid>
            <versionId>7470e199-6e02-426c-9504-2a12db2f410a</versionId>
            <externalServiceRef isNull="true" />
            <externalServiceOp isNull="true" />
            <nodeColor isNull="true" />
            <processPrePosts>
                <lastModified isNull="true" />
                <lastModifiedBy isNull="true" />
                <processItemPrePostId>2029.f169d38f-c83c-45e4-8611-3ac6e28119f2</processItemPrePostId>
                <processItemId>2025.53ebd006-8c89-439f-8257-56c842178b34</processItemId>
                <location>1</location>
                <script isNull="true" />
                <guid>a96d9609-4ce8-4790-8336-898b3758254a</guid>
                <versionId>3b5276c1-a9ea-4fdd-b44f-526a42ce7dc4</versionId>
            </processPrePosts>
            <layoutData x="872" y="4">
                <errorLink>
                    <controlPoints />
                    <showEndState>false</showEndState>
                    <showName>false</showName>
                </errorLink>
            </layoutData>
            <TWComponent>
                <lastModified isNull="true" />
                <lastModifiedBy isNull="true" />
                <exitPointId>3008.6e4e9270-3ad2-48df-a274-07f6dc3f7809</exitPointId>
                <haltProcess>false</haltProcess>
                <guid>1c474ebe-47dd-42f7-a57b-17efd21d83c2</guid>
                <versionId>f7d91105-1a3f-47e4-a44a-cb3b2922910e</versionId>
            </TWComponent>
        </item>
        <item>
            <lastModified isNull="true" />
            <lastModifiedBy isNull="true" />
            <processItemId>2025.c6d0989f-272a-45d5-a19c-612e07231853</processItemId>
            <processId>1.fa26cb87-f6e3-4a7a-b3a4-77b232e854c0</processId>
            <name>Merge canCheckIn allowableAction</name>
            <tWComponentName>Script</tWComponentName>
            <tWComponentId>3011.79ba2b08-353b-4969-a3f3-ed3bba48ec42</tWComponentId>
            <isLogEnabled>false</isLogEnabled>
            <isTraceEnabled>false</isTraceEnabled>
            <traceCategory isNull="true" />
            <traceLevel isNull="true" />
            <traceMessage isNull="true" />
            <traceSymbolTable isNull="true" />
            <isExecutionContextTraced>false</isExecutionContextTraced>
            <saveExecutionContext>false</saveExecutionContext>
            <documentation isNull="true" />
            <isErrorHandlerEnabled>false</isErrorHandlerEnabled>
            <errorHandlerItemId isNull="true" />
            <guid>guid:5eeaa82b474602bf:-1904a12:159a5de8035:-7c9f</guid>
            <versionId>92a1fdbd-cbc0-40dc-914e-3b5e15ad2a1d</versionId>
            <externalServiceRef isNull="true" />
            <externalServiceOp isNull="true" />
            <nodeColor isNull="true" />
            <layoutData x="1085" y="270">
                <errorLink>
                    <controlPoints />
                    <showEndState>false</showEndState>
                    <showName>false</showName>
                </errorLink>
            </layoutData>
            <TWComponent>
                <lastModified isNull="true" />
                <lastModifiedBy isNull="true" />
                <scriptId>3011.79ba2b08-353b-4969-a3f3-ed3bba48ec42</scriptId>
                <scriptTypeId>2</scriptTypeId>
                <isActive>true</isActive>
                <script>if(tw.local.searchResult.numItems &gt; 0) {
    var columnMetadata = tw.local.searchResult.propertyMetadata;
    var objectIdColumnIndex = -1;

    //Determine the index of the column which contains the user IDs
	for(var i = 0; i &lt; columnMetadata.length; i++) {
		if(columnMetadata[i].queryName == "cmis:objectId") {
			objectIdColumnIndex = i;
			break;
		}
	}

	if(objectIdColumnIndex &gt; -1) {
    	var resultSet = tw.local.searchResult.resultSet;

    	for(var i = 0; i &lt; resultSet.row.length; i++) {
    	    if(resultSet.row[i].allowableActions &amp;&amp; resultSet.row[i].allowableActions.canCheckIn) {
        	    var objectId = resultSet.row[i].column[objectIdColumnIndex];
        	    for(var j = 0; j &lt; tw.local.checkedOutDocumentsWithCanCheckInFalse.listLength; j ++) {
        	        if(tw.local.checkedOutDocumentsWithCanCheckInFalse[j].column[tw.local.checkedOutIdColumnIndex] == objectId) {
        	            tw.local.checkedOutDocumentsWithCanCheckInFalse[j].allowableActions.canCheckIn = true;
        	        }
        	    }
    	    }
    	}
    }
}</script>
                <isRule>false</isRule>
                <guid>4a1db934-3a5c-4a7c-b9c7-4d24eae5f98c</guid>
                <versionId>8527084b-b7f0-4acf-871f-a975cd59a7b7</versionId>
            </TWComponent>
        </item>
        <item>
            <lastModified isNull="true" />
            <lastModifiedBy isNull="true" />
            <processItemId>2025.c5f0c240-53e6-46f3-9baa-14f1b9071200</processItemId>
            <processId>1.fa26cb87-f6e3-4a7a-b3a4-77b232e854c0</processId>
            <name>Get Children</name>
            <tWComponentName>ECMConnector</tWComponentName>
            <tWComponentId>3030.3b5589a8-48d4-48d7-b68f-79d85cd3a9a2</tWComponentId>
            <isLogEnabled>false</isLogEnabled>
            <isTraceEnabled>false</isTraceEnabled>
            <traceCategory isNull="true" />
            <traceLevel isNull="true" />
            <traceMessage isNull="true" />
            <traceSymbolTable isNull="true" />
            <isExecutionContextTraced>false</isExecutionContextTraced>
            <saveExecutionContext>false</saveExecutionContext>
            <documentation isNull="true" />
            <isErrorHandlerEnabled>false</isErrorHandlerEnabled>
            <errorHandlerItemId isNull="true" />
            <guid>guid:5eeaa82b474602bf:-1904a12:159a5de8035:-7c9d</guid>
            <versionId>97443161-fcd0-4520-9b3a-33913bd72b87</versionId>
            <externalServiceRef isNull="true" />
            <externalServiceOp isNull="true" />
            <nodeColor isNull="true" />
            <processPrePosts>
                <lastModified isNull="true" />
                <lastModifiedBy isNull="true" />
                <processItemPrePostId>2029.2ad02d87-0fb0-4a66-9426-467cd55fbc1b</processItemPrePostId>
                <processItemId>2025.c5f0c240-53e6-46f3-9baa-14f1b9071200</processItemId>
                <location>2</location>
                <script isNull="true" />
                <guid>a8b3eb55-0826-42d3-9a65-254cfc582dbf</guid>
                <versionId>e1b38321-fd41-4ade-877f-4125791acd34</versionId>
            </processPrePosts>
            <layoutData x="423" y="80">
                <errorLink>
                    <controlPoints />
                    <showEndState>false</showEndState>
                    <showName>false</showName>
                </errorLink>
            </layoutData>
            <TWComponent>
                <lastModified isNull="true" />
                <lastModifiedBy isNull="true" />
                <ecmConnectorId>3030.3b5589a8-48d4-48d7-b68f-79d85cd3a9a2</ecmConnectorId>
                <definition>&lt;config type="com.lombardisoftware.client.persistence.ECMConnectorConfiguration"&gt;&#xD;
  &lt;inputParameters&gt;&#xD;
    &lt;parameter&gt;&#xD;
      &lt;name&gt;folderId&lt;/name&gt;&#xD;
      &lt;type&gt;ECMID&lt;/type&gt;&#xD;
      &lt;description&gt;Folder ID&lt;/description&gt;&#xD;
      &lt;defaultValue&gt;&lt;/defaultValue&gt;&#xD;
      &lt;argumentVariable&gt;tw.local.data.parentFolderId&lt;/argumentVariable&gt;&#xD;
      &lt;isArray&gt;&lt;/isArray&gt;&#xD;
      &lt;isList&gt;false&lt;/isList&gt;&#xD;
    &lt;/parameter&gt;&#xD;
    &lt;parameter&gt;&#xD;
      &lt;name&gt;maxItems&lt;/name&gt;&#xD;
      &lt;type&gt;Integer&lt;/type&gt;&#xD;
      &lt;description&gt;Max items&lt;/description&gt;&#xD;
      &lt;defaultValue&gt;&lt;/defaultValue&gt;&#xD;
      &lt;argumentVariable&gt;tw.local.data.maxItems&lt;/argumentVariable&gt;&#xD;
      &lt;isArray&gt;&lt;/isArray&gt;&#xD;
      &lt;isList&gt;false&lt;/isList&gt;&#xD;
    &lt;/parameter&gt;&#xD;
    &lt;parameter&gt;&#xD;
      &lt;name&gt;skipCount&lt;/name&gt;&#xD;
      &lt;type&gt;Integer&lt;/type&gt;&#xD;
      &lt;description&gt;Skip count&lt;/description&gt;&#xD;
      &lt;defaultValue&gt;&lt;/defaultValue&gt;&#xD;
      &lt;argumentVariable&gt;&lt;/argumentVariable&gt;&#xD;
      &lt;isArray&gt;&lt;/isArray&gt;&#xD;
      &lt;isList&gt;false&lt;/isList&gt;&#xD;
    &lt;/parameter&gt;&#xD;
    &lt;parameter&gt;&#xD;
      &lt;name&gt;orderBy&lt;/name&gt;&#xD;
      &lt;type&gt;String&lt;/type&gt;&#xD;
      &lt;description&gt;Order by&lt;/description&gt;&#xD;
      &lt;defaultValue&gt;&lt;/defaultValue&gt;&#xD;
      &lt;argumentVariable&gt;"cmis:name ASC"&lt;/argumentVariable&gt;&#xD;
      &lt;isArray&gt;&lt;/isArray&gt;&#xD;
      &lt;isList&gt;false&lt;/isList&gt;&#xD;
    &lt;/parameter&gt;&#xD;
    &lt;parameter&gt;&#xD;
      &lt;name&gt;filter&lt;/name&gt;&#xD;
      &lt;type&gt;String&lt;/type&gt;&#xD;
      &lt;description&gt;Filter&lt;/description&gt;&#xD;
      &lt;defaultValue&gt;&lt;/defaultValue&gt;&#xD;
      &lt;argumentVariable&gt;tw.local.filter&lt;/argumentVariable&gt;&#xD;
      &lt;isArray&gt;&lt;/isArray&gt;&#xD;
      &lt;isList&gt;false&lt;/isList&gt;&#xD;
    &lt;/parameter&gt;&#xD;
    &lt;parameter&gt;&#xD;
      &lt;name&gt;includeAllowableActions&lt;/name&gt;&#xD;
      &lt;type&gt;Boolean&lt;/type&gt;&#xD;
      &lt;description&gt;Include allowable actions&lt;/description&gt;&#xD;
      &lt;defaultValue&gt;&lt;/defaultValue&gt;&#xD;
      &lt;argumentVariable&gt;true&lt;/argumentVariable&gt;&#xD;
      &lt;isArray&gt;&lt;/isArray&gt;&#xD;
      &lt;isList&gt;false&lt;/isList&gt;&#xD;
    &lt;/parameter&gt;&#xD;
    &lt;parameter&gt;&#xD;
      &lt;name&gt;serverName&lt;/name&gt;&#xD;
      &lt;type&gt;String&lt;/type&gt;&#xD;
      &lt;description&gt;Server name&lt;/description&gt;&#xD;
      &lt;defaultValue&gt;&lt;/defaultValue&gt;&#xD;
      &lt;argumentVariable&gt;tw.local.data.serverName&lt;/argumentVariable&gt;&#xD;
      &lt;isArray&gt;&lt;/isArray&gt;&#xD;
      &lt;isList&gt;false&lt;/isList&gt;&#xD;
    &lt;/parameter&gt;&#xD;
  &lt;/inputParameters&gt;&#xD;
  &lt;outputParameters&gt;&#xD;
    &lt;parameter&gt;&#xD;
      &lt;name&gt;searchResult&lt;/name&gt;&#xD;
      &lt;type&gt;ECMSearchResult&lt;/type&gt;&#xD;
      &lt;description&gt;Search result&lt;/description&gt;&#xD;
      &lt;defaultValue&gt;&lt;/defaultValue&gt;&#xD;
      &lt;argumentVariable&gt;tw.local.searchResult&lt;/argumentVariable&gt;&#xD;
      &lt;isArray&gt;&lt;/isArray&gt;&#xD;
      &lt;isList&gt;false&lt;/isList&gt;&#xD;
    &lt;/parameter&gt;&#xD;
  &lt;/outputParameters&gt;&#xD;
  &lt;matchAllSearchCriteria&gt;true&lt;/matchAllSearchCriteria&gt;&#xD;
  &lt;searchParameters /&gt;&#xD;
  &lt;selectParameters /&gt;&#xD;
  &lt;orderOverride&gt;false&lt;/orderOverride&gt;&#xD;
  &lt;orderOverrideValue&gt;&lt;/orderOverrideValue&gt;&#xD;
  &lt;operationType&gt;FOLDER_OP_GET_CHILDREN&lt;/operationType&gt;&#xD;
  &lt;server&gt;useMappingServer&lt;/server&gt;&#xD;
  &lt;objectTypeSelection&gt;DOCUMENT&lt;/objectTypeSelection&gt;&#xD;
  &lt;useMappedVariable&gt;false&lt;/useMappedVariable&gt;&#xD;
  &lt;faultParameterId&gt;2055.3da96f5a-48e8-45df-a35e-f52ea624ca68&lt;/faultParameterId&gt;&#xD;
&lt;/config&gt;</definition>
                <guid>c3487134-09c5-43da-b608-f2100dc0afab</guid>
                <versionId>b4a711e8-bfba-4f92-a786-dd1bd93f4ee2</versionId>
            </TWComponent>
        </item>
        <item>
            <lastModified isNull="true" />
            <lastModifiedBy isNull="true" />
            <processItemId>2025.4a79f649-ad81-400e-b5c1-3127dd0df7cf</processItemId>
            <processId>1.fa26cb87-f6e3-4a7a-b3a4-77b232e854c0</processId>
            <name>Get Folder</name>
            <tWComponentName>ECMConnector</tWComponentName>
            <tWComponentId>3030.9421b660-c283-4901-aa6b-b3f484584936</tWComponentId>
            <isLogEnabled>false</isLogEnabled>
            <isTraceEnabled>false</isTraceEnabled>
            <traceCategory isNull="true" />
            <traceLevel isNull="true" />
            <traceMessage isNull="true" />
            <traceSymbolTable isNull="true" />
            <isExecutionContextTraced>false</isExecutionContextTraced>
            <saveExecutionContext>false</saveExecutionContext>
            <documentation isNull="true" />
            <isErrorHandlerEnabled>false</isErrorHandlerEnabled>
            <errorHandlerItemId isNull="true" />
            <guid>guid:5eeaa82b474602bf:-1904a12:159a5de8035:-7c9e</guid>
            <versionId>9faedf78-6183-4f5d-9235-aed7067129d8</versionId>
            <externalServiceRef isNull="true" />
            <externalServiceOp isNull="true" />
            <nodeColor isNull="true" />
            <processPrePosts>
                <lastModified isNull="true" />
                <lastModifiedBy isNull="true" />
                <processItemPrePostId>2029.f1decc75-f689-448b-8610-02da745babc5</processItemPrePostId>
                <processItemId>2025.4a79f649-ad81-400e-b5c1-3127dd0df7cf</processItemId>
                <location>1</location>
                <script isNull="true" />
                <guid>22201dc0-4184-4104-ab33-8112c5837f0a</guid>
                <versionId>c2d7a277-87dd-48af-b6b9-60a15076aef8</versionId>
            </processPrePosts>
            <processPrePosts>
                <lastModified isNull="true" />
                <lastModifiedBy isNull="true" />
                <processItemPrePostId>2029.a7824582-abce-401a-b19d-712e6cfbd185</processItemPrePostId>
                <processItemId>2025.4a79f649-ad81-400e-b5c1-3127dd0df7cf</processItemId>
                <location>2</location>
                <script isNull="true" />
                <guid>e2597c29-3418-4718-8599-387337f6b260</guid>
                <versionId>d20ed41f-2fd4-4f67-96f3-57940755ddb5</versionId>
            </processPrePosts>
            <layoutData x="123" y="80">
                <errorLink>
                    <controlPoints />
                    <showEndState>false</showEndState>
                    <showName>false</showName>
                </errorLink>
            </layoutData>
            <TWComponent>
                <lastModified isNull="true" />
                <lastModifiedBy isNull="true" />
                <ecmConnectorId>3030.9421b660-c283-4901-aa6b-b3f484584936</ecmConnectorId>
                <definition>&lt;config type="com.lombardisoftware.client.persistence.ECMConnectorConfiguration"&gt;&#xD;
  &lt;inputParameters&gt;&#xD;
    &lt;parameter&gt;&#xD;
      &lt;name&gt;folderId&lt;/name&gt;&#xD;
      &lt;type&gt;ECMID&lt;/type&gt;&#xD;
      &lt;description&gt;Folder ID&lt;/description&gt;&#xD;
      &lt;defaultValue&gt;&lt;/defaultValue&gt;&#xD;
      &lt;argumentVariable&gt;tw.local.data.parentFolderId&lt;/argumentVariable&gt;&#xD;
      &lt;isArray&gt;&lt;/isArray&gt;&#xD;
      &lt;isList&gt;false&lt;/isList&gt;&#xD;
    &lt;/parameter&gt;&#xD;
    &lt;parameter&gt;&#xD;
      &lt;name&gt;serverName&lt;/name&gt;&#xD;
      &lt;type&gt;String&lt;/type&gt;&#xD;
      &lt;description&gt;Server name&lt;/description&gt;&#xD;
      &lt;defaultValue&gt;&lt;/defaultValue&gt;&#xD;
      &lt;argumentVariable&gt;tw.local.data.serverName&lt;/argumentVariable&gt;&#xD;
      &lt;isArray&gt;&lt;/isArray&gt;&#xD;
      &lt;isList&gt;false&lt;/isList&gt;&#xD;
    &lt;/parameter&gt;&#xD;
  &lt;/inputParameters&gt;&#xD;
  &lt;outputParameters&gt;&#xD;
    &lt;parameter&gt;&#xD;
      &lt;name&gt;folder&lt;/name&gt;&#xD;
      &lt;type&gt;ECMFolder&lt;/type&gt;&#xD;
      &lt;description&gt;Folder&lt;/description&gt;&#xD;
      &lt;defaultValue&gt;&lt;/defaultValue&gt;&#xD;
      &lt;argumentVariable&gt;tw.local.currentParentFolder&lt;/argumentVariable&gt;&#xD;
      &lt;isArray&gt;&lt;/isArray&gt;&#xD;
      &lt;isList&gt;false&lt;/isList&gt;&#xD;
    &lt;/parameter&gt;&#xD;
  &lt;/outputParameters&gt;&#xD;
  &lt;matchAllSearchCriteria&gt;true&lt;/matchAllSearchCriteria&gt;&#xD;
  &lt;orderOverride&gt;false&lt;/orderOverride&gt;&#xD;
  &lt;orderOverrideValue&gt;&lt;/orderOverrideValue&gt;&#xD;
  &lt;operationType&gt;FOLDER_OP_GET_FOLDER&lt;/operationType&gt;&#xD;
  &lt;server&gt;useMappingServer&lt;/server&gt;&#xD;
  &lt;objectTypeSelection&gt;DOCUMENT&lt;/objectTypeSelection&gt;&#xD;
  &lt;useMappedVariable&gt;false&lt;/useMappedVariable&gt;&#xD;
  &lt;faultParameterId&gt;2055.4e021fc2-72a4-47fb-a816-32d2209b470e&lt;/faultParameterId&gt;&#xD;
&lt;/config&gt;</definition>
                <guid>4b02238b-2238-4ba6-a3f2-91447b77b8e1</guid>
                <versionId>98d45ca1-802b-4489-b52b-bcbac254e073</versionId>
            </TWComponent>
        </item>
        <item>
            <lastModified isNull="true" />
            <lastModifiedBy isNull="true" />
            <processItemId>2025.31a2a2f7-deec-4be0-bb65-fb619787d1e9</processItemId>
            <processId>1.fa26cb87-f6e3-4a7a-b3a4-77b232e854c0</processId>
            <name>Set Filter</name>
            <tWComponentName>Script</tWComponentName>
            <tWComponentId>3011.e5ef4853-5383-4a2e-baa4-2a0d998e9b14</tWComponentId>
            <isLogEnabled>false</isLogEnabled>
            <isTraceEnabled>false</isTraceEnabled>
            <traceCategory isNull="true" />
            <traceLevel isNull="true" />
            <traceMessage isNull="true" />
            <traceSymbolTable isNull="true" />
            <isExecutionContextTraced>false</isExecutionContextTraced>
            <saveExecutionContext>false</saveExecutionContext>
            <documentation isNull="true" />
            <isErrorHandlerEnabled>false</isErrorHandlerEnabled>
            <errorHandlerItemId isNull="true" />
            <guid>guid:5eeaa82b474602bf:-1904a12:159a5de8035:-7ca1</guid>
            <versionId>a00dc8ee-40f6-485d-84b4-b88b00f9f2e9</versionId>
            <externalServiceRef isNull="true" />
            <externalServiceOp isNull="true" />
            <nodeColor isNull="true" />
            <layoutData x="272" y="80">
                <errorLink>
                    <controlPoints />
                    <showEndState>false</showEndState>
                    <showName>false</showName>
                </errorLink>
            </layoutData>
            <TWComponent>
                <lastModified isNull="true" />
                <lastModifiedBy isNull="true" />
                <scriptId>3011.e5ef4853-5383-4a2e-baa4-2a0d998e9b14</scriptId>
                <scriptTypeId>2</scriptTypeId>
                <isActive>true</isActive>
                <script>tw.local.filter = "cmis:objectTypeId, cmis:baseTypeId, cmis:name, cmis:objectId, cmis:lastModificationDate, cmis:lastModifiedBy, cmis:isVersionSeriesCheckedOut, cmis:contentStreamMimeType, cmis:versionSeriesCheckedOutBy, cmis:versionSeriesCheckedOutId";

if(tw.local.data.serverName === ECMServerNames.IBM_BPM_MANAGED_STORE || tw.local.data.serverName === ECMServerNames.IBM_BPM_CONTENT_STORE) {
	tw.local.filter += ", ibmbpm:serverName, IBM_BPM_Document_FileType, IBM_BPM_Document_FileNameURL";
}</script>
                <isRule>false</isRule>
                <guid>7bc5426f-d433-472b-9b04-6037786dc277</guid>
                <versionId>23181679-8094-4076-b524-d2a6bdeec496</versionId>
            </TWComponent>
        </item>
        <item>
            <lastModified isNull="true" />
            <lastModifiedBy isNull="true" />
            <processItemId>2025.1fa36451-049e-4301-9c34-caa7baf0aef9</processItemId>
            <processId>1.fa26cb87-f6e3-4a7a-b3a4-77b232e854c0</processId>
            <name>Lookup private working copies</name>
            <tWComponentName>ECMConnector</tWComponentName>
            <tWComponentId>3030.b72fae64-e7b2-488b-9a53-b3d98b1b421d</tWComponentId>
            <isLogEnabled>false</isLogEnabled>
            <isTraceEnabled>false</isTraceEnabled>
            <traceCategory isNull="true" />
            <traceLevel isNull="true" />
            <traceMessage isNull="true" />
            <traceSymbolTable isNull="true" />
            <isExecutionContextTraced>false</isExecutionContextTraced>
            <saveExecutionContext>false</saveExecutionContext>
            <documentation isNull="true" />
            <isErrorHandlerEnabled>false</isErrorHandlerEnabled>
            <errorHandlerItemId isNull="true" />
            <guid>guid:5eeaa82b474602bf:-1904a12:159a5de8035:-7c9c</guid>
            <versionId>a33cd792-c42c-4184-bc99-7efd385dcdbe</versionId>
            <externalServiceRef isNull="true" />
            <externalServiceOp isNull="true" />
            <nodeColor isNull="true" />
            <layoutData x="901" y="270">
                <errorLink>
                    <controlPoints />
                    <showEndState>false</showEndState>
                    <showName>false</showName>
                </errorLink>
            </layoutData>
            <TWComponent>
                <lastModified isNull="true" />
                <lastModifiedBy isNull="true" />
                <ecmConnectorId>3030.b72fae64-e7b2-488b-9a53-b3d98b1b421d</ecmConnectorId>
                <definition>&lt;config type="com.lombardisoftware.client.persistence.ECMConnectorConfiguration"&gt;&#xD;
  &lt;inputParameters&gt;&#xD;
    &lt;parameter&gt;&#xD;
      &lt;name&gt;cmisQuery&lt;/name&gt;&#xD;
      &lt;type&gt;String&lt;/type&gt;&#xD;
      &lt;description&gt;CMIS query&lt;/description&gt;&#xD;
      &lt;defaultValue&gt;&lt;/defaultValue&gt;&#xD;
      &lt;argumentVariable&gt;tw.local.documentQuery&lt;/argumentVariable&gt;&#xD;
      &lt;isArray&gt;&lt;/isArray&gt;&#xD;
      &lt;isList&gt;false&lt;/isList&gt;&#xD;
    &lt;/parameter&gt;&#xD;
    &lt;parameter&gt;&#xD;
      &lt;name&gt;returnType&lt;/name&gt;&#xD;
      &lt;type&gt;String&lt;/type&gt;&#xD;
      &lt;description&gt;Return type&lt;/description&gt;&#xD;
      &lt;defaultValue&gt;&lt;/defaultValue&gt;&#xD;
      &lt;argumentVariable&gt;&lt;/argumentVariable&gt;&#xD;
      &lt;isArray&gt;&lt;/isArray&gt;&#xD;
      &lt;isList&gt;false&lt;/isList&gt;&#xD;
    &lt;/parameter&gt;&#xD;
    &lt;parameter&gt;&#xD;
      &lt;name&gt;searchAllVersions&lt;/name&gt;&#xD;
      &lt;type&gt;Boolean&lt;/type&gt;&#xD;
      &lt;description&gt;Search all versions&lt;/description&gt;&#xD;
      &lt;defaultValue&gt;&lt;/defaultValue&gt;&#xD;
      &lt;argumentVariable&gt;true&lt;/argumentVariable&gt;&#xD;
      &lt;isArray&gt;&lt;/isArray&gt;&#xD;
      &lt;isList&gt;false&lt;/isList&gt;&#xD;
    &lt;/parameter&gt;&#xD;
    &lt;parameter&gt;&#xD;
      &lt;name&gt;maxItems&lt;/name&gt;&#xD;
      &lt;type&gt;Integer&lt;/type&gt;&#xD;
      &lt;description&gt;Max items&lt;/description&gt;&#xD;
      &lt;defaultValue&gt;&lt;/defaultValue&gt;&#xD;
      &lt;argumentVariable&gt;&lt;/argumentVariable&gt;&#xD;
      &lt;isArray&gt;&lt;/isArray&gt;&#xD;
      &lt;isList&gt;false&lt;/isList&gt;&#xD;
    &lt;/parameter&gt;&#xD;
    &lt;parameter&gt;&#xD;
      &lt;name&gt;skipCount&lt;/name&gt;&#xD;
      &lt;type&gt;Integer&lt;/type&gt;&#xD;
      &lt;description&gt;Skip count&lt;/description&gt;&#xD;
      &lt;defaultValue&gt;&lt;/defaultValue&gt;&#xD;
      &lt;argumentVariable&gt;&lt;/argumentVariable&gt;&#xD;
      &lt;isArray&gt;&lt;/isArray&gt;&#xD;
      &lt;isList&gt;false&lt;/isList&gt;&#xD;
    &lt;/parameter&gt;&#xD;
    &lt;parameter&gt;&#xD;
      &lt;name&gt;includeAllowableActions&lt;/name&gt;&#xD;
      &lt;type&gt;Boolean&lt;/type&gt;&#xD;
      &lt;description&gt;Include allowable actions&lt;/description&gt;&#xD;
      &lt;defaultValue&gt;&lt;/defaultValue&gt;&#xD;
      &lt;argumentVariable&gt;true&lt;/argumentVariable&gt;&#xD;
      &lt;isArray&gt;&lt;/isArray&gt;&#xD;
      &lt;isList&gt;false&lt;/isList&gt;&#xD;
    &lt;/parameter&gt;&#xD;
    &lt;parameter&gt;&#xD;
      &lt;name&gt;serverName&lt;/name&gt;&#xD;
      &lt;type&gt;String&lt;/type&gt;&#xD;
      &lt;description&gt;Server name&lt;/description&gt;&#xD;
      &lt;defaultValue&gt;&lt;/defaultValue&gt;&#xD;
      &lt;argumentVariable&gt;tw.local.data.serverName&lt;/argumentVariable&gt;&#xD;
      &lt;isArray&gt;&lt;/isArray&gt;&#xD;
      &lt;isList&gt;false&lt;/isList&gt;&#xD;
    &lt;/parameter&gt;&#xD;
  &lt;/inputParameters&gt;&#xD;
  &lt;outputParameters&gt;&#xD;
    &lt;parameter&gt;&#xD;
      &lt;name&gt;searchResult&lt;/name&gt;&#xD;
      &lt;type&gt;ECMSearchResult&lt;/type&gt;&#xD;
      &lt;description&gt;Search result&lt;/description&gt;&#xD;
      &lt;defaultValue&gt;&lt;/defaultValue&gt;&#xD;
      &lt;argumentVariable&gt;tw.local.searchResult&lt;/argumentVariable&gt;&#xD;
      &lt;isArray&gt;&lt;/isArray&gt;&#xD;
      &lt;isList&gt;false&lt;/isList&gt;&#xD;
    &lt;/parameter&gt;&#xD;
  &lt;/outputParameters&gt;&#xD;
  &lt;matchAllSearchCriteria&gt;true&lt;/matchAllSearchCriteria&gt;&#xD;
  &lt;orderOverride&gt;false&lt;/orderOverride&gt;&#xD;
  &lt;orderOverrideValue&gt;&lt;/orderOverrideValue&gt;&#xD;
  &lt;operationType&gt;SEARCH_OP&lt;/operationType&gt;&#xD;
  &lt;server&gt;useMappingServer&lt;/server&gt;&#xD;
  &lt;objectTypeSelection&gt;DOCUMENT&lt;/objectTypeSelection&gt;&#xD;
  &lt;useMappedVariable&gt;true&lt;/useMappedVariable&gt;&#xD;
  &lt;faultParameterId&gt;2055.d1d75757-53e9-44a1-b565-aafa72c8e44c&lt;/faultParameterId&gt;&#xD;
&lt;/config&gt;</definition>
                <guid>f90fbf44-43cb-416f-8c15-b37359b62bf6</guid>
                <versionId>ade2506a-8859-4a48-9ccb-ca6b5b907701</versionId>
            </TWComponent>
        </item>
        <item>
            <lastModified isNull="true" />
            <lastModifiedBy isNull="true" />
            <processItemId>2025.b23561c3-a692-49fa-a3fb-59a8aef650ef</processItemId>
            <processId>1.fa26cb87-f6e3-4a7a-b3a4-77b232e854c0</processId>
            <name>Build query</name>
            <tWComponentName>Script</tWComponentName>
            <tWComponentId>3011.3bc29c97-ced3-44d4-b5bb-d4eaee9a3430</tWComponentId>
            <isLogEnabled>false</isLogEnabled>
            <isTraceEnabled>false</isTraceEnabled>
            <traceCategory isNull="true" />
            <traceLevel isNull="true" />
            <traceMessage isNull="true" />
            <traceSymbolTable isNull="true" />
            <isExecutionContextTraced>false</isExecutionContextTraced>
            <saveExecutionContext>false</saveExecutionContext>
            <documentation isNull="true" />
            <isErrorHandlerEnabled>false</isErrorHandlerEnabled>
            <errorHandlerItemId isNull="true" />
            <guid>guid:5eeaa82b474602bf:-1904a12:159a5de8035:-7c9a</guid>
            <versionId>ac2f246e-4847-4bbb-94d1-0742d9a46c94</versionId>
            <externalServiceRef isNull="true" />
            <externalServiceOp isNull="true" />
            <nodeColor isNull="true" />
            <layoutData x="713" y="270">
                <errorLink>
                    <controlPoints />
                    <showEndState>false</showEndState>
                    <showName>false</showName>
                </errorLink>
            </layoutData>
            <TWComponent>
                <lastModified isNull="true" />
                <lastModifiedBy isNull="true" />
                <scriptId>3011.3bc29c97-ced3-44d4-b5bb-d4eaee9a3430</scriptId>
                <scriptTypeId>2</scriptTypeId>
                <isActive>true</isActive>
                <script>tw.local.documentQuery = "SELECT cmis:objectId FROM cmis:document WHERE cmis:objectId IN (";

var regExp = new RegExp("'", "g");
for(var i = 0; i &lt; tw.local.checkedOutDocumentsWithCanCheckInFalse.listLength; i ++) {
    if(i &gt; 0) {
        tw.local.documentQuery += ",";
    }
    tw.local.documentQuery += "'" + tw.local.checkedOutDocumentsWithCanCheckInFalse[i].column[tw.local.checkedOutIdColumnIndex].replace(regExp, "\\'") + "'";
}
tw.local.documentQuery += ")";</script>
                <isRule>false</isRule>
                <guid>83353ab8-aa52-4494-8fcf-93063ad27754</guid>
                <versionId>9fc46f24-5ac4-4b6c-89ab-d4930b7e263f</versionId>
            </TWComponent>
        </item>
        <item>
            <lastModified isNull="true" />
            <lastModifiedBy isNull="true" />
            <processItemId>2025.118f1c9f-debb-4728-8e88-1095385970c4</processItemId>
            <processId>1.fa26cb87-f6e3-4a7a-b3a4-77b232e854c0</processId>
            <name>Result assignment</name>
            <tWComponentName>Script</tWComponentName>
            <tWComponentId>3011.f0a4f293-e728-4224-9d2e-651db3d6f7da</tWComponentId>
            <isLogEnabled>false</isLogEnabled>
            <isTraceEnabled>false</isTraceEnabled>
            <traceCategory isNull="true" />
            <traceLevel isNull="true" />
            <traceMessage isNull="true" />
            <traceSymbolTable isNull="true" />
            <isExecutionContextTraced>false</isExecutionContextTraced>
            <saveExecutionContext>false</saveExecutionContext>
            <documentation isNull="true" />
            <isErrorHandlerEnabled>false</isErrorHandlerEnabled>
            <errorHandlerItemId isNull="true" />
            <guid>guid:b0bf6beace7c7a09:30b4b865:159a5f6b740:-7ff7</guid>
            <versionId>fb060a5a-435e-48f5-a2d2-55d7569ccc3c</versionId>
            <externalServiceRef isNull="true" />
            <externalServiceOp isNull="true" />
            <nodeColor isNull="true" />
            <processPrePosts>
                <lastModified isNull="true" />
                <lastModifiedBy isNull="true" />
                <processItemPrePostId>2029.b18e97cf-7471-474f-9727-d12fadb4c997</processItemPrePostId>
                <processItemId>2025.118f1c9f-debb-4728-8e88-1095385970c4</processItemId>
                <location>1</location>
                <script isNull="true" />
                <guid>8511cb6c-0e2a-4bea-9690-e41ca470e038</guid>
                <versionId>30ac356d-4b82-4b65-b5eb-a659b7415da2</versionId>
            </processPrePosts>
            <layoutData x="858" y="78">
                <errorLink>
                    <controlPoints />
                    <showEndState>false</showEndState>
                    <showName>false</showName>
                </errorLink>
            </layoutData>
            <TWComponent>
                <lastModified isNull="true" />
                <lastModifiedBy isNull="true" />
                <scriptId>3011.f0a4f293-e728-4224-9d2e-651db3d6f7da</scriptId>
                <scriptTypeId>2</scriptTypeId>
                <isActive>true</isActive>
                <script>tw.local.GetChildrenServiceOutput = new tw.object.GetChildrenServiceOutput();
tw.local.GetChildrenServiceOutput.currentParentFolder = tw.local.currentParentFolder;
tw.local.GetChildrenServiceOutput.folders = tw.local.folders;
tw.local.GetChildrenServiceOutput.documents = tw.local.documents;
tw.local.results = tw.local.GetChildrenServiceOutput;</script>
                <isRule>false</isRule>
                <guid>a5025040-c1d4-495d-8142-827744de56d9</guid>
                <versionId>1c35d114-8beb-444c-9877-485cf1b0d0d4</versionId>
            </TWComponent>
        </item>
        <startingProcessItemId>2025.4a79f649-ad81-400e-b5c1-3127dd0df7cf</startingProcessItemId>
        <errorHandlerItemId isNull="true" />
        <layoutData noConversion="true">
            <errorLink>
                <controlPoints />
                <showEndState>false</showEndState>
                <showName>false</showName>
            </errorLink>
        </layoutData>
        <startPoint>
            <layoutData x="20" y="96">
                <errorLink>
                    <controlPoints />
                    <showEndState>false</showEndState>
                    <showName>false</showName>
                </errorLink>
            </layoutData>
        </startPoint>
        <startLink>
            <fromPort locationId="rightCenter" portType="1" />
            <toPort locationId="leftCenter" portType="2" />
            <layoutData>
                <controlPoints />
                <showEndState>false</showEndState>
                <showName>false</showName>
            </layoutData>
        </startLink>
        <link name="Untitled">
            <lastModified isNull="true" />
            <lastModifiedBy isNull="true" />
            <processLinkId>2027.2924d71b-1ad8-47e2-8adc-f70651bd9a89</processLinkId>
            <processId>1.fa26cb87-f6e3-4a7a-b3a4-77b232e854c0</processId>
            <description isNull="true" />
            <fromProcessItemId>2025.31a2a2f7-deec-4be0-bb65-fb619787d1e9</fromProcessItemId>
            <endStateId>Out</endStateId>
            <toProcessItemId>2025.c5f0c240-53e6-46f3-9baa-14f1b9071200</toProcessItemId>
            <guid>2b67e507-5952-4d30-8107-c12e291f00c1</guid>
            <versionId>099d5980-dffc-4cdc-8828-a6a63d949e19</versionId>
            <layoutData>
                <controlPoints />
                <showEndState>false</showEndState>
                <showName>false</showName>
            </layoutData>
            <fromItemPort locationId="rightCenter" portType="1" />
            <toItemPort locationId="leftCenter" portType="2" />
            <fromProcessItemId>2025.31a2a2f7-deec-4be0-bb65-fb619787d1e9</fromProcessItemId>
            <toProcessItemId>2025.c5f0c240-53e6-46f3-9baa-14f1b9071200</toProcessItemId>
        </link>
        <link name="No">
            <lastModified isNull="true" />
            <lastModifiedBy isNull="true" />
            <processLinkId>2027.4b28ec90-03a1-4217-800b-6658b6be1dd6</processLinkId>
            <processId>1.fa26cb87-f6e3-4a7a-b3a4-77b232e854c0</processId>
            <description isNull="true" />
            <fromProcessItemId>2025.368fd622-b264-495a-8808-cf69f74fb360</fromProcessItemId>
            <endStateId>DEFAULT</endStateId>
            <toProcessItemId>2025.118f1c9f-debb-4728-8e88-1095385970c4</toProcessItemId>
            <guid>c5fc779c-69c3-408f-adaf-08eff57f57ee</guid>
            <versionId>17d91227-b5d4-46a3-a822-d0066434de90</versionId>
            <layoutData>
                <controlPoints />
                <showEndState>false</showEndState>
                <showName>true</showName>
            </layoutData>
            <fromItemPort locationId="rightCenter" portType="1" />
            <toItemPort locationId="leftCenter" portType="2" />
            <fromProcessItemId>2025.368fd622-b264-495a-8808-cf69f74fb360</fromProcessItemId>
            <toProcessItemId>2025.118f1c9f-debb-4728-8e88-1095385970c4</toProcessItemId>
        </link>
        <link name="Untitled">
            <lastModified isNull="true" />
            <lastModifiedBy isNull="true" />
            <processLinkId>2027.36a47cc5-fa26-4e66-aa0c-76782839dfcd</processLinkId>
            <processId>1.fa26cb87-f6e3-4a7a-b3a4-77b232e854c0</processId>
            <description isNull="true" />
            <fromProcessItemId>2025.c6d0989f-272a-45d5-a19c-612e07231853</fromProcessItemId>
            <endStateId>Out</endStateId>
            <toProcessItemId>2025.118f1c9f-debb-4728-8e88-1095385970c4</toProcessItemId>
            <guid>5a088434-adc1-458e-b04e-b9c499b273a8</guid>
            <versionId>3d391320-65ad-4461-a0df-f510ae5292f9</versionId>
            <layoutData>
                <controlPoints />
                <showEndState>false</showEndState>
                <showName>false</showName>
            </layoutData>
            <fromItemPort locationId="topCenter" portType="1" />
            <toItemPort locationId="rightCenter" portType="2" />
            <fromProcessItemId>2025.c6d0989f-272a-45d5-a19c-612e07231853</fromProcessItemId>
            <toProcessItemId>2025.118f1c9f-debb-4728-8e88-1095385970c4</toProcessItemId>
        </link>
        <link name="Untitled">
            <lastModified isNull="true" />
            <lastModifiedBy isNull="true" />
            <processLinkId>2027.facf7e35-3f52-4575-8c3b-513e1eeb3e39</processLinkId>
            <processId>1.fa26cb87-f6e3-4a7a-b3a4-77b232e854c0</processId>
            <description isNull="true" />
            <fromProcessItemId>2025.118f1c9f-debb-4728-8e88-1095385970c4</fromProcessItemId>
            <endStateId>Out</endStateId>
            <toProcessItemId>2025.53ebd006-8c89-439f-8257-56c842178b34</toProcessItemId>
            <guid>0bb2cbe4-6b8d-41a9-93b3-b47f1ef55290</guid>
            <versionId>600c1fb1-2cb6-4742-99a1-5a1e4ff9b8f6</versionId>
            <layoutData>
                <controlPoints />
                <showEndState>false</showEndState>
                <showName>false</showName>
            </layoutData>
            <fromItemPort locationId="topCenter" portType="1" />
            <toItemPort locationId="bottomCenter" portType="2" />
            <fromProcessItemId>2025.118f1c9f-debb-4728-8e88-1095385970c4</fromProcessItemId>
            <toProcessItemId>2025.53ebd006-8c89-439f-8257-56c842178b34</toProcessItemId>
        </link>
        <link name="Untitled">
            <lastModified isNull="true" />
            <lastModifiedBy isNull="true" />
            <processLinkId>2027.b34a6200-75fc-4e48-8b4b-fe8054b4a564</processLinkId>
            <processId>1.fa26cb87-f6e3-4a7a-b3a4-77b232e854c0</processId>
            <description isNull="true" />
            <fromProcessItemId>2025.b23561c3-a692-49fa-a3fb-59a8aef650ef</fromProcessItemId>
            <endStateId>Out</endStateId>
            <toProcessItemId>2025.1fa36451-049e-4301-9c34-caa7baf0aef9</toProcessItemId>
            <guid>1f1dbe9c-c3e8-414d-aa2b-632428d4dc8e</guid>
            <versionId>a5008d02-0785-407b-bece-9955d5691ed7</versionId>
            <layoutData>
                <controlPoints />
                <showEndState>false</showEndState>
                <showName>false</showName>
            </layoutData>
            <fromItemPort locationId="rightCenter" portType="1" />
            <toItemPort locationId="leftCenter" portType="2" />
            <fromProcessItemId>2025.b23561c3-a692-49fa-a3fb-59a8aef650ef</fromProcessItemId>
            <toProcessItemId>2025.1fa36451-049e-4301-9c34-caa7baf0aef9</toProcessItemId>
        </link>
        <link name="Untitled">
            <lastModified isNull="true" />
            <lastModifiedBy isNull="true" />
            <processLinkId>2027.c7e94848-6a86-4be8-b99b-05f3a5ba596d</processLinkId>
            <processId>1.fa26cb87-f6e3-4a7a-b3a4-77b232e854c0</processId>
            <description isNull="true" />
            <fromProcessItemId>2025.c5f0c240-53e6-46f3-9baa-14f1b9071200</fromProcessItemId>
            <endStateId>Out</endStateId>
            <toProcessItemId>2025.b1cc3389-1911-45ce-9998-298558aa843b</toProcessItemId>
            <guid>b8313537-3a66-4376-a062-93aec1ad1019</guid>
            <versionId>a8807137-1fb6-4acb-a111-08bb8d4aa798</versionId>
            <layoutData>
                <controlPoints />
                <showEndState>false</showEndState>
                <showName>false</showName>
            </layoutData>
            <fromItemPort locationId="rightCenter" portType="1" />
            <toItemPort locationId="leftCenter" portType="2" />
            <fromProcessItemId>2025.c5f0c240-53e6-46f3-9baa-14f1b9071200</fromProcessItemId>
            <toProcessItemId>2025.b1cc3389-1911-45ce-9998-298558aa843b</toProcessItemId>
        </link>
        <link name="Untitled">
            <lastModified isNull="true" />
            <lastModifiedBy isNull="true" />
            <processLinkId>2027.5d964b79-49f7-4c88-88aa-b515037c53c1</processLinkId>
            <processId>1.fa26cb87-f6e3-4a7a-b3a4-77b232e854c0</processId>
            <description isNull="true" />
            <fromProcessItemId>2025.b1cc3389-1911-45ce-9998-298558aa843b</fromProcessItemId>
            <endStateId>Out</endStateId>
            <toProcessItemId>2025.368fd622-b264-495a-8808-cf69f74fb360</toProcessItemId>
            <guid>7322e29e-7ab6-42ed-abbd-27cded1bb123</guid>
            <versionId>aa103a60-9440-40c7-b665-2e8e1fc857f9</versionId>
            <layoutData>
                <controlPoints />
                <showEndState>false</showEndState>
                <showName>false</showName>
            </layoutData>
            <fromItemPort locationId="rightCenter" portType="1" />
            <toItemPort locationId="leftCenter" portType="2" />
            <fromProcessItemId>2025.b1cc3389-1911-45ce-9998-298558aa843b</fromProcessItemId>
            <toProcessItemId>2025.368fd622-b264-495a-8808-cf69f74fb360</toProcessItemId>
        </link>
        <link name="Untitled">
            <lastModified isNull="true" />
            <lastModifiedBy isNull="true" />
            <processLinkId>2027.08a28709-f1c7-4d45-b731-ae40aecd1156</processLinkId>
            <processId>1.fa26cb87-f6e3-4a7a-b3a4-77b232e854c0</processId>
            <description isNull="true" />
            <fromProcessItemId>2025.4a79f649-ad81-400e-b5c1-3127dd0df7cf</fromProcessItemId>
            <endStateId>Out</endStateId>
            <toProcessItemId>2025.31a2a2f7-deec-4be0-bb65-fb619787d1e9</toProcessItemId>
            <guid>99212d21-b2b8-477d-b052-77f48faeed5d</guid>
            <versionId>b2d31b22-8c3b-47d5-87f3-16079dfe865f</versionId>
            <layoutData>
                <controlPoints />
                <showEndState>false</showEndState>
                <showName>false</showName>
            </layoutData>
            <fromItemPort locationId="rightCenter" portType="1" />
            <toItemPort locationId="leftCenter" portType="2" />
            <fromProcessItemId>2025.4a79f649-ad81-400e-b5c1-3127dd0df7cf</fromProcessItemId>
            <toProcessItemId>2025.31a2a2f7-deec-4be0-bb65-fb619787d1e9</toProcessItemId>
        </link>
        <link name="Yes">
            <lastModified isNull="true" />
            <lastModifiedBy isNull="true" />
            <processLinkId>2027.6293acb3-a96f-42dc-b1e7-0857706a1d49</processLinkId>
            <processId>1.fa26cb87-f6e3-4a7a-b3a4-77b232e854c0</processId>
            <description isNull="true" />
            <fromProcessItemId>2025.368fd622-b264-495a-8808-cf69f74fb360</fromProcessItemId>
            <endStateId>guid:daf6dfc298f29e66:-183727b2:152d5889360:-7ffb</endStateId>
            <toProcessItemId>2025.b23561c3-a692-49fa-a3fb-59a8aef650ef</toProcessItemId>
            <guid>7c6f2350-9372-4f8b-ba4c-0933fcf629d4</guid>
            <versionId>f0456516-6d0d-4bfd-8183-c74b22189cd2</versionId>
            <layoutData>
                <controlPoints />
                <showEndState>false</showEndState>
                <showName>true</showName>
            </layoutData>
            <fromItemPort locationId="bottomCenter" portType="1" />
            <toItemPort locationId="topCenter" portType="2" />
            <fromProcessItemId>2025.368fd622-b264-495a-8808-cf69f74fb360</fromProcessItemId>
            <toProcessItemId>2025.b23561c3-a692-49fa-a3fb-59a8aef650ef</toProcessItemId>
        </link>
        <link name="Untitled">
            <lastModified isNull="true" />
            <lastModifiedBy isNull="true" />
            <processLinkId>2027.079c747f-abf1-42c9-b7a2-662d096fdf3d</processLinkId>
            <processId>1.fa26cb87-f6e3-4a7a-b3a4-77b232e854c0</processId>
            <description isNull="true" />
            <fromProcessItemId>2025.1fa36451-049e-4301-9c34-caa7baf0aef9</fromProcessItemId>
            <endStateId>Out</endStateId>
            <toProcessItemId>2025.c6d0989f-272a-45d5-a19c-612e07231853</toProcessItemId>
            <guid>78c83a60-e3ae-46a0-98bd-6d21f0bfa974</guid>
            <versionId>f7a4b1c2-20a3-4eaa-803c-5a3663b31bec</versionId>
            <layoutData>
                <controlPoints />
                <showEndState>false</showEndState>
                <showName>false</showName>
            </layoutData>
            <fromItemPort locationId="rightCenter" portType="1" />
            <toItemPort locationId="leftCenter" portType="2" />
            <fromProcessItemId>2025.1fa36451-049e-4301-9c34-caa7baf0aef9</fromProcessItemId>
            <toProcessItemId>2025.c6d0989f-272a-45d5-a19c-612e07231853</toProcessItemId>
        </link>
    </process>
</teamworks>

