<?xml version="1.0" encoding="UTF-8"?>
<teamworks>
    <twClass id="12.00d87a05-ff5e-4a85-b4c3-ef3b75b58e0d" name="ECMEventClass">
        <lastModified>1343046458411</lastModified>
        <lastModifiedBy>Internal TW Admin user</lastModifiedBy>
        <classId>12.00d87a05-ff5e-4a85-b4c3-ef3b75b58e0d</classId>
        <type>0</type>
        <isSystem>false</isSystem>
        <shared>false</shared>
        <isShadow>false</isShadow>
        <globalLifetime>false</globalLifetime>
        <internalName isNull="true" />
        <extensionType isNull="true" />
        <saveServiceRef isNull="true" />
        <bpmn2Data isNull="true" />
        <externalId isNull="true" />
        <dependencySummary isNull="true" />
        <jsonData isNull="true" />
        <description>&lt;HTML&gt;&lt;HEAD&gt;&lt;/HEAD&gt;&#xD;
&lt;BODY style="FONT-FAMILY: arial; FONT-SIZE: 10pt" bgColor=#f5f5f5&gt;The ECMEventClass object represents the class of an event received from an ECM system (Document or Folder).&lt;/BODY&gt;&lt;/HTML&gt;</description>
        <guid>guid:11d1def534ea1be0:2645fcde:138b3c04098:-7ff9</guid>
        <versionId>ab38e1b6-b2bd-4e31-ac6e-1c1bda6a6cef</versionId>
        <definition>
            <validator>
                <className isNull="true" />
                <errorMessage isNull="true" />
                <webWidgetJavaClass isNull="true" />
                <externalType isNull="true" />
                <configData>
                    <schema>
                        <simpleType name="ECMEventClass">
                            <restriction base="Selection">
                                <option value="Document" display="" />
                                <option value="Folder" display="" />
                            </restriction>
                        </simpleType>
                    </schema>
                </configData>
            </validator>
            <annotation type="com.lombardisoftware.core.xml.XMLTypeAnnotation" version="2.0">
                <exclude isNull="true" />
                <anonymous isNull="true" />
                <local isNull="true" />
                <name isNull="true" />
                <namespace isNull="true" />
                <elementName isNull="true" />
                <elementNamespace isNull="true" />
                <protoTypeName isNull="true" />
                <baseTypeName isNull="true" />
                <specialType isNull="true" />
                <contentTypeVariety isNull="true" />
                <xscRef isNull="true" />
            </annotation>
        </definition>
    </twClass>
</teamworks>

