<?xml version="1.0" encoding="UTF-8"?>
<teamworks>
    <twClass id="12.1bb72496-6143-49d9-aeec-111606461e03" name="ECMListColumnType">
        <lastModified>1502466152184</lastModified>
        <lastModifiedBy>tw_admin</lastModifiedBy>
        <classId>12.1bb72496-6143-49d9-aeec-111606461e03</classId>
        <type>0</type>
        <isSystem>false</isSystem>
        <shared>false</shared>
        <isShadow>false</isShadow>
        <globalLifetime>false</globalLifetime>
        <internalName isNull="true" />
        <extensionType isNull="true" />
        <saveServiceRef isNull="true" />
        <bpmn2Data isNull="true" />
        <externalId isNull="true" />
        <dependencySummary isNull="true" />
        <jsonData isNull="true" />
        <description isNull="true" />
        <guid>aaed166c-b074-465b-9f79-6403029b947d</guid>
        <versionId>4502446e-9739-4697-8997-63043465e9ae</versionId>
        <definition>
            <validator>
                <className isNull="true" />
                <errorMessage isNull="true" />
                <webWidgetJavaClass isNull="true" />
                <externalType isNull="true" />
                <configData>
                    <schema>
                        <simpleType name="ECMListColumnType">
                            <restriction base="Selection">
                                <option value="cmis:name" display="Doc Name (Clickable)" />
                                <option value="cmis:versionLabel" display="Version Label" />
                                <option value="cmis:lastModifiedBy" display="Last Modified By" />
                                <option value="cmis:lastModificationDate" display="Last Modified Date" />
                                <option value="cmis:createdBy" display="Created By" />
                                <option value="cmis:creationDate" display="Created Date" />
                                <option value="cmis:contentStreamMimeType" display="MIME Type" />
                                <option value="cmis:contentStreamLength" display="Size/Length" />
                                <option value="_otherCmisProperty_" display="Other" />
                            </restriction>
                        </simpleType>
                    </schema>
                </configData>
            </validator>
            <annotation type="com.lombardisoftware.core.xml.XMLTypeAnnotation" version="2.0">
                <exclude isNull="true" />
                <anonymous isNull="true" />
                <local isNull="true" />
                <name isNull="true" />
                <namespace isNull="true" />
                <elementName isNull="true" />
                <elementNamespace isNull="true" />
                <protoTypeName isNull="true" />
                <baseTypeName isNull="true" />
                <specialType isNull="true" />
                <contentTypeVariety isNull="true" />
                <xscRef isNull="true" />
            </annotation>
        </definition>
    </twClass>
</teamworks>

