<?xml version="1.0" encoding="UTF-8"?>
<teamworks>
    <twClass id="12.267f6378-eeb0-4d31-9876-ef1b096418d5" name="ExplorerType">
        <lastModified>1488607394531</lastModified>
        <lastModifiedBy>celladmin</lastModifiedBy>
        <classId>12.267f6378-eeb0-4d31-9876-ef1b096418d5</classId>
        <type>0</type>
        <isSystem>false</isSystem>
        <shared>false</shared>
        <isShadow>false</isShadow>
        <globalLifetime>false</globalLifetime>
        <internalName isNull="true" />
        <extensionType isNull="true" />
        <saveServiceRef isNull="true" />
        <bpmn2Data isNull="true" />
        <externalId isNull="true" />
        <dependencySummary isNull="true" />
        <jsonData isNull="true" />
        <description isNull="true" />
        <guid>283ef261-c3f3-4ae2-8b6d-9fffeb25f4b6</guid>
        <versionId>575d83f7-dc6a-44a9-b0db-354d4770b9ef</versionId>
        <definition>
            <validator>
                <className isNull="true" />
                <errorMessage isNull="true" />
                <webWidgetJavaClass isNull="true" />
                <externalType isNull="true" />
                <configData>
                    <schema>
                        <simpleType name="ExplorerType">
                            <restriction base="Selection">
                                <option value="name" display="Doc Name (Clickable)" />
                                <option value="modifiedBy" display="Last Modified By" />
                                <option value="modificationDate" display="Last Modified Date" />
                                <option value="mimeType" display="MIME Type" />
                            </restriction>
                        </simpleType>
                    </schema>
                </configData>
            </validator>
            <annotation type="com.lombardisoftware.core.xml.XMLTypeAnnotation" version="2.0">
                <exclude isNull="true" />
                <anonymous isNull="true" />
                <local isNull="true" />
                <name isNull="true" />
                <namespace isNull="true" />
                <elementName isNull="true" />
                <elementNamespace isNull="true" />
                <protoTypeName isNull="true" />
                <baseTypeName isNull="true" />
                <specialType isNull="true" />
                <contentTypeVariety isNull="true" />
                <xscRef isNull="true" />
            </annotation>
        </definition>
    </twClass>
</teamworks>

