<?xml version="1.0" encoding="UTF-8"?>
<teamworks>
    <twClass id="12.8c19ee40-d472-418b-8623-b85490249827" name="BPMDocumentOptions">
        <lastModified>1396600403526</lastModified>
        <lastModifiedBy>Internal TW Admin user</lastModifiedBy>
        <classId>12.8c19ee40-d472-418b-8623-b85490249827</classId>
        <type>1</type>
        <isSystem>false</isSystem>
        <shared>false</shared>
        <isShadow>false</isShadow>
        <globalLifetime>false</globalLifetime>
        <internalName isNull="true" />
        <extensionType isNull="true" />
        <saveServiceRef isNull="true" />
        <bpmn2Data isNull="true" />
        <externalId isNull="true" />
        <dependencySummary isNull="true" />
        <jsonData isNull="true" />
        <description>Specifies the options for working with documents in the IBM BPM document store.</description>
        <guid>guid:8addc4e8dc818346:-4ab4d100:13a1e057831:-7335</guid>
        <versionId>76bfb861-cec9-4823-93e0-fd3b3fe34601</versionId>
        <definition>
            <property>
                <name>displayOptions</name>
                <description>Specifies the search and display options for documents in the IBM BPM document store.</description>
                <classRef>/12.d729c6e9-19f8-4edd-b9c2-89d64e6683b5</classRef>
                <arrayProperty>false</arrayProperty>
                <propertyDefault isNull="true" />
                <propertyRequired>false</propertyRequired>
                <propertyHidden>false</propertyHidden>
                <annotation type="com.lombardisoftware.core.xml.XMLFieldAnnotation" version="2.0">
                    <exclude isNull="true" />
                    <nodeType isNull="true" />
                    <name isNull="true" />
                    <namespace isNull="true" />
                    <typeName isNull="true" />
                    <typeNamespace isNull="true" />
                    <minOccurs isNull="true" />
                    <maxOccurs isNull="true" />
                    <nillable isNull="true" />
                    <order isNull="true" />
                    <wrapArray isNull="true" />
                    <arrayTypeName isNull="true" />
                    <arrayTypeAnonymous isNull="true" />
                    <arrayItemName isNull="true" />
                    <arrayItemWildcard isNull="true" />
                    <wildcard isNull="true" />
                    <wildcardVariety isNull="true" />
                    <wildcardMode isNull="true" />
                    <wildcardNamespace isNull="true" />
                    <parentModelGroupCompositor isNull="true" />
                    <timeZone isNull="true" />
                </annotation>
            </property>
            <property>
                <name>uploadOptions</name>
                <description>Specifies the upload options when creating documents in the IBM BPM document store.</description>
                <classRef>/12.5c6ec4ad-14c5-4790-a13c-1cfb6e805f74</classRef>
                <arrayProperty>false</arrayProperty>
                <propertyDefault isNull="true" />
                <propertyRequired>false</propertyRequired>
                <propertyHidden>false</propertyHidden>
                <annotation type="com.lombardisoftware.core.xml.XMLFieldAnnotation" version="2.0">
                    <exclude isNull="true" />
                    <nodeType isNull="true" />
                    <name isNull="true" />
                    <namespace isNull="true" />
                    <typeName isNull="true" />
                    <typeNamespace isNull="true" />
                    <minOccurs isNull="true" />
                    <maxOccurs isNull="true" />
                    <nillable isNull="true" />
                    <order isNull="true" />
                    <wrapArray isNull="true" />
                    <arrayTypeName isNull="true" />
                    <arrayTypeAnonymous isNull="true" />
                    <arrayItemName isNull="true" />
                    <arrayItemWildcard isNull="true" />
                    <wildcard isNull="true" />
                    <wildcardVariety isNull="true" />
                    <wildcardMode isNull="true" />
                    <wildcardNamespace isNull="true" />
                    <parentModelGroupCompositor isNull="true" />
                    <timeZone isNull="true" />
                </annotation>
            </property>
            <validator>
                <className isNull="true" />
                <errorMessage isNull="true" />
                <webWidgetJavaClass isNull="true" />
                <externalType isNull="true" />
                <configData>
                    <schema>
                        <simpleType name="BPMDocumentOptions">
                            <restriction base="String" />
                        </simpleType>
                    </schema>
                </configData>
            </validator>
            <annotation type="com.lombardisoftware.core.xml.XMLTypeAnnotation" version="2.0">
                <exclude isNull="true" />
                <anonymous isNull="true" />
                <local isNull="true" />
                <name isNull="true" />
                <namespace isNull="true" />
                <elementName isNull="true" />
                <elementNamespace isNull="true" />
                <protoTypeName isNull="true" />
                <baseTypeName isNull="true" />
                <specialType isNull="true" />
                <contentTypeVariety isNull="true" />
                <xscRef isNull="true" />
            </annotation>
        </definition>
    </twClass>
</teamworks>

