<?xml version="1.0" encoding="UTF-8"?>
<teamworks>
    <twClass id="12.967a6d2a-b93c-4dd0-bb50-ac36ac15b325" name="BPMDocumentMatchRule">
        <lastModified>1396598201860</lastModified>
        <lastModifiedBy>Internal TW Admin user</lastModifiedBy>
        <classId>12.967a6d2a-b93c-4dd0-bb50-ac36ac15b325</classId>
        <type>0</type>
        <isSystem>false</isSystem>
        <shared>false</shared>
        <isShadow>false</isShadow>
        <globalLifetime>false</globalLifetime>
        <internalName isNull="true" />
        <extensionType isNull="true" />
        <saveServiceRef isNull="true" />
        <bpmn2Data isNull="true" />
        <externalId isNull="true" />
        <dependencySummary isNull="true" />
        <jsonData isNull="true" />
        <description>Specifies the match rule when searching for documents in the IBM BPM document store. </description>
        <guid>guid:8addc4e8dc818346:-4ab4d100:13a1e057831:-732f</guid>
        <versionId>be153bd8-c2d6-4a11-9ce2-f3d462b21648</versionId>
        <definition>
            <validator>
                <className isNull="true" />
                <errorMessage isNull="true" />
                <webWidgetJavaClass isNull="true" />
                <externalType isNull="true" />
                <configData>
                    <schema>
                        <simpleType name="BPMDocumentMatchRule">
                            <restriction base="Selection">
                                <option value="NONE" display="None" />
                                <option value="ALL" display="All Properties" />
                                <option value="ANY" display="Any Property" />
                            </restriction>
                        </simpleType>
                    </schema>
                </configData>
            </validator>
            <annotation type="com.lombardisoftware.core.xml.XMLTypeAnnotation" version="2.0">
                <exclude isNull="true" />
                <anonymous isNull="true" />
                <local isNull="true" />
                <name isNull="true" />
                <namespace isNull="true" />
                <elementName isNull="true" />
                <elementNamespace isNull="true" />
                <protoTypeName isNull="true" />
                <baseTypeName isNull="true" />
                <specialType isNull="true" />
                <contentTypeVariety isNull="true" />
                <xscRef isNull="true" />
            </annotation>
        </definition>
    </twClass>
</teamworks>

