<?xml version="1.0" encoding="UTF-8"?>
<teamworks>
    <twClass id="12.a4275847-1a37-4d3c-9289-0462d5afbca9" name="ECMProperty">
        <lastModified>1394787308565</lastModified>
        <lastModifiedBy>Internal TW Admin user</lastModifiedBy>
        <classId>12.a4275847-1a37-4d3c-9289-0462d5afbca9</classId>
        <type>1</type>
        <isSystem>false</isSystem>
        <shared>false</shared>
        <isShadow>false</isShadow>
        <globalLifetime>false</globalLifetime>
        <internalName isNull="true" />
        <extensionType isNull="true" />
        <saveServiceRef isNull="true" />
        <bpmn2Data isNull="true" />
        <externalId isNull="true" />
        <dependencySummary isNull="true" />
        <jsonData isNull="true" />
        <description>&lt;html&gt;&lt;body&gt;&lt;p&gt;    &lt;font size="2" face="Helv"&gt;&lt;font size="2" face="Helv"&gt;The ECMProperty object represents a property of an ECM folder or    an ECM document.&lt;/font&gt;&lt;/font&gt;&lt;/p&gt;&lt;/body&gt;&lt;/html&gt;</description>
        <guid>guid:783b3ce9b0b325fb:-5b194fbb:133ef96b3d4:-7ff9</guid>
        <versionId>ed97df2a-9111-4f9a-87a6-6aaaccbb1008</versionId>
        <definition>
            <property>
                <name>objectTypeId</name>
                <description>&lt;HTML&gt;&lt;HEAD&gt;&#xD;
&lt;STYLE type=text/css&gt; p{margin:0px;}&lt;/STYLE&gt;&#xD;
&lt;/HEAD&gt;&#xD;
&lt;BODY style="FONT-FAMILY: arial; FONT-SIZE: 10pt" bgColor=#f5f5f5&gt;Object identity of the property type definition.&lt;/BODY&gt;&lt;/HTML&gt;</description>
                <classRef>/12.3212d5b3-f692-41b3-a893-343dc5c3df01</classRef>
                <arrayProperty>false</arrayProperty>
                <propertyDefault isNull="true" />
                <propertyRequired>false</propertyRequired>
                <propertyHidden>false</propertyHidden>
                <annotation type="com.lombardisoftware.core.xml.XMLFieldAnnotation" version="2.0">
                    <exclude isNull="true" />
                    <nodeType isNull="true" />
                    <name isNull="true" />
                    <namespace isNull="true" />
                    <typeName isNull="true" />
                    <typeNamespace isNull="true" />
                    <minOccurs isNull="true" />
                    <maxOccurs isNull="true" />
                    <nillable isNull="true" />
                    <order isNull="true" />
                    <wrapArray isNull="true" />
                    <arrayTypeName isNull="true" />
                    <arrayTypeAnonymous isNull="true" />
                    <arrayItemName isNull="true" />
                    <arrayItemWildcard isNull="true" />
                    <wildcard isNull="true" />
                    <wildcardVariety isNull="true" />
                    <wildcardMode isNull="true" />
                    <wildcardNamespace isNull="true" />
                    <parentModelGroupCompositor isNull="true" />
                    <timeZone isNull="true" />
                </annotation>
            </property>
            <property>
                <name>value</name>
                <description>&lt;HTML&gt;&lt;HEAD&gt;&#xD;
&lt;STYLE type=text/css&gt; p{margin:0px;}&lt;/STYLE&gt;&#xD;
&lt;/HEAD&gt;&#xD;
&lt;BODY style="FONT-FAMILY: arial; FONT-SIZE: 10pt" bgColor=#f5f5f5&gt;The property value.&lt;/BODY&gt;&lt;/HTML&gt;</description>
                <classRef>f1e96cc6-5fd9-4002-8b04-107d4ddae78a/12.c09c9b6e-aabd-4897-bef2-ed61db106297</classRef>
                <arrayProperty>false</arrayProperty>
                <propertyDefault isNull="true" />
                <propertyRequired>false</propertyRequired>
                <propertyHidden>false</propertyHidden>
                <annotation type="com.lombardisoftware.core.xml.XMLFieldAnnotation" version="2.0">
                    <exclude isNull="true" />
                    <nodeType isNull="true" />
                    <name isNull="true" />
                    <namespace isNull="true" />
                    <typeName isNull="true" />
                    <typeNamespace isNull="true" />
                    <minOccurs isNull="true" />
                    <maxOccurs isNull="true" />
                    <nillable isNull="true" />
                    <order isNull="true" />
                    <wrapArray isNull="true" />
                    <arrayTypeName isNull="true" />
                    <arrayTypeAnonymous isNull="true" />
                    <arrayItemName isNull="true" />
                    <arrayItemWildcard isNull="true" />
                    <wildcard isNull="true" />
                    <wildcardVariety isNull="true" />
                    <wildcardMode isNull="true" />
                    <wildcardNamespace isNull="true" />
                    <parentModelGroupCompositor isNull="true" />
                    <timeZone isNull="true" />
                </annotation>
            </property>
            <validator>
                <className isNull="true" />
                <errorMessage isNull="true" />
                <webWidgetJavaClass isNull="true" />
                <externalType isNull="true" />
                <configData>
                    <schema>
                        <simpleType name="ECMProperty">
                            <restriction base="String" />
                        </simpleType>
                    </schema>
                </configData>
            </validator>
            <annotation type="com.lombardisoftware.core.xml.XMLTypeAnnotation" version="2.0">
                <exclude isNull="true" />
                <anonymous isNull="true" />
                <local isNull="true" />
                <name isNull="true" />
                <namespace isNull="true" />
                <elementName isNull="true" />
                <elementNamespace isNull="true" />
                <protoTypeName isNull="true" />
                <baseTypeName isNull="true" />
                <specialType isNull="true" />
                <contentTypeVariety isNull="true" />
                <xscRef isNull="true" />
            </annotation>
        </definition>
    </twClass>
</teamworks>

