<?xml version="1.0" encoding="UTF-8"?>
<teamworks>
    <twClass id="12.fc940e2f-b589-438a-b7f5-d0b63db9435b" name="ViewerControlsPlacement">
        <lastModified>1490895540973</lastModified>
        <lastModifiedBy>admin</lastModifiedBy>
        <classId>12.fc940e2f-b589-438a-b7f5-d0b63db9435b</classId>
        <type>0</type>
        <isSystem>false</isSystem>
        <shared>false</shared>
        <isShadow>false</isShadow>
        <globalLifetime>false</globalLifetime>
        <internalName isNull="true" />
        <extensionType isNull="true" />
        <saveServiceRef isNull="true" />
        <bpmn2Data isNull="true" />
        <externalId isNull="true" />
        <dependencySummary isNull="true" />
        <jsonData isNull="true" />
        <description>Available placements for the File Viewer control</description>
        <guid>057927c6-98ca-46db-a51b-405d5d5e11a6</guid>
        <versionId>d7abdfe3-f530-44d0-87a9-fa2c93166e88</versionId>
        <definition>
            <validator>
                <className isNull="true" />
                <errorMessage isNull="true" />
                <webWidgetJavaClass isNull="true" />
                <externalType isNull="true" />
                <configData>
                    <schema>
                        <simpleType name="ViewerControlsPlacement">
                            <restriction base="Selection">
                                <option value="N" display="None" />
                                <option value="T" display="Top" />
                                <option value="B" display="Bottom" />
                            </restriction>
                        </simpleType>
                    </schema>
                </configData>
            </validator>
            <annotation type="com.lombardisoftware.core.xml.XMLTypeAnnotation" version="2.0">
                <exclude isNull="true" />
                <anonymous isNull="true" />
                <local isNull="true" />
                <name isNull="true" />
                <namespace isNull="true" />
                <elementName isNull="true" />
                <elementNamespace isNull="true" />
                <protoTypeName isNull="true" />
                <baseTypeName isNull="true" />
                <specialType isNull="true" />
                <contentTypeVariety isNull="true" />
                <xscRef isNull="true" />
            </annotation>
        </definition>
    </twClass>
</teamworks>

