<?xml version="1.0" encoding="UTF-8"?>
<teamworks>
    <managedAsset id="61.04b82984-98aa-43d7-a2e0-9a26d4e377df" name="ecm_document_view_preview.png">
        <lastModified>1413894209111</lastModified>
        <lastModifiedBy>Internal TW Admin user</lastModifiedBy>
        <managedAssetId>61.04b82984-98aa-43d7-a2e0-9a26d4e377df</managedAssetId>
        <assetUuid>1d507ae5-fbb6-4352-9a8c-f6af67077b35</assetUuid>
        <mimeType>image/png</mimeType>
        <charEncoding isNull="true" />
        <assetTypeCode>W</assetTypeCode>
        <length>28728</length>
        <localLastModification>1329369450688</localLastModification>
        <description isNull="true" />
        <isDocumentationFile>false</isDocumentationFile>
        <guid>guid:d5b59e2cf13bea07:-38bf33de:135854e43a6:-29b0</guid>
        <versionId>13faf5bc-822d-4aff-8912-aa3cf9133fa6</versionId>
    </managedAsset>
</teamworks>

