<?xml version="1.0" encoding="UTF-8"?>
<teamworks>
    <managedAsset id="61.0f9a052e-7bfe-46c8-80ff-457fe290865b" name="BPMExt-Control-BPMFileList.js">
        <lastModified>1495625859189</lastModified>
        <lastModifiedBy>admin</lastModifiedBy>
        <managedAssetId>61.0f9a052e-7bfe-46c8-80ff-457fe290865b</managedAssetId>
        <assetUuid>af82ff1c-e333-41a1-830a-7a4e9e6333c1</assetUuid>
        <mimeType>application/javascript</mimeType>
        <charEncoding> </charEncoding>
        <assetTypeCode>W</assetTypeCode>
        <length>51697</length>
        <localLastModification>1495625822660</localLastModification>
        <description isNull="true" />
        <isDocumentationFile>false</isDocumentationFile>
        <guid>2ad5cbff-2abe-4278-b4e5-6e3973a2f025</guid>
        <versionId>d1bb07ab-9379-487e-88bc-dae127f21593</versionId>
    </managedAsset>
</teamworks>

