<?xml version="1.0" encoding="UTF-8"?>
<teamworks>
    <managedAsset id="61.09660d9a-9fe0-4484-a951-ecf470960213" name="BPMExt-Control-ECMFolderList-Preview.png">
        <lastModified>1495130056295</lastModified>
        <lastModifiedBy>Eric Ducos</lastModifiedBy>
        <managedAssetId>61.09660d9a-9fe0-4484-a951-ecf470960213</managedAssetId>
        <assetUuid>98624fb0-be86-4963-b8bc-36298c4cab79</assetUuid>
        <mimeType>image/png</mimeType>
        <charEncoding isNull="true" />
        <assetTypeCode>W</assetTypeCode>
        <length>3097</length>
        <localLastModification>1495128991788</localLastModification>
        <description isNull="true" />
        <isDocumentationFile>false</isDocumentationFile>
        <guid>ca8099d5-8746-4cf9-8629-bd04e6c1a5e3</guid>
        <versionId>95eeb462-fb4d-4304-ac1e-699d31d1c028</versionId>
    </managedAsset>
</teamworks>

