<?xml version="1.0" encoding="UTF-8"?>
<teamworks>
    <managedAsset id="61.1bbb0e42-f4ef-4853-ae8f-a2dd61bf3cfb" name="BPMExt-Control-ECMFileList.js">
        <lastModified>1495625859189</lastModified>
        <lastModifiedBy>admin</lastModifiedBy>
        <managedAssetId>61.1bbb0e42-f4ef-4853-ae8f-a2dd61bf3cfb</managedAssetId>
        <assetUuid>0d90eba9-7ba3-4254-86ae-35c7eb28499d</assetUuid>
        <mimeType>application/javascript</mimeType>
        <charEncoding isNull="true" />
        <assetTypeCode>W</assetTypeCode>
        <length>64741</length>
        <localLastModification>1495625837430</localLastModification>
        <description isNull="true" />
        <isDocumentationFile>false</isDocumentationFile>
        <guid>0fab564a-d1e0-46f3-9e58-757b6ce1edf6</guid>
        <versionId>e30f0be4-698b-48ba-9f8c-c4b35bb0162b</versionId>
    </managedAsset>
</teamworks>

