<?xml version="1.0" encoding="UTF-8"?>
<teamworks>
    <managedAsset id="61.1ef6333e-9767-4ce1-92d7-8d73b3989626" name="BPMExt-Control-BPMFileDropzone-Palette.png">
        <lastModified>1495129647542</lastModified>
        <lastModifiedBy>Eric Ducos</lastModifiedBy>
        <managedAssetId>61.1ef6333e-9767-4ce1-92d7-8d73b3989626</managedAssetId>
        <assetUuid>a73bcc01-3652-437f-af4c-3ad3aff96da9</assetUuid>
        <mimeType>image/png</mimeType>
        <charEncoding isNull="true" />
        <assetTypeCode>W</assetTypeCode>
        <length>677</length>
        <localLastModification>1495125699556</localLastModification>
        <description isNull="true" />
        <isDocumentationFile>false</isDocumentationFile>
        <guid>ea669a13-9c94-4a71-8a6b-efc97301f4f2</guid>
        <versionId>0d355673-b8f4-4bf5-86cf-d40b3bb5c723</versionId>
    </managedAsset>
</teamworks>

