<?xml version="1.0" encoding="UTF-8"?>
<teamworks>
    <managedAsset id="61.1da7388e-22ac-47ea-80ad-d7e164937240" name="BPMExt-Control-BPMFileDropzone.js">
        <lastModified>1495194985845</lastModified>
        <lastModifiedBy>admin</lastModifiedBy>
        <managedAssetId>61.1da7388e-22ac-47ea-80ad-d7e164937240</managedAssetId>
        <assetUuid>e02fed60-57aa-46c3-9a4e-0d1c40ad43b2</assetUuid>
        <mimeType>application/javascript</mimeType>
        <charEncoding> </charEncoding>
        <assetTypeCode>W</assetTypeCode>
        <length>61886</length>
        <localLastModification>1495194980981</localLastModification>
        <description isNull="true" />
        <isDocumentationFile>false</isDocumentationFile>
        <guid>5cedaf3c-9ac0-410e-92f2-95cef2190711</guid>
        <versionId>e8f080a5-4d08-4ec0-afcc-30667780625f</versionId>
    </managedAsset>
</teamworks>

