<?xml version="1.0" encoding="UTF-8"?>
<teamworks>
    <managedAsset id="61.16ed479d-e881-4ce2-9d47-a7d9ff9399ee" name="ecm_doclist_palette_icon_resp.png">
        <lastModified>1455300407102</lastModified>
        <lastModifiedBy>tw_admin</lastModifiedBy>
        <managedAssetId>61.16ed479d-e881-4ce2-9d47-a7d9ff9399ee</managedAssetId>
        <assetUuid>22e8964c-0a16-46ac-ae85-169d538d79a1</assetUuid>
        <mimeType>image/png</mimeType>
        <charEncoding isNull="true" />
        <assetTypeCode>W</assetTypeCode>
        <length>769</length>
        <localLastModification>1454557178000</localLastModification>
        <description isNull="true" />
        <isDocumentationFile>false</isDocumentationFile>
        <guid>54a7a7b0-2320-4457-bb40-7decd7d549ac</guid>
        <versionId>189d344d-c4b8-4b18-b595-8801bb5d4bbc</versionId>
    </managedAsset>
</teamworks>

