<?xml version="1.0" encoding="UTF-8"?>
<teamworks>
    <managedAsset id="61.1d584181-a448-4108-8dba-5d156ae75613" name="BPMExt-Control-BPMFileList-Preview.png">
        <lastModified>1495129923347</lastModified>
        <lastModifiedBy>Eric Ducos</lastModifiedBy>
        <managedAssetId>61.1d584181-a448-4108-8dba-5d156ae75613</managedAssetId>
        <assetUuid>66466e57-2342-4ce0-953a-64d22dc0dffe</assetUuid>
        <mimeType>image/png</mimeType>
        <charEncoding isNull="true" />
        <assetTypeCode>W</assetTypeCode>
        <length>5014</length>
        <localLastModification>1495128920243</localLastModification>
        <description isNull="true" />
        <isDocumentationFile>false</isDocumentationFile>
        <guid>64f76102-5883-4805-88a7-2c2d95320901</guid>
        <versionId>be0f7cb3-3d7f-48df-b07e-9391f53772aa</versionId>
    </managedAsset>
</teamworks>

