<?xml version="1.0" encoding="UTF-8"?>
<teamworks>
    <managedAsset id="61.256d80bb-bb34-45ee-b21e-3a3311b68977" name="BPMExt-Control-BPMFileRevisions-Preview.png">
        <lastModified>1495130484640</lastModified>
        <lastModifiedBy>Eric Ducos</lastModifiedBy>
        <managedAssetId>61.256d80bb-bb34-45ee-b21e-3a3311b68977</managedAssetId>
        <assetUuid>5bb83846-c880-4bd2-a22a-8b4f576e6208</assetUuid>
        <mimeType>image/png</mimeType>
        <charEncoding isNull="true" />
        <assetTypeCode>W</assetTypeCode>
        <length>3472</length>
        <localLastModification>1495129030873</localLastModification>
        <description isNull="true" />
        <isDocumentationFile>false</isDocumentationFile>
        <guid>97c3c40a-f255-468e-9e09-813ee8ff9965</guid>
        <versionId>561332c4-6090-49f1-a2f4-cf598af53f8e</versionId>
    </managedAsset>
</teamworks>

