<?xml version="1.0" encoding="UTF-8"?>
<teamworks>
    <managedAsset id="61.2da5dc9e-e46a-44c6-84ac-4bb0e9e431ae" name="BPMExt-Control-DocumentExplorer-Palette.png">
        <lastModified>1495129716390</lastModified>
        <lastModifiedBy>Eric Ducos</lastModifiedBy>
        <managedAssetId>61.2da5dc9e-e46a-44c6-84ac-4bb0e9e431ae</managedAssetId>
        <assetUuid>3ca7fb0e-373d-4764-8cc0-e1cf322de3c9</assetUuid>
        <mimeType>image/png</mimeType>
        <charEncoding isNull="true" />
        <assetTypeCode>W</assetTypeCode>
        <length>615</length>
        <localLastModification>1495124627224</localLastModification>
        <description isNull="true" />
        <isDocumentationFile>false</isDocumentationFile>
        <guid>b691e9ff-d9d7-497e-9f0b-537a91ef573d</guid>
        <versionId>9a4ba6e1-726d-44f8-8522-a3f9a669f7bd</versionId>
    </managedAsset>
</teamworks>

