<?xml version="1.0" encoding="UTF-8"?>
<teamworks>
    <managedAsset id="61.2439d1af-8588-4c21-8045-fce1f74186b6" name="BPMExt-Control-ECMFileRevisions-Palette.png">
        <lastModified>1495129789864</lastModified>
        <lastModifiedBy>Eric Ducos</lastModifiedBy>
        <managedAssetId>61.2439d1af-8588-4c21-8045-fce1f74186b6</managedAssetId>
        <assetUuid>30b0ac9b-06eb-4f53-94b3-650e1a2fc0b9</assetUuid>
        <mimeType>image/png</mimeType>
        <charEncoding isNull="true" />
        <assetTypeCode>W</assetTypeCode>
        <length>357</length>
        <localLastModification>1495125834161</localLastModification>
        <description isNull="true" />
        <isDocumentationFile>false</isDocumentationFile>
        <guid>0bfb02f5-ff1f-4f60-9f5f-f44e3764b477</guid>
        <versionId>eee01704-87ab-467c-b6dc-5c20a5ea0598</versionId>
    </managedAsset>
</teamworks>

