<?xml version="1.0" encoding="UTF-8"?>
<teamworks>
    <managedAsset id="61.2b8df00f-9e13-4e55-83d5-2433068f2221" name="BPMExt-Control-ECMDocumentProperties.js">
        <lastModified>1495640097605</lastModified>
        <lastModifiedBy>admin</lastModifiedBy>
        <managedAssetId>61.2b8df00f-9e13-4e55-83d5-2433068f2221</managedAssetId>
        <assetUuid>668d67e6-b403-42aa-9e27-c078d832524a</assetUuid>
        <mimeType>application/javascript</mimeType>
        <charEncoding isNull="true" />
        <assetTypeCode>W</assetTypeCode>
        <length>43807</length>
        <localLastModification>1495640075673</localLastModification>
        <description isNull="true" />
        <isDocumentationFile>false</isDocumentationFile>
        <guid>6793022e-757e-4aa5-a173-11b260712000</guid>
        <versionId>85a7829d-0271-4204-82b4-e7d5d77fc9c9</versionId>
    </managedAsset>
</teamworks>

