<?xml version="1.0" encoding="UTF-8"?>
<teamworks>
    <managedAsset id="61.3a7082de-a4f4-44d7-add2-9b71c4b40ebb" name="BPMExt-Control-BPMContentStyle.zip">
        <lastModified>1490651074484</lastModified>
        <lastModifiedBy>admin</lastModifiedBy>
        <managedAssetId>61.3a7082de-a4f4-44d7-add2-9b71c4b40ebb</managedAssetId>
        <assetUuid>42869688-4f63-4d53-8295-675723dae53c</assetUuid>
        <mimeType>application/zip</mimeType>
        <charEncoding isNull="true" />
        <assetTypeCode>W</assetTypeCode>
        <length>3158</length>
        <localLastModification>1490651069473</localLastModification>
        <description isNull="true" />
        <isDocumentationFile>false</isDocumentationFile>
        <guid>b92d9465-c51e-45b4-b508-af2759a67356</guid>
        <versionId>0dae75eb-d6be-49c9-b835-273ec781641b</versionId>
    </managedAsset>
</teamworks>

