<?xml version="1.0" encoding="UTF-8"?>
<teamworks>
    <managedAsset id="61.3edb331d-2e63-40ec-b5b9-817f04b6e2ca" name="BPMExt-Control-BPMFileUploader-Palette.png">
        <lastModified>1495129703208</lastModified>
        <lastModifiedBy>Eric Ducos</lastModifiedBy>
        <managedAssetId>61.3edb331d-2e63-40ec-b5b9-817f04b6e2ca</managedAssetId>
        <assetUuid>e873098c-a83d-48c7-99ee-ea2b846933a1</assetUuid>
        <mimeType>image/png</mimeType>
        <charEncoding isNull="true" />
        <assetTypeCode>W</assetTypeCode>
        <length>492</length>
        <localLastModification>1495125580483</localLastModification>
        <description isNull="true" />
        <isDocumentationFile>false</isDocumentationFile>
        <guid>d7fbf9a3-ac23-4fe6-b249-b132b2e401af</guid>
        <versionId>c7a567a1-a9bb-48ab-9b50-919a40ebf7cb</versionId>
    </managedAsset>
</teamworks>

