<?xml version="1.0" encoding="UTF-8"?>
<teamworks>
    <managedAsset id="61.30755a82-8d22-4df6-b140-a86fe6c474c2" name="BPMExt-Control-DocumentExplorer-Preview.png">
        <lastModified>1495129974475</lastModified>
        <lastModifiedBy>Eric Ducos</lastModifiedBy>
        <managedAssetId>61.30755a82-8d22-4df6-b140-a86fe6c474c2</managedAssetId>
        <assetUuid>5a4dd4ff-1416-4d90-b604-c71fe25bc6ea</assetUuid>
        <mimeType>image/png</mimeType>
        <charEncoding isNull="true" />
        <assetTypeCode>W</assetTypeCode>
        <length>7218</length>
        <localLastModification>1495128109192</localLastModification>
        <description isNull="true" />
        <isDocumentationFile>false</isDocumentationFile>
        <guid>2b258b86-47e8-4fc5-96da-152bcde88d6c</guid>
        <versionId>c6ee16ed-7834-4d98-871a-edc0298446df</versionId>
    </managedAsset>
</teamworks>

