<?xml version="1.0" encoding="UTF-8"?>
<teamworks>
    <managedAsset id="61.34689fca-e61c-40a6-91a1-e1de315d4f1c" name="dashboards_artifacts_debug.zip">
        <lastModified>1446128689766</lastModified>
        <lastModifiedBy>tw_admin</lastModifiedBy>
        <managedAssetId>61.34689fca-e61c-40a6-91a1-e1de315d4f1c</managedAssetId>
        <assetUuid>1089b9c3-228b-47e8-893d-dc5c154c6b90</assetUuid>
        <mimeType>application/zip</mimeType>
        <charEncoding isNull="true" />
        <assetTypeCode>W</assetTypeCode>
        <length>2584260</length>
        <localLastModification>1395760985616</localLastModification>
        <description isNull="true" />
        <isDocumentationFile>false</isDocumentationFile>
        <guid>2c3aed0e-8798-440a-8ffa-86fdf1f0d649</guid>
        <versionId>fd0be6d3-793b-438c-a97a-ac57143529d8</versionId>
    </managedAsset>
</teamworks>

