<?xml version="1.0" encoding="UTF-8"?>
<teamworks>
    <managedAsset id="61.3e3af2fc-7d2e-46a8-b797-fe9eec247087" name="ecm_docview_palette_icon.png">
        <lastModified>1455300319670</lastModified>
        <lastModifiedBy>tw_admin</lastModifiedBy>
        <managedAssetId>61.3e3af2fc-7d2e-46a8-b797-fe9eec247087</managedAssetId>
        <assetUuid>dda1d36b-7051-4545-af20-9f588a6ecb48</assetUuid>
        <mimeType>image/png</mimeType>
        <charEncoding isNull="true" />
        <assetTypeCode>W</assetTypeCode>
        <length>464</length>
        <localLastModification>1454557178000</localLastModification>
        <description isNull="true" />
        <isDocumentationFile>false</isDocumentationFile>
        <guid>guid:d5b59e2cf13bea07:-de335b4:13530014dba:-7c2a</guid>
        <versionId>7d78726a-b036-4c40-af9c-f2a1a086a5e4</versionId>
    </managedAsset>
</teamworks>

