<?xml version="1.0" encoding="UTF-8"?>
<teamworks>
    <managedAsset id="61.4189f840-7c2d-4ffe-851e-52c4e909d2e7" name="BPMExt-Control-DocumentReference-Preview.png">
        <lastModified>1495129983115</lastModified>
        <lastModifiedBy>Eric Ducos</lastModifiedBy>
        <managedAssetId>61.4189f840-7c2d-4ffe-851e-52c4e909d2e7</managedAssetId>
        <assetUuid>014de6c4-66d6-4325-85e9-c2990aafdd21</assetUuid>
        <mimeType>image/png</mimeType>
        <charEncoding isNull="true" />
        <assetTypeCode>W</assetTypeCode>
        <length>2400</length>
        <localLastModification>1495127347514</localLastModification>
        <description isNull="true" />
        <isDocumentationFile>false</isDocumentationFile>
        <guid>b413538e-7b8d-4f17-acf1-17f7220f2967</guid>
        <versionId>f787dd54-cdd4-4b38-ac01-4dfda4057616</versionId>
    </managedAsset>
</teamworks>

