<?xml version="1.0" encoding="UTF-8"?>
<teamworks>
    <managedAsset id="61.4711a8d1-e516-4988-a724-aa0194d10ded" name="BPMExt-Control-DocumentReference-Palette.png">
        <lastModified>1495129725479</lastModified>
        <lastModifiedBy>Eric Ducos</lastModifiedBy>
        <managedAssetId>61.4711a8d1-e516-4988-a724-aa0194d10ded</managedAssetId>
        <assetUuid>acdb9e6b-a232-4fd1-ab51-c675ae007f30</assetUuid>
        <mimeType>image/png</mimeType>
        <charEncoding isNull="true" />
        <assetTypeCode>W</assetTypeCode>
        <length>821</length>
        <localLastModification>1495124651309</localLastModification>
        <description isNull="true" />
        <isDocumentationFile>false</isDocumentationFile>
        <guid>0b34a83f-e7c8-4da2-97aa-b467a0f693f3</guid>
        <versionId>4bfea1a3-5a9b-4fa8-a89d-65adbc445fe2</versionId>
    </managedAsset>
</teamworks>

