<?xml version="1.0" encoding="UTF-8"?>
<teamworks>
    <managedAsset id="61.456f465e-7e71-4534-804b-e49d75b86996" name="BPMExt-Control-ECMFileList-Preview.png">
        <lastModified>1495130023642</lastModified>
        <lastModifiedBy>Eric Ducos</lastModifiedBy>
        <managedAssetId>61.456f465e-7e71-4534-804b-e49d75b86996</managedAssetId>
        <assetUuid>9820c48c-2b11-49c0-88f6-0d872d69fc24</assetUuid>
        <mimeType>image/png</mimeType>
        <charEncoding isNull="true" />
        <assetTypeCode>W</assetTypeCode>
        <length>4980</length>
        <localLastModification>1495128904237</localLastModification>
        <description isNull="true" />
        <isDocumentationFile>false</isDocumentationFile>
        <guid>3beb3fe6-1962-4f2a-86bf-e1fac9bd65fb</guid>
        <versionId>fb369fde-96b7-4145-bd62-616e5eab9da2</versionId>
    </managedAsset>
</teamworks>

