<?xml version="1.0" encoding="UTF-8"?>
<teamworks>
    <managedAsset id="61.5c83bb15-005e-4047-a034-85b88fdeffed" name="BPMExt-Control-BPMDocumentList-Palette.png">
        <lastModified>1495129635827</lastModified>
        <lastModifiedBy>Eric Ducos</lastModifiedBy>
        <managedAssetId>61.5c83bb15-005e-4047-a034-85b88fdeffed</managedAssetId>
        <assetUuid>809c2e17-b2b5-4b63-83dc-69ef62930ccd</assetUuid>
        <mimeType>image/png</mimeType>
        <charEncoding isNull="true" />
        <assetTypeCode>W</assetTypeCode>
        <length>606</length>
        <localLastModification>1495125252018</localLastModification>
        <description isNull="true" />
        <isDocumentationFile>false</isDocumentationFile>
        <guid>76d5cf2a-3cee-485a-a8da-e965d3cb90da</guid>
        <versionId>24f16ec5-f666-42f2-a794-9d1502ae69cf</versionId>
    </managedAsset>
</teamworks>

