<?xml version="1.0" encoding="UTF-8"?>
<teamworks>
    <managedAsset id="61.55c3e0c1-b174-4453-bff6-cdbc4e8e3652" name="BPMExt-Control-BPMDocumentList.js">
        <lastModified>1494427348487</lastModified>
        <lastModifiedBy>admin</lastModifiedBy>
        <managedAssetId>61.55c3e0c1-b174-4453-bff6-cdbc4e8e3652</managedAssetId>
        <assetUuid>904e5938-146d-459a-b7f9-b86e5ffdcbbf</assetUuid>
        <mimeType>application/javascript</mimeType>
        <charEncoding isNull="true" />
        <assetTypeCode>W</assetTypeCode>
        <length>25347</length>
        <localLastModification>1494405247538</localLastModification>
        <description isNull="true" />
        <isDocumentationFile>false</isDocumentationFile>
        <guid>41ba954d-895a-4b49-9460-7a56a030e307</guid>
        <versionId>5243d561-b2e9-4038-ab6e-c2bca6233154</versionId>
    </managedAsset>
</teamworks>

