<?xml version="1.0" encoding="UTF-8"?>
<teamworks>
    <managedAsset id="61.52054a0b-a3b6-4fb7-b440-eedbbcadfb2d" name="documentList.js">
        <lastModified>1461614336020</lastModified>
        <lastModifiedBy>tw_admin</lastModifiedBy>
        <managedAssetId>61.52054a0b-a3b6-4fb7-b440-eedbbcadfb2d</managedAssetId>
        <assetUuid>fa38d91f-d8f1-429b-a9f6-cec4d8075353</assetUuid>
        <mimeType>application/javascript</mimeType>
        <charEncoding isNull="true" />
        <assetTypeCode>W</assetTypeCode>
        <length>109227</length>
        <localLastModification>1461355836443</localLastModification>
        <description isNull="true" />
        <isDocumentationFile>false</isDocumentationFile>
        <guid>guid:d5b59e2cf13bea07:-de335b4:13530014dba:-7bcf</guid>
        <versionId>970445c0-530b-4ce2-8b8e-adde74ad0965</versionId>
    </managedAsset>
</teamworks>

