<?xml version="1.0" encoding="UTF-8"?>
<teamworks>
    <managedAsset id="61.5ba19708-388c-4b13-981d-29e1164d6ac0" name="BPMExt-Control-BPMFileRevisions-Palette.png">
        <lastModified>1495129687940</lastModified>
        <lastModifiedBy>Eric Ducos</lastModifiedBy>
        <managedAssetId>61.5ba19708-388c-4b13-981d-29e1164d6ac0</managedAssetId>
        <assetUuid>0f2218e4-df0f-4fe1-bd58-91284dce9924</assetUuid>
        <mimeType>image/png</mimeType>
        <charEncoding isNull="true" />
        <assetTypeCode>W</assetTypeCode>
        <length>357</length>
        <localLastModification>1495125818723</localLastModification>
        <description isNull="true" />
        <isDocumentationFile>false</isDocumentationFile>
        <guid>00c99e86-fed6-4c7e-a20a-ba64e650862b</guid>
        <versionId>ec5da620-efd3-4529-8e92-221ac3a83b43</versionId>
    </managedAsset>
</teamworks>

