<?xml version="1.0" encoding="UTF-8"?>
<teamworks>
    <managedAsset id="61.55299a3d-52e7-4816-8b1c-b631f9d6805a" name="BPMExt-Control-ECMFileProperties-Preview.png">
        <lastModified>1495130035041</lastModified>
        <lastModifiedBy>Eric Ducos</lastModifiedBy>
        <managedAssetId>61.55299a3d-52e7-4816-8b1c-b631f9d6805a</managedAssetId>
        <assetUuid>cbd2573b-dc84-4af1-bf95-dd22ff8f92ed</assetUuid>
        <mimeType>image/png</mimeType>
        <charEncoding isNull="true" />
        <assetTypeCode>W</assetTypeCode>
        <length>3595</length>
        <localLastModification>1495129216872</localLastModification>
        <description isNull="true" />
        <isDocumentationFile>false</isDocumentationFile>
        <guid>04f2c6bd-cd7f-45e4-b82a-53eedde27ccf</guid>
        <versionId>19723646-9f0f-4431-b59a-727ebc19eb41</versionId>
    </managedAsset>
</teamworks>

