<?xml version="1.0" encoding="UTF-8"?>
<teamworks>
    <managedAsset id="61.6b4d9f5f-9bd1-4827-9d14-2f559b2d2ca5" name="BPMExt-Control-BPMFileDropzone-Preview.png">
        <lastModified>1495129908636</lastModified>
        <lastModifiedBy>Eric Ducos</lastModifiedBy>
        <managedAssetId>61.6b4d9f5f-9bd1-4827-9d14-2f559b2d2ca5</managedAssetId>
        <assetUuid>62a98171-9675-42dc-ae5e-c478e429bf49</assetUuid>
        <mimeType>image/png</mimeType>
        <charEncoding isNull="true" />
        <assetTypeCode>W</assetTypeCode>
        <length>9370</length>
        <localLastModification>1495129293479</localLastModification>
        <description isNull="true" />
        <isDocumentationFile>false</isDocumentationFile>
        <guid>ff1327ba-62ab-461c-a7b4-529ae0caa939</guid>
        <versionId>671d378c-06d0-4b81-bba7-11fb53293983</versionId>
    </managedAsset>
</teamworks>

