<?xml version="1.0" encoding="UTF-8"?>
<teamworks>
    <managedAsset id="61.6eb6e2a1-65f6-4019-900c-c68ee27f97aa" name="e77f2a7e-10b4-45ee-90eb-e5b1546cc743.zip">
        <lastModified>1446128718528</lastModified>
        <lastModifiedBy>tw_admin</lastModifiedBy>
        <managedAssetId>61.6eb6e2a1-65f6-4019-900c-c68ee27f97aa</managedAssetId>
        <assetUuid>0f72c520-1408-4401-a407-51286e694be2</assetUuid>
        <mimeType>application/zip</mimeType>
        <charEncoding isNull="true" />
        <assetTypeCode>T</assetTypeCode>
        <length>96867</length>
        <localLastModification>0</localLastModification>
        <description isNull="true" />
        <isDocumentationFile>false</isDocumentationFile>
        <guid>9292fa1f-564f-4e59-995b-ee8b879acc5f</guid>
        <versionId>b9fb78fe-150b-4188-b0bd-f32947390492</versionId>
    </managedAsset>
</teamworks>

