<?xml version="1.0" encoding="UTF-8"?>
<teamworks>
    <managedAsset id="61.76754116-cd98-436f-a69a-ca62bfd3c507" name="BPMExt-Control-BPMFileRevisionsList.js">
        <lastModified>1495111321778</lastModified>
        <lastModifiedBy>admin</lastModifiedBy>
        <managedAssetId>61.76754116-cd98-436f-a69a-ca62bfd3c507</managedAssetId>
        <assetUuid>f517d861-81d3-424d-b0b3-b7b5f690532c</assetUuid>
        <mimeType>application/javascript</mimeType>
        <charEncoding isNull="true" />
        <assetTypeCode>W</assetTypeCode>
        <length>17911</length>
        <localLastModification>1495111291571</localLastModification>
        <description isNull="true" />
        <isDocumentationFile>false</isDocumentationFile>
        <guid>a74c2590-c191-402b-82c8-8da22352ead5</guid>
        <versionId>f6e5f653-3073-49a4-aba8-d9d29f3fe160</versionId>
    </managedAsset>
</teamworks>

