<?xml version="1.0" encoding="UTF-8"?>
<teamworks>
    <managedAsset id="61.7074a076-0727-4879-b188-fa0ad6921ca6" name="BPMExt-Control-ECMDocumentList.js">
        <lastModified>1493718952678</lastModified>
        <lastModifiedBy>admin</lastModifiedBy>
        <managedAssetId>61.7074a076-0727-4879-b188-fa0ad6921ca6</managedAssetId>
        <assetUuid>a4472421-6fc3-4817-bc12-4774cbf1bf41</assetUuid>
        <mimeType>application/javascript</mimeType>
        <charEncoding isNull="true" />
        <assetTypeCode>W</assetTypeCode>
        <length>16186</length>
        <localLastModification>1493718762204</localLastModification>
        <description isNull="true" />
        <isDocumentationFile>false</isDocumentationFile>
        <guid>c1cd4aa4-e36b-461c-a5d3-02e684a3efc5</guid>
        <versionId>9dffbda2-6410-43fb-95dd-a36e33fcdd1b</versionId>
    </managedAsset>
</teamworks>

