<?xml version="1.0" encoding="UTF-8"?>
<teamworks>
    <managedAsset id="61.72c6e463-c43d-4110-a311-1448ef8dfc87" name="documentAttachment-fieldset.js">
        <lastModified>1461614324790</lastModified>
        <lastModifiedBy>Internal TW Admin user</lastModifiedBy>
        <managedAssetId>61.72c6e463-c43d-4110-a311-1448ef8dfc87</managedAssetId>
        <assetUuid>c2658dda-e328-466d-a7aa-eaf0fb5e4ada</assetUuid>
        <mimeType>application/javascript</mimeType>
        <charEncoding isNull="true" />
        <assetTypeCode>W</assetTypeCode>
        <length>19048</length>
        <localLastModification>1461355951273</localLastModification>
        <description isNull="true" />
        <isDocumentationFile>false</isDocumentationFile>
        <guid>guid:d5b59e2cf13bea07:-de335b4:13530014dba:-7bce</guid>
        <versionId>e1b467e5-7bc4-43a6-a129-c66bf2642672</versionId>
    </managedAsset>
</teamworks>

