<?xml version="1.0" encoding="UTF-8"?>
<teamworks>
    <managedAsset id="61.79badf91-6606-4c30-93f1-f286a98b4ad0" name="BPMExt-Control-ECMDocumentList-Preview.png">
        <lastModified>1495130008300</lastModified>
        <lastModifiedBy>Eric Ducos</lastModifiedBy>
        <managedAssetId>61.79badf91-6606-4c30-93f1-f286a98b4ad0</managedAssetId>
        <assetUuid>b756b930-d06e-4c78-addf-1f3a025cc0f0</assetUuid>
        <mimeType>image/png</mimeType>
        <charEncoding isNull="true" />
        <assetTypeCode>W</assetTypeCode>
        <length>7884</length>
        <localLastModification>1495128870104</localLastModification>
        <description isNull="true" />
        <isDocumentationFile>false</isDocumentationFile>
        <guid>bb2b4bc2-8be4-40fc-a752-8409ba8466a9</guid>
        <versionId>e741fe37-60eb-4367-8169-85ead1a865f5</versionId>
    </managedAsset>
</teamworks>

