<?xml version="1.0" encoding="UTF-8"?>
<teamworks>
    <managedAsset id="61.7f47c342-f0f9-4497-9bca-0da7bef42ef9" name="BPMExt-Control-BPMFileList-Palette.png">
        <lastModified>1495129656700</lastModified>
        <lastModifiedBy>Eric Ducos</lastModifiedBy>
        <managedAssetId>61.7f47c342-f0f9-4497-9bca-0da7bef42ef9</managedAssetId>
        <assetUuid>84714505-065d-4089-8a64-ee7c754dbd7f</assetUuid>
        <mimeType>image/png</mimeType>
        <charEncoding isNull="true" />
        <assetTypeCode>W</assetTypeCode>
        <length>580</length>
        <localLastModification>1495124743521</localLastModification>
        <description isNull="true" />
        <isDocumentationFile>false</isDocumentationFile>
        <guid>aa8fd0c8-de0b-4daf-9a02-7ec7703546ea</guid>
        <versionId>e09a120a-0fed-45b0-ace1-f8ca3c94e651</versionId>
    </managedAsset>
</teamworks>

