<?xml version="1.0" encoding="UTF-8"?>
<teamworks>
    <managedAsset id="61.711f5c54-ed39-4493-8043-a4ab19ae3254" name="ecm_docview_palette_icon_resp.png">
        <lastModified>1455300458984</lastModified>
        <lastModifiedBy>tw_admin</lastModifiedBy>
        <managedAssetId>61.711f5c54-ed39-4493-8043-a4ab19ae3254</managedAssetId>
        <assetUuid>24fb5060-bf85-4e83-b50d-88a9bbcf4be2</assetUuid>
        <mimeType>image/png</mimeType>
        <charEncoding isNull="true" />
        <assetTypeCode>W</assetTypeCode>
        <length>724</length>
        <localLastModification>1454557178000</localLastModification>
        <description isNull="true" />
        <isDocumentationFile>false</isDocumentationFile>
        <guid>579bd78f-952b-4eda-b119-868f2f9b9c3c</guid>
        <versionId>688a63fc-0ec8-4ddc-a18d-89cbe68e95e8</versionId>
    </managedAsset>
</teamworks>

