<?xml version="1.0" encoding="UTF-8"?>
<teamworks>
    <managedAsset id="61.80154575-9985-4080-928c-8020db9b5575" name="documentList-util.js">
        <lastModified>1461614343174</lastModified>
        <lastModifiedBy>tw_admin</lastModifiedBy>
        <managedAssetId>61.80154575-9985-4080-928c-8020db9b5575</managedAssetId>
        <assetUuid>00ecafd2-2db7-4036-998a-8c2a4048b29e</assetUuid>
        <mimeType>application/javascript</mimeType>
        <charEncoding isNull="true" />
        <assetTypeCode>W</assetTypeCode>
        <length>17431</length>
        <localLastModification>1461355542005</localLastModification>
        <description isNull="true" />
        <isDocumentationFile>false</isDocumentationFile>
        <guid>guid:d5b59e2cf13bea07:-de335b4:13530014dba:-7bcd</guid>
        <versionId>6620f6ba-93e7-479b-84be-3041443ae5ca</versionId>
    </managedAsset>
</teamworks>

