<?xml version="1.0" encoding="UTF-8"?>
<teamworks>
    <managedAsset id="61.8a94bd3a-a1b6-4507-83ef-d3872f4643fd" name="BPMExt-Control-ECMFileProperties-Palette.png">
        <lastModified>1495129760298</lastModified>
        <lastModifiedBy>Eric Ducos</lastModifiedBy>
        <managedAssetId>61.8a94bd3a-a1b6-4507-83ef-d3872f4643fd</managedAssetId>
        <assetUuid>95b20a2a-25bb-4717-8ff1-01a5683d61d2</assetUuid>
        <mimeType>image/png</mimeType>
        <charEncoding isNull="true" />
        <assetTypeCode>W</assetTypeCode>
        <length>605</length>
        <localLastModification>1495125326075</localLastModification>
        <description isNull="true" />
        <isDocumentationFile>false</isDocumentationFile>
        <guid>a5e24d23-c988-4b47-8653-c5b97e014d01</guid>
        <versionId>11649683-1759-4466-b6b8-2273093805df</versionId>
    </managedAsset>
</teamworks>

