<?xml version="1.0" encoding="UTF-8"?>
<teamworks>
    <managedAsset id="61.9903beb7-6feb-4a97-aa41-8ea44e049454" name="BPMExt-Control-ECMFileUploader-Palette.png">
        <lastModified>1495129804622</lastModified>
        <lastModifiedBy>Eric Ducos</lastModifiedBy>
        <managedAssetId>61.9903beb7-6feb-4a97-aa41-8ea44e049454</managedAssetId>
        <assetUuid>dc256759-5f88-4f5e-9e2e-cbd705efef9e</assetUuid>
        <mimeType>image/png</mimeType>
        <charEncoding isNull="true" />
        <assetTypeCode>W</assetTypeCode>
        <length>612</length>
        <localLastModification>1495125547238</localLastModification>
        <description isNull="true" />
        <isDocumentationFile>false</isDocumentationFile>
        <guid>2c2d9ffd-2fbe-4c57-a554-614dd4dcdc9d</guid>
        <versionId>947eb03b-a4fa-444c-8ca9-753a4aa53c61</versionId>
    </managedAsset>
</teamworks>

