<?xml version="1.0" encoding="UTF-8"?>
<teamworks>
    <managedAsset id="61.a588e471-f244-4d2d-add4-5af5fef406aa" name="BPMExt-Control-BPMFileUploader.js">
        <lastModified>1494427186566</lastModified>
        <lastModifiedBy>admin</lastModifiedBy>
        <managedAssetId>61.a588e471-f244-4d2d-add4-5af5fef406aa</managedAssetId>
        <assetUuid>b4945d1c-8efe-40a9-84e9-ffc8be0271f1</assetUuid>
        <mimeType>application/javascript</mimeType>
        <charEncoding isNull="true" />
        <assetTypeCode>W</assetTypeCode>
        <length>13086</length>
        <localLastModification>1494408677298</localLastModification>
        <description isNull="true" />
        <isDocumentationFile>false</isDocumentationFile>
        <guid>5b787635-5976-4fc3-84c4-43cd8c44efec</guid>
        <versionId>01e75591-12ef-4b67-be56-f7970d0f1e88</versionId>
    </managedAsset>
</teamworks>

