<?xml version="1.0" encoding="UTF-8"?>
<teamworks>
    <managedAsset id="61.a92ddb93-03f8-4d3f-8550-a476347c372d" name="ecmDocumentListPreview.png">
        <lastModified>1453229739519</lastModified>
        <lastModifiedBy>tw_admin</lastModifiedBy>
        <managedAssetId>61.a92ddb93-03f8-4d3f-8550-a476347c372d</managedAssetId>
        <assetUuid>72345760-4833-46a4-9453-d28c946f18b6</assetUuid>
        <mimeType>image/png</mimeType>
        <charEncoding isNull="true" />
        <assetTypeCode>W</assetTypeCode>
        <length>47275</length>
        <localLastModification>1453226397828</localLastModification>
        <description isNull="true" />
        <isDocumentationFile>false</isDocumentationFile>
        <guid>4720ce6c-d358-4d53-aaea-8a43aaca97cf</guid>
        <versionId>5be675ca-2169-4204-b53e-379592be573b</versionId>
    </managedAsset>
</teamworks>

