<?xml version="1.0" encoding="UTF-8"?>
<teamworks>
    <managedAsset id="61.a819168c-d394-4afc-ae0a-e95483d3ba1d" name="content-controls.debug.zip">
        <lastModified>1446128767522</lastModified>
        <lastModifiedBy>tw_admin</lastModifiedBy>
        <managedAssetId>61.a819168c-d394-4afc-ae0a-e95483d3ba1d</managedAssetId>
        <assetUuid>b5239295-2ce9-42eb-acc2-8cf9e7ef637a</assetUuid>
        <mimeType>application/zip</mimeType>
        <charEncoding isNull="true" />
        <assetTypeCode>W</assetTypeCode>
        <length>46375</length>
        <localLastModification>1426459314068</localLastModification>
        <description isNull="true" />
        <isDocumentationFile>false</isDocumentationFile>
        <guid>c22cceaf-1a60-45ff-be22-703a01f24499</guid>
        <versionId>97255b90-aba5-40e3-a42b-b1c3a5c3a27b</versionId>
    </managedAsset>
</teamworks>

