<?xml version="1.0" encoding="UTF-8"?>
<teamworks>
    <managedAsset id="61.a95021f4-f25f-4098-bc21-ce0b713fd705" name="BPMExt-Control-ECMFileRevisions-Preview.png">
        <lastModified>1495130437987</lastModified>
        <lastModifiedBy>Eric Ducos</lastModifiedBy>
        <managedAssetId>61.a95021f4-f25f-4098-bc21-ce0b713fd705</managedAssetId>
        <assetUuid>09c35892-fdeb-4f4d-ab1d-69b2c7ddfc86</assetUuid>
        <mimeType>image/png</mimeType>
        <charEncoding isNull="true" />
        <assetTypeCode>W</assetTypeCode>
        <length>3441</length>
        <localLastModification>1495129014824</localLastModification>
        <description isNull="true" />
        <isDocumentationFile>false</isDocumentationFile>
        <guid>46893f1a-3ea8-46e0-b766-0ebe15c775ea</guid>
        <versionId>9e68f9a0-3b1f-4faf-a092-3e42459223d4</versionId>
    </managedAsset>
</teamworks>

