<?xml version="1.0" encoding="UTF-8"?>
<teamworks>
    <managedAsset id="61.b1f40b4a-2768-4428-baa3-42f23c205fab" name="ecm_doclist_preview.png">
        <lastModified>1413895221339</lastModified>
        <lastModifiedBy>Internal TW Admin user</lastModifiedBy>
        <managedAssetId>61.b1f40b4a-2768-4428-baa3-42f23c205fab</managedAssetId>
        <assetUuid>3f9a7424-9cc7-4b02-8a1c-3ed30eb10b71</assetUuid>
        <mimeType>image/png</mimeType>
        <charEncoding isNull="true" />
        <assetTypeCode>W</assetTypeCode>
        <length>35013</length>
        <localLastModification>1329369434564</localLastModification>
        <description isNull="true" />
        <isDocumentationFile>false</isDocumentationFile>
        <guid>guid:d5b59e2cf13bea07:-38bf33de:135854e43a6:-298e</guid>
        <versionId>c752b78f-67ec-42fb-9927-412b98df4a84</versionId>
    </managedAsset>
</teamworks>

