<?xml version="1.0" encoding="UTF-8"?>
<teamworks>
    <managedAsset id="61.b3983fa6-231d-4666-b3eb-70e49c3a2fa0" name="BPMExt-Control-ECMFileUploader-Preview.png">
        <lastModified>1495130045881</lastModified>
        <lastModifiedBy>Eric Ducos</lastModifiedBy>
        <managedAssetId>61.b3983fa6-231d-4666-b3eb-70e49c3a2fa0</managedAssetId>
        <assetUuid>6a5993f3-9492-4355-8a12-d679421b5bc1</assetUuid>
        <mimeType>image/png</mimeType>
        <charEncoding isNull="true" />
        <assetTypeCode>W</assetTypeCode>
        <length>2283</length>
        <localLastModification>1495129400053</localLastModification>
        <description isNull="true" />
        <isDocumentationFile>false</isDocumentationFile>
        <guid>14c8887c-7f83-421e-af55-e695d07a51e9</guid>
        <versionId>97d641a4-1d2c-4283-b017-a2900ae5e8cb</versionId>
    </managedAsset>
</teamworks>

