<?xml version="1.0" encoding="UTF-8"?>
<teamworks>
    <managedAsset id="61.b87f7c4c-be52-4181-8b02-033a75616b0e" name="responsiveDocViewer.html">
        <lastModified>1477946481400</lastModified>
        <lastModifiedBy>tw_admin</lastModifiedBy>
        <managedAssetId>61.b87f7c4c-be52-4181-8b02-033a75616b0e</managedAssetId>
        <assetUuid>7c2dd59f-0493-4850-bb96-a2ea9ddf119e</assetUuid>
        <mimeType>text/html</mimeType>
        <charEncoding isNull="true" />
        <assetTypeCode>W</assetTypeCode>
        <length>2872</length>
        <localLastModification>1477946481400</localLastModification>
        <description isNull="true" />
        <isDocumentationFile>false</isDocumentationFile>
        <guid>1f07d333-e69c-4e66-a2ea-16d797f90228</guid>
        <versionId>5dbc1308-de84-44a1-a1b1-b487101d02a4</versionId>
    </managedAsset>
</teamworks>

