<?xml version="1.0" encoding="UTF-8"?>
<teamworks>
    <managedAsset id="61.b2abbb9b-08d4-4c48-896c-d132ce76087d" name="BPMExt-Control-FileViewer.js">
        <lastModified>1494486939809</lastModified>
        <lastModifiedBy>admin</lastModifiedBy>
        <managedAssetId>61.b2abbb9b-08d4-4c48-896c-d132ce76087d</managedAssetId>
        <assetUuid>ac3dc12f-ff17-4d7e-8425-fa44402d9882</assetUuid>
        <mimeType>application/javascript</mimeType>
        <charEncoding isNull="true" />
        <assetTypeCode>W</assetTypeCode>
        <length>16281</length>
        <localLastModification>1494319275375</localLastModification>
        <description isNull="true" />
        <isDocumentationFile>false</isDocumentationFile>
        <guid>c8c82b90-d723-4043-8fc5-a5967627c9c7</guid>
        <versionId>55388e68-bbfa-4063-a195-08adaac64927</versionId>
    </managedAsset>
</teamworks>

