<?xml version="1.0" encoding="UTF-8"?>
<teamworks>
    <managedAsset id="61.b9be1751-0397-46fb-abdc-d0f152979eb1" name="BPMExt-Control-BPMDocumentList-Preview.png">
        <lastModified>1495129896138</lastModified>
        <lastModifiedBy>Eric Ducos</lastModifiedBy>
        <managedAssetId>61.b9be1751-0397-46fb-abdc-d0f152979eb1</managedAssetId>
        <assetUuid>368624df-f749-45c8-9d97-abfe2d769d7b</assetUuid>
        <mimeType>image/png</mimeType>
        <charEncoding isNull="true" />
        <assetTypeCode>W</assetTypeCode>
        <length>7908</length>
        <localLastModification>1495128851721</localLastModification>
        <description isNull="true" />
        <isDocumentationFile>false</isDocumentationFile>
        <guid>499e1830-eb4c-4ade-9d6f-53e0da84197f</guid>
        <versionId>067f5c6b-587a-44db-b09b-79068d0b904f</versionId>
    </managedAsset>
</teamworks>

