<?xml version="1.0" encoding="UTF-8"?>
<teamworks>
    <managedAsset id="61.bc4aa7d1-e61f-42b5-825b-5c2b0a0277ad" name="documentListStyles.css">
        <lastModified>1450451718064</lastModified>
        <lastModifiedBy>tw_admin</lastModifiedBy>
        <managedAssetId>61.bc4aa7d1-e61f-42b5-825b-5c2b0a0277ad</managedAssetId>
        <assetUuid>b4f38d51-f640-4f80-8496-60370f5a2323</assetUuid>
        <mimeType>text/css</mimeType>
        <charEncoding isNull="true" />
        <assetTypeCode>W</assetTypeCode>
        <length>9105</length>
        <localLastModification>1450291871919</localLastModification>
        <description isNull="true" />
        <isDocumentationFile>false</isDocumentationFile>
        <guid>guid:d5b59e2cf13bea07:7b2a699e:1357047ec90:-749b</guid>
        <versionId>ebd908f2-b13c-4218-9979-be308eee2872</versionId>
    </managedAsset>
</teamworks>

