<?xml version="1.0" encoding="UTF-8"?>
<teamworks>
    <managedAsset id="61.bea510b5-df85-4889-823e-4293c06b42b9" name="ecmDocumentViewerPreview.png">
        <lastModified>1453229752909</lastModified>
        <lastModifiedBy>tw_admin</lastModifiedBy>
        <managedAssetId>61.bea510b5-df85-4889-823e-4293c06b42b9</managedAssetId>
        <assetUuid>e78e898f-afef-4497-833f-80714ceeb630</assetUuid>
        <mimeType>image/png</mimeType>
        <charEncoding isNull="true" />
        <assetTypeCode>W</assetTypeCode>
        <length>34398</length>
        <localLastModification>1453226402599</localLastModification>
        <description isNull="true" />
        <isDocumentationFile>false</isDocumentationFile>
        <guid>48de6361-2ef0-4b61-bcb2-47c8183e600e</guid>
        <versionId>f42bc3f7-9ad1-4e8b-9556-495c1e41f94f</versionId>
    </managedAsset>
</teamworks>

