<?xml version="1.0" encoding="UTF-8"?>
<teamworks>
    <managedAsset id="61.c8e6d91d-8d38-4a2e-a772-dd839eab0766" name="BPMExt-Control-DocumentExplorer.js">
        <lastModified>1494855679386</lastModified>
        <lastModifiedBy>admin</lastModifiedBy>
        <managedAssetId>61.c8e6d91d-8d38-4a2e-a772-dd839eab0766</managedAssetId>
        <assetUuid>9e2f8a78-8e14-44aa-8095-b2b73fa5ee6e</assetUuid>
        <mimeType>application/javascript</mimeType>
        <charEncoding isNull="true" />
        <assetTypeCode>W</assetTypeCode>
        <length>188021</length>
        <localLastModification>1494855587315</localLastModification>
        <description isNull="true" />
        <isDocumentationFile>false</isDocumentationFile>
        <guid>be7f517f-5d14-49d8-a116-ae982f513383</guid>
        <versionId>067f4f8f-a52b-4348-9326-697019e6fda3</versionId>
    </managedAsset>
</teamworks>

