<?xml version="1.0" encoding="UTF-8"?>
<teamworks>
    <managedAsset id="61.c40711a5-c8a7-4fd3-9318-cceacc357700" name="ecmDialogTemplate.html">
        <lastModified>1482249084988</lastModified>
        <lastModifiedBy>tw_admin</lastModifiedBy>
        <managedAssetId>61.c40711a5-c8a7-4fd3-9318-cceacc357700</managedAssetId>
        <assetUuid>94cb3441-471d-483f-b9e1-ad16b0e84bc8</assetUuid>
        <mimeType>text/html</mimeType>
        <charEncoding isNull="true" />
        <assetTypeCode>W</assetTypeCode>
        <length>38071</length>
        <localLastModification>1482249084988</localLastModification>
        <description isNull="true" />
        <isDocumentationFile>false</isDocumentationFile>
        <guid>ec963f6f-5c5d-43d5-8568-1e6a1e332b0e</guid>
        <versionId>532054db-f3c2-404a-b06e-8faea2e867ed</versionId>
    </managedAsset>
</teamworks>

