<?xml version="1.0" encoding="UTF-8"?>
<teamworks>
    <managedAsset id="61.d44b1cd0-1e4f-4063-b86b-270d6b8896c7" name="BPMExt-Control-ECMFolderList-Palette.png">
        <lastModified>1495129812584</lastModified>
        <lastModifiedBy>Eric Ducos</lastModifiedBy>
        <managedAssetId>61.d44b1cd0-1e4f-4063-b86b-270d6b8896c7</managedAssetId>
        <assetUuid>a1376e7b-3f4c-4c8c-9c73-e8150d484d84</assetUuid>
        <mimeType>image/png</mimeType>
        <charEncoding isNull="true" />
        <assetTypeCode>W</assetTypeCode>
        <length>516</length>
        <localLastModification>1495126599935</localLastModification>
        <description isNull="true" />
        <isDocumentationFile>false</isDocumentationFile>
        <guid>35208bd2-2323-4ef6-b42e-80dec4fd12b1</guid>
        <versionId>cc5f694c-1b64-426a-8e2c-28897df5729a</versionId>
    </managedAsset>
</teamworks>

