<?xml version="1.0" encoding="UTF-8"?>
<teamworks>
    <managedAsset id="61.e7eda97a-e63c-4fcc-8b15-5c18e86bb6d3" name="BPMExt-Control-ECMDocumentList-Palette.png">
        <lastModified>1495129736354</lastModified>
        <lastModifiedBy>Eric Ducos</lastModifiedBy>
        <managedAssetId>61.e7eda97a-e63c-4fcc-8b15-5c18e86bb6d3</managedAssetId>
        <assetUuid>9965ef57-e152-4832-8f34-c184346f530a</assetUuid>
        <mimeType>image/png</mimeType>
        <charEncoding isNull="true" />
        <assetTypeCode>W</assetTypeCode>
        <length>595</length>
        <localLastModification>1495125278693</localLastModification>
        <description isNull="true" />
        <isDocumentationFile>false</isDocumentationFile>
        <guid>d2e52f2c-0edb-40d5-a9e8-f31b3b6e543c</guid>
        <versionId>7d3319bf-3318-49b1-bf80-9b21d6ff68a5</versionId>
    </managedAsset>
</teamworks>

