<?xml version="1.0" encoding="UTF-8"?>
<teamworks>
    <managedAsset id="61.e2680b2c-138f-4d6b-8217-ba931a842942" name="BPMExt-Control-FileViewer-Palette.png">
        <lastModified>1495129821634</lastModified>
        <lastModifiedBy>Eric Ducos</lastModifiedBy>
        <managedAssetId>61.e2680b2c-138f-4d6b-8217-ba931a842942</managedAssetId>
        <assetUuid>14f5dc74-cc60-41e5-aebb-f45efbcf1159</assetUuid>
        <mimeType>image/png</mimeType>
        <charEncoding isNull="true" />
        <assetTypeCode>W</assetTypeCode>
        <length>722</length>
        <localLastModification>1495124595863</localLastModification>
        <description isNull="true" />
        <isDocumentationFile>false</isDocumentationFile>
        <guid>460c4305-a541-4d77-8db0-090c80b667f3</guid>
        <versionId>56b71205-9d63-4404-bb57-4728d229a857</versionId>
    </managedAsset>
</teamworks>

