<?xml version="1.0" encoding="UTF-8"?>
<teamworks>
    <managedAsset id="61.e13bfbca-33da-4e9b-80d6-ace4f0becc19" name="BPMExt-Control-BPMFileProperties-Preview.png">
        <lastModified>1495129934958</lastModified>
        <lastModifiedBy>Eric Ducos</lastModifiedBy>
        <managedAssetId>61.e13bfbca-33da-4e9b-80d6-ace4f0becc19</managedAssetId>
        <assetUuid>7fbe64cc-a4dd-44ea-a165-618a0f360e82</assetUuid>
        <mimeType>image/png</mimeType>
        <charEncoding isNull="true" />
        <assetTypeCode>W</assetTypeCode>
        <length>3673</length>
        <localLastModification>1495129192220</localLastModification>
        <description isNull="true" />
        <isDocumentationFile>false</isDocumentationFile>
        <guid>8777ac45-bee7-4b5e-9702-1fc09c0b7e52</guid>
        <versionId>5c5891b8-5d16-4e00-92e8-48d42bbcb928</versionId>
    </managedAsset>
</teamworks>

