<?xml version="1.0" encoding="UTF-8"?>
<teamworks>
    <managedAsset id="61.e99ba732-2151-4272-b5f0-ded505c1a555" name="BPMExt-Control-ECMFileDropzone.js">
        <lastModified>1495622119129</lastModified>
        <lastModifiedBy>admin</lastModifiedBy>
        <managedAssetId>61.e99ba732-2151-4272-b5f0-ded505c1a555</managedAssetId>
        <assetUuid>dd3ba5d6-f8e0-4851-97d9-4acd05fd0210</assetUuid>
        <mimeType>application/javascript</mimeType>
        <charEncoding> </charEncoding>
        <assetTypeCode>W</assetTypeCode>
        <length>44677</length>
        <localLastModification>1495622064209</localLastModification>
        <description isNull="true" />
        <isDocumentationFile>false</isDocumentationFile>
        <guid>bf85ac54-a862-4a40-8312-c12004625be1</guid>
        <versionId>0c9927c1-10af-48f2-a5a5-e27fb69ddb48</versionId>
    </managedAsset>
</teamworks>

