<?xml version="1.0" encoding="UTF-8"?>
<teamworks>
    <managedAsset id="61.ecff341a-a9b7-4d1c-81b3-3ea6a7b7f633" name="BPMExt-Control-BPMFileProperties-Palette.png">
        <lastModified>1495129667443</lastModified>
        <lastModifiedBy>Eric Ducos</lastModifiedBy>
        <managedAssetId>61.ecff341a-a9b7-4d1c-81b3-3ea6a7b7f633</managedAssetId>
        <assetUuid>f5c6e0d6-fbab-4d1a-9709-a326c0619657</assetUuid>
        <mimeType>image/png</mimeType>
        <charEncoding isNull="true" />
        <assetTypeCode>W</assetTypeCode>
        <length>597</length>
        <localLastModification>1495125340639</localLastModification>
        <description isNull="true" />
        <isDocumentationFile>false</isDocumentationFile>
        <guid>cb71ddec-a5e2-40e0-868a-c1d109e9d384</guid>
        <versionId>fe75dedb-653e-40e7-a9b5-92212fb97853</versionId>
    </managedAsset>
</teamworks>

