<?xml version="1.0" encoding="UTF-8"?>
<teamworks>
    <managedAsset id="61.f9ff62d4-48df-44f5-ab99-f0b79abab6d6" name="BPMExt-Control-ECMFileRevisionsList.js">
        <lastModified>1495111306796</lastModified>
        <lastModifiedBy>admin</lastModifiedBy>
        <managedAssetId>61.f9ff62d4-48df-44f5-ab99-f0b79abab6d6</managedAssetId>
        <assetUuid>a85e65e1-5439-47ff-af67-1d928e0d601b</assetUuid>
        <mimeType>application/javascript</mimeType>
        <charEncoding isNull="true" />
        <assetTypeCode>W</assetTypeCode>
        <length>19876</length>
        <localLastModification>1495111283935</localLastModification>
        <description isNull="true" />
        <isDocumentationFile>false</isDocumentationFile>
        <guid>f1dd3b17-1a8f-44b0-a0de-4e13696546f6</guid>
        <versionId>34053548-ce4f-40a0-9631-927f2f502a23</versionId>
    </managedAsset>
</teamworks>

