<?xml version="1.0" encoding="UTF-8"?>
<teamworks>
    <managedAsset id="61.f5c1ab45-90d7-49fc-8911-634758c06cbc" name="docViewer.preview.min.js">
        <lastModified>1444058824947</lastModified>
        <lastModifiedBy>tw_admin</lastModifiedBy>
        <managedAssetId>61.f5c1ab45-90d7-49fc-8911-634758c06cbc</managedAssetId>
        <assetUuid>26024712-0e95-46f8-8da0-f7168ff21e9a</assetUuid>
        <mimeType>application/javascript</mimeType>
        <charEncoding isNull="true" />
        <assetTypeCode>W</assetTypeCode>
        <length>1679</length>
        <localLastModification>1444058807234</localLastModification>
        <description isNull="true" />
        <isDocumentationFile>false</isDocumentationFile>
        <guid>8b49a52a-7952-4ff1-8ec0-94d936dced61</guid>
        <versionId>83d79ebb-44ad-4932-9763-b8357ad46889</versionId>
    </managedAsset>
</teamworks>

