<?xml version="1.0" encoding="UTF-8"?>
<teamworks>
    <projectDefaults id="63.1d7b0bfd-521a-4526-8bc7-25700c713212" name="Toolkit Settings">
        <lastModified>1413360201534</lastModified>
        <lastModifiedBy>Internal TW Admin user</lastModifiedBy>
        <projectDefaultsId>63.1d7b0bfd-521a-4526-8bc7-25700c713212</projectDefaultsId>
        <description isNull="true" />
        <guid>guid:2021f72130063eff:-2eccfb0e:135d3290401:-3ea7</guid>
        <versionId>7600bfb0-d22d-11e5-a837-0800200c9a66</versionId>
        <participantRef isNull="true" />
        <defaultXslRef isNull="true" />
        <defaultCssRef isNull="true" />
        <defaultTheme>f1e96cc6-5fd9-4002-8b04-107d4ddae78a/72.e77f2a7e-10b4-45ee-90eb-e5b1546cc743</defaultTheme>
        <themeVersion isNull="true" />
        <defaultJsRefs isNull="true" />
        <isWbmEnabled>false</isWbmEnabled>
        <namespace>http://CIT</namespace>
        <isIidOptimized>true</isIidOptimized>
        <isQueueBypass>1</isQueueBypass>
        <templateAcronymReference isNull="true" />
        <templateSnapshotReference isNull="true" />
        <targetEnvironment>BAW_tWAS</targetEnvironment>
    </projectDefaults>
</teamworks>

