<?xml version="1.0" encoding="UTF-8"?>
<teamworks>
    <coachView id="64.1bd959ad-3c75-48c9-975b-8f234d664180" name="File Viewer">
        <lastModified>1496085706122</lastModified>
        <lastModifiedBy>tw_admin</lastModifiedBy>
        <coachViewId>64.1bd959ad-3c75-48c9-975b-8f234d664180</coachViewId>
        <isTemplate>false</isTemplate>
        <layout>&lt;?xml version="1.0" encoding="UTF-8" standalone="yes"?&gt;&lt;ns2:layout xmlns:ns2="http://www.ibm.com/bpm/CoachDesignerNG" xmlns:ns3="http://www.ibm.com/bpm/coachview"/&gt;</layout>
        <paletteIcon>/61.e2680b2c-138f-4d6b-8217-ba931a842942</paletteIcon>
        <previewImage>/61.2ece1aae-61ee-494e-a10d-2b930e6e9120</previewImage>
        <hasLabel>false</hasLabel>
        <labelPosition>0</labelPosition>
        <nineSliceX1Coord>40</nineSliceX1Coord>
        <nineSliceX2Coord>82</nineSliceX2Coord>
        <nineSliceY1Coord>5</nineSliceY1Coord>
        <nineSliceY2Coord>26</nineSliceY2Coord>
        <emitBoundary>false</emitBoundary>
        <isPrototypeFunc>true</isPrototypeFunc>
        <enableDevMode>false</enableDevMode>
        <isMobileReady>true</isMobileReady>
        <loadJsFunction isNull="true" />
        <unloadJsFunction isNull="true" />
        <viewJsFunction isNull="true" />
        <changeJsFunction isNull="true" />
        <collaborationJsFunction isNull="true" />
        <description>&lt;HTML&gt;&lt;HEAD&gt;&#xD;
&lt;STYLE type=text/css&gt; p{margin:0px;}&lt;/STYLE&gt;&#xD;
&lt;/HEAD&gt;&#xD;
&lt;BODY style="FONT-SIZE: 10pt; FONT-FAMILY: arial" bgColor=#f5f5f5&gt;The File Viewer control allows users to view files that have been uploaded using either the BPM File Dropzone or BPM File Uploader, it should be used in conjunction with the BPM File List.&lt;/BODY&gt;&lt;/HTML&gt;</description>
        <validateJsFunction isNull="true" />
        <previewAdvHtml isNull="true" />
        <previewAdvJs isNull="true" />
        <useUrlBinding>false</useUrlBinding>
        <guid>d1ba5c91-815e-428a-8849-bc04139259d0</guid>
        <versionId>cfc7cfb3-19d8-4602-b23a-8f344391f3b8</versionId>
        <field1 isNull="true" />
        <field2 isNull="true" />
        <field3>0</field3>
        <field4 isNull="true" />
        <field5>false</field5>
        <clobField1 isNull="true" />
        <bindingType name="docInfo">
            <lastModified isNull="true" />
            <lastModifiedBy isNull="true" />
            <coachViewBindingTypeId>65.7cc3c9ec-2f4b-4866-bebd-67516d961e4b</coachViewBindingTypeId>
            <coachViewId>64.1bd959ad-3c75-48c9-975b-8f234d664180</coachViewId>
            <isList>false</isList>
            <classId>/12.b0e1b82e-1f8e-4ef7-b5da-2e07effdf361</classId>
            <seq>0</seq>
            <description isNull="true" />
            <guid>f74151db-0dc3-42bf-baa7-73a0f59b1a14</guid>
            <versionId>4929dc3f-f095-4bc9-960c-5e75295b5996</versionId>
        </bindingType>
        <configOption name="fitWidth">
            <lastModified isNull="true" />
            <lastModifiedBy isNull="true" />
            <coachViewConfigOptionId>66.ce4f434e-73d5-4d4b-91cf-88e76c5646d5</coachViewConfigOptionId>
            <coachViewId>64.1bd959ad-3c75-48c9-975b-8f234d664180</coachViewId>
            <isList>false</isList>
            <propertyType>OBJECT</propertyType>
            <label>tw.resource.DocumentList.FileViewerLBLfitWidth</label>
            <classId>f1e96cc6-5fd9-4002-8b04-107d4ddae78a/12.83ff975e-8dbc-42e5-b738-fa8bc08274a2</classId>
            <processId isNull="true" />
            <actionflowId isNull="true" />
            <isAdaptive>false</isAdaptive>
            <seq>0</seq>
            <description>tw.resource.DocumentList.FileViewerDOCfitWidth</description>
            <groupName>tw.resource.DocumentList.zCommonGRPBehavior</groupName>
            <guid>guid:fe18d1e06212d4a6:-20e49d18:15b207dab97:-7fff</guid>
            <versionId>ff8fb090-bb03-4113-ae36-633179ac522d</versionId>
        </configOption>
        <configOption name="fitHeight">
            <lastModified isNull="true" />
            <lastModifiedBy isNull="true" />
            <coachViewConfigOptionId>66.8aeeb7d9-d7d1-4d96-be72-50a982614e2e</coachViewConfigOptionId>
            <coachViewId>64.1bd959ad-3c75-48c9-975b-8f234d664180</coachViewId>
            <isList>false</isList>
            <propertyType>OBJECT</propertyType>
            <label>tw.resource.DocumentList.FileViewerLBLfitHeight</label>
            <classId>f1e96cc6-5fd9-4002-8b04-107d4ddae78a/12.83ff975e-8dbc-42e5-b738-fa8bc08274a2</classId>
            <processId isNull="true" />
            <actionflowId isNull="true" />
            <isAdaptive>false</isAdaptive>
            <seq>1</seq>
            <description>tw.resource.DocumentList.FileViewerDOCfitHeight</description>
            <groupName>tw.resource.DocumentList.zCommonGRPBehavior</groupName>
            <guid>guid:fe18d1e06212d4a6:-20e49d18:15b207dab97:-7ffe</guid>
            <versionId>bb51cc0a-8ca9-45e2-990c-63d9e635afee</versionId>
        </configOption>
        <configOption name="ctrlsPlacement">
            <lastModified isNull="true" />
            <lastModifiedBy isNull="true" />
            <coachViewConfigOptionId>66.aff37ccd-e3de-4346-97e8-f48182f913a8</coachViewConfigOptionId>
            <coachViewId>64.1bd959ad-3c75-48c9-975b-8f234d664180</coachViewId>
            <isList>false</isList>
            <propertyType>OBJECT</propertyType>
            <label>tw.resource.DocumentList.FileViewerLBLctrlsPlacement</label>
            <classId>/12.fc940e2f-b589-438a-b7f5-d0b63db9435b</classId>
            <processId isNull="true" />
            <actionflowId isNull="true" />
            <isAdaptive>false</isAdaptive>
            <seq>2</seq>
            <description>tw.resource.DocumentList.FileViewerDOCctrlsPlacement</description>
            <groupName>tw.resource.DocumentList.zCommonGRPAppearance</groupName>
            <guid>19da1fc3-f126-4483-a801-46656f59749f</guid>
            <versionId>682e4890-3dd5-40c5-9084-649e01bcec36</versionId>
        </configOption>
        <configOption name="width">
            <lastModified isNull="true" />
            <lastModifiedBy isNull="true" />
            <coachViewConfigOptionId>66.433d3014-c65a-4fcf-bf4b-58c2b3c2b5ed</coachViewConfigOptionId>
            <coachViewId>64.1bd959ad-3c75-48c9-975b-8f234d664180</coachViewId>
            <isList>false</isList>
            <propertyType>OBJECT</propertyType>
            <label>tw.resource.DocumentList.FileViewerLBLwidth</label>
            <classId>f1e96cc6-5fd9-4002-8b04-107d4ddae78a/12.db884a3c-c533-44b7-bb2d-47bec8ad4022</classId>
            <processId isNull="true" />
            <actionflowId isNull="true" />
            <isAdaptive>false</isAdaptive>
            <seq>3</seq>
            <description>tw.resource.DocumentList.FileViewerDOCwidth</description>
            <groupName>tw.resource.DocumentList.zCommonGRPAppearance</groupName>
            <guid>701805b8-0444-47dc-a379-faf9404a3e01</guid>
            <versionId>de870e9e-419d-481d-ab57-45beb58e33fd</versionId>
        </configOption>
        <configOption name="height">
            <lastModified isNull="true" />
            <lastModifiedBy isNull="true" />
            <coachViewConfigOptionId>66.e929d365-216a-40dd-9972-8e17cbb3b9e6</coachViewConfigOptionId>
            <coachViewId>64.1bd959ad-3c75-48c9-975b-8f234d664180</coachViewId>
            <isList>false</isList>
            <propertyType>OBJECT</propertyType>
            <label>tw.resource.DocumentList.FileViewerLBLheight</label>
            <classId>f1e96cc6-5fd9-4002-8b04-107d4ddae78a/12.db884a3c-c533-44b7-bb2d-47bec8ad4022</classId>
            <processId isNull="true" />
            <actionflowId isNull="true" />
            <isAdaptive>false</isAdaptive>
            <seq>4</seq>
            <description>tw.resource.DocumentList.FileViewerDOCheight</description>
            <groupName>tw.resource.DocumentList.zCommonGRPAppearance</groupName>
            <guid>a03b80c7-c07e-4bfe-9b7c-53d7228833a3</guid>
            <versionId>15731858-bc11-485f-aa5e-adebc88762fb</versionId>
        </configOption>
        <configOption name="eventON_LOAD">
            <lastModified isNull="true" />
            <lastModifiedBy isNull="true" />
            <coachViewConfigOptionId>66.1aea485c-8135-40e8-b20f-ca442b661bb2</coachViewConfigOptionId>
            <coachViewId>64.1bd959ad-3c75-48c9-975b-8f234d664180</coachViewId>
            <isList>false</isList>
            <propertyType>EVENT</propertyType>
            <label>tw.resource.DocumentList.FileViewerLBLeventONLOAD</label>
            <classId>f1e96cc6-5fd9-4002-8b04-107d4ddae78a/12.db884a3c-c533-44b7-bb2d-47bec8ad4022</classId>
            <processId isNull="true" />
            <actionflowId isNull="true" />
            <isAdaptive>false</isAdaptive>
            <seq>5</seq>
            <description>tw.resource.DocumentList.FileViewerDOCeventONLOAD</description>
            <groupName>tw.resource.DocumentList.zCommonGRPEvents</groupName>
            <guid>3b1aebf9-cef5-4c41-a95c-268e27aba98a</guid>
            <versionId>1748f46d-945f-4a6f-9fba-9201a71c8837</versionId>
        </configOption>
        <dynamicStyle>
            <lastModified isNull="true" />
            <lastModifiedBy isNull="true" />
            <coachViewDynamicStyleId>73.cdeeef90-275d-429a-86ab-b9855ff91f3f</coachViewDynamicStyleId>
            <coachViewId>64.1bd959ad-3c75-48c9-975b-8f234d664180</coachViewId>
            <filePath>bpmUI.less</filePath>
            <assetUuid>f496ca18-836b-46b7-8846-85b2ee01f7eb/61.26865295-8511-4538-b8f1-4cb99c203a92</assetUuid>
            <seq>0</seq>
            <guid>b41d9a1e-2ec8-49bd-80a1-326d563f9126</guid>
            <versionId>f19491bb-187b-4723-a26e-550b9b03c2ce</versionId>
        </dynamicStyle>
        <dynamicStyle>
            <lastModified isNull="true" />
            <lastModifiedBy isNull="true" />
            <coachViewDynamicStyleId>73.a3e5723b-ab76-40bf-b4ce-0e733361fcd0</coachViewDynamicStyleId>
            <coachViewId>64.1bd959ad-3c75-48c9-975b-8f234d664180</coachViewId>
            <filePath>content.less</filePath>
            <assetUuid>/61.3a7082de-a4f4-44d7-add2-9b71c4b40ebb</assetUuid>
            <seq>1</seq>
            <guid>9c6d4da6-934f-44d8-ade0-3b4f0195189b</guid>
            <versionId>6d063f51-a759-47e7-b873-9cb48d019d5c</versionId>
        </dynamicStyle>
        <resource>
            <lastModified isNull="true" />
            <lastModifiedBy isNull="true" />
            <coachViewResourceId>67.bae21842-d1a0-487a-9c93-3f7bfc4c899a</coachViewResourceId>
            <coachViewId>64.1bd959ad-3c75-48c9-975b-8f234d664180</coachViewId>
            <filePath>BPMExt-Core.js</filePath>
            <ieCondition isNull="true" />
            <mediaQuery isNull="true" />
            <scriptLoadStyle isNull="true" />
            <assetUuid>f496ca18-836b-46b7-8846-85b2ee01f7eb/61.22dc2e36-11ce-4cd6-a6e8-24201237f10d</assetUuid>
            <seq>3</seq>
            <guid>b4b9361d-8995-4808-ad0a-99fbcc33cafc</guid>
            <versionId>e5b1e96a-858b-4b7a-bc0a-0f57030ebfc5</versionId>
        </resource>
        <resource>
            <lastModified isNull="true" />
            <lastModifiedBy isNull="true" />
            <coachViewResourceId>67.41cfab66-4cba-43db-ae16-78a8a0985da8</coachViewResourceId>
            <coachViewId>64.1bd959ad-3c75-48c9-975b-8f234d664180</coachViewId>
            <filePath isNull="true" />
            <ieCondition isNull="true" />
            <mediaQuery isNull="true" />
            <scriptLoadStyle isNull="true" />
            <assetUuid>/61.b2abbb9b-08d4-4c48-896c-d132ce76087d</assetUuid>
            <seq>4</seq>
            <guid>58a5fc50-090a-49de-ad3c-bf2804f9b5d0</guid>
            <versionId>b0671d1f-7e54-467b-baef-9c4ba17a7e9a</versionId>
        </resource>
        <inlineScript name="Inline CSS">
            <lastModified isNull="true" />
            <lastModifiedBy isNull="true" />
            <coachViewInlineScriptId>68.f4afe3d1-8a0d-4777-8021-582d2b6b5793</coachViewInlineScriptId>
            <coachViewId>64.1bd959ad-3c75-48c9-975b-8f234d664180</coachViewId>
            <scriptType>CSS</scriptType>
            <scriptBlock isNull="true" />
            <seq>0</seq>
            <description isNull="true" />
            <guid>e23c1d32-c7cf-4b9d-9917-d524f492009b</guid>
            <versionId>5f7acac7-aa06-4303-bc20-029f76080f74</versionId>
        </inlineScript>
        <inlineScript name="Inline Javascript">
            <lastModified isNull="true" />
            <lastModifiedBy isNull="true" />
            <coachViewInlineScriptId>68.1d5dd82d-96ab-4ef8-9156-5ae327f4d010</coachViewInlineScriptId>
            <coachViewId>64.1bd959ad-3c75-48c9-975b-8f234d664180</coachViewId>
            <scriptType>JS</scriptType>
            <scriptBlock>bpmext_control_InitFileViewer.call(this, utilities, bpmext, domClass, domAttr, domConstruct);</scriptBlock>
            <seq>1</seq>
            <description isNull="true" />
            <guid>885f12a3-ac90-4c06-a9df-4e2df68fdc99</guid>
            <versionId>906d8f46-0b03-4473-8cfa-1be82e3ed83e</versionId>
        </inlineScript>
        <inlineScript name="Header HTML">
            <lastModified isNull="true" />
            <lastModifiedBy isNull="true" />
            <coachViewInlineScriptId>68.abe63c3a-da55-4863-94c0-0659b8371fd5</coachViewInlineScriptId>
            <coachViewId>64.1bd959ad-3c75-48c9-975b-8f234d664180</coachViewId>
            <scriptType>HTML</scriptType>
            <scriptBlock isNull="true" />
            <seq>2</seq>
            <description isNull="true" />
            <guid>dd104b44-063f-44d4-98ca-908a3a73f5eb</guid>
            <versionId>b071c5f2-1739-42d4-9fd3-39d696127b42</versionId>
        </inlineScript>
        <localization>
            <lastModified isNull="true" />
            <lastModifiedBy isNull="true" />
            <coachViewLocalResId>69.e100b4dd-d06c-48dd-92b6-b7b8b87178c1</coachViewLocalResId>
            <coachViewId>64.1bd959ad-3c75-48c9-975b-8f234d664180</coachViewId>
            <resourceBundleGroupId>/50.05a87f6e-92f1-49f0-9cd4-d66479a5ea46</resourceBundleGroupId>
            <seq>0</seq>
            <guid>guid:d7a42489ad5f1162:-36048294:15c16f1a15a:-7fff</guid>
            <versionId>5882c01e-3fb0-4150-9e20-1422b3b68e0e</versionId>
        </localization>
        <amdDependency>
            <lastModified isNull="true" />
            <lastModifiedBy isNull="true" />
            <coachViewAmdDepId>70.0ac2d8db-be5d-4f4c-985b-d612579872ec</coachViewAmdDepId>
            <coachViewId>64.1bd959ad-3c75-48c9-975b-8f234d664180</coachViewId>
            <moduleId>dojo/dom-class</moduleId>
            <functionArgument>domClass</functionArgument>
            <seq>0</seq>
            <guid>ba48a704-1502-4d01-8eba-aa529ed4e799</guid>
            <versionId>5fb6d862-61e9-4412-8474-befa7f3d4b9e</versionId>
        </amdDependency>
        <amdDependency>
            <lastModified isNull="true" />
            <lastModifiedBy isNull="true" />
            <coachViewAmdDepId>70.cd413a26-5038-44d5-bc66-12acb6ef2cf9</coachViewAmdDepId>
            <coachViewId>64.1bd959ad-3c75-48c9-975b-8f234d664180</coachViewId>
            <moduleId>dojo/dom-attr</moduleId>
            <functionArgument>domAttr</functionArgument>
            <seq>1</seq>
            <guid>7b41badd-af26-40a8-9673-96a850605aa3</guid>
            <versionId>35f09d50-c81f-4867-8ace-9c9271fd7d66</versionId>
        </amdDependency>
        <amdDependency>
            <lastModified isNull="true" />
            <lastModifiedBy isNull="true" />
            <coachViewAmdDepId>70.80e9427b-1873-4168-9e9a-506f6e1bffda</coachViewAmdDepId>
            <coachViewId>64.1bd959ad-3c75-48c9-975b-8f234d664180</coachViewId>
            <moduleId>dojo/dom-construct</moduleId>
            <functionArgument>domConstruct</functionArgument>
            <seq>2</seq>
            <guid>b14309dd-2d02-4950-b8db-ed2b09ab6e72</guid>
            <versionId>1b4883d6-ec9b-49fd-8921-e28dbbf84a3a</versionId>
        </amdDependency>
        <amdDependency>
            <lastModified isNull="true" />
            <lastModifiedBy isNull="true" />
            <coachViewAmdDepId>70.19ebf316-97fc-41b3-9299-53252ead376b</coachViewAmdDepId>
            <coachViewId>64.1bd959ad-3c75-48c9-975b-8f234d664180</coachViewId>
            <moduleId>com.ibm.bpm.coach.utils/utilities</moduleId>
            <functionArgument>utilities</functionArgument>
            <seq>3</seq>
            <guid>ffd29878-2763-49ea-87ed-4b53cac635b0</guid>
            <versionId>5da35789-5d8d-4831-a1ac-90a5266e9750</versionId>
        </amdDependency>
    </coachView>
</teamworks>

