<?xml version="1.0" encoding="UTF-8"?>
<teamworks>
    <coachView id="64.106917db-1d4e-4dfe-a0fc-d9cc296c065b" name="BPM File List">
        <lastModified>1496086367706</lastModified>
        <lastModifiedBy>tw_admin</lastModifiedBy>
        <coachViewId>64.106917db-1d4e-4dfe-a0fc-d9cc296c065b</coachViewId>
        <isTemplate>false</isTemplate>
        <layout>&lt;?xml version="1.0" encoding="UTF-8" standalone="yes"?&gt;&lt;ns2:layout xmlns:ns2="http://www.ibm.com/bpm/CoachDesignerNG" xmlns:ns3="http://www.ibm.com/bpm/coachview"&gt;&lt;ns2:layoutItem xsi:type="ns2:CustomHTML" xmlns:xsi="http://www.w3.org/2001/XMLSchema-instance"&gt;&lt;ns2:id&gt;d785e8eb-86b9-44ab-a44c-c9bcb55d33d8&lt;/ns2:id&gt;&lt;ns2:layoutItemId&gt;CustomHTML1&lt;/ns2:layoutItemId&gt;&lt;ns2:configData&gt;&lt;ns2:id&gt;fc959746-6473-41e6-b7c3-a52db2549127&lt;/ns2:id&gt;&lt;ns2:optionName&gt;@customHTML.textContent&lt;/ns2:optionName&gt;&lt;ns2:value&gt;&amp;lt;div class="SvcHolder big-primary"&amp;gt;&lt;/ns2:value&gt;&lt;/ns2:configData&gt;&lt;ns2:configData&gt;&lt;ns2:id&gt;263d502e-a018-47c1-b1c1-217456c899f6&lt;/ns2:id&gt;&lt;ns2:optionName&gt;@customHTML.contentType&lt;/ns2:optionName&gt;&lt;ns2:value&gt;TEXT&lt;/ns2:value&gt;&lt;/ns2:configData&gt;&lt;ns2:configData&gt;&lt;ns2:id&gt;2b7ca9eb-bd5f-46db-b836-36e165fc1f19&lt;/ns2:id&gt;&lt;ns2:optionName&gt;@customHTML.variableContent&lt;/ns2:optionName&gt;&lt;/ns2:configData&gt;&lt;ns2:configData&gt;&lt;ns2:id&gt;05103251-307a-46fe-a667-c1cd322d5d48&lt;/ns2:id&gt;&lt;ns2:optionName&gt;@customHTML.assetContent&lt;/ns2:optionName&gt;&lt;/ns2:configData&gt;&lt;/ns2:layoutItem&gt;&lt;ns2:layoutItem xsi:type="ns2:ViewRef" version="8560" xmlns:xsi="http://www.w3.org/2001/XMLSchema-instance"&gt;&lt;ns2:id&gt;47441a16-772e-46a5-990b-28ae47da8e10&lt;/ns2:id&gt;&lt;ns2:layoutItemId&gt;DocSearchSvc&lt;/ns2:layoutItemId&gt;&lt;ns2:configData&gt;&lt;ns2:id&gt;4ff9a973-20fa-4f81-9e83-6e6f774c0b30&lt;/ns2:id&gt;&lt;ns2:optionName&gt;@label&lt;/ns2:optionName&gt;&lt;ns2:value&gt;Search Doc&lt;/ns2:value&gt;&lt;/ns2:configData&gt;&lt;ns2:configData&gt;&lt;ns2:id&gt;81669d77-0018-4a7e-bfc7-958d83982ce2&lt;/ns2:id&gt;&lt;ns2:optionName&gt;@helpText&lt;/ns2:optionName&gt;&lt;ns2:value&gt;&lt;/ns2:value&gt;&lt;ns2:valueType&gt;static&lt;/ns2:valueType&gt;&lt;/ns2:configData&gt;&lt;ns2:configData&gt;&lt;ns2:id&gt;dbb97303-d0e5-4f8e-aa1b-47035977732d&lt;/ns2:id&gt;&lt;ns2:optionName&gt;@visibility&lt;/ns2:optionName&gt;&lt;ns2:value&gt;DEFAULT&lt;/ns2:value&gt;&lt;ns2:valueType&gt;static&lt;/ns2:valueType&gt;&lt;/ns2:configData&gt;&lt;ns2:configData&gt;&lt;ns2:id&gt;ab4e4f79-34ce-47e2-ae98-0c80b351f8a9&lt;/ns2:id&gt;&lt;ns2:optionName&gt;@labelVisibility&lt;/ns2:optionName&gt;&lt;ns2:value&gt;SHOW&lt;/ns2:value&gt;&lt;ns2:valueType&gt;static&lt;/ns2:valueType&gt;&lt;/ns2:configData&gt;&lt;ns2:configData&gt;&lt;ns2:id&gt;e2f02380-d3b9-4ad9-bf01-6a48e11ea925&lt;/ns2:id&gt;&lt;ns2:optionName&gt;@baseTextDirection&lt;/ns2:optionName&gt;&lt;ns2:value&gt;DEFAULT&lt;/ns2:value&gt;&lt;ns2:valueType&gt;static&lt;/ns2:valueType&gt;&lt;/ns2:configData&gt;&lt;ns2:configData&gt;&lt;ns2:id&gt;c2b4ae9d-b0f8-4d3e-8996-5b2964c0f5e3&lt;/ns2:id&gt;&lt;ns2:optionName&gt;attachedService&lt;/ns2:optionName&gt;&lt;ns2:value&gt;1.a418f06d-b0be-4960-9557-2b56efe85bb4&lt;/ns2:value&gt;&lt;ns2:valueType&gt;static&lt;/ns2:valueType&gt;&lt;/ns2:configData&gt;&lt;ns2:configData&gt;&lt;ns2:id&gt;c03fe2fd-69b4-48f6-a8a8-d3f54eff5e4a&lt;/ns2:id&gt;&lt;ns2:optionName&gt;inputData&lt;/ns2:optionName&gt;&lt;ns2:valueType&gt;dynamic&lt;/ns2:valueType&gt;&lt;/ns2:configData&gt;&lt;ns2:configData&gt;&lt;ns2:id&gt;bfb913cc-416e-45ae-a1eb-76904a2823d4&lt;/ns2:id&gt;&lt;ns2:optionName&gt;autoRun&lt;/ns2:optionName&gt;&lt;ns2:value&gt;false&lt;/ns2:value&gt;&lt;ns2:valueType&gt;static&lt;/ns2:valueType&gt;&lt;/ns2:configData&gt;&lt;ns2:configData&gt;&lt;ns2:id&gt;69b05421-b20e-45fb-ba4f-7ed3d8d918b3&lt;/ns2:id&gt;&lt;ns2:optionName&gt;busyIndicator&lt;/ns2:optionName&gt;&lt;ns2:value&gt;R&lt;/ns2:value&gt;&lt;ns2:valueType&gt;static&lt;/ns2:valueType&gt;&lt;/ns2:configData&gt;&lt;ns2:configData&gt;&lt;ns2:id&gt;5a40685c-75fd-48e6-be6c-33f00393161e&lt;/ns2:id&gt;&lt;ns2:optionName&gt;eventON_LOAD&lt;/ns2:optionName&gt;&lt;ns2:valueType&gt;static&lt;/ns2:valueType&gt;&lt;/ns2:configData&gt;&lt;ns2:configData&gt;&lt;ns2:id&gt;bebd7559-e481-45bb-bb7b-fbd4ccd61549&lt;/ns2:id&gt;&lt;ns2:optionName&gt;eventON_SVCINVOKE&lt;/ns2:optionName&gt;&lt;ns2:value&gt;@_onDocSearchInvoked&lt;/ns2:value&gt;&lt;ns2:valueType&gt;static&lt;/ns2:valueType&gt;&lt;/ns2:configData&gt;&lt;ns2:configData&gt;&lt;ns2:id&gt;de6afcca-fe1d-43f2-8b77-ffa1c4d3bec2&lt;/ns2:id&gt;&lt;ns2:optionName&gt;eventON_SVCRESULT&lt;/ns2:optionName&gt;&lt;ns2:value&gt;@_onDocSearchResult&lt;/ns2:value&gt;&lt;ns2:valueType&gt;static&lt;/ns2:valueType&gt;&lt;/ns2:configData&gt;&lt;ns2:configData&gt;&lt;ns2:id&gt;1e04d179-06cd-41ab-b83d-4c098863f5d2&lt;/ns2:id&gt;&lt;ns2:optionName&gt;eventON_SVCERROR&lt;/ns2:optionName&gt;&lt;ns2:value&gt;@_onDocSearchError&lt;/ns2:value&gt;&lt;ns2:valueType&gt;static&lt;/ns2:valueType&gt;&lt;/ns2:configData&gt;&lt;ns2:configData&gt;&lt;ns2:id&gt;257e8d1e-363b-4d7b-bd95-bf7d6b473daa&lt;/ns2:id&gt;&lt;ns2:optionName&gt;@htmlOverrides&lt;/ns2:optionName&gt;&lt;/ns2:configData&gt;&lt;ns2:configData&gt;&lt;ns2:id&gt;104747e3-735c-4877-885d-a20435957567&lt;/ns2:id&gt;&lt;ns2:optionName&gt;@className&lt;/ns2:optionName&gt;&lt;ns2:value&gt;DocSvc&lt;/ns2:value&gt;&lt;/ns2:configData&gt;&lt;ns2:viewUUID&gt;64.1feaead9-b1d2-4a7e-80a3-22156e6fe8f9&lt;/ns2:viewUUID&gt;&lt;/ns2:layoutItem&gt;&lt;ns2:layoutItem xsi:type="ns2:ViewRef" version="8560" xmlns:xsi="http://www.w3.org/2001/XMLSchema-instance"&gt;&lt;ns2:id&gt;43db7bae-bdfd-4873-8419-a75f283f26ed&lt;/ns2:id&gt;&lt;ns2:layoutItemId&gt;DocDeleteSvc&lt;/ns2:layoutItemId&gt;&lt;ns2:configData&gt;&lt;ns2:id&gt;3c667673-5f39-41ba-aca6-b49319ef3e8c&lt;/ns2:id&gt;&lt;ns2:optionName&gt;@label&lt;/ns2:optionName&gt;&lt;ns2:value&gt;Delete Doc&lt;/ns2:value&gt;&lt;/ns2:configData&gt;&lt;ns2:configData&gt;&lt;ns2:id&gt;24175690-a9d9-4e7d-8cc9-5e5a4f14dcb0&lt;/ns2:id&gt;&lt;ns2:optionName&gt;@helpText&lt;/ns2:optionName&gt;&lt;ns2:value&gt;&lt;/ns2:value&gt;&lt;ns2:valueType&gt;static&lt;/ns2:valueType&gt;&lt;/ns2:configData&gt;&lt;ns2:configData&gt;&lt;ns2:id&gt;fe1b2475-9416-4f0a-bbcb-75cd2ee49189&lt;/ns2:id&gt;&lt;ns2:optionName&gt;@visibility&lt;/ns2:optionName&gt;&lt;ns2:value&gt;DEFAULT&lt;/ns2:value&gt;&lt;ns2:valueType&gt;static&lt;/ns2:valueType&gt;&lt;/ns2:configData&gt;&lt;ns2:configData&gt;&lt;ns2:id&gt;528ac7e3-2605-487f-a08b-c90b8eff2d67&lt;/ns2:id&gt;&lt;ns2:optionName&gt;@labelVisibility&lt;/ns2:optionName&gt;&lt;ns2:value&gt;SHOW&lt;/ns2:value&gt;&lt;ns2:valueType&gt;static&lt;/ns2:valueType&gt;&lt;/ns2:configData&gt;&lt;ns2:configData&gt;&lt;ns2:id&gt;f8c014f8-36aa-4a98-ba79-2771e4b93ec4&lt;/ns2:id&gt;&lt;ns2:optionName&gt;@baseTextDirection&lt;/ns2:optionName&gt;&lt;ns2:value&gt;DEFAULT&lt;/ns2:value&gt;&lt;ns2:valueType&gt;static&lt;/ns2:valueType&gt;&lt;/ns2:configData&gt;&lt;ns2:configData&gt;&lt;ns2:id&gt;ba7006cb-5351-4ff5-8bd2-86cb1730710f&lt;/ns2:id&gt;&lt;ns2:optionName&gt;attachedService&lt;/ns2:optionName&gt;&lt;ns2:value&gt;1.c000b9e9-2eba-42ce-8dce-cdfc41217c5d&lt;/ns2:value&gt;&lt;ns2:valueType&gt;static&lt;/ns2:valueType&gt;&lt;/ns2:configData&gt;&lt;ns2:configData&gt;&lt;ns2:id&gt;24714948-1e8a-4064-938f-0be49afec861&lt;/ns2:id&gt;&lt;ns2:optionName&gt;inputData&lt;/ns2:optionName&gt;&lt;ns2:valueType&gt;dynamic&lt;/ns2:valueType&gt;&lt;/ns2:configData&gt;&lt;ns2:configData&gt;&lt;ns2:id&gt;c32a4ec4-ebc5-4fb1-a13a-c4a186fe8b5d&lt;/ns2:id&gt;&lt;ns2:optionName&gt;autoRun&lt;/ns2:optionName&gt;&lt;ns2:value&gt;false&lt;/ns2:value&gt;&lt;ns2:valueType&gt;static&lt;/ns2:valueType&gt;&lt;/ns2:configData&gt;&lt;ns2:configData&gt;&lt;ns2:id&gt;3e8654c6-e299-445a-8c57-e860b1166a5d&lt;/ns2:id&gt;&lt;ns2:optionName&gt;busyIndicator&lt;/ns2:optionName&gt;&lt;ns2:value&gt;R&lt;/ns2:value&gt;&lt;ns2:valueType&gt;static&lt;/ns2:valueType&gt;&lt;/ns2:configData&gt;&lt;ns2:configData&gt;&lt;ns2:id&gt;dbbe6952-ff68-4263-b0fa-dc57f99b2c77&lt;/ns2:id&gt;&lt;ns2:optionName&gt;eventON_LOAD&lt;/ns2:optionName&gt;&lt;ns2:valueType&gt;static&lt;/ns2:valueType&gt;&lt;/ns2:configData&gt;&lt;ns2:configData&gt;&lt;ns2:id&gt;b7a3bdbd-a451-4753-87aa-bb4e2579cc9f&lt;/ns2:id&gt;&lt;ns2:optionName&gt;eventON_SVCINVOKE&lt;/ns2:optionName&gt;&lt;ns2:value&gt;@_onDocDeleteInvoked&lt;/ns2:value&gt;&lt;ns2:valueType&gt;static&lt;/ns2:valueType&gt;&lt;/ns2:configData&gt;&lt;ns2:configData&gt;&lt;ns2:id&gt;444b29f1-2e67-4fbb-a197-be33e228af24&lt;/ns2:id&gt;&lt;ns2:optionName&gt;eventON_SVCRESULT&lt;/ns2:optionName&gt;&lt;ns2:value&gt;@_onDocDeleteResult&lt;/ns2:value&gt;&lt;ns2:valueType&gt;static&lt;/ns2:valueType&gt;&lt;/ns2:configData&gt;&lt;ns2:configData&gt;&lt;ns2:id&gt;fcf6b988-29e9-4261-9ddd-29f732501aab&lt;/ns2:id&gt;&lt;ns2:optionName&gt;eventON_SVCERROR&lt;/ns2:optionName&gt;&lt;ns2:value&gt;@_onDocDeleteError&lt;/ns2:value&gt;&lt;ns2:valueType&gt;static&lt;/ns2:valueType&gt;&lt;/ns2:configData&gt;&lt;ns2:configData&gt;&lt;ns2:id&gt;12d0e53c-7b17-4080-938c-552f07923350&lt;/ns2:id&gt;&lt;ns2:optionName&gt;@htmlOverrides&lt;/ns2:optionName&gt;&lt;/ns2:configData&gt;&lt;ns2:configData&gt;&lt;ns2:id&gt;a245af3d-6045-45cd-8bad-28c8575e8237&lt;/ns2:id&gt;&lt;ns2:optionName&gt;@className&lt;/ns2:optionName&gt;&lt;ns2:value&gt;DocSvc&lt;/ns2:value&gt;&lt;/ns2:configData&gt;&lt;ns2:viewUUID&gt;64.1feaead9-b1d2-4a7e-80a3-22156e6fe8f9&lt;/ns2:viewUUID&gt;&lt;/ns2:layoutItem&gt;&lt;ns2:layoutItem xsi:type="ns2:CustomHTML" xmlns:xsi="http://www.w3.org/2001/XMLSchema-instance"&gt;&lt;ns2:id&gt;3b697044-297e-41d2-955d-6eb66e122f0a&lt;/ns2:id&gt;&lt;ns2:layoutItemId&gt;CustomHTML2&lt;/ns2:layoutItemId&gt;&lt;ns2:configData&gt;&lt;ns2:id&gt;cb3011cd-e531-43b5-91c5-65dba60dee4e&lt;/ns2:id&gt;&lt;ns2:optionName&gt;@customHTML.textContent&lt;/ns2:optionName&gt;&lt;ns2:value&gt;&amp;lt;/div&amp;gt;&lt;/ns2:value&gt;&lt;/ns2:configData&gt;&lt;ns2:configData&gt;&lt;ns2:id&gt;0e234035-ed4e-44ae-971e-0ff5d246cbe9&lt;/ns2:id&gt;&lt;ns2:optionName&gt;@customHTML.contentType&lt;/ns2:optionName&gt;&lt;ns2:value&gt;TEXT&lt;/ns2:value&gt;&lt;/ns2:configData&gt;&lt;ns2:configData&gt;&lt;ns2:id&gt;87ab1dd9-caef-417e-9066-8a10d74940ae&lt;/ns2:id&gt;&lt;ns2:optionName&gt;@customHTML.variableContent&lt;/ns2:optionName&gt;&lt;/ns2:configData&gt;&lt;ns2:configData&gt;&lt;ns2:id&gt;51d1ce56-ff69-4dbe-913e-6ed24c853134&lt;/ns2:id&gt;&lt;ns2:optionName&gt;@customHTML.assetContent&lt;/ns2:optionName&gt;&lt;/ns2:configData&gt;&lt;/ns2:layoutItem&gt;&lt;ns2:layoutItem xsi:type="ns2:ViewRef" version="8560" xmlns:xsi="http://www.w3.org/2001/XMLSchema-instance"&gt;&lt;ns2:id&gt;f5a669ca-f46b-4306-b096-7355cbf0ec70&lt;/ns2:id&gt;&lt;ns2:layoutItemId&gt;DocListPanel&lt;/ns2:layoutItemId&gt;&lt;ns2:configData&gt;&lt;ns2:id&gt;252149ce-2e00-404e-8bdb-8f9b318b066a&lt;/ns2:id&gt;&lt;ns2:optionName&gt;@label&lt;/ns2:optionName&gt;&lt;ns2:value&gt;tw.options.@label&lt;/ns2:value&gt;&lt;ns2:valueType&gt;dynamic&lt;/ns2:valueType&gt;&lt;/ns2:configData&gt;&lt;ns2:configData&gt;&lt;ns2:id&gt;dc1db52e-2686-4b5c-be98-ef3af3f6094b&lt;/ns2:id&gt;&lt;ns2:optionName&gt;@helpText&lt;/ns2:optionName&gt;&lt;ns2:value&gt;tw.options.@helpText&lt;/ns2:value&gt;&lt;ns2:valueType&gt;dynamic&lt;/ns2:valueType&gt;&lt;/ns2:configData&gt;&lt;ns2:configData&gt;&lt;ns2:id&gt;c69ec54f-df83-4387-8a8f-862a2cee892a&lt;/ns2:id&gt;&lt;ns2:optionName&gt;@visibility&lt;/ns2:optionName&gt;&lt;ns2:value&gt;DEFAULT&lt;/ns2:value&gt;&lt;ns2:valueType&gt;static&lt;/ns2:valueType&gt;&lt;/ns2:configData&gt;&lt;ns2:configData&gt;&lt;ns2:id&gt;c8796fe9-018e-4e0f-b889-ba0dc867cae0&lt;/ns2:id&gt;&lt;ns2:optionName&gt;@labelVisibility&lt;/ns2:optionName&gt;&lt;ns2:value&gt;tw.options.@labelVisibility&lt;/ns2:value&gt;&lt;ns2:valueType&gt;dynamic&lt;/ns2:valueType&gt;&lt;/ns2:configData&gt;&lt;ns2:configData&gt;&lt;ns2:id&gt;55d58ee0-fce8-4665-a9e0-0ed14ec8bc8a&lt;/ns2:id&gt;&lt;ns2:optionName&gt;@baseTextDirection&lt;/ns2:optionName&gt;&lt;ns2:value&gt;DEFAULT&lt;/ns2:value&gt;&lt;ns2:valueType&gt;static&lt;/ns2:valueType&gt;&lt;/ns2:configData&gt;&lt;ns2:configData&gt;&lt;ns2:id&gt;01a106e3-65f8-48a2-9914-934332c021b8&lt;/ns2:id&gt;&lt;ns2:optionName&gt;@htmlOverrides&lt;/ns2:optionName&gt;&lt;/ns2:configData&gt;&lt;ns2:configData&gt;&lt;ns2:id&gt;d622ccf0-c765-4006-bf15-cde0d193a9f1&lt;/ns2:id&gt;&lt;ns2:optionName&gt;@className&lt;/ns2:optionName&gt;&lt;ns2:value&gt;BPMDocListPanel&lt;/ns2:value&gt;&lt;/ns2:configData&gt;&lt;ns2:configData&gt;&lt;ns2:id&gt;39cac916-6218-440c-b8f6-06d0f2f182bd&lt;/ns2:id&gt;&lt;ns2:optionName&gt;expression&lt;/ns2:optionName&gt;&lt;ns2:valueType&gt;static&lt;/ns2:valueType&gt;&lt;/ns2:configData&gt;&lt;ns2:configData&gt;&lt;ns2:id&gt;f3e32418-3ac6-4c06-b2e8-09d91fc39fe6&lt;/ns2:id&gt;&lt;ns2:optionName&gt;icon&lt;/ns2:optionName&gt;&lt;ns2:valueType&gt;static&lt;/ns2:valueType&gt;&lt;/ns2:configData&gt;&lt;ns2:configData&gt;&lt;ns2:id&gt;e75ff3c6-c96f-415c-8330-80519d2e13a3&lt;/ns2:id&gt;&lt;ns2:optionName&gt;colorStyle&lt;/ns2:optionName&gt;&lt;ns2:value&gt;tw.options.colorStyle&lt;/ns2:value&gt;&lt;ns2:valueType&gt;dynamic&lt;/ns2:valueType&gt;&lt;/ns2:configData&gt;&lt;ns2:configData&gt;&lt;ns2:id&gt;52d415c7-85f3-475a-b0ec-20484ba32d33&lt;/ns2:id&gt;&lt;ns2:optionName&gt;lightColor&lt;/ns2:optionName&gt;&lt;ns2:value&gt;false&lt;/ns2:value&gt;&lt;ns2:valueType&gt;static&lt;/ns2:valueType&gt;&lt;/ns2:configData&gt;&lt;ns2:configData&gt;&lt;ns2:id&gt;2c399917-1e49-4a34-af8c-21c6e0cf80f0&lt;/ns2:id&gt;&lt;ns2:optionName&gt;colorfulBody&lt;/ns2:optionName&gt;&lt;ns2:value&gt;false&lt;/ns2:value&gt;&lt;ns2:valueType&gt;static&lt;/ns2:valueType&gt;&lt;/ns2:configData&gt;&lt;ns2:configData&gt;&lt;ns2:id&gt;d41f15b0-be70-4f97-9209-d619140ceed2&lt;/ns2:id&gt;&lt;ns2:optionName&gt;width&lt;/ns2:optionName&gt;&lt;ns2:valueType&gt;static&lt;/ns2:valueType&gt;&lt;/ns2:configData&gt;&lt;ns2:configData&gt;&lt;ns2:id&gt;4d4ccf28-82af-4e1f-8d83-fe1389a58bfc&lt;/ns2:id&gt;&lt;ns2:optionName&gt;height&lt;/ns2:optionName&gt;&lt;ns2:valueType&gt;static&lt;/ns2:valueType&gt;&lt;/ns2:configData&gt;&lt;ns2:configData&gt;&lt;ns2:id&gt;930ee741-7d9b-4273-8864-594431fdc732&lt;/ns2:id&gt;&lt;ns2:optionName&gt;footerText&lt;/ns2:optionName&gt;&lt;ns2:valueType&gt;static&lt;/ns2:valueType&gt;&lt;/ns2:configData&gt;&lt;ns2:configData&gt;&lt;ns2:id&gt;61078bf0-e94b-4d82-a7e0-d15d347adf48&lt;/ns2:id&gt;&lt;ns2:optionName&gt;eventON_LOAD&lt;/ns2:optionName&gt;&lt;ns2:valueType&gt;static&lt;/ns2:valueType&gt;&lt;/ns2:configData&gt;&lt;ns2:configData&gt;&lt;ns2:id&gt;d88cd475-5445-4a28-8589-7fcb33ac3e74&lt;/ns2:id&gt;&lt;ns2:optionName&gt;eventON_ICONCLICK&lt;/ns2:optionName&gt;&lt;ns2:value&gt;view._instance.loadMoreClicked = true; view.refresh();&lt;/ns2:value&gt;&lt;ns2:valueType&gt;static&lt;/ns2:valueType&gt;&lt;/ns2:configData&gt;&lt;ns2:viewUUID&gt;64.455e44ab-b77b-4337-b3f9-435e234fb569&lt;/ns2:viewUUID&gt;&lt;ns2:contentBoxContrib&gt;&lt;ns2:id&gt;8cedff3d-a272-42be-8036-85b9da32a0b7&lt;/ns2:id&gt;&lt;ns2:contentBoxId&gt;ContentBox1&lt;/ns2:contentBoxId&gt;&lt;ns2:contributions xsi:type="ns2:ViewRef" version="8560"&gt;&lt;ns2:id&gt;01de7b1c-ff27-42ce-b7c6-a17399cc2ce1&lt;/ns2:id&gt;&lt;ns2:layoutItemId&gt;BPMFileListPanelHeader&lt;/ns2:layoutItemId&gt;&lt;ns2:configData&gt;&lt;ns2:id&gt;23d13bed-7c45-4aa8-bbe2-c0a37e54957d&lt;/ns2:id&gt;&lt;ns2:optionName&gt;@label&lt;/ns2:optionName&gt;&lt;ns2:value&gt;&lt;/ns2:value&gt;&lt;/ns2:configData&gt;&lt;ns2:configData&gt;&lt;ns2:id&gt;e45a2b0c-3da1-41a0-a967-1814cc1c5dd2&lt;/ns2:id&gt;&lt;ns2:optionName&gt;@helpText&lt;/ns2:optionName&gt;&lt;ns2:value&gt;&lt;/ns2:value&gt;&lt;ns2:valueType&gt;static&lt;/ns2:valueType&gt;&lt;/ns2:configData&gt;&lt;ns2:configData&gt;&lt;ns2:id&gt;82354160-bc32-4d8c-94c4-370378bc9269&lt;/ns2:id&gt;&lt;ns2:optionName&gt;@visibility&lt;/ns2:optionName&gt;&lt;ns2:value&gt;NONE&lt;/ns2:value&gt;&lt;ns2:valueType&gt;static&lt;/ns2:valueType&gt;&lt;/ns2:configData&gt;&lt;ns2:configData&gt;&lt;ns2:id&gt;8a0f1b56-02c7-4d2d-b0e3-e85ef2093bbc&lt;/ns2:id&gt;&lt;ns2:optionName&gt;@labelVisibility&lt;/ns2:optionName&gt;&lt;ns2:value&gt;HIDE&lt;/ns2:value&gt;&lt;ns2:valueType&gt;static&lt;/ns2:valueType&gt;&lt;/ns2:configData&gt;&lt;ns2:configData&gt;&lt;ns2:id&gt;4582540c-4b27-4433-82f5-6f87da9119aa&lt;/ns2:id&gt;&lt;ns2:optionName&gt;@baseTextDirection&lt;/ns2:optionName&gt;&lt;ns2:value&gt;DEFAULT&lt;/ns2:value&gt;&lt;ns2:valueType&gt;static&lt;/ns2:valueType&gt;&lt;/ns2:configData&gt;&lt;ns2:configData&gt;&lt;ns2:id&gt;edac290e-850e-4dfd-8e8e-7e4f9868c387&lt;/ns2:id&gt;&lt;ns2:optionName&gt;eventON_LOAD&lt;/ns2:optionName&gt;&lt;ns2:valueType&gt;static&lt;/ns2:valueType&gt;&lt;/ns2:configData&gt;&lt;ns2:viewUUID&gt;64.23384625-cb80-4295-899a-943504b7aaa1&lt;/ns2:viewUUID&gt;&lt;ns2:contentBoxContrib&gt;&lt;ns2:id&gt;0ac02a9d-f07e-4263-9ecd-df202c2ec14f&lt;/ns2:id&gt;&lt;ns2:contentBoxId&gt;ContentBox1&lt;/ns2:contentBoxId&gt;&lt;ns2:contributions xsi:type="ns2:ViewRef" version="8560"&gt;&lt;ns2:id&gt;6c85b2a0-3d7f-41c5-9091-962a44546621&lt;/ns2:id&gt;&lt;ns2:layoutItemId&gt;LoadMoreBtn&lt;/ns2:layoutItemId&gt;&lt;ns2:configData&gt;&lt;ns2:id&gt;10b20168-a394-4b70-afae-32798a805c5a&lt;/ns2:id&gt;&lt;ns2:optionName&gt;@label&lt;/ns2:optionName&gt;&lt;ns2:value&gt;Load More ...&lt;/ns2:value&gt;&lt;/ns2:configData&gt;&lt;ns2:configData&gt;&lt;ns2:id&gt;765c7e22-0ac2-4e6b-9118-d448236de82b&lt;/ns2:id&gt;&lt;ns2:optionName&gt;@helpText&lt;/ns2:optionName&gt;&lt;ns2:value&gt;Load More&lt;/ns2:value&gt;&lt;ns2:valueType&gt;static&lt;/ns2:valueType&gt;&lt;/ns2:configData&gt;&lt;ns2:configData&gt;&lt;ns2:id&gt;4744125b-aa81-4021-934c-3b1aee24964e&lt;/ns2:id&gt;&lt;ns2:optionName&gt;@visibility&lt;/ns2:optionName&gt;&lt;ns2:value&gt;DEFAULT&lt;/ns2:value&gt;&lt;ns2:valueType&gt;static&lt;/ns2:valueType&gt;&lt;/ns2:configData&gt;&lt;ns2:configData&gt;&lt;ns2:id&gt;1c2493bd-fcbb-4aac-8ace-f677b979e7ba&lt;/ns2:id&gt;&lt;ns2:optionName&gt;@labelVisibility&lt;/ns2:optionName&gt;&lt;ns2:value&gt;SHOW&lt;/ns2:value&gt;&lt;ns2:valueType&gt;static&lt;/ns2:valueType&gt;&lt;/ns2:configData&gt;&lt;ns2:configData&gt;&lt;ns2:id&gt;8eec896a-065e-492e-b161-f184e127c369&lt;/ns2:id&gt;&lt;ns2:optionName&gt;@baseTextDirection&lt;/ns2:optionName&gt;&lt;ns2:value&gt;DEFAULT&lt;/ns2:value&gt;&lt;ns2:valueType&gt;static&lt;/ns2:valueType&gt;&lt;/ns2:configData&gt;&lt;ns2:configData&gt;&lt;ns2:id&gt;b55f49f0-f56f-48c9-ac07-b66585f135cc&lt;/ns2:id&gt;&lt;ns2:optionName&gt;expression&lt;/ns2:optionName&gt;&lt;ns2:valueType&gt;static&lt;/ns2:valueType&gt;&lt;/ns2:configData&gt;&lt;ns2:configData&gt;&lt;ns2:id&gt;de7b5745-873c-4e0a-94b0-6f9f51748ff1&lt;/ns2:id&gt;&lt;ns2:optionName&gt;tabIndex&lt;/ns2:optionName&gt;&lt;ns2:valueType&gt;static&lt;/ns2:valueType&gt;&lt;/ns2:configData&gt;&lt;ns2:configData&gt;&lt;ns2:id&gt;d5512ef4-30d7-41db-8fb3-9faf89831a87&lt;/ns2:id&gt;&lt;ns2:optionName&gt;preventMultipleClicks&lt;/ns2:optionName&gt;&lt;ns2:value&gt;false&lt;/ns2:value&gt;&lt;ns2:valueType&gt;static&lt;/ns2:valueType&gt;&lt;/ns2:configData&gt;&lt;ns2:configData&gt;&lt;ns2:id&gt;e67754df-2e3f-4e88-bfcc-18b698fb438e&lt;/ns2:id&gt;&lt;ns2:optionName&gt;colorStyle&lt;/ns2:optionName&gt;&lt;ns2:value&gt;tw.options.colorStyle&lt;/ns2:value&gt;&lt;ns2:valueType&gt;dynamic&lt;/ns2:valueType&gt;&lt;/ns2:configData&gt;&lt;ns2:configData&gt;&lt;ns2:id&gt;28c5be54-6d61-4004-a7dd-964bdcfc1a12&lt;/ns2:id&gt;&lt;ns2:optionName&gt;shapeStyle&lt;/ns2:optionName&gt;&lt;ns2:value&gt;D&lt;/ns2:value&gt;&lt;ns2:valueType&gt;static&lt;/ns2:valueType&gt;&lt;/ns2:configData&gt;&lt;ns2:configData&gt;&lt;ns2:id&gt;a6baf942-e169-4f61-9e56-9b007c752c2b&lt;/ns2:id&gt;&lt;ns2:optionName&gt;sizeStyle&lt;/ns2:optionName&gt;&lt;ns2:value&gt;D&lt;/ns2:value&gt;&lt;ns2:valueType&gt;static&lt;/ns2:valueType&gt;&lt;/ns2:configData&gt;&lt;ns2:configData&gt;&lt;ns2:id&gt;bf4eab47-da5f-4810-8020-f6bd575d9a79&lt;/ns2:id&gt;&lt;ns2:optionName&gt;outline&lt;/ns2:optionName&gt;&lt;ns2:value&gt;false&lt;/ns2:value&gt;&lt;ns2:valueType&gt;static&lt;/ns2:valueType&gt;&lt;/ns2:configData&gt;&lt;ns2:configData&gt;&lt;ns2:id&gt;c72ec459-dc49-4d47-bba7-23cb2a907b5f&lt;/ns2:id&gt;&lt;ns2:optionName&gt;icon&lt;/ns2:optionName&gt;&lt;ns2:valueType&gt;static&lt;/ns2:valueType&gt;&lt;/ns2:configData&gt;&lt;ns2:configData&gt;&lt;ns2:id&gt;9a027c71-57ab-4081-bef6-5f7944044674&lt;/ns2:id&gt;&lt;ns2:optionName&gt;width&lt;/ns2:optionName&gt;&lt;ns2:valueType&gt;static&lt;/ns2:valueType&gt;&lt;/ns2:configData&gt;&lt;ns2:configData&gt;&lt;ns2:id&gt;63a4a1bc-496a-4785-8666-a4ab1f3abcc1&lt;/ns2:id&gt;&lt;ns2:optionName&gt;eventON_LOAD&lt;/ns2:optionName&gt;&lt;ns2:valueType&gt;static&lt;/ns2:valueType&gt;&lt;/ns2:configData&gt;&lt;ns2:configData&gt;&lt;ns2:id&gt;9b291faf-f656-488c-b995-b77131d18608&lt;/ns2:id&gt;&lt;ns2:optionName&gt;eventON_CLICK&lt;/ns2:optionName&gt;&lt;ns2:value&gt;view.refresh(true);&lt;/ns2:value&gt;&lt;ns2:valueType&gt;static&lt;/ns2:valueType&gt;&lt;/ns2:configData&gt;&lt;ns2:configData&gt;&lt;ns2:id&gt;5a8214dc-a6c0-4a70-84d3-881d40cae62a&lt;/ns2:id&gt;&lt;ns2:optionName&gt;eventON_BOUNDARYEVT&lt;/ns2:optionName&gt;&lt;ns2:valueType&gt;static&lt;/ns2:valueType&gt;&lt;/ns2:configData&gt;&lt;ns2:configData&gt;&lt;ns2:id&gt;bbf1b629-123c-4363-b31c-6b004b1f72a4&lt;/ns2:id&gt;&lt;ns2:optionName&gt;@htmlOverrides&lt;/ns2:optionName&gt;&lt;ns2:value&gt;&lt;/ns2:value&gt;&lt;/ns2:configData&gt;&lt;ns2:configData&gt;&lt;ns2:id&gt;fb6cb5eb-c1b8-408d-ba92-11f94e1ee8f0&lt;/ns2:id&gt;&lt;ns2:optionName&gt;@className&lt;/ns2:optionName&gt;&lt;/ns2:configData&gt;&lt;ns2:viewUUID&gt;64.7133c7d4-1a54-45c8-89cd-a8e8fa4a8e36&lt;/ns2:viewUUID&gt;&lt;/ns2:contributions&gt;&lt;/ns2:contentBoxContrib&gt;&lt;/ns2:contributions&gt;&lt;ns2:contributions xsi:type="ns2:ViewRef" version="8560"&gt;&lt;ns2:id&gt;0f0894b3-5901-4a7b-8a06-af4d94d3d71f&lt;/ns2:id&gt;&lt;ns2:layoutItemId&gt;DocList&lt;/ns2:layoutItemId&gt;&lt;ns2:configData&gt;&lt;ns2:id&gt;a0b1b3c6-4549-4a6e-bb49-bef970e2bf35&lt;/ns2:id&gt;&lt;ns2:optionName&gt;@label&lt;/ns2:optionName&gt;&lt;ns2:value&gt;tw.options.@label&lt;/ns2:value&gt;&lt;ns2:valueType&gt;dynamic&lt;/ns2:valueType&gt;&lt;/ns2:configData&gt;&lt;ns2:configData&gt;&lt;ns2:id&gt;677643e3-29b4-4860-a706-0f8537e0115b&lt;/ns2:id&gt;&lt;ns2:optionName&gt;@helpText&lt;/ns2:optionName&gt;&lt;ns2:value&gt;tw.options.@helpText&lt;/ns2:value&gt;&lt;ns2:valueType&gt;dynamic&lt;/ns2:valueType&gt;&lt;/ns2:configData&gt;&lt;ns2:configData&gt;&lt;ns2:id&gt;31196036-a1bc-40e5-9bee-e0fa8b3067ab&lt;/ns2:id&gt;&lt;ns2:optionName&gt;@visibility&lt;/ns2:optionName&gt;&lt;ns2:value&gt;tw.options.@visibility&lt;/ns2:value&gt;&lt;ns2:valueType&gt;dynamic&lt;/ns2:valueType&gt;&lt;/ns2:configData&gt;&lt;ns2:configData&gt;&lt;ns2:id&gt;b9834d8a-87b5-4a22-a098-d930534325ab&lt;/ns2:id&gt;&lt;ns2:optionName&gt;@labelVisibility&lt;/ns2:optionName&gt;&lt;ns2:value&gt;HIDE&lt;/ns2:value&gt;&lt;ns2:valueType&gt;static&lt;/ns2:valueType&gt;&lt;/ns2:configData&gt;&lt;ns2:configData&gt;&lt;ns2:id&gt;a3364663-796a-42ca-ad20-d10107a73317&lt;/ns2:id&gt;&lt;ns2:optionName&gt;@baseTextDirection&lt;/ns2:optionName&gt;&lt;ns2:value&gt;DEFAULT&lt;/ns2:value&gt;&lt;ns2:valueType&gt;static&lt;/ns2:valueType&gt;&lt;/ns2:configData&gt;&lt;ns2:configData&gt;&lt;ns2:id&gt;42934509-ebe0-4306-aec8-b2a6298a8d49&lt;/ns2:id&gt;&lt;ns2:optionName&gt;dataService&lt;/ns2:optionName&gt;&lt;ns2:valueType&gt;static&lt;/ns2:valueType&gt;&lt;/ns2:configData&gt;&lt;ns2:configData&gt;&lt;ns2:id&gt;ca70c7fa-0274-4054-88cd-32b8f02193e8&lt;/ns2:id&gt;&lt;ns2:optionName&gt;queryData&lt;/ns2:optionName&gt;&lt;ns2:valueType&gt;dynamic&lt;/ns2:valueType&gt;&lt;/ns2:configData&gt;&lt;ns2:configData&gt;&lt;ns2:id&gt;e9aefa20-d99e-42e9-a313-c8f6fa8d33fa&lt;/ns2:id&gt;&lt;ns2:optionName&gt;startEmpty&lt;/ns2:optionName&gt;&lt;ns2:value&gt;true&lt;/ns2:value&gt;&lt;ns2:valueType&gt;static&lt;/ns2:valueType&gt;&lt;/ns2:configData&gt;&lt;ns2:configData&gt;&lt;ns2:id&gt;89347b26-6c49-4dac-9fa2-421152e6f1c0&lt;/ns2:id&gt;&lt;ns2:optionName&gt;selectionMode&lt;/ns2:optionName&gt;&lt;ns2:value&gt;N&lt;/ns2:value&gt;&lt;ns2:valueType&gt;static&lt;/ns2:valueType&gt;&lt;/ns2:configData&gt;&lt;ns2:configData&gt;&lt;ns2:id&gt;0a706af1-4696-4a8a-beca-34b728840ff0&lt;/ns2:id&gt;&lt;ns2:optionName&gt;showFooter&lt;/ns2:optionName&gt;&lt;ns2:value&gt;tw.options.showFooter&lt;/ns2:value&gt;&lt;ns2:valueType&gt;dynamic&lt;/ns2:valueType&gt;&lt;/ns2:configData&gt;&lt;ns2:configData&gt;&lt;ns2:id&gt;d8d22ea4-eb55-4dc2-a165-d206cb437541&lt;/ns2:id&gt;&lt;ns2:optionName&gt;showTableStats&lt;/ns2:optionName&gt;&lt;ns2:value&gt;tw.options.showTableStats&lt;/ns2:value&gt;&lt;ns2:valueType&gt;dynamic&lt;/ns2:valueType&gt;&lt;/ns2:configData&gt;&lt;ns2:configData&gt;&lt;ns2:id&gt;db26f6c7-67cd-4233-b6b6-363f671a12d3&lt;/ns2:id&gt;&lt;ns2:optionName&gt;showPager&lt;/ns2:optionName&gt;&lt;ns2:value&gt;tw.options.showPager&lt;/ns2:value&gt;&lt;ns2:valueType&gt;dynamic&lt;/ns2:valueType&gt;&lt;/ns2:configData&gt;&lt;ns2:configData&gt;&lt;ns2:id&gt;2572b356-2946-46b2-b607-d2168c10ef6b&lt;/ns2:id&gt;&lt;ns2:optionName&gt;showPageSizer&lt;/ns2:optionName&gt;&lt;ns2:value&gt;false&lt;/ns2:value&gt;&lt;ns2:valueType&gt;static&lt;/ns2:valueType&gt;&lt;/ns2:configData&gt;&lt;ns2:configData&gt;&lt;ns2:id&gt;e30db97f-822a-407e-90c5-68f552c3dad7&lt;/ns2:id&gt;&lt;ns2:optionName&gt;pageSize&lt;/ns2:optionName&gt;&lt;ns2:value&gt;tw.options.pageSize&lt;/ns2:value&gt;&lt;ns2:valueType&gt;dynamic&lt;/ns2:valueType&gt;&lt;/ns2:configData&gt;&lt;ns2:configData&gt;&lt;ns2:id&gt;c0715b30-eb45-4577-a822-59bd5fe30646&lt;/ns2:id&gt;&lt;ns2:optionName&gt;columnSpecs&lt;/ns2:optionName&gt;&lt;ns2:value&gt;&lt;/ns2:value&gt;&lt;ns2:valueType&gt;dynamic&lt;/ns2:valueType&gt;&lt;/ns2:configData&gt;&lt;ns2:configData&gt;&lt;ns2:id&gt;db9399b6-c64e-49f9-a5cd-e63a78ccf69b&lt;/ns2:id&gt;&lt;ns2:optionName&gt;tableStyle&lt;/ns2:optionName&gt;&lt;ns2:value&gt;tw.options.tableStyle&lt;/ns2:value&gt;&lt;ns2:valueType&gt;dynamic&lt;/ns2:valueType&gt;&lt;/ns2:configData&gt;&lt;ns2:configData&gt;&lt;ns2:id&gt;cd623fe0-3dce-4363-b9f4-eb1b51dfdbad&lt;/ns2:id&gt;&lt;ns2:optionName&gt;colorStyle&lt;/ns2:optionName&gt;&lt;ns2:value&gt;tw.options.colorStyle&lt;/ns2:value&gt;&lt;ns2:valueType&gt;dynamic&lt;/ns2:valueType&gt;&lt;/ns2:configData&gt;&lt;ns2:configData&gt;&lt;ns2:id&gt;0cbed5e5-d462-4625-9798-fe3eab74d890&lt;/ns2:id&gt;&lt;ns2:optionName&gt;width&lt;/ns2:optionName&gt;&lt;ns2:value&gt;tw.options.width&lt;/ns2:value&gt;&lt;ns2:valueType&gt;dynamic&lt;/ns2:valueType&gt;&lt;/ns2:configData&gt;&lt;ns2:configData&gt;&lt;ns2:id&gt;3d92948a-22ba-4bb5-9c6a-09eb1f9921e0&lt;/ns2:id&gt;&lt;ns2:optionName&gt;height&lt;/ns2:optionName&gt;&lt;ns2:value&gt;tw.options.height&lt;/ns2:value&gt;&lt;ns2:valueType&gt;dynamic&lt;/ns2:valueType&gt;&lt;/ns2:configData&gt;&lt;ns2:configData&gt;&lt;ns2:id&gt;758e80c6-156a-4b80-9bd0-dc75c5673942&lt;/ns2:id&gt;&lt;ns2:optionName&gt;deferLoad&lt;/ns2:optionName&gt;&lt;ns2:value&gt;false&lt;/ns2:value&gt;&lt;ns2:valueType&gt;static&lt;/ns2:valueType&gt;&lt;/ns2:configData&gt;&lt;ns2:configData&gt;&lt;ns2:id&gt;5961cd5a-faaf-4a81-8edc-094dea8e0c87&lt;/ns2:id&gt;&lt;ns2:optionName&gt;loadBatchSize&lt;/ns2:optionName&gt;&lt;ns2:valueType&gt;static&lt;/ns2:valueType&gt;&lt;/ns2:configData&gt;&lt;ns2:configData&gt;&lt;ns2:id&gt;683fe4ca-472f-4fb9-aaad-08e834481cd3&lt;/ns2:id&gt;&lt;ns2:optionName&gt;eventON_LOAD&lt;/ns2:optionName&gt;&lt;ns2:valueType&gt;static&lt;/ns2:valueType&gt;&lt;/ns2:configData&gt;&lt;ns2:configData&gt;&lt;ns2:id&gt;9a453c03-080e-4c59-96d6-dcc2c672414e&lt;/ns2:id&gt;&lt;ns2:optionName&gt;eventON_NEWCELL&lt;/ns2:optionName&gt;&lt;ns2:value&gt;@_renderCell&lt;/ns2:value&gt;&lt;ns2:valueType&gt;static&lt;/ns2:valueType&gt;&lt;/ns2:configData&gt;&lt;ns2:configData&gt;&lt;ns2:id&gt;d1f930e9-5020-43fa-8b93-03f869be6c9c&lt;/ns2:id&gt;&lt;ns2:optionName&gt;eventON_ROWSLOADED&lt;/ns2:optionName&gt;&lt;ns2:valueType&gt;static&lt;/ns2:valueType&gt;&lt;/ns2:configData&gt;&lt;ns2:configData&gt;&lt;ns2:id&gt;8824ddd8-17d4-4c58-a965-644ccc3bb71c&lt;/ns2:id&gt;&lt;ns2:optionName&gt;@htmlOverrides&lt;/ns2:optionName&gt;&lt;/ns2:configData&gt;&lt;ns2:configData&gt;&lt;ns2:id&gt;696e99b5-822e-41df-9f05-bf3cd4e8e28c&lt;/ns2:id&gt;&lt;ns2:optionName&gt;@className&lt;/ns2:optionName&gt;&lt;ns2:value&gt;FileTable&lt;/ns2:value&gt;&lt;/ns2:configData&gt;&lt;ns2:configData&gt;&lt;ns2:id&gt;dcde379b-574c-4879-85bc-000521e85573&lt;/ns2:id&gt;&lt;ns2:optionName&gt;highlightSel&lt;/ns2:optionName&gt;&lt;ns2:value&gt;false&lt;/ns2:value&gt;&lt;ns2:valueType&gt;static&lt;/ns2:valueType&gt;&lt;/ns2:configData&gt;&lt;ns2:configData&gt;&lt;ns2:id&gt;a8cf6a5e-c58d-4fe0-9bd9-5a46236d601f&lt;/ns2:id&gt;&lt;ns2:optionName&gt;eventON_DATALOADED&lt;/ns2:optionName&gt;&lt;ns2:valueType&gt;static&lt;/ns2:valueType&gt;&lt;/ns2:configData&gt;&lt;ns2:configData&gt;&lt;ns2:id&gt;57f54aef-6a0c-4d58-9c51-7cce786b7daf&lt;/ns2:id&gt;&lt;ns2:optionName&gt;eventON_DATAERROR&lt;/ns2:optionName&gt;&lt;ns2:valueType&gt;static&lt;/ns2:valueType&gt;&lt;/ns2:configData&gt;&lt;ns2:configData&gt;&lt;ns2:id&gt;c3baf9e0-d2b4-43b4-b368-6c7f03abe739&lt;/ns2:id&gt;&lt;ns2:optionName&gt;eventON_ROWSEL&lt;/ns2:optionName&gt;&lt;ns2:valueType&gt;static&lt;/ns2:valueType&gt;&lt;/ns2:configData&gt;&lt;ns2:viewUUID&gt;64.6b29c1bc-c211-43ce-8fbc-904e6e4d57f7&lt;/ns2:viewUUID&gt;&lt;ns2:contentBoxContrib&gt;&lt;ns2:id&gt;d2d5a047-bf40-495b-88c6-6fe338eba695&lt;/ns2:id&gt;&lt;ns2:contentBoxId&gt;ContentBox1&lt;/ns2:contentBoxId&gt;&lt;/ns2:contentBoxContrib&gt;&lt;/ns2:contributions&gt;&lt;/ns2:contentBoxContrib&gt;&lt;/ns2:layoutItem&gt;&lt;/ns2:layout&gt;</layout>
        <paletteIcon>/61.7f47c342-f0f9-4497-9bca-0da7bef42ef9</paletteIcon>
        <previewImage>/61.1d584181-a448-4108-8dba-5d156ae75613</previewImage>
        <hasLabel>false</hasLabel>
        <labelPosition>1</labelPosition>
        <nineSliceX1Coord>16</nineSliceX1Coord>
        <nineSliceX2Coord>16</nineSliceX2Coord>
        <nineSliceY1Coord>5</nineSliceY1Coord>
        <nineSliceY2Coord>16</nineSliceY2Coord>
        <emitBoundary>false</emitBoundary>
        <isPrototypeFunc>true</isPrototypeFunc>
        <enableDevMode>false</enableDevMode>
        <isMobileReady>true</isMobileReady>
        <loadJsFunction isNull="true" />
        <unloadJsFunction isNull="true" />
        <viewJsFunction isNull="true" />
        <changeJsFunction isNull="true" />
        <collaborationJsFunction isNull="true" />
        <description>&lt;HTML&gt;&lt;HEAD&gt;&#xD;
&lt;STYLE type=text/css&gt; p{margin:0px;}&lt;/STYLE&gt;&#xD;
&lt;/HEAD&gt;&#xD;
&lt;BODY style="FONT-SIZE: 10pt; FONT-FAMILY: arial" bgColor=#f5f5f5&gt;The BPM File List control displays (in tabular form) files/documents from the BPM content store, optionally filtered by properties, and optionally associated with a process instance. Events can be fired from user actions on the list, such as clicking on a file to view its content. Files can also be deleted from the list, if allowed through configuration.&lt;/BODY&gt;&lt;/HTML&gt;</description>
        <validateJsFunction isNull="true" />
        <previewAdvHtml isNull="true" />
        <previewAdvJs isNull="true" />
        <useUrlBinding>false</useUrlBinding>
        <guid>ad9be674-8780-490e-81c0-f121bda843e0</guid>
        <versionId>51b87103-4c3f-4207-bc63-53766a3defa1</versionId>
        <field1 isNull="true" />
        <field2 isNull="true" />
        <field3>0</field3>
        <field4 isNull="true" />
        <field5>false</field5>
        <clobField1 isNull="true" />
        <configOption name="allowUpdate">
            <lastModified isNull="true" />
            <lastModifiedBy isNull="true" />
            <coachViewConfigOptionId>66.ba22dad4-a4cf-4557-928a-16b0b62d23c5</coachViewConfigOptionId>
            <coachViewId>64.106917db-1d4e-4dfe-a0fc-d9cc296c065b</coachViewId>
            <isList>false</isList>
            <propertyType>OBJECT</propertyType>
            <label>tw.resource.DocumentList.BPMFileListLBLallowUpdate</label>
            <classId>f1e96cc6-5fd9-4002-8b04-107d4ddae78a/12.83ff975e-8dbc-42e5-b738-fa8bc08274a2</classId>
            <processId isNull="true" />
            <actionflowId isNull="true" />
            <isAdaptive>false</isAdaptive>
            <seq>0</seq>
            <description>tw.resource.DocumentList.BPMFileListDOCallowUpdate</description>
            <groupName>tw.resource.DocumentList.zCommonGRPContentManagement</groupName>
            <guid>guid:dcb4384dcbadbbce:-520c2dd4:1584cb58f04:-7ff2</guid>
            <versionId>5288173e-3734-46af-a365-40a19f8bd59c</versionId>
        </configOption>
        <configOption name="allowDelete">
            <lastModified isNull="true" />
            <lastModifiedBy isNull="true" />
            <coachViewConfigOptionId>66.abd3763e-04cc-48df-9303-b1144284d37d</coachViewConfigOptionId>
            <coachViewId>64.106917db-1d4e-4dfe-a0fc-d9cc296c065b</coachViewId>
            <isList>false</isList>
            <propertyType>OBJECT</propertyType>
            <label>tw.resource.DocumentList.BPMFileListLBLallowDelete</label>
            <classId>f1e96cc6-5fd9-4002-8b04-107d4ddae78a/12.83ff975e-8dbc-42e5-b738-fa8bc08274a2</classId>
            <processId isNull="true" />
            <actionflowId isNull="true" />
            <isAdaptive>false</isAdaptive>
            <seq>1</seq>
            <description>tw.resource.DocumentList.BPMFileListDOCallowDelete</description>
            <groupName>tw.resource.DocumentList.zCommonGRPContentManagement</groupName>
            <guid>55a7ec0c-06a7-4772-b817-f915bbb66f21</guid>
            <versionId>b59aa078-5b1e-4ac1-a224-df770c41f30a</versionId>
        </configOption>
        <configOption name="confirmDelete">
            <lastModified isNull="true" />
            <lastModifiedBy isNull="true" />
            <coachViewConfigOptionId>66.7d76cbe0-644e-44b2-a26e-6f8bdc3c37ed</coachViewConfigOptionId>
            <coachViewId>64.106917db-1d4e-4dfe-a0fc-d9cc296c065b</coachViewId>
            <isList>false</isList>
            <propertyType>OBJECT</propertyType>
            <label>tw.resource.DocumentList.BPMFileListLBLconfirmDelete</label>
            <classId>f1e96cc6-5fd9-4002-8b04-107d4ddae78a/12.83ff975e-8dbc-42e5-b738-fa8bc08274a2</classId>
            <processId isNull="true" />
            <actionflowId isNull="true" />
            <isAdaptive>false</isAdaptive>
            <seq>2</seq>
            <description>tw.resource.DocumentList.BPMFileListDOCconfirmDelete</description>
            <groupName>tw.resource.DocumentList.zCommonGRPContentManagement</groupName>
            <guid>6fdd52c9-f856-4cbe-91ff-ff85eea888e5</guid>
            <versionId>0cd8ad44-6ef0-4845-86e0-32c064d1f07c</versionId>
        </configOption>
        <configOption name="allowVersions">
            <lastModified isNull="true" />
            <lastModifiedBy isNull="true" />
            <coachViewConfigOptionId>66.f9ae8b05-6872-47bf-8651-7eb9de1994ff</coachViewConfigOptionId>
            <coachViewId>64.106917db-1d4e-4dfe-a0fc-d9cc296c065b</coachViewId>
            <isList>false</isList>
            <propertyType>OBJECT</propertyType>
            <label>tw.resource.DocumentList.BPMFileListLBLdisplayVersion</label>
            <classId>f1e96cc6-5fd9-4002-8b04-107d4ddae78a/12.83ff975e-8dbc-42e5-b738-fa8bc08274a2</classId>
            <processId isNull="true" />
            <actionflowId isNull="true" />
            <isAdaptive>false</isAdaptive>
            <seq>3</seq>
            <description>tw.resource.DocumentList.BPMFileListDOCdisplayVersion</description>
            <groupName>tw.resource.DocumentList.zCommonGRPContentManagement</groupName>
            <guid>guid:dcb4384dcbadbbce:-520c2dd4:1584cb58f04:-7fdb</guid>
            <versionId>c05ef60a-41df-423f-ae28-54cb6842cc77</versionId>
        </configOption>
        <configOption name="showAllContent">
            <lastModified isNull="true" />
            <lastModifiedBy isNull="true" />
            <coachViewConfigOptionId>66.472a0b3c-9bb4-48b1-ae77-eaea3fd3455f</coachViewConfigOptionId>
            <coachViewId>64.106917db-1d4e-4dfe-a0fc-d9cc296c065b</coachViewId>
            <isList>false</isList>
            <propertyType>OBJECT</propertyType>
            <label>tw.resource.DocumentList.BPMFileListLBLshowAllContent</label>
            <classId>f1e96cc6-5fd9-4002-8b04-107d4ddae78a/12.83ff975e-8dbc-42e5-b738-fa8bc08274a2</classId>
            <processId isNull="true" />
            <actionflowId isNull="true" />
            <isAdaptive>false</isAdaptive>
            <seq>4</seq>
            <description>tw.resource.DocumentList.BPMFileListDOCshowAllContent</description>
            <groupName>tw.resource.DocumentList.zCommonGRPContentManagement</groupName>
            <guid>47b53857-5ede-48e9-9f5c-cb69f9cd7f03</guid>
            <versionId>7e132aa4-23f8-4f65-91dc-ef59531a7241</versionId>
        </configOption>
        <configOption name="numberOfResultsToShow">
            <lastModified isNull="true" />
            <lastModifiedBy isNull="true" />
            <coachViewConfigOptionId>66.c681f87e-1cac-4b04-9813-0a15045098db</coachViewConfigOptionId>
            <coachViewId>64.106917db-1d4e-4dfe-a0fc-d9cc296c065b</coachViewId>
            <isList>false</isList>
            <propertyType>OBJECT</propertyType>
            <label>tw.resource.DocumentList.BPMFileListLBLnumberOfResultsToShow</label>
            <classId>f1e96cc6-5fd9-4002-8b04-107d4ddae78a/12.3fa0d7a0-828a-4d60-99cc-db5ed143fc2d</classId>
            <processId isNull="true" />
            <actionflowId isNull="true" />
            <isAdaptive>true</isAdaptive>
            <seq>5</seq>
            <description>tw.resource.DocumentList.BPMFileListDOCnumberOfResultsToShow</description>
            <groupName>tw.resource.DocumentList.zCommonGRPContentManagement</groupName>
            <guid>c938a5d5-5266-43f6-abe6-1779f8adc5af</guid>
            <versionId>350c3a05-ccd0-441c-bb23-f1ff2c47b029</versionId>
        </configOption>
        <configOption name="associatedWithProcessInstance">
            <lastModified isNull="true" />
            <lastModifiedBy isNull="true" />
            <coachViewConfigOptionId>66.8bfb1285-03a6-48c2-b160-454d058f28a5</coachViewConfigOptionId>
            <coachViewId>64.106917db-1d4e-4dfe-a0fc-d9cc296c065b</coachViewId>
            <isList>false</isList>
            <propertyType>OBJECT</propertyType>
            <label>tw.resource.DocumentList.BPMFileListLBLassociatedWithProcInst</label>
            <classId>f1e96cc6-5fd9-4002-8b04-107d4ddae78a/12.83ff975e-8dbc-42e5-b738-fa8bc08274a2</classId>
            <processId isNull="true" />
            <actionflowId isNull="true" />
            <isAdaptive>false</isAdaptive>
            <seq>6</seq>
            <description>tw.resource.DocumentList.BPMFileListDOCassociatedWithProcInst</description>
            <groupName>tw.resource.DocumentList.zCommonGRPContentManagement</groupName>
            <guid>e9aec256-5f8a-4fce-913b-7755d9f27fc4</guid>
            <versionId>c13221bf-9c7b-4486-aac5-f26ed960a4ec</versionId>
        </configOption>
        <configOption name="displayMatchRule">
            <lastModified isNull="true" />
            <lastModifiedBy isNull="true" />
            <coachViewConfigOptionId>66.b1fac5cf-8eec-42b5-a8c7-59e95deb1841</coachViewConfigOptionId>
            <coachViewId>64.106917db-1d4e-4dfe-a0fc-d9cc296c065b</coachViewId>
            <isList>false</isList>
            <propertyType>OBJECT</propertyType>
            <label>tw.resource.DocumentList.BPMFileListLBLdisplayMatchRule</label>
            <classId>/12.967a6d2a-b93c-4dd0-bb50-ac36ac15b325</classId>
            <processId isNull="true" />
            <actionflowId isNull="true" />
            <isAdaptive>false</isAdaptive>
            <seq>7</seq>
            <description>tw.resource.DocumentList.BPMFileListDOCdisplayMatchRule</description>
            <groupName>tw.resource.DocumentList.zCommonGRPContentManagement</groupName>
            <guid>bdf65a71-1f8e-4fb2-8d80-89ed68958c0c</guid>
            <versionId>cb9e85a4-d28d-41be-b7e6-fdd599fcda60</versionId>
        </configOption>
        <configOption name="displayProperties">
            <lastModified isNull="true" />
            <lastModifiedBy isNull="true" />
            <coachViewConfigOptionId>66.6b2e6370-1240-47f7-b195-0aa06dfbafb7</coachViewConfigOptionId>
            <coachViewId>64.106917db-1d4e-4dfe-a0fc-d9cc296c065b</coachViewId>
            <isList>true</isList>
            <propertyType>OBJECT</propertyType>
            <label>tw.resource.DocumentList.BPMFileListLBLdisplayProperties</label>
            <classId>f1e96cc6-5fd9-4002-8b04-107d4ddae78a/12.d2e5a15a-ea53-4793-9e93-29af5bd80b13</classId>
            <processId isNull="true" />
            <actionflowId isNull="true" />
            <isAdaptive>false</isAdaptive>
            <seq>8</seq>
            <description>tw.resource.DocumentList.BPMFileListDOCdisplayProperties</description>
            <groupName>tw.resource.DocumentList.zCommonGRPContentManagement</groupName>
            <guid>152a6b26-6478-4650-b588-e0abbfb2036f</guid>
            <versionId>349a4dac-eb1b-438a-a3bc-35f64efb483e</versionId>
        </configOption>
        <configOption name="showFooter">
            <lastModified isNull="true" />
            <lastModifiedBy isNull="true" />
            <coachViewConfigOptionId>66.8de02faa-b3f7-492b-b215-b534dc4d8907</coachViewConfigOptionId>
            <coachViewId>64.106917db-1d4e-4dfe-a0fc-d9cc296c065b</coachViewId>
            <isList>false</isList>
            <propertyType>OBJECT</propertyType>
            <label>tw.resource.DocumentList.BPMFileListLBLshowFooter</label>
            <classId>f1e96cc6-5fd9-4002-8b04-107d4ddae78a/12.83ff975e-8dbc-42e5-b738-fa8bc08274a2</classId>
            <processId isNull="true" />
            <actionflowId isNull="true" />
            <isAdaptive>false</isAdaptive>
            <seq>9</seq>
            <description>tw.resource.DocumentList.BPMFileListDOCshowFooter</description>
            <groupName>tw.resource.DocumentList.zCommonGRPBehavior</groupName>
            <guid>guid:dcb4384dcbadbbce:-520c2dd4:1584cb58f04:-7ff9</guid>
            <versionId>41b94ff6-989e-4731-a8f1-039b17a2fa3a</versionId>
        </configOption>
        <configOption name="showTableStats">
            <lastModified isNull="true" />
            <lastModifiedBy isNull="true" />
            <coachViewConfigOptionId>66.f949917b-8408-4cbc-957a-148cddcb2970</coachViewConfigOptionId>
            <coachViewId>64.106917db-1d4e-4dfe-a0fc-d9cc296c065b</coachViewId>
            <isList>false</isList>
            <propertyType>OBJECT</propertyType>
            <label>tw.resource.DocumentList.BPMFileListLBLshowTableStats</label>
            <classId>f1e96cc6-5fd9-4002-8b04-107d4ddae78a/12.83ff975e-8dbc-42e5-b738-fa8bc08274a2</classId>
            <processId isNull="true" />
            <actionflowId isNull="true" />
            <isAdaptive>false</isAdaptive>
            <seq>10</seq>
            <description>tw.resource.DocumentList.BPMFileListDOCshowTableStats</description>
            <groupName>tw.resource.DocumentList.zCommonGRPBehavior</groupName>
            <guid>guid:dcb4384dcbadbbce:-520c2dd4:1584cb58f04:-7ff8</guid>
            <versionId>ca01e256-2d5a-49a4-bfbe-18a007742c16</versionId>
        </configOption>
        <configOption name="showPager">
            <lastModified isNull="true" />
            <lastModifiedBy isNull="true" />
            <coachViewConfigOptionId>66.8ef5918a-7315-44ae-8937-ff551d11aea8</coachViewConfigOptionId>
            <coachViewId>64.106917db-1d4e-4dfe-a0fc-d9cc296c065b</coachViewId>
            <isList>false</isList>
            <propertyType>OBJECT</propertyType>
            <label>tw.resource.DocumentList.BPMFileListLBLshowPager</label>
            <classId>f1e96cc6-5fd9-4002-8b04-107d4ddae78a/12.83ff975e-8dbc-42e5-b738-fa8bc08274a2</classId>
            <processId isNull="true" />
            <actionflowId isNull="true" />
            <isAdaptive>false</isAdaptive>
            <seq>11</seq>
            <description>tw.resource.DocumentList.BPMFileListDOCshowPager</description>
            <groupName>tw.resource.DocumentList.zCommonGRPBehavior</groupName>
            <guid>guid:dcb4384dcbadbbce:-520c2dd4:1584cb58f04:-7ff7</guid>
            <versionId>4ce135c2-110d-4ab9-95b7-4b9c4673beee</versionId>
        </configOption>
        <configOption name="pageSize">
            <lastModified isNull="true" />
            <lastModifiedBy isNull="true" />
            <coachViewConfigOptionId>66.8edaaa45-8cc5-42b0-9576-949fd637156b</coachViewConfigOptionId>
            <coachViewId>64.106917db-1d4e-4dfe-a0fc-d9cc296c065b</coachViewId>
            <isList>false</isList>
            <propertyType>OBJECT</propertyType>
            <label>tw.resource.DocumentList.BPMFileListLBLpageSize</label>
            <classId>f1e96cc6-5fd9-4002-8b04-107d4ddae78a/12.3fa0d7a0-828a-4d60-99cc-db5ed143fc2d</classId>
            <processId isNull="true" />
            <actionflowId isNull="true" />
            <isAdaptive>false</isAdaptive>
            <seq>12</seq>
            <description>tw.resource.DocumentList.BPMFileListDOCpageSize</description>
            <groupName>tw.resource.DocumentList.zCommonGRPBehavior</groupName>
            <guid>guid:dcb4384dcbadbbce:-520c2dd4:1584cb58f04:-7ff5</guid>
            <versionId>60d3ceef-7729-4347-b408-d4c494239084</versionId>
        </configOption>
        <configOption name="tableStyle">
            <lastModified isNull="true" />
            <lastModifiedBy isNull="true" />
            <coachViewConfigOptionId>66.bc0b64d3-e9ea-456b-a0c7-13a04a7d8266</coachViewConfigOptionId>
            <coachViewId>64.106917db-1d4e-4dfe-a0fc-d9cc296c065b</coachViewId>
            <isList>false</isList>
            <propertyType>OBJECT</propertyType>
            <label>tw.resource.DocumentList.BPMFileListLBLtableStyle</label>
            <classId>f496ca18-836b-46b7-8846-85b2ee01f7eb/12.d8e56f3f-d5e3-4e08-b10d-5056cdb2825a</classId>
            <processId isNull="true" />
            <actionflowId isNull="true" />
            <isAdaptive>false</isAdaptive>
            <seq>13</seq>
            <description>tw.resource.DocumentList.BPMFileListDOCtableStyle</description>
            <groupName>tw.resource.DocumentList.zCommonGRPAppearance</groupName>
            <guid>fb5a813d-782b-4320-a112-09784c1e919f</guid>
            <versionId>7b439de5-871d-46a5-ab54-0fd508d5c403</versionId>
        </configOption>
        <configOption name="colorStyle">
            <lastModified isNull="true" />
            <lastModifiedBy isNull="true" />
            <coachViewConfigOptionId>66.7413ce69-69a9-4fd1-92a0-ca115974f4c0</coachViewConfigOptionId>
            <coachViewId>64.106917db-1d4e-4dfe-a0fc-d9cc296c065b</coachViewId>
            <isList>false</isList>
            <propertyType>OBJECT</propertyType>
            <label>tw.resource.DocumentList.BPMFileListLBLcolorStyle</label>
            <classId>f496ca18-836b-46b7-8846-85b2ee01f7eb/12.dcbfb56a-149b-422d-b72c-38552efd01c6</classId>
            <processId isNull="true" />
            <actionflowId isNull="true" />
            <isAdaptive>false</isAdaptive>
            <seq>14</seq>
            <description>tw.resource.DocumentList.BPMFileListDOCcolorStyle</description>
            <groupName>tw.resource.DocumentList.zCommonGRPAppearance</groupName>
            <guid>d2c0ef9b-0700-4c1b-8012-b5d556e3d314</guid>
            <versionId>bf7b6694-dba7-4074-acf3-166137208dc8</versionId>
        </configOption>
        <configOption name="maxThumbnailSize">
            <lastModified isNull="true" />
            <lastModifiedBy isNull="true" />
            <coachViewConfigOptionId>66.2eaf6ca2-1cca-4320-887a-bfec9e67dcbc</coachViewConfigOptionId>
            <coachViewId>64.106917db-1d4e-4dfe-a0fc-d9cc296c065b</coachViewId>
            <isList>false</isList>
            <propertyType>OBJECT</propertyType>
            <label>tw.resource.DocumentList.BPMFileListLBLmaxThumbnailSize</label>
            <classId>f1e96cc6-5fd9-4002-8b04-107d4ddae78a/12.3fa0d7a0-828a-4d60-99cc-db5ed143fc2d</classId>
            <processId isNull="true" />
            <actionflowId isNull="true" />
            <isAdaptive>false</isAdaptive>
            <seq>15</seq>
            <description>tw.resource.DocumentList.BPMFileListDOCmaxThumbnailSize</description>
            <groupName>tw.resource.DocumentList.zCommonGRPAppearance</groupName>
            <guid>2152acb1-2ec2-4265-a796-b4e42e6a07a9</guid>
            <versionId>9b5c3143-1a56-4e85-9ebe-22ea648522e3</versionId>
        </configOption>
        <configOption name="width">
            <lastModified isNull="true" />
            <lastModifiedBy isNull="true" />
            <coachViewConfigOptionId>66.e7216b71-05ae-4268-ad25-cb5843dd5bcc</coachViewConfigOptionId>
            <coachViewId>64.106917db-1d4e-4dfe-a0fc-d9cc296c065b</coachViewId>
            <isList>false</isList>
            <propertyType>OBJECT</propertyType>
            <label>tw.resource.DocumentList.BPMFileListLBLwidth</label>
            <classId>f1e96cc6-5fd9-4002-8b04-107d4ddae78a/12.db884a3c-c533-44b7-bb2d-47bec8ad4022</classId>
            <processId isNull="true" />
            <actionflowId isNull="true" />
            <isAdaptive>true</isAdaptive>
            <seq>16</seq>
            <description>tw.resource.DocumentList.BPMFileListDOCwidth</description>
            <groupName>tw.resource.DocumentList.zCommonGRPAppearance</groupName>
            <guid>12ddd366-adb6-4ca4-ba46-63d6d2744b5c</guid>
            <versionId>eaeda510-75dd-4fb3-b12b-ab8b6f34ede7</versionId>
        </configOption>
        <configOption name="height">
            <lastModified isNull="true" />
            <lastModifiedBy isNull="true" />
            <coachViewConfigOptionId>66.de2ef276-a9d2-4c49-a921-e3f5eed0db3a</coachViewConfigOptionId>
            <coachViewId>64.106917db-1d4e-4dfe-a0fc-d9cc296c065b</coachViewId>
            <isList>false</isList>
            <propertyType>OBJECT</propertyType>
            <label>tw.resource.DocumentList.BPMFileListLBLheight</label>
            <classId>f1e96cc6-5fd9-4002-8b04-107d4ddae78a/12.db884a3c-c533-44b7-bb2d-47bec8ad4022</classId>
            <processId isNull="true" />
            <actionflowId isNull="true" />
            <isAdaptive>true</isAdaptive>
            <seq>17</seq>
            <description>tw.resource.DocumentList.BPMFileListDOCheight</description>
            <groupName>tw.resource.DocumentList.zCommonGRPAppearance</groupName>
            <guid>fefca211-44cd-411a-97bd-ed04fd344962</guid>
            <versionId>1746b69c-a4c4-45b3-afd0-edf71449aad9</versionId>
        </configOption>
        <configOption name="columns">
            <lastModified isNull="true" />
            <lastModifiedBy isNull="true" />
            <coachViewConfigOptionId>66.5b8c58b9-bfb1-4f35-87db-96f3fc2868a2</coachViewConfigOptionId>
            <coachViewId>64.106917db-1d4e-4dfe-a0fc-d9cc296c065b</coachViewId>
            <isList>true</isList>
            <propertyType>OBJECT</propertyType>
            <label>tw.resource.DocumentList.BPMFileListLBLcolumns</label>
            <classId>/12.0ca6a496-0b00-4a53-8928-c442d4a98691</classId>
            <processId isNull="true" />
            <actionflowId isNull="true" />
            <isAdaptive>false</isAdaptive>
            <seq>18</seq>
            <description>tw.resource.DocumentList.BPMFileListDOCcolumns</description>
            <groupName>tw.resource.DocumentList.zCommonGRPAppearance</groupName>
            <guid>2f624d26-a836-4bc2-8fd4-f2ea65e8232d</guid>
            <versionId>9ccaa495-36d6-43bb-bb0c-ed8812b6bab5</versionId>
        </configOption>
        <configOption name="eventON_LOAD">
            <lastModified isNull="true" />
            <lastModifiedBy isNull="true" />
            <coachViewConfigOptionId>66.a68907e1-3c07-4e9a-9646-307208d84c01</coachViewConfigOptionId>
            <coachViewId>64.106917db-1d4e-4dfe-a0fc-d9cc296c065b</coachViewId>
            <isList>false</isList>
            <propertyType>EVENT</propertyType>
            <label>tw.resource.DocumentList.BPMFileListLBLeventONLOAD</label>
            <classId>f1e96cc6-5fd9-4002-8b04-107d4ddae78a/12.db884a3c-c533-44b7-bb2d-47bec8ad4022</classId>
            <processId isNull="true" />
            <actionflowId isNull="true" />
            <isAdaptive>false</isAdaptive>
            <seq>19</seq>
            <description>tw.resource.DocumentList.BPMFileListDOCeventONLOAD</description>
            <groupName>tw.resource.DocumentList.zCommonGRPEvents</groupName>
            <guid>22e66f6b-4ac1-49ef-b4ed-5c6a188fbe9b</guid>
            <versionId>a424668c-0bf0-4b52-ab57-976590adee87</versionId>
        </configOption>
        <configOption name="eventON_FILECLICKED">
            <lastModified isNull="true" />
            <lastModifiedBy isNull="true" />
            <coachViewConfigOptionId>66.3a81a519-3e3e-4f26-b347-ab753622b3bd</coachViewConfigOptionId>
            <coachViewId>64.106917db-1d4e-4dfe-a0fc-d9cc296c065b</coachViewId>
            <isList>false</isList>
            <propertyType>EVENT</propertyType>
            <label>tw.resource.DocumentList.BPMFileListLBLeventONFILECLICKED</label>
            <classId>f1e96cc6-5fd9-4002-8b04-107d4ddae78a/12.db884a3c-c533-44b7-bb2d-47bec8ad4022</classId>
            <processId isNull="true" />
            <actionflowId isNull="true" />
            <isAdaptive>false</isAdaptive>
            <seq>20</seq>
            <description>tw.resource.DocumentList.BPMFileListDOCeventONFILECLICKED</description>
            <groupName>tw.resource.DocumentList.zCommonGRPEvents</groupName>
            <guid>62e3a9a6-3116-4513-b0f6-b52f83a1eb86</guid>
            <versionId>a342ef5c-a594-423b-9258-f3dfa1137ccf</versionId>
        </configOption>
        <configOption name="eventON_DOCDELETED">
            <lastModified isNull="true" />
            <lastModifiedBy isNull="true" />
            <coachViewConfigOptionId>66.359f735f-1035-4c77-b355-4547b1642ac7</coachViewConfigOptionId>
            <coachViewId>64.106917db-1d4e-4dfe-a0fc-d9cc296c065b</coachViewId>
            <isList>false</isList>
            <propertyType>EVENT</propertyType>
            <label>tw.resource.DocumentList.BPMFileListLBLeventONDOCDELETED</label>
            <classId>f1e96cc6-5fd9-4002-8b04-107d4ddae78a/12.db884a3c-c533-44b7-bb2d-47bec8ad4022</classId>
            <processId isNull="true" />
            <actionflowId isNull="true" />
            <isAdaptive>false</isAdaptive>
            <seq>21</seq>
            <description>tw.resource.DocumentList.BPMFileListDOCeventONDOCDELETED</description>
            <groupName>tw.resource.DocumentList.zCommonGRPEvents</groupName>
            <guid>5b601d86-d3de-42cc-9bf8-c6d176c1c00f</guid>
            <versionId>a15320cf-45ce-4d3d-b6ee-c5048a86148a</versionId>
        </configOption>
        <configOption name="eventON_RESULT">
            <lastModified isNull="true" />
            <lastModifiedBy isNull="true" />
            <coachViewConfigOptionId>66.fafecdc3-d444-4176-9f94-c641a5d0bbff</coachViewConfigOptionId>
            <coachViewId>64.106917db-1d4e-4dfe-a0fc-d9cc296c065b</coachViewId>
            <isList>false</isList>
            <propertyType>EVENT</propertyType>
            <label>tw.resource.DocumentList.BPMFileListLBLeventONRESULT</label>
            <classId>f1e96cc6-5fd9-4002-8b04-107d4ddae78a/12.db884a3c-c533-44b7-bb2d-47bec8ad4022</classId>
            <processId isNull="true" />
            <actionflowId isNull="true" />
            <isAdaptive>false</isAdaptive>
            <seq>22</seq>
            <description>tw.resource.DocumentList.BPMFileListDOCeventONRESULT</description>
            <groupName>tw.resource.DocumentList.zCommonGRPEvents</groupName>
            <guid>2da716ea-3c6c-42ca-ba94-4c9257512df3</guid>
            <versionId>c894cf46-c487-4e34-8b02-2fbbfb59a11c</versionId>
        </configOption>
        <configOption name="eventON_ERROR">
            <lastModified isNull="true" />
            <lastModifiedBy isNull="true" />
            <coachViewConfigOptionId>66.f10805d8-f825-40a7-93b0-6c0fd616a61b</coachViewConfigOptionId>
            <coachViewId>64.106917db-1d4e-4dfe-a0fc-d9cc296c065b</coachViewId>
            <isList>false</isList>
            <propertyType>EVENT</propertyType>
            <label>tw.resource.DocumentList.BPMFileListLBLeventONERROR</label>
            <classId>f1e96cc6-5fd9-4002-8b04-107d4ddae78a/12.db884a3c-c533-44b7-bb2d-47bec8ad4022</classId>
            <processId isNull="true" />
            <actionflowId isNull="true" />
            <isAdaptive>false</isAdaptive>
            <seq>23</seq>
            <description>tw.resource.DocumentList.BPMFileListDOCeventONERROR</description>
            <groupName>tw.resource.DocumentList.zCommonGRPEvents</groupName>
            <guid>6004c6d4-0ad2-45f6-8216-0936c131fdcb</guid>
            <versionId>65b98444-96c3-4c02-9f01-82506bbe4de9</versionId>
        </configOption>
        <configOption name="eventON_UPDATEREQUESTED">
            <lastModified isNull="true" />
            <lastModifiedBy isNull="true" />
            <coachViewConfigOptionId>66.3992002c-b936-47d2-a7b6-f53a9c1759f3</coachViewConfigOptionId>
            <coachViewId>64.106917db-1d4e-4dfe-a0fc-d9cc296c065b</coachViewId>
            <isList>false</isList>
            <propertyType>EVENT</propertyType>
            <label>tw.resource.DocumentList.BPMFileListLBLeventONUPDATEREQUESTED</label>
            <classId>f1e96cc6-5fd9-4002-8b04-107d4ddae78a/12.db884a3c-c533-44b7-bb2d-47bec8ad4022</classId>
            <processId isNull="true" />
            <actionflowId isNull="true" />
            <isAdaptive>false</isAdaptive>
            <seq>24</seq>
            <description>tw.resource.DocumentList.BPMFileListDOCeventONUPDATEREQUESTED</description>
            <groupName>tw.resource.DocumentList.zCommonGRPEvents</groupName>
            <guid>guid:dcb4384dcbadbbce:-520c2dd4:1584cb58f04:-7ff0</guid>
            <versionId>cdf495e0-a0d4-42ac-8fa4-c7cbbadec5f9</versionId>
        </configOption>
        <configOption name="eventON_VERSIONDISPLAYREQUESTED">
            <lastModified isNull="true" />
            <lastModifiedBy isNull="true" />
            <coachViewConfigOptionId>66.57f5da45-656e-4164-b7ea-7aab52ef9548</coachViewConfigOptionId>
            <coachViewId>64.106917db-1d4e-4dfe-a0fc-d9cc296c065b</coachViewId>
            <isList>false</isList>
            <propertyType>EVENT</propertyType>
            <label>tw.resource.DocumentList.BPMFileListLBLeventONVERSIONDISPREQ</label>
            <classId>f1e96cc6-5fd9-4002-8b04-107d4ddae78a/12.db884a3c-c533-44b7-bb2d-47bec8ad4022</classId>
            <processId isNull="true" />
            <actionflowId isNull="true" />
            <isAdaptive>false</isAdaptive>
            <seq>25</seq>
            <description>tw.resource.DocumentList.BPMFileListDOCeventONVERSIONDISPREQ</description>
            <groupName>tw.resource.DocumentList.zCommonGRPEvents</groupName>
            <guid>guid:dcb4384dcbadbbce:-520c2dd4:1584cb58f04:-7fef</guid>
            <versionId>3ca70c34-d681-4359-a0ce-85d7b930d96b</versionId>
        </configOption>
        <dynamicStyle>
            <lastModified isNull="true" />
            <lastModifiedBy isNull="true" />
            <coachViewDynamicStyleId>73.55587c0a-98fd-424f-a736-957140c5d676</coachViewDynamicStyleId>
            <coachViewId>64.106917db-1d4e-4dfe-a0fc-d9cc296c065b</coachViewId>
            <filePath>bpmUI.less</filePath>
            <assetUuid>f496ca18-836b-46b7-8846-85b2ee01f7eb/61.26865295-8511-4538-b8f1-4cb99c203a92</assetUuid>
            <seq>0</seq>
            <guid>8fcb6986-fbba-46e6-9c36-945ff8bb81e3</guid>
            <versionId>22095597-2f81-48d4-b50b-4bd192b3afcf</versionId>
        </dynamicStyle>
        <dynamicStyle>
            <lastModified isNull="true" />
            <lastModifiedBy isNull="true" />
            <coachViewDynamicStyleId>73.5acc871d-e58f-440b-b08d-823824b9de2f</coachViewDynamicStyleId>
            <coachViewId>64.106917db-1d4e-4dfe-a0fc-d9cc296c065b</coachViewId>
            <filePath>content.less</filePath>
            <assetUuid>/61.3a7082de-a4f4-44d7-add2-9b71c4b40ebb</assetUuid>
            <seq>1</seq>
            <guid>41d8561a-8347-40ba-ab42-af9b36d0457e</guid>
            <versionId>0e0cbe7d-3973-4384-9c60-46958ddccc03</versionId>
        </dynamicStyle>
        <resource>
            <lastModified isNull="true" />
            <lastModifiedBy isNull="true" />
            <coachViewResourceId>67.244acd1d-e6cc-4f8c-9df0-837bc63be423</coachViewResourceId>
            <coachViewId>64.106917db-1d4e-4dfe-a0fc-d9cc296c065b</coachViewId>
            <filePath>BPMExt-Core.js</filePath>
            <ieCondition isNull="true" />
            <mediaQuery isNull="true" />
            <scriptLoadStyle isNull="true" />
            <assetUuid>f496ca18-836b-46b7-8846-85b2ee01f7eb/61.22dc2e36-11ce-4cd6-a6e8-24201237f10d</assetUuid>
            <seq>3</seq>
            <guid>c7fa97b0-b0ad-4853-b8e0-c22316557ec6</guid>
            <versionId>ef32f4e5-00bb-47ff-92af-74bce7ea3742</versionId>
        </resource>
        <resource>
            <lastModified isNull="true" />
            <lastModifiedBy isNull="true" />
            <coachViewResourceId>67.879bfb70-47ae-47b3-adfd-0de8e1773147</coachViewResourceId>
            <coachViewId>64.106917db-1d4e-4dfe-a0fc-d9cc296c065b</coachViewId>
            <filePath isNull="true" />
            <ieCondition isNull="true" />
            <mediaQuery isNull="true" />
            <scriptLoadStyle isNull="true" />
            <assetUuid>/61.0f9a052e-7bfe-46c8-80ff-457fe290865b</assetUuid>
            <seq>4</seq>
            <guid>d900f0dc-673f-4a18-9e16-2f1c802a8cf4</guid>
            <versionId>286a5e9e-4172-42d9-aaa6-92d336b383a9</versionId>
        </resource>
        <inlineScript name="Inline CSS">
            <lastModified isNull="true" />
            <lastModifiedBy isNull="true" />
            <coachViewInlineScriptId>68.1078aefe-0d38-4017-a8cf-73ee65506c29</coachViewInlineScriptId>
            <coachViewId>64.106917db-1d4e-4dfe-a0fc-d9cc296c065b</coachViewId>
            <scriptType>CSS</scriptType>
            <scriptBlock>.SvcHolder {
    position: relative;
}

.SvcHolder &gt; .DocSvc {
    position: absolute;
    z-index: 15;
    color: white !important;
    left: 50%;
    top: 3px;
}</scriptBlock>
            <seq>0</seq>
            <description isNull="true" />
            <guid>e44a6c50-8e10-4c3f-8a20-6e24ac88f3ab</guid>
            <versionId>a664e069-d633-4645-ac5a-20f12ab3af03</versionId>
        </inlineScript>
        <inlineScript name="Inline Javascript">
            <lastModified isNull="true" />
            <lastModifiedBy isNull="true" />
            <coachViewInlineScriptId>68.3d469873-0663-47d1-ae38-71d516071de7</coachViewInlineScriptId>
            <coachViewId>64.106917db-1d4e-4dfe-a0fc-d9cc296c065b</coachViewId>
            <scriptType>JS</scriptType>
            <scriptBlock>bpmext_control_InitBPMFileList.call(this, utilities, bpmext, domClass, domAttr, domConstruct, xhr);</scriptBlock>
            <seq>1</seq>
            <description isNull="true" />
            <guid>711eef84-e2c8-460c-9d1d-21249321f98d</guid>
            <versionId>726ceb8a-db3e-4dda-aa88-8e00766f8423</versionId>
        </inlineScript>
        <inlineScript name="Header HTML">
            <lastModified isNull="true" />
            <lastModifiedBy isNull="true" />
            <coachViewInlineScriptId>68.48708d2b-218a-488c-83e4-82d5f75dc2d0</coachViewInlineScriptId>
            <coachViewId>64.106917db-1d4e-4dfe-a0fc-d9cc296c065b</coachViewId>
            <scriptType>HTML</scriptType>
            <scriptBlock isNull="true" />
            <seq>2</seq>
            <description isNull="true" />
            <guid>fa986d8f-7e7b-467a-a107-cc654e408147</guid>
            <versionId>f3ac30b1-3771-4cbf-905a-6fc485d6fc1e</versionId>
        </inlineScript>
        <localization>
            <lastModified isNull="true" />
            <lastModifiedBy isNull="true" />
            <coachViewLocalResId>69.d15841ab-f23b-44c0-b528-e4049d4dfe1a</coachViewLocalResId>
            <coachViewId>64.106917db-1d4e-4dfe-a0fc-d9cc296c065b</coachViewId>
            <resourceBundleGroupId>/50.05a87f6e-92f1-49f0-9cd4-d66479a5ea46</resourceBundleGroupId>
            <seq>0</seq>
            <guid>36fbde30-5f43-4893-b5ba-760da3251093</guid>
            <versionId>631717c9-1aae-412b-9272-6e7cf15a8cc3</versionId>
        </localization>
        <amdDependency>
            <lastModified isNull="true" />
            <lastModifiedBy isNull="true" />
            <coachViewAmdDepId>70.3d3fccf7-8b78-471f-836a-1872408953b3</coachViewAmdDepId>
            <coachViewId>64.106917db-1d4e-4dfe-a0fc-d9cc296c065b</coachViewId>
            <moduleId>dojo/dom-class</moduleId>
            <functionArgument>domClass</functionArgument>
            <seq>0</seq>
            <guid>cf4884c1-51b9-4f91-81ea-0d963f258780</guid>
            <versionId>549387e2-6607-4d0c-81d3-e17ab3520301</versionId>
        </amdDependency>
        <amdDependency>
            <lastModified isNull="true" />
            <lastModifiedBy isNull="true" />
            <coachViewAmdDepId>70.13fe5a63-4025-4b93-b46c-0725d86c6457</coachViewAmdDepId>
            <coachViewId>64.106917db-1d4e-4dfe-a0fc-d9cc296c065b</coachViewId>
            <moduleId>dojo/dom-attr</moduleId>
            <functionArgument>domAttr</functionArgument>
            <seq>1</seq>
            <guid>72071151-b645-4e27-87da-f699ad7b1eb1</guid>
            <versionId>d4de6e3e-bc98-4321-884c-181608a92394</versionId>
        </amdDependency>
        <amdDependency>
            <lastModified isNull="true" />
            <lastModifiedBy isNull="true" />
            <coachViewAmdDepId>70.0d779c3b-7423-41d0-a18a-263cbf005918</coachViewAmdDepId>
            <coachViewId>64.106917db-1d4e-4dfe-a0fc-d9cc296c065b</coachViewId>
            <moduleId>dojo/dom-construct</moduleId>
            <functionArgument>domConstruct</functionArgument>
            <seq>2</seq>
            <guid>eb5bfb5e-5528-40ee-81d8-be1b15700871</guid>
            <versionId>ac3488f6-4367-4484-bf73-f609acbbb7a2</versionId>
        </amdDependency>
        <amdDependency>
            <lastModified isNull="true" />
            <lastModifiedBy isNull="true" />
            <coachViewAmdDepId>70.dbd170f2-0d35-4951-802f-ceb22e1240f5</coachViewAmdDepId>
            <coachViewId>64.106917db-1d4e-4dfe-a0fc-d9cc296c065b</coachViewId>
            <moduleId>com.ibm.bpm.coach.utils/utilities</moduleId>
            <functionArgument>utilities</functionArgument>
            <seq>3</seq>
            <guid>41ff3fe8-3f9b-44cf-b865-43c1e26591e9</guid>
            <versionId>296102ba-2a86-4371-9f83-86862503638e</versionId>
        </amdDependency>
        <amdDependency>
            <lastModified isNull="true" />
            <lastModifiedBy isNull="true" />
            <coachViewAmdDepId>70.0a968392-3c48-42ca-b28c-d1430764207c</coachViewAmdDepId>
            <coachViewId>64.106917db-1d4e-4dfe-a0fc-d9cc296c065b</coachViewId>
            <moduleId>dojo/_base/xhr</moduleId>
            <functionArgument>xhr</functionArgument>
            <seq>4</seq>
            <guid>a60fc62a-11c0-4720-aace-bbab681730a5</guid>
            <versionId>382ada04-ef3c-4e74-9872-031ea40d25a8</versionId>
        </amdDependency>
    </coachView>
</teamworks>

