<?xml version="1.0" encoding="UTF-8"?>
<teamworks>
    <coachView id="64.2382d43b-1766-4c69-8e34-6a89e3def1f2" name="Responsive Document Explorer">
        <lastModified>1453229806432</lastModified>
        <lastModifiedBy>tw_admin</lastModifiedBy>
        <coachViewId>64.2382d43b-1766-4c69-8e34-6a89e3def1f2</coachViewId>
        <isTemplate>false</isTemplate>
        <layout>&lt;?xml version="1.0" encoding="UTF-8"?&gt;&#xD;
&lt;ns2:layout xmlns:xsi="http://www.w3.org/2001/XMLSchema-instance" xmlns:ns2="http://www.ibm.com/bpm/CoachDesignerNG" xmlns:ns3="http://www.ibm.com/bpm/coachview"&gt;&#xD;
  &lt;ns2:layoutItem xsi:type="ns2:CustomHTML" version="8550"&gt;&#xD;
    &lt;ns2:id&gt;cb5643d4-09cc-43c8-8599-534be0706df2&lt;/ns2:id&gt;&#xD;
    &lt;ns2:layoutItemId&gt;CustomHTML1&lt;/ns2:layoutItemId&gt;&#xD;
    &lt;ns2:configData&gt;&#xD;
      &lt;ns2:id&gt;993cb74f-7a75-43ca-866e-554178f4f61b&lt;/ns2:id&gt;&#xD;
      &lt;ns2:optionName&gt;@customHTML.contentType&lt;/ns2:optionName&gt;&#xD;
      &lt;ns2:value&gt;ASSET&lt;/ns2:value&gt;&#xD;
    &lt;/ns2:configData&gt;&#xD;
    &lt;ns2:configData&gt;&#xD;
      &lt;ns2:id&gt;f55245f4-12b8-4f61-8e8e-463ffa2a6c9e&lt;/ns2:id&gt;&#xD;
      &lt;ns2:optionName&gt;@customHTML.assetContent&lt;/ns2:optionName&gt;&#xD;
      &lt;ns2:value&gt;61.beb38db1-44f8-4e4a-91a8-0cd624def432&lt;/ns2:value&gt;&#xD;
    &lt;/ns2:configData&gt;&#xD;
  &lt;/ns2:layoutItem&gt;&#xD;
  &lt;ns2:layoutItem xsi:type="ns2:CustomHTML" version="8550"&gt;&#xD;
    &lt;ns2:id&gt;694f3d0d-1b11-4fbd-8447-66f587f45b92&lt;/ns2:id&gt;&#xD;
    &lt;ns2:layoutItemId&gt;ValidationAlert&lt;/ns2:layoutItemId&gt;&#xD;
    &lt;ns2:configData&gt;&#xD;
      &lt;ns2:id&gt;ee0db0e0-d9f5-48d3-86c3-b252b5c0489c&lt;/ns2:id&gt;&#xD;
      &lt;ns2:optionName&gt;@customHTML.contentType&lt;/ns2:optionName&gt;&#xD;
      &lt;ns2:value&gt;ASSET&lt;/ns2:value&gt;&#xD;
    &lt;/ns2:configData&gt;&#xD;
    &lt;ns2:configData&gt;&#xD;
      &lt;ns2:id&gt;3fac0f6c-78ca-40dd-8450-d3587b9b41a1&lt;/ns2:id&gt;&#xD;
      &lt;ns2:optionName&gt;@customHTML.assetContent&lt;/ns2:optionName&gt;&#xD;
      &lt;ns2:value&gt;61.e37c8eaa-0cd4-3b24-a7d5-c0cdcdd58eb2&lt;/ns2:value&gt;&#xD;
    &lt;/ns2:configData&gt;&#xD;
  &lt;/ns2:layoutItem&gt;&#xD;
  &lt;ns2:layoutItem xsi:type="ns2:CustomHTML"&gt;&#xD;
    &lt;ns2:layoutItemId&gt;CustomHTML2&lt;/ns2:layoutItemId&gt;&#xD;
    &lt;ns2:configData&gt;&#xD;
      &lt;ns2:optionName&gt;@customHTML.textContent&lt;/ns2:optionName&gt;&#xD;
    &lt;/ns2:configData&gt;&#xD;
    &lt;ns2:configData&gt;&#xD;
      &lt;ns2:optionName&gt;@customHTML.contentType&lt;/ns2:optionName&gt;&#xD;
      &lt;ns2:value&gt;ASSET&lt;/ns2:value&gt;&#xD;
    &lt;/ns2:configData&gt;&#xD;
    &lt;ns2:configData&gt;&#xD;
      &lt;ns2:optionName&gt;@customHTML.variableContent&lt;/ns2:optionName&gt;&#xD;
    &lt;/ns2:configData&gt;&#xD;
    &lt;ns2:configData&gt;&#xD;
      &lt;ns2:optionName&gt;@customHTML.assetContent&lt;/ns2:optionName&gt;&#xD;
      &lt;ns2:value&gt;61.c40711a5-c8a7-4fd3-9318-cceacc357700&lt;/ns2:value&gt;&#xD;
    &lt;/ns2:configData&gt;&#xD;
  &lt;/ns2:layoutItem&gt;&#xD;
  &lt;ns2:layoutItem xsi:type="ns2:CustomHTML"&gt;&#xD;
    &lt;ns2:layoutItemId&gt;CustomHTML3&lt;/ns2:layoutItemId&gt;&#xD;
    &lt;ns2:configData&gt;&#xD;
      &lt;ns2:optionName&gt;@customHTML.textContent&lt;/ns2:optionName&gt;&#xD;
    &lt;/ns2:configData&gt;&#xD;
    &lt;ns2:configData&gt;&#xD;
      &lt;ns2:optionName&gt;@customHTML.contentType&lt;/ns2:optionName&gt;&#xD;
      &lt;ns2:value&gt;ASSET&lt;/ns2:value&gt;&#xD;
    &lt;/ns2:configData&gt;&#xD;
    &lt;ns2:configData&gt;&#xD;
      &lt;ns2:optionName&gt;@customHTML.variableContent&lt;/ns2:optionName&gt;&#xD;
    &lt;/ns2:configData&gt;&#xD;
    &lt;ns2:configData&gt;&#xD;
      &lt;ns2:optionName&gt;@customHTML.assetContent&lt;/ns2:optionName&gt;&#xD;
      &lt;ns2:value&gt;61.873e817e-64a4-378c-83dc-b09fe7287191&lt;/ns2:value&gt;&#xD;
    &lt;/ns2:configData&gt;&#xD;
  &lt;/ns2:layoutItem&gt;&#xD;
&lt;/ns2:layout&gt;</layout>
        <paletteIcon>/61.49f50f6a-7ac7-495f-b01b-984280b26862</paletteIcon>
        <previewImage>/61.796bf3c1-c09e-4d17-b347-4b99adfb5708</previewImage>
        <hasLabel>false</hasLabel>
        <labelPosition>0</labelPosition>
        <nineSliceX1Coord>0</nineSliceX1Coord>
        <nineSliceX2Coord>0</nineSliceX2Coord>
        <nineSliceY1Coord>0</nineSliceY1Coord>
        <nineSliceY2Coord>0</nineSliceY2Coord>
        <emitBoundary>false</emitBoundary>
        <isPrototypeFunc>false</isPrototypeFunc>
        <enableDevMode>false</enableDevMode>
        <isMobileReady>true</isMobileReady>
        <loadJsFunction>if(coachViewHelper.isDebug){&#xD;
	coachViewHelper.loadResource('content-controls.debug.zip', 'SYSCM', '/scripts/debug.js');&#xD;
}else{&#xD;
	coachViewHelper.loadResource('content-controls.min.zip', 'SYSCM', '/scripts/content-controls.min.js');&#xD;
}&#xD;
&#xD;
coachViewHelper.bootstrap(this, "responsive.coaches", "docExplorer", {Explorer: 9});</loadJsFunction>
        <unloadJsFunction isNull="true" />
        <viewJsFunction> coachViewHelper.init();</viewJsFunction>
        <changeJsFunction> coachViewHelper.notify(this);</changeJsFunction>
        <collaborationJsFunction isNull="true" />
        <description isNull="true" />
        <validateJsFunction isNull="true" />
        <previewAdvHtml>/61.beb38db1-44f8-4e4a-91a8-0cd624def432</previewAdvHtml>
        <previewAdvJs>/61.bf01a239-7065-4a3c-a613-aa6ce7103df2</previewAdvJs>
        <useUrlBinding>false</useUrlBinding>
        <guid>guid:4a774fd1f18e7714:1b901dbd:14c1950f655:-7ffe</guid>
        <versionId>481baef4-1dc3-4588-8e5b-d7a5c88ac4da</versionId>
        <field1 isNull="true" />
        <field2 isNull="true" />
        <field3>0</field3>
        <field4 isNull="true" />
        <field5>false</field5>
        <clobField1 isNull="true" />
        <bindingType name="documentInfos">
            <lastModified isNull="true" />
            <lastModifiedBy isNull="true" />
            <coachViewBindingTypeId>65.603f0487-91a8-4937-8b11-baa0f4d09030</coachViewBindingTypeId>
            <coachViewId>64.2382d43b-1766-4c69-8e34-6a89e3def1f2</coachViewId>
            <isList>true</isList>
            <classId>/12.b0e1b82e-1f8e-4ef7-b5da-2e07effdf361</classId>
            <seq>0</seq>
            <description isNull="true" />
            <guid>0cdf7c7f-4503-44f2-8330-97b6d58901a4</guid>
            <versionId>d921d377-4b15-404a-8cd0-ced5bfff0378</versionId>
        </bindingType>
        <configOption name="sectionTitle">
            <lastModified isNull="true" />
            <lastModifiedBy isNull="true" />
            <coachViewConfigOptionId>66.09c9e9b4-0bb8-4ae7-9888-84c2af739793</coachViewConfigOptionId>
            <coachViewId>64.2382d43b-1766-4c69-8e34-6a89e3def1f2</coachViewId>
            <isList>false</isList>
            <propertyType>OBJECT</propertyType>
            <label>tw.resource.DocumentList.docControl.option.sectionTitle.label</label>
            <classId>f1e96cc6-5fd9-4002-8b04-107d4ddae78a/12.db884a3c-c533-44b7-bb2d-47bec8ad4022</classId>
            <processId isNull="true" />
            <actionflowId isNull="true" />
            <isAdaptive>false</isAdaptive>
            <seq>0</seq>
            <description>tw.resource.DocumentList.docControl.option.sectionTitle.doc</description>
            <groupName isNull="true" />
            <guid>db2e642d-f2ed-428f-9775-b69e4365789b</guid>
            <versionId>3cf987f5-1168-443f-a3d3-ddfbc0494509</versionId>
        </configOption>
        <configOption name="collapsible">
            <lastModified isNull="true" />
            <lastModifiedBy isNull="true" />
            <coachViewConfigOptionId>66.6d877b8f-9018-4f8d-a0ce-83c511287b8d</coachViewConfigOptionId>
            <coachViewId>64.2382d43b-1766-4c69-8e34-6a89e3def1f2</coachViewId>
            <isList>false</isList>
            <propertyType>OBJECT</propertyType>
            <label>tw.resource.DocumentList.docControl.option.collapsible.label</label>
            <classId>f1e96cc6-5fd9-4002-8b04-107d4ddae78a/12.83ff975e-8dbc-42e5-b738-fa8bc08274a2</classId>
            <processId isNull="true" />
            <actionflowId isNull="true" />
            <isAdaptive>false</isAdaptive>
            <seq>1</seq>
            <description>tw.resource.DocumentList.docControl.option.collapsible.doc</description>
            <groupName isNull="true" />
            <guid>6362cc5c-5503-47ba-a1f4-5eee978799cb</guid>
            <versionId>a9559464-b5ea-4b9c-9a1a-93f0b2731b8d</versionId>
        </configOption>
        <configOption name="collapsed">
            <lastModified isNull="true" />
            <lastModifiedBy isNull="true" />
            <coachViewConfigOptionId>66.c2cfbb96-f9d0-4207-bc12-01c27b56066f</coachViewConfigOptionId>
            <coachViewId>64.2382d43b-1766-4c69-8e34-6a89e3def1f2</coachViewId>
            <isList>false</isList>
            <propertyType>OBJECT</propertyType>
            <label>tw.resource.DocumentList.docControl.option.collapsed.label</label>
            <classId>f1e96cc6-5fd9-4002-8b04-107d4ddae78a/12.83ff975e-8dbc-42e5-b738-fa8bc08274a2</classId>
            <processId isNull="true" />
            <actionflowId isNull="true" />
            <isAdaptive>false</isAdaptive>
            <seq>2</seq>
            <description>tw.resource.DocumentList.docControl.option.collapsed.doc</description>
            <groupName isNull="true" />
            <guid>5747cf42-7c90-4cf6-8015-96a84df4dab0</guid>
            <versionId>7e993509-9f3c-4f0f-abe6-9bd257d3d034</versionId>
        </configOption>
        <configOption name="updateBindingOnly">
            <lastModified isNull="true" />
            <lastModifiedBy isNull="true" />
            <coachViewConfigOptionId>66.080f0fc3-17be-4030-b1f9-cfc7d9fca777</coachViewConfigOptionId>
            <coachViewId>64.2382d43b-1766-4c69-8e34-6a89e3def1f2</coachViewId>
            <isList>false</isList>
            <propertyType>OBJECT</propertyType>
            <label>tw.resource.DocumentList.docControl.option.updateBinding.label</label>
            <classId>f1e96cc6-5fd9-4002-8b04-107d4ddae78a/12.83ff975e-8dbc-42e5-b738-fa8bc08274a2</classId>
            <processId isNull="true" />
            <actionflowId isNull="true" />
            <isAdaptive>false</isAdaptive>
            <seq>3</seq>
            <description>tw.resource.DocumentList.docControl.option.updateBinding.doc</description>
            <groupName isNull="true" />
            <guid>63c66519-f8d7-4500-8363-72e0a5bb47f8</guid>
            <versionId>22ad7878-5497-40f7-a0a7-5e067094eedf</versionId>
        </configOption>
        <configOption name="refreshTrigger">
            <lastModified isNull="true" />
            <lastModifiedBy isNull="true" />
            <coachViewConfigOptionId>66.6f19f858-2f65-4854-a3f4-c08227dd5039</coachViewConfigOptionId>
            <coachViewId>64.2382d43b-1766-4c69-8e34-6a89e3def1f2</coachViewId>
            <isList>false</isList>
            <propertyType>OBJECT</propertyType>
            <label>tw.resource.DocumentList.refreshTrigger</label>
            <classId>f1e96cc6-5fd9-4002-8b04-107d4ddae78a/12.83ff975e-8dbc-42e5-b738-fa8bc08274a2</classId>
            <processId isNull="true" />
            <actionflowId isNull="true" />
            <isAdaptive>false</isAdaptive>
            <seq>4</seq>
            <description>tw.resource.DocumentList.refreshTriggerDesc</description>
            <groupName isNull="true" />
            <guid>a08e20c8-6839-4644-89ec-f72245fc4b77</guid>
            <versionId>1f9714ae-83af-45cc-bab8-d77ae67db20e</versionId>
        </configOption>
        <configOption name="defaultProperties">
            <lastModified isNull="true" />
            <lastModifiedBy isNull="true" />
            <coachViewConfigOptionId>66.159109eb-c0e5-45ab-b740-8e232b25a0d2</coachViewConfigOptionId>
            <coachViewId>64.2382d43b-1766-4c69-8e34-6a89e3def1f2</coachViewId>
            <isList>true</isList>
            <propertyType>OBJECT</propertyType>
            <label>tw.resource.DocumentList.docControl.option.defaultProps.label</label>
            <classId>/12.eac829db-66fe-43f5-810c-6faa514533a2</classId>
            <processId isNull="true" />
            <actionflowId isNull="true" />
            <isAdaptive>false</isAdaptive>
            <seq>5</seq>
            <description>tw.resource.DocumentList.docControl.option.defaultProps.doc</description>
            <groupName isNull="true" />
            <guid>guid:0583ec4dea62522e:4406719b:14fe27226fc:-7ff3</guid>
            <versionId>143dda7c-57af-40c7-82f5-ee39bc326317</versionId>
        </configOption>
        <configOption name="instanceId">
            <lastModified isNull="true" />
            <lastModifiedBy isNull="true" />
            <coachViewConfigOptionId>66.a7375b6e-8601-423d-a864-07e28af0a1fb</coachViewConfigOptionId>
            <coachViewId>64.2382d43b-1766-4c69-8e34-6a89e3def1f2</coachViewId>
            <isList>false</isList>
            <propertyType>OBJECT</propertyType>
            <label>tw.resource.DocumentList.docControl.option.instanceId.label</label>
            <classId>f1e96cc6-5fd9-4002-8b04-107d4ddae78a/12.db884a3c-c533-44b7-bb2d-47bec8ad4022</classId>
            <processId isNull="true" />
            <actionflowId isNull="true" />
            <isAdaptive>false</isAdaptive>
            <seq>6</seq>
            <description>tw.resource.DocumentList.docControl.option.instanceId.doc</description>
            <groupName isNull="true" />
            <guid>82b4a924-adf6-41dd-972c-04d676064584</guid>
            <versionId>5fdc88f9-95d3-4930-a8f6-eea420a57e2b</versionId>
        </configOption>
        <configOption name="folderId">
            <lastModified isNull="true" />
            <lastModifiedBy isNull="true" />
            <coachViewConfigOptionId>66.c653f509-9f04-400e-aedd-eb0aa353533c</coachViewConfigOptionId>
            <coachViewId>64.2382d43b-1766-4c69-8e34-6a89e3def1f2</coachViewId>
            <isList>false</isList>
            <propertyType>OBJECT</propertyType>
            <label>tw.resource.DocumentList.docControl.option.folderId.label</label>
            <classId>f1e96cc6-5fd9-4002-8b04-107d4ddae78a/12.db884a3c-c533-44b7-bb2d-47bec8ad4022</classId>
            <processId isNull="true" />
            <actionflowId isNull="true" />
            <isAdaptive>false</isAdaptive>
            <seq>7</seq>
            <description>tw.resource.DocumentList.docControl.option.folderId.doc</description>
            <groupName>tw.resource.DocumentList.docControl.option.folderGroup.label</groupName>
            <guid>e7fbe2cc-d40b-4857-9bdc-c9833dfd16b7</guid>
            <versionId>5a44669b-a35f-45fd-a9f9-56eb7f584794</versionId>
        </configOption>
        <configOption name="serverName">
            <lastModified isNull="true" />
            <lastModifiedBy isNull="true" />
            <coachViewConfigOptionId>66.42ef8e77-ff38-4f23-b7b0-0ccc49dcd2c6</coachViewConfigOptionId>
            <coachViewId>64.2382d43b-1766-4c69-8e34-6a89e3def1f2</coachViewId>
            <isList>false</isList>
            <propertyType>OBJECT</propertyType>
            <label>tw.resource.DocumentList.docControl.option.serverName.label</label>
            <classId>f1e96cc6-5fd9-4002-8b04-107d4ddae78a/12.db884a3c-c533-44b7-bb2d-47bec8ad4022</classId>
            <processId isNull="true" />
            <actionflowId isNull="true" />
            <isAdaptive>false</isAdaptive>
            <seq>8</seq>
            <description>tw.resource.DocumentList.docControl.option.serverName.doc</description>
            <groupName>tw.resource.DocumentList.docControl.option.folderGroup.label</groupName>
            <guid>0316d5f4-cec5-4797-a0e6-4b0b2d534db8</guid>
            <versionId>e63193f8-48b5-4815-8275-24bb91220e4c</versionId>
        </configOption>
        <configOption name="addProperties">
            <lastModified isNull="true" />
            <lastModifiedBy isNull="true" />
            <coachViewConfigOptionId>66.9e111e31-3afa-4169-b349-8c4a6e851337</coachViewConfigOptionId>
            <coachViewId>64.2382d43b-1766-4c69-8e34-6a89e3def1f2</coachViewId>
            <isList>false</isList>
            <propertyType>OBJECT</propertyType>
            <label>tw.resource.DocumentList.docControl.option.addProperties.label</label>
            <classId>f1e96cc6-5fd9-4002-8b04-107d4ddae78a/12.83ff975e-8dbc-42e5-b738-fa8bc08274a2</classId>
            <processId isNull="true" />
            <actionflowId isNull="true" />
            <isAdaptive>false</isAdaptive>
            <seq>9</seq>
            <description>tw.resource.DocumentList.docControl.option.addProperties.doc</description>
            <groupName>tw.resource.DocumentList.docControl.option.bpmUploadGroup.label</groupName>
            <guid>59617669-f03b-4720-a3e9-6f1131ce9753</guid>
            <versionId>5e5f3e46-e8e5-4f35-892a-58f1c73dab62</versionId>
        </configOption>
        <configOption name="uploadProperties">
            <lastModified isNull="true" />
            <lastModifiedBy isNull="true" />
            <coachViewConfigOptionId>66.c9174480-7eee-427b-909f-95c94db7ad9a</coachViewConfigOptionId>
            <coachViewId>64.2382d43b-1766-4c69-8e34-6a89e3def1f2</coachViewId>
            <isList>true</isList>
            <propertyType>OBJECT</propertyType>
            <label>tw.resource.DocumentList.docControl.option.uploadProps.label</label>
            <classId>f1e96cc6-5fd9-4002-8b04-107d4ddae78a/12.d2e5a15a-ea53-4793-9e93-29af5bd80b13</classId>
            <processId isNull="true" />
            <actionflowId isNull="true" />
            <isAdaptive>false</isAdaptive>
            <seq>10</seq>
            <description>tw.resource.DocumentList.docControl.option.uploadProps.doc</description>
            <groupName>tw.resource.DocumentList.docControl.option.bpmUploadGroup.label</groupName>
            <guid>7ee4e19a-b716-4dec-93f9-22d86bf4e044</guid>
            <versionId>978f931c-7b51-46cf-b8ac-6654e0680fa8</versionId>
        </configOption>
        <configOption name="hideInPortal">
            <lastModified isNull="true" />
            <lastModifiedBy isNull="true" />
            <coachViewConfigOptionId>66.46718e2c-18e4-4e80-b320-ab7b267efd47</coachViewConfigOptionId>
            <coachViewId>64.2382d43b-1766-4c69-8e34-6a89e3def1f2</coachViewId>
            <isList>false</isList>
            <propertyType>OBJECT</propertyType>
            <label>tw.resource.DocumentList.docControl.option.hideInPortal.label</label>
            <classId>f1e96cc6-5fd9-4002-8b04-107d4ddae78a/12.83ff975e-8dbc-42e5-b738-fa8bc08274a2</classId>
            <processId isNull="true" />
            <actionflowId isNull="true" />
            <isAdaptive>false</isAdaptive>
            <seq>11</seq>
            <description>tw.resource.DocumentList.docControl.option.hideInPortal.doc</description>
            <groupName>tw.resource.DocumentList.docControl.option.bpmUploadGroup.label</groupName>
            <guid>3ef88763-5fc8-4f04-9e6f-9aa05e458905</guid>
            <versionId>682aa549-421f-444a-ac55-0522f0b5fdb3</versionId>
        </configOption>
        <configOption name="search">
            <lastModified isNull="true" />
            <lastModifiedBy isNull="true" />
            <coachViewConfigOptionId>66.c743ee39-5044-4616-b4a4-2e76a25b63dc</coachViewConfigOptionId>
            <coachViewId>64.2382d43b-1766-4c69-8e34-6a89e3def1f2</coachViewId>
            <isList>false</isList>
            <propertyType>SERVICE</propertyType>
            <label>tw.resource.DocumentList.docControl.option.search.label</label>
            <classId isNull="true" />
            <processId>/1.9e785378-82cf-47ca-8cbf-083a46ef3869</processId>
            <actionflowId isNull="true" />
            <isAdaptive>false</isAdaptive>
            <seq>12</seq>
            <description>tw.resource.DocumentList.docControl.option.search.doc</description>
            <groupName>tw.resource.DocumentList.docControl.option.serviceGroup.label</groupName>
            <guid>d2b94df1-6341-4060-a93f-1eb4b0aaa627</guid>
            <versionId>ed2b248a-c5fe-4a9d-bcb6-e0163df07819</versionId>
        </configOption>
        <configOption name="getFolder">
            <lastModified isNull="true" />
            <lastModifiedBy isNull="true" />
            <coachViewConfigOptionId>66.228aba8e-d558-477e-aa81-4b743bc65184</coachViewConfigOptionId>
            <coachViewId>64.2382d43b-1766-4c69-8e34-6a89e3def1f2</coachViewId>
            <isList>false</isList>
            <propertyType>SERVICE</propertyType>
            <label>tw.resource.DocumentList.docControl.option.getFolder.label</label>
            <classId isNull="true" />
            <processId>/1.7415f0e4-2a2d-4682-8f57-d8eeec0ce5cf</processId>
            <actionflowId isNull="true" />
            <isAdaptive>false</isAdaptive>
            <seq>13</seq>
            <description>tw.resource.DocumentList.docControl.option.getFolder.doc</description>
            <groupName>tw.resource.DocumentList.docControl.option.serviceGroup.label</groupName>
            <guid>10986d41-91fb-4d5a-aee1-6ac6f9823b2d</guid>
            <versionId>3c982167-3d56-4971-b0c9-4f3c1f06936b</versionId>
        </configOption>
        <configOption name="checkoutDocument">
            <lastModified isNull="true" />
            <lastModifiedBy isNull="true" />
            <coachViewConfigOptionId>66.9f6c60bd-f873-437a-8b41-af199826dbc9</coachViewConfigOptionId>
            <coachViewId>64.2382d43b-1766-4c69-8e34-6a89e3def1f2</coachViewId>
            <isList>false</isList>
            <propertyType>SERVICE</propertyType>
            <label>tw.resource.DocumentList.docControl.option.checkout.label</label>
            <classId isNull="true" />
            <processId>/1.6510812e-a695-4708-962a-fd444b810145</processId>
            <actionflowId isNull="true" />
            <isAdaptive>false</isAdaptive>
            <seq>14</seq>
            <description>tw.resource.DocumentList.docControl.option.checkout.doc</description>
            <groupName>tw.resource.DocumentList.docControl.option.serviceGroup.label</groupName>
            <guid>3a8cd6dd-a78f-4cde-8355-e2e18fc8c2c5</guid>
            <versionId>1cba5786-5c70-4bd6-955f-655b4afb0e9a</versionId>
        </configOption>
        <configOption name="getTypeDescendants">
            <lastModified isNull="true" />
            <lastModifiedBy isNull="true" />
            <coachViewConfigOptionId>66.805fc8f6-a606-45bd-8316-ac4e289b376d</coachViewConfigOptionId>
            <coachViewId>64.2382d43b-1766-4c69-8e34-6a89e3def1f2</coachViewId>
            <isList>false</isList>
            <propertyType>SERVICE</propertyType>
            <label>tw.resource.DocumentList.docControl.option.getTypeDes.label</label>
            <classId isNull="true" />
            <processId>/1.cb1985a2-898f-4ada-8923-d642ee0470b5</processId>
            <actionflowId isNull="true" />
            <isAdaptive>false</isAdaptive>
            <seq>15</seq>
            <description>tw.resource.DocumentList.docControl.option.getTypeDes.doc</description>
            <groupName>tw.resource.DocumentList.docControl.option.serviceGroup.label</groupName>
            <guid>6973f098-1db1-44a7-ab28-c06c62acd2be</guid>
            <versionId>45707b2c-f342-43e0-917b-1839de6d5f84</versionId>
        </configOption>
        <configOption name="cancelCheckout">
            <lastModified isNull="true" />
            <lastModifiedBy isNull="true" />
            <coachViewConfigOptionId>66.44e3cd6a-226c-4f0e-9611-b31d47808b21</coachViewConfigOptionId>
            <coachViewId>64.2382d43b-1766-4c69-8e34-6a89e3def1f2</coachViewId>
            <isList>false</isList>
            <propertyType>SERVICE</propertyType>
            <label>tw.resource.DocumentList.docControl.option.cancelCheckout.label</label>
            <classId isNull="true" />
            <processId>/1.07fd64b1-4c4a-4667-a65b-fd0272031aca</processId>
            <actionflowId isNull="true" />
            <isAdaptive>false</isAdaptive>
            <seq>16</seq>
            <description>tw.resource.DocumentList.docControl.option.cancelCheckout.doc</description>
            <groupName>tw.resource.DocumentList.docControl.option.serviceGroup.label</groupName>
            <guid>e85d7dd7-4691-46e8-9b40-0b3663d65793</guid>
            <versionId>9cd40980-f1a4-4bc3-a214-9c018760afa6</versionId>
        </configOption>
        <configOption name="getTypeDefinition">
            <lastModified isNull="true" />
            <lastModifiedBy isNull="true" />
            <coachViewConfigOptionId>66.7b302f40-ccfc-4c09-800b-d1a9b08c4e2b</coachViewConfigOptionId>
            <coachViewId>64.2382d43b-1766-4c69-8e34-6a89e3def1f2</coachViewId>
            <isList>false</isList>
            <propertyType>SERVICE</propertyType>
            <label>tw.resource.DocumentList.docControl.option.getTypeDef.label</label>
            <classId isNull="true" />
            <processId>/1.1f60baf5-c9af-4be7-a3e3-89c49265d9ad</processId>
            <actionflowId isNull="true" />
            <isAdaptive>false</isAdaptive>
            <seq>17</seq>
            <description>tw.resource.DocumentList.docControl.option.getTypeDef.doc</description>
            <groupName>tw.resource.DocumentList.docControl.option.serviceGroup.label</groupName>
            <guid>c78891cd-4cd6-4b9a-8d36-2fa4b65d9098</guid>
            <versionId>f3411f78-b742-48d7-8258-4d565d00564f</versionId>
        </configOption>
        <configOption name="localizationService">
            <lastModified isNull="true" />
            <lastModifiedBy isNull="true" />
            <coachViewConfigOptionId>66.838fd3cd-56c1-49f3-9571-d4e0cfccab4c</coachViewConfigOptionId>
            <coachViewId>64.2382d43b-1766-4c69-8e34-6a89e3def1f2</coachViewId>
            <isList>false</isList>
            <propertyType>SERVICE</propertyType>
            <label>tw.resource.DocumentList.docControl.option.localization.label</label>
            <classId isNull="true" />
            <processId>/1.dc66f5e0-a383-4564-a239-d1fff20b9ce5</processId>
            <actionflowId isNull="true" />
            <isAdaptive>false</isAdaptive>
            <seq>18</seq>
            <description>tw.resource.DocumentList.docControl.option.localization.doc</description>
            <groupName>tw.resource.DocumentList.docControl.option.serviceGroup.label</groupName>
            <guid>b29fd06e-82a5-43e4-970d-656d7a7d827e</guid>
            <versionId>bf3297b9-07eb-4850-9652-222f1117a978</versionId>
        </configOption>
        <configOption name="removeDocument">
            <lastModified isNull="true" />
            <lastModifiedBy isNull="true" />
            <coachViewConfigOptionId>66.ca236c92-a5f3-4c5c-b61a-f620564b7250</coachViewConfigOptionId>
            <coachViewId>64.2382d43b-1766-4c69-8e34-6a89e3def1f2</coachViewId>
            <isList>false</isList>
            <propertyType>SERVICE</propertyType>
            <label>tw.resource.DocumentList.docControl.option.removeDocument.label</label>
            <classId isNull="true" />
            <processId>/1.30f6d4af-445a-42f0-a661-0faf98d0acf1</processId>
            <actionflowId isNull="true" />
            <isAdaptive>false</isAdaptive>
            <seq>19</seq>
            <description>tw.resource.DocumentList.docControl.option.removeDocument.doc</description>
            <groupName>tw.resource.DocumentList.docControl.option.serviceGroup.label</groupName>
            <guid>dfd8075f-fde9-4a00-8fe0-d5cd7d853f1c</guid>
            <versionId>23210b26-c577-4db1-a3f2-6290a47d661e</versionId>
        </configOption>
        <configOption name="removeFolder">
            <lastModified isNull="true" />
            <lastModifiedBy isNull="true" />
            <coachViewConfigOptionId>66.97242c08-b4ae-4a85-a738-cb6b43d28fe9</coachViewConfigOptionId>
            <coachViewId>64.2382d43b-1766-4c69-8e34-6a89e3def1f2</coachViewId>
            <isList>false</isList>
            <propertyType>SERVICE</propertyType>
            <label>tw.resource.DocumentList.docControl.option.remLink.label</label>
            <classId isNull="true" />
            <processId>/1.593705b7-17dd-41fa-9292-486e598dd7c1</processId>
            <actionflowId isNull="true" />
            <isAdaptive>false</isAdaptive>
            <seq>20</seq>
            <description>tw.resource.DocumentList.docControl.option.remLink.doc</description>
            <groupName>tw.resource.DocumentList.docControl.option.serviceGroup.label</groupName>
            <guid>ad4e796a-0f5d-48aa-9338-5edbc78a6582</guid>
            <versionId>7c371aa1-dcee-4631-a298-27e372411d51</versionId>
        </configOption>
        <configOption name="deleteDocument">
            <lastModified isNull="true" />
            <lastModifiedBy isNull="true" />
            <coachViewConfigOptionId>66.99243ae4-56ff-4c02-a8b3-bc4bb3368f85</coachViewConfigOptionId>
            <coachViewId>64.2382d43b-1766-4c69-8e34-6a89e3def1f2</coachViewId>
            <isList>false</isList>
            <propertyType>SERVICE</propertyType>
            <label>tw.resource.DocumentList.docControl.option.deleteDoc.label</label>
            <classId isNull="true" />
            <processId>/1.20ba7863-b8fd-4d88-b614-c5a5c2e96e33</processId>
            <actionflowId isNull="true" />
            <isAdaptive>false</isAdaptive>
            <seq>21</seq>
            <description>tw.resource.DocumentList.docControl.option.deleteDoc.doc</description>
            <groupName>tw.resource.DocumentList.docControl.option.serviceGroup.label</groupName>
            <guid>d1d87606-e6b1-4434-a9d9-c921875a86a1</guid>
            <versionId>df5dea30-387b-4086-a8de-4e0ae536291b</versionId>
        </configOption>
        <configOption name="createFolder">
            <lastModified isNull="true" />
            <lastModifiedBy isNull="true" />
            <coachViewConfigOptionId>66.990eddb7-c13a-49f0-89e5-6cfb5e3d81fa</coachViewConfigOptionId>
            <coachViewId>64.2382d43b-1766-4c69-8e34-6a89e3def1f2</coachViewId>
            <isList>false</isList>
            <propertyType>SERVICE</propertyType>
            <label>tw.resource.DocumentList.docControl.option.createFolder.label</label>
            <classId isNull="true" />
            <processId>/1.02232697-b934-4197-9a91-bc4f5ac4e2f3</processId>
            <actionflowId isNull="true" />
            <isAdaptive>false</isAdaptive>
            <seq>22</seq>
            <description>tw.resource.DocumentList.docControl.option.createFolder.doc</description>
            <groupName>tw.resource.DocumentList.docControl.option.serviceGroup.label</groupName>
            <guid>4625ef45-0ee9-4f9a-bcd1-07041fc3e19f</guid>
            <versionId>6c6d56fe-8579-4f30-9665-2986b488698b</versionId>
        </configOption>
        <configOption name="getDocument">
            <lastModified isNull="true" />
            <lastModifiedBy isNull="true" />
            <coachViewConfigOptionId>66.594fbcab-bb33-4812-b627-934435b825ed</coachViewConfigOptionId>
            <coachViewId>64.2382d43b-1766-4c69-8e34-6a89e3def1f2</coachViewId>
            <isList>false</isList>
            <propertyType>SERVICE</propertyType>
            <label>tw.resource.DocumentList.docControl.option.getDocument.label</label>
            <classId isNull="true" />
            <processId>/1.07f58779-01a8-4626-9ea2-c7d413bd2e62</processId>
            <actionflowId isNull="true" />
            <isAdaptive>false</isAdaptive>
            <seq>23</seq>
            <description>tw.resource.DocumentList.docControl.option.getDocument.doc</description>
            <groupName>tw.resource.DocumentList.docControl.option.serviceGroup.label</groupName>
            <guid>573e2240-ce58-4502-bfc7-6986a466581c</guid>
            <versionId>2e55e65d-e9dd-43a0-93d6-6e1f074543d8</versionId>
        </configOption>
        <configOption name="deleteFolder">
            <lastModified isNull="true" />
            <lastModifiedBy isNull="true" />
            <coachViewConfigOptionId>66.68d57289-f00c-4f3e-942c-5e5595e17b75</coachViewConfigOptionId>
            <coachViewId>64.2382d43b-1766-4c69-8e34-6a89e3def1f2</coachViewId>
            <isList>false</isList>
            <propertyType>SERVICE</propertyType>
            <label>tw.resource.DocumentList.docControl.option.deleteFolder.label</label>
            <classId isNull="true" />
            <processId>/1.f59cd940-86c2-4951-83ba-eccf8b00c6c6</processId>
            <actionflowId isNull="true" />
            <isAdaptive>false</isAdaptive>
            <seq>24</seq>
            <description>tw.resource.DocumentList.docControl.option.deleteFolder.doc</description>
            <groupName>tw.resource.DocumentList.docControl.option.serviceGroup.label</groupName>
            <guid>67c24ffb-6458-4e4d-89ef-0634d69eabe3</guid>
            <versionId>53d770ba-f94d-4af4-ad03-ada2fed46597</versionId>
        </configOption>
        <configOption name="renameFolder">
            <lastModified isNull="true" />
            <lastModifiedBy isNull="true" />
            <coachViewConfigOptionId>66.baf15abd-48fb-4113-9b8c-9464364510a1</coachViewConfigOptionId>
            <coachViewId>64.2382d43b-1766-4c69-8e34-6a89e3def1f2</coachViewId>
            <isList>false</isList>
            <propertyType>SERVICE</propertyType>
            <label>tw.resource.DocumentList.docControl.option.updateFolder.label</label>
            <classId isNull="true" />
            <processId>/1.e017aa05-9adb-4d08-a9f9-9abef44f7ccf</processId>
            <actionflowId isNull="true" />
            <isAdaptive>false</isAdaptive>
            <seq>25</seq>
            <description>tw.resource.DocumentList.docControl.option.updateFolder.doc</description>
            <groupName>tw.resource.DocumentList.docControl.option.serviceGroup.label</groupName>
            <guid>9ad83969-d003-41ea-bb22-6efa5ac26fcb</guid>
            <versionId>a5301ad0-9293-457e-866b-d7532ea5ca5c</versionId>
        </configOption>
        <configOption name="renameFolderReference">
            <lastModified isNull="true" />
            <lastModifiedBy isNull="true" />
            <coachViewConfigOptionId>66.5be9871b-abf9-445e-94f9-874c6196fb99</coachViewConfigOptionId>
            <coachViewId>64.2382d43b-1766-4c69-8e34-6a89e3def1f2</coachViewId>
            <isList>false</isList>
            <propertyType>SERVICE</propertyType>
            <label>tw.resource.DocumentList.docControl.option.renameFolRef.label</label>
            <classId isNull="true" />
            <processId>/1.405d3682-5fd5-49db-bf8e-8b6cd170b1e4</processId>
            <actionflowId isNull="true" />
            <isAdaptive>false</isAdaptive>
            <seq>26</seq>
            <description>tw.resource.DocumentList.docControl.option.renameFolRef.doc</description>
            <groupName>tw.resource.DocumentList.docControl.option.serviceGroup.label</groupName>
            <guid>guid:e459c8f374127533:-1215f35d:15004ce2024:-7ffe</guid>
            <versionId>9104e68e-7557-46a0-9353-d6dc048810a1</versionId>
        </configOption>
        <configOption name="getRelatedFolders">
            <lastModified isNull="true" />
            <lastModifiedBy isNull="true" />
            <coachViewConfigOptionId>66.aafd3dae-3ed5-4f7e-ae5b-0f596a43afce</coachViewConfigOptionId>
            <coachViewId>64.2382d43b-1766-4c69-8e34-6a89e3def1f2</coachViewId>
            <isList>false</isList>
            <propertyType>SERVICE</propertyType>
            <label>tw.resource.DocumentList.docControl.option.relatedECM.label</label>
            <classId isNull="true" />
            <processId>/1.1a8f7cb9-f6aa-456f-a13d-ad860965cdf0</processId>
            <actionflowId isNull="true" />
            <isAdaptive>false</isAdaptive>
            <seq>27</seq>
            <description>tw.resource.DocumentList.docControl.option.relatedECM.doc</description>
            <groupName>tw.resource.DocumentList.docControl.option.serviceGroup.label</groupName>
            <guid>7d57ac55-fec5-47e7-989a-be4c85892211</guid>
            <versionId>9ab5b8d6-7ccb-4dfd-a938-f55f3c4c71f2</versionId>
        </configOption>
        <configOption name="addExternalLink">
            <lastModified isNull="true" />
            <lastModifiedBy isNull="true" />
            <coachViewConfigOptionId>66.b80f9f09-a0b5-46c0-939d-b019a4cb8a23</coachViewConfigOptionId>
            <coachViewId>64.2382d43b-1766-4c69-8e34-6a89e3def1f2</coachViewId>
            <isList>false</isList>
            <propertyType>SERVICE</propertyType>
            <label>tw.resource.DocumentList.docControl.option.addLink.label</label>
            <classId isNull="true" />
            <processId>/1.d81bc185-068d-436c-9bae-7842a4dc96c4</processId>
            <actionflowId isNull="true" />
            <isAdaptive>false</isAdaptive>
            <seq>28</seq>
            <description>tw.resource.DocumentList.docControl.option.addLink.doc</description>
            <groupName>tw.resource.DocumentList.docControl.option.serviceGroup.label</groupName>
            <guid>8740a835-9731-4abd-84c5-802c589de8fd</guid>
            <versionId>c4d7d184-52d8-4d99-9a72-f6d5eeaa5891</versionId>
        </configOption>
        <configOption name="instanceStatus">
            <lastModified isNull="true" />
            <lastModifiedBy isNull="true" />
            <coachViewConfigOptionId>66.2de09053-4b3d-40ca-ae6c-73c8843eb09b</coachViewConfigOptionId>
            <coachViewId>64.2382d43b-1766-4c69-8e34-6a89e3def1f2</coachViewId>
            <isList>false</isList>
            <propertyType>OBJECT</propertyType>
            <label>tw.resource.DocumentList.docControl.instanceStatus.label</label>
            <classId>f1e96cc6-5fd9-4002-8b04-107d4ddae78a/12.db884a3c-c533-44b7-bb2d-47bec8ad4022</classId>
            <processId isNull="true" />
            <actionflowId isNull="true" />
            <isAdaptive>false</isAdaptive>
            <seq>29</seq>
            <description>tw.resource.DocumentList.docControl.instanceStatus.doc</description>
            <groupName isNull="true" />
            <guid>584e1031-e371-41af-8106-f4ece20b00d2</guid>
            <versionId>624da3f1-dd69-4901-b8d1-9cc42009208b</versionId>
        </configOption>
        <configOption name="hideDocumentControl">
            <lastModified isNull="true" />
            <lastModifiedBy isNull="true" />
            <coachViewConfigOptionId>66.8db80c35-f848-41b8-9b2d-5780ea0bc5bd</coachViewConfigOptionId>
            <coachViewId>64.2382d43b-1766-4c69-8e34-6a89e3def1f2</coachViewId>
            <isList>false</isList>
            <propertyType>OBJECT</propertyType>
            <label>tw.resource.DocumentList.docControl.option.hideDocSection.label</label>
            <classId>f1e96cc6-5fd9-4002-8b04-107d4ddae78a/12.83ff975e-8dbc-42e5-b738-fa8bc08274a2</classId>
            <processId isNull="true" />
            <actionflowId isNull="true" />
            <isAdaptive>false</isAdaptive>
            <seq>30</seq>
            <description>tw.resource.DocumentList.docControl.option.hideDocSection.doc</description>
            <groupName isNull="true" />
            <guid>94a35484-9fc5-48fa-b18d-a0ab0cdd45cd</guid>
            <versionId>e2f1c6cf-2677-449b-858b-2ab9673cfbde</versionId>
        </configOption>
        <configOption name="calendarType">
            <lastModified isNull="true" />
            <lastModifiedBy isNull="true" />
            <coachViewConfigOptionId>66.4f3a9490-c691-445c-8717-b5984e91de69</coachViewConfigOptionId>
            <coachViewId>64.2382d43b-1766-4c69-8e34-6a89e3def1f2</coachViewId>
            <isList>false</isList>
            <propertyType>OBJECT</propertyType>
            <label>tw.resource.DocumentList.docControl.option.calendarType.label</label>
            <classId>1c0d347d-007e-4b1b-a3f7-929be673b0c4/12.167a89d8-583b-39d0-a900-725722605273</classId>
            <processId isNull="true" />
            <actionflowId isNull="true" />
            <isAdaptive>false</isAdaptive>
            <seq>31</seq>
            <description>tw.resource.DocumentList.docControl.option.calendarType.doc</description>
            <groupName isNull="true" />
            <guid>guid:041a9a2a90d5ac93:-420c365:1508c3096d4:-7ffe</guid>
            <versionId>44766854-360e-4ee3-a5dc-f6a3ab82bb4f</versionId>
        </configOption>
        <configOption name="headerColor">
            <lastModified isNull="true" />
            <lastModifiedBy isNull="true" />
            <coachViewConfigOptionId>66.42d134e5-8d33-4e1c-b0d3-9d6785749b40</coachViewConfigOptionId>
            <coachViewId>64.2382d43b-1766-4c69-8e34-6a89e3def1f2</coachViewId>
            <isList>false</isList>
            <propertyType>OBJECT</propertyType>
            <label>tw.resource.messages.responsive.coaches.sectionColors</label>
            <classId>1c0d347d-007e-4b1b-a3f7-929be673b0c4/12.31957116-b4d2-3e59-a7a0-3102368d1930</classId>
            <processId isNull="true" />
            <actionflowId isNull="true" />
            <isAdaptive>false</isAdaptive>
            <seq>32</seq>
            <description>tw.resource.messages.responsive.coaches.sectionColors.description</description>
            <groupName>tw.resource.messages.responsive.coaches.style</groupName>
            <guid>748c4630-ad19-45e8-977f-b22711b986be</guid>
            <versionId>7bfad9e8-b8f8-4937-ab53-3fabab8101d8</versionId>
        </configOption>
        <configOption name="headerTextSize">
            <lastModified isNull="true" />
            <lastModifiedBy isNull="true" />
            <coachViewConfigOptionId>66.176ac622-35fc-4a00-a595-6d4e03ffc016</coachViewConfigOptionId>
            <coachViewId>64.2382d43b-1766-4c69-8e34-6a89e3def1f2</coachViewId>
            <isList>false</isList>
            <propertyType>OBJECT</propertyType>
            <label>tw.resource.messages.responsive.coaches.section.headerSize</label>
            <classId>1c0d347d-007e-4b1b-a3f7-929be673b0c4/12.0b2df65b-a634-34b8-96f8-7da0de513dde</classId>
            <processId isNull="true" />
            <actionflowId isNull="true" />
            <isAdaptive>false</isAdaptive>
            <seq>33</seq>
            <description>tw.resource.messages.responsive.coaches.section.headerSize.description</description>
            <groupName>tw.resource.messages.responsive.coaches.style</groupName>
            <guid>b0bbdf94-55f9-4809-8c6a-7afe72b3ceea</guid>
            <versionId>3a493227-3001-47ae-bdc8-140f1ad14c74</versionId>
        </configOption>
        <dynamicStyle>
            <lastModified isNull="true" />
            <lastModifiedBy isNull="true" />
            <coachViewDynamicStyleId>73.d17f6bf1-9214-4fc9-8521-905474752cde</coachViewDynamicStyleId>
            <coachViewId>64.2382d43b-1766-4c69-8e34-6a89e3def1f2</coachViewId>
            <filePath>scripts/controls.less</filePath>
            <assetUuid>1c0d347d-007e-4b1b-a3f7-929be673b0c4/61.753ec599-e014-3ac0-9251-63c6aa962a34</assetUuid>
            <seq>0</seq>
            <guid>e692f249-ccd5-4859-9949-71d00c69df0d</guid>
            <versionId>305d5d9c-5c60-4b85-a18e-7d2ff7b06b41</versionId>
        </dynamicStyle>
        <resource>
            <lastModified isNull="true" />
            <lastModifiedBy isNull="true" />
            <coachViewResourceId>67.05ba7a74-8e86-4961-a2f6-1007a767be0c</coachViewResourceId>
            <coachViewId>64.2382d43b-1766-4c69-8e34-6a89e3def1f2</coachViewId>
            <filePath>scripts/content-controls.min.css</filePath>
            <ieCondition isNull="true" />
            <mediaQuery isNull="true" />
            <scriptLoadStyle isNull="true" />
            <assetUuid>/61.7074ac40-01fc-4b3a-8bd9-547b89f49943</assetUuid>
            <seq>1</seq>
            <guid>8131d517-a29d-495f-a06f-ec5f9ad91b0e</guid>
            <versionId>6c10a1c7-2dab-4dca-b875-17bc1f5704c1</versionId>
        </resource>
        <inlineScript name="Inline Javascript">
            <lastModified isNull="true" />
            <lastModifiedBy isNull="true" />
            <coachViewInlineScriptId>68.82651fd7-97f2-4cfc-b3c3-e8248173416a</coachViewInlineScriptId>
            <coachViewId>64.2382d43b-1766-4c69-8e34-6a89e3def1f2</coachViewId>
            <scriptType>JS</scriptType>
            <scriptBlock> /*&#xD;
@dojoConfigUpdateStart&#xD;
dojoConfig.packages.push({&#xD;
name: 'com.ibm.bpm.coach.angular',&#xD;
location: com_ibm_bpm_coach.getManagedAssetUrl('coachview.helper.min.zip',&#xD;
com_ibm_bpm_coach.assetType_WEB, 'SYSRC')&#xD;
});&#xD;
@dojoConfigUpdateEnd&#xD;
*/</scriptBlock>
            <seq>0</seq>
            <description isNull="true" />
            <guid>51483408-9352-4773-8363-56dddec497ae</guid>
            <versionId>1a29df96-d61a-42c5-81f5-fcf2efbdf808</versionId>
        </inlineScript>
        <inlineScript name="Inline CSS">
            <lastModified isNull="true" />
            <lastModifiedBy isNull="true" />
            <coachViewInlineScriptId>68.e0fd1801-5268-479f-bb83-8ebedb157b70</coachViewInlineScriptId>
            <coachViewId>64.2382d43b-1766-4c69-8e34-6a89e3def1f2</coachViewId>
            <scriptType>CSS</scriptType>
            <scriptBlock isNull="true" />
            <seq>1</seq>
            <description isNull="true" />
            <guid>5402d905-101b-4f95-90d4-98d420e0a3c1</guid>
            <versionId>04d16ccd-a092-4254-bf7c-e3e90a7d0d4b</versionId>
        </inlineScript>
        <inlineScript name="Header HTML">
            <lastModified isNull="true" />
            <lastModifiedBy isNull="true" />
            <coachViewInlineScriptId>68.d8ccb8c1-1eb7-46a4-8c89-28ecbe57b273</coachViewInlineScriptId>
            <coachViewId>64.2382d43b-1766-4c69-8e34-6a89e3def1f2</coachViewId>
            <scriptType>HTML</scriptType>
            <scriptBlock isNull="true" />
            <seq>2</seq>
            <description isNull="true" />
            <guid>4f3d5052-5b38-45fb-bcd9-1996438a280b</guid>
            <versionId>0622e835-4e66-4ac8-8023-67298192217e</versionId>
        </inlineScript>
        <localization>
            <lastModified isNull="true" />
            <lastModifiedBy isNull="true" />
            <coachViewLocalResId>69.e2073ce4-6248-4e1d-9255-6ddf2df771f3</coachViewLocalResId>
            <coachViewId>64.2382d43b-1766-4c69-8e34-6a89e3def1f2</coachViewId>
            <resourceBundleGroupId>/50.05a87f6e-92f1-49f0-9cd4-d66479a5ea46</resourceBundleGroupId>
            <seq>0</seq>
            <guid>c5f3d318-85dc-4e6b-ba5c-a5fcd2bed00c</guid>
            <versionId>1758be5f-b2f1-4a7c-9ca9-8c8d1fe35e4f</versionId>
        </localization>
        <localization>
            <lastModified isNull="true" />
            <lastModifiedBy isNull="true" />
            <coachViewLocalResId>69.d730e228-72c2-4dde-800d-3585107266d1</coachViewLocalResId>
            <coachViewId>64.2382d43b-1766-4c69-8e34-6a89e3def1f2</coachViewId>
            <resourceBundleGroupId>1c0d347d-007e-4b1b-a3f7-929be673b0c4/50.b17076cd-8a20-376f-9c7d-379adea7aabc</resourceBundleGroupId>
            <seq>1</seq>
            <guid>155139d8-6f7c-4cd7-9c14-66db0bb4b8d5</guid>
            <versionId>a8c74032-f340-4831-8390-bc516ce52113</versionId>
        </localization>
        <amdDependency>
            <lastModified isNull="true" />
            <lastModifiedBy isNull="true" />
            <coachViewAmdDepId>70.fe9d375d-b024-4c6c-8fbe-74824fc8b779</coachViewAmdDepId>
            <coachViewId>64.2382d43b-1766-4c69-8e34-6a89e3def1f2</coachViewId>
            <moduleId>com.ibm.bpm.coach.angular/scripts/coachViewHelper</moduleId>
            <functionArgument>coachViewHelper</functionArgument>
            <seq>0</seq>
            <guid>6f10fee9-5eee-40c3-a561-cb699b1a09db</guid>
            <versionId>17d115a5-ab9f-48f7-8793-0f22842a9a9b</versionId>
        </amdDependency>
        <amdDependency>
            <lastModified isNull="true" />
            <lastModifiedBy isNull="true" />
            <coachViewAmdDepId>70.24f30ab2-746b-4e25-ab81-b0009da360fd</coachViewAmdDepId>
            <coachViewId>64.2382d43b-1766-4c69-8e34-6a89e3def1f2</coachViewId>
            <moduleId>dojo/date/locale</moduleId>
            <functionArgument>dateLocale</functionArgument>
            <seq>1</seq>
            <guid>f5a6e221-1553-4dac-886f-31b08f276a5c</guid>
            <versionId>327999d6-df75-437f-b5bc-bb06b6fe99ee</versionId>
        </amdDependency>
        <amdDependency>
            <lastModified isNull="true" />
            <lastModifiedBy isNull="true" />
            <coachViewAmdDepId>70.7b1825fc-fbe4-431b-a242-3a6c0805477d</coachViewAmdDepId>
            <coachViewId>64.2382d43b-1766-4c69-8e34-6a89e3def1f2</coachViewId>
            <moduleId>dojox/date/hebrew</moduleId>
            <functionArgument>hebrew</functionArgument>
            <seq>2</seq>
            <guid>100d4e35-ea49-467f-b423-49d59e6e7de0</guid>
            <versionId>81e09d3f-66da-4f71-a9f0-e6999462c425</versionId>
        </amdDependency>
        <amdDependency>
            <lastModified isNull="true" />
            <lastModifiedBy isNull="true" />
            <coachViewAmdDepId>70.62312441-f97b-49a6-a801-e82ab9aa9594</coachViewAmdDepId>
            <coachViewId>64.2382d43b-1766-4c69-8e34-6a89e3def1f2</coachViewId>
            <moduleId>dojox/date/hebrew/Date</moduleId>
            <functionArgument>hebrewDate</functionArgument>
            <seq>3</seq>
            <guid>5a094a3e-25a7-4742-abb7-f39384f31303</guid>
            <versionId>104fb9db-425f-437a-b5a0-dd26f0d613f8</versionId>
        </amdDependency>
        <amdDependency>
            <lastModified isNull="true" />
            <lastModifiedBy isNull="true" />
            <coachViewAmdDepId>70.d667d9e2-3a59-406a-b9a0-6ef99dae24b1</coachViewAmdDepId>
            <coachViewId>64.2382d43b-1766-4c69-8e34-6a89e3def1f2</coachViewId>
            <moduleId>dojox/date/hebrew/locale</moduleId>
            <functionArgument>hebrewLocale</functionArgument>
            <seq>4</seq>
            <guid>4b0be196-5a35-4a92-9d72-b8c55c5aef40</guid>
            <versionId>b492dde2-ab1c-4f07-bed0-84eff06770a4</versionId>
        </amdDependency>
        <amdDependency>
            <lastModified isNull="true" />
            <lastModifiedBy isNull="true" />
            <coachViewAmdDepId>70.c7af5b37-0c3a-4d1a-abb9-ee476393708d</coachViewAmdDepId>
            <coachViewId>64.2382d43b-1766-4c69-8e34-6a89e3def1f2</coachViewId>
            <moduleId>dojox/date/islamic</moduleId>
            <functionArgument>islamic</functionArgument>
            <seq>5</seq>
            <guid>6f699788-00b3-4698-96e3-2d8374aa5838</guid>
            <versionId>f54a53af-caaf-4a9b-8237-697f3723e59c</versionId>
        </amdDependency>
        <amdDependency>
            <lastModified isNull="true" />
            <lastModifiedBy isNull="true" />
            <coachViewAmdDepId>70.c373deb6-d44f-49a3-844d-a864a593a433</coachViewAmdDepId>
            <coachViewId>64.2382d43b-1766-4c69-8e34-6a89e3def1f2</coachViewId>
            <moduleId>dojox/date/islamic/Date</moduleId>
            <functionArgument>islamicDate</functionArgument>
            <seq>6</seq>
            <guid>4e8f7e40-ff1e-4855-a3fe-d2555a9ba247</guid>
            <versionId>8f88c6c4-b0a7-4890-a27e-601a4564d345</versionId>
        </amdDependency>
        <amdDependency>
            <lastModified isNull="true" />
            <lastModifiedBy isNull="true" />
            <coachViewAmdDepId>70.c2726b8e-3921-4ce4-8e31-494492a39cc6</coachViewAmdDepId>
            <coachViewId>64.2382d43b-1766-4c69-8e34-6a89e3def1f2</coachViewId>
            <moduleId>dojox/date/islamic/locale</moduleId>
            <functionArgument>islamicLocale</functionArgument>
            <seq>7</seq>
            <guid>fd5c81ca-9dc5-43d3-a589-6a28165be815</guid>
            <versionId>32bf4708-c611-44f7-9c09-3adad9bfee31</versionId>
        </amdDependency>
    </coachView>
</teamworks>

