<?xml version="1.0" encoding="UTF-8"?>
<teamworks>
    <coachView id="64.331e82d3-bcb6-4b64-9eb3-182d6bbb266b" name="Responsive Document List">
        <lastModified>1453229830666</lastModified>
        <lastModifiedBy>tw_admin</lastModifiedBy>
        <coachViewId>64.331e82d3-bcb6-4b64-9eb3-182d6bbb266b</coachViewId>
        <isTemplate>false</isTemplate>
        <layout>&lt;?xml version="1.0" encoding="UTF-8"?&gt;&#xD;
&lt;ns2:layout xmlns:xsi="http://www.w3.org/2001/XMLSchema-instance" xmlns:ns2="http://www.ibm.com/bpm/CoachDesignerNG" xmlns:ns3="http://www.ibm.com/bpm/coachview"&gt;&#xD;
  &lt;ns2:layoutItem xsi:type="ns2:CustomHTML" version="8550"&gt;&#xD;
    &lt;ns2:id&gt;66a1442f-2e09-4aae-8a1a-27d4dfd60849&lt;/ns2:id&gt;&#xD;
    &lt;ns2:layoutItemId&gt;CustomHTML1&lt;/ns2:layoutItemId&gt;&#xD;
    &lt;ns2:configData&gt;&#xD;
      &lt;ns2:id&gt;8b1c27bb-7b1a-4ae8-8771-1f91fa6cd9db&lt;/ns2:id&gt;&#xD;
      &lt;ns2:optionName&gt;@customHTML.contentType&lt;/ns2:optionName&gt;&#xD;
      &lt;ns2:value&gt;ASSET&lt;/ns2:value&gt;&#xD;
    &lt;/ns2:configData&gt;&#xD;
    &lt;ns2:configData&gt;&#xD;
      &lt;ns2:id&gt;9336ed80-1dfe-41b9-8fa4-eadab8b84ea4&lt;/ns2:id&gt;&#xD;
      &lt;ns2:optionName&gt;@customHTML.assetContent&lt;/ns2:optionName&gt;&#xD;
      &lt;ns2:value&gt;61.045940af-7937-44ca-9c02-53d4642eb151&lt;/ns2:value&gt;&#xD;
    &lt;/ns2:configData&gt;&#xD;
  &lt;/ns2:layoutItem&gt;&#xD;
  &lt;ns2:layoutItem xsi:type="ns2:CustomHTML" version="8550"&gt;&#xD;
    &lt;ns2:id&gt;a0a4971b-f79f-4870-8c83-db2d766a8b72&lt;/ns2:id&gt;&#xD;
    &lt;ns2:layoutItemId&gt;ValidationAlert&lt;/ns2:layoutItemId&gt;&#xD;
    &lt;ns2:configData&gt;&#xD;
      &lt;ns2:id&gt;25db7ff6-3f3d-40d2-84a0-6e510e25eac3&lt;/ns2:id&gt;&#xD;
      &lt;ns2:optionName&gt;@customHTML.contentType&lt;/ns2:optionName&gt;&#xD;
      &lt;ns2:value&gt;ASSET&lt;/ns2:value&gt;&#xD;
    &lt;/ns2:configData&gt;&#xD;
    &lt;ns2:configData&gt;&#xD;
      &lt;ns2:id&gt;8b75d86b-2baf-4c25-8590-b5414fe475e5&lt;/ns2:id&gt;&#xD;
      &lt;ns2:optionName&gt;@customHTML.assetContent&lt;/ns2:optionName&gt;&#xD;
      &lt;ns2:value&gt;61.e37c8eaa-0cd4-3b24-a7d5-c0cdcdd58eb2&lt;/ns2:value&gt;&#xD;
    &lt;/ns2:configData&gt;&#xD;
  &lt;/ns2:layoutItem&gt;&#xD;
  &lt;ns2:layoutItem xsi:type="ns2:CustomHTML" version="8550"&gt;&#xD;
    &lt;ns2:id&gt;0e5caceb-95cf-40a4-8ce5-64cf719c1178&lt;/ns2:id&gt;&#xD;
    &lt;ns2:layoutItemId&gt;dialogTemplate&lt;/ns2:layoutItemId&gt;&#xD;
    &lt;ns2:configData&gt;&#xD;
      &lt;ns2:id&gt;80644ae0-9ebe-418c-8cf6-aca98160f43d&lt;/ns2:id&gt;&#xD;
      &lt;ns2:optionName&gt;@customHTML.contentType&lt;/ns2:optionName&gt;&#xD;
      &lt;ns2:value&gt;ASSET&lt;/ns2:value&gt;&#xD;
    &lt;/ns2:configData&gt;&#xD;
    &lt;ns2:configData&gt;&#xD;
      &lt;ns2:id&gt;e0cfdef0-4e90-4af1-8fb9-fa9bcd1b8721&lt;/ns2:id&gt;&#xD;
      &lt;ns2:optionName&gt;@customHTML.assetContent&lt;/ns2:optionName&gt;&#xD;
      &lt;ns2:value&gt;61.c40711a5-c8a7-4fd3-9318-cceacc357700&lt;/ns2:value&gt;&#xD;
    &lt;/ns2:configData&gt;&#xD;
    &lt;ns2:configData&gt;&#xD;
      &lt;ns2:optionName&gt;@customHTML.textContent&lt;/ns2:optionName&gt;&#xD;
    &lt;/ns2:configData&gt;&#xD;
    &lt;ns2:configData&gt;&#xD;
      &lt;ns2:optionName&gt;@customHTML.variableContent&lt;/ns2:optionName&gt;&#xD;
    &lt;/ns2:configData&gt;&#xD;
  &lt;/ns2:layoutItem&gt;&#xD;
  &lt;ns2:layoutItem xsi:type="ns2:CustomHTML"&gt;&#xD;
    &lt;ns2:layoutItemId&gt;CustomHTML2&lt;/ns2:layoutItemId&gt;&#xD;
    &lt;ns2:configData&gt;&#xD;
      &lt;ns2:optionName&gt;@customHTML.textContent&lt;/ns2:optionName&gt;&#xD;
    &lt;/ns2:configData&gt;&#xD;
    &lt;ns2:configData&gt;&#xD;
      &lt;ns2:optionName&gt;@customHTML.contentType&lt;/ns2:optionName&gt;&#xD;
      &lt;ns2:value&gt;ASSET&lt;/ns2:value&gt;&#xD;
    &lt;/ns2:configData&gt;&#xD;
    &lt;ns2:configData&gt;&#xD;
      &lt;ns2:optionName&gt;@customHTML.variableContent&lt;/ns2:optionName&gt;&#xD;
    &lt;/ns2:configData&gt;&#xD;
    &lt;ns2:configData&gt;&#xD;
      &lt;ns2:optionName&gt;@customHTML.assetContent&lt;/ns2:optionName&gt;&#xD;
      &lt;ns2:value&gt;61.873e817e-64a4-378c-83dc-b09fe7287191&lt;/ns2:value&gt;&#xD;
    &lt;/ns2:configData&gt;&#xD;
  &lt;/ns2:layoutItem&gt;&#xD;
&lt;/ns2:layout&gt;</layout>
        <paletteIcon>/61.16ed479d-e881-4ce2-9d47-a7d9ff9399ee</paletteIcon>
        <previewImage>/61.a92ddb93-03f8-4d3f-8550-a476347c372d</previewImage>
        <hasLabel>true</hasLabel>
        <labelPosition>0</labelPosition>
        <nineSliceX1Coord>0</nineSliceX1Coord>
        <nineSliceX2Coord>0</nineSliceX2Coord>
        <nineSliceY1Coord>0</nineSliceY1Coord>
        <nineSliceY2Coord>0</nineSliceY2Coord>
        <emitBoundary>false</emitBoundary>
        <isPrototypeFunc>true</isPrototypeFunc>
        <enableDevMode>false</enableDevMode>
        <isMobileReady>true</isMobileReady>
        <loadJsFunction>if(coachViewHelper.isDebug){&#xD;
	coachViewHelper.loadResource('content-controls.debug.zip', 'SYSCM', '/scripts/debug.js');&#xD;
}else{&#xD;
	coachViewHelper.loadResource('content-controls.min.zip', 'SYSCM', '/scripts/content-controls.min.js');&#xD;
}&#xD;
&#xD;
coachViewHelper.bootstrap(this, "responsive.coaches", "docList", {Explorer: 9});</loadJsFunction>
        <unloadJsFunction isNull="true" />
        <viewJsFunction>coachViewHelper.init();</viewJsFunction>
        <changeJsFunction>coachViewHelper.notify(this, event);</changeJsFunction>
        <collaborationJsFunction isNull="true" />
        <description isNull="true" />
        <validateJsFunction isNull="true" />
        <previewAdvHtml>/61.045940af-7937-44ca-9c02-53d4642eb151</previewAdvHtml>
        <previewAdvJs>/61.89501149-b858-4ab4-91c1-53e5e325d88e</previewAdvJs>
        <useUrlBinding>false</useUrlBinding>
        <guid>guid:4a774fd1f18e7714:1b901dbd:14c1950f655:-7fff</guid>
        <versionId>92062bf3-d6b6-4bdb-876b-61439d7fcc99</versionId>
        <field1 isNull="true" />
        <field2 isNull="true" />
        <field3>0</field3>
        <field4 isNull="true" />
        <field5>false</field5>
        <clobField1 isNull="true" />
        <bindingType name="documentInfos">
            <lastModified isNull="true" />
            <lastModifiedBy isNull="true" />
            <coachViewBindingTypeId>65.c842eb9e-37a7-4924-a1d3-36268404779c</coachViewBindingTypeId>
            <coachViewId>64.331e82d3-bcb6-4b64-9eb3-182d6bbb266b</coachViewId>
            <isList>true</isList>
            <classId>/12.b0e1b82e-1f8e-4ef7-b5da-2e07effdf361</classId>
            <seq>0</seq>
            <description isNull="true" />
            <guid>17390e43-a68e-4814-860f-8e6b3427ca80</guid>
            <versionId>28fc4912-6341-49e9-bfb8-35c520ebabcf</versionId>
        </bindingType>
        <configOption name="collapsible">
            <lastModified isNull="true" />
            <lastModifiedBy isNull="true" />
            <coachViewConfigOptionId>66.f2bad7d5-043a-437b-b38e-5fde83f4fb0f</coachViewConfigOptionId>
            <coachViewId>64.331e82d3-bcb6-4b64-9eb3-182d6bbb266b</coachViewId>
            <isList>false</isList>
            <propertyType>OBJECT</propertyType>
            <label>tw.resource.DocumentList.docControl.option.collapsible.label</label>
            <classId>f1e96cc6-5fd9-4002-8b04-107d4ddae78a/12.83ff975e-8dbc-42e5-b738-fa8bc08274a2</classId>
            <processId isNull="true" />
            <actionflowId isNull="true" />
            <isAdaptive>false</isAdaptive>
            <seq>0</seq>
            <description>tw.resource.DocumentList.docControl.option.collapsible.doc</description>
            <groupName isNull="true" />
            <guid>guid:29ec05605baf4d00:-7b9fbe1c:15121737cdf:-7fff</guid>
            <versionId>eb39c858-8762-4b48-9859-b4b7edb20194</versionId>
        </configOption>
        <configOption name="collapsed">
            <lastModified isNull="true" />
            <lastModifiedBy isNull="true" />
            <coachViewConfigOptionId>66.c33deeed-2e16-40b5-9172-6320a54bed37</coachViewConfigOptionId>
            <coachViewId>64.331e82d3-bcb6-4b64-9eb3-182d6bbb266b</coachViewId>
            <isList>false</isList>
            <propertyType>OBJECT</propertyType>
            <label>tw.resource.DocumentList.docControl.option.collapsed.label</label>
            <classId>f1e96cc6-5fd9-4002-8b04-107d4ddae78a/12.83ff975e-8dbc-42e5-b738-fa8bc08274a2</classId>
            <processId isNull="true" />
            <actionflowId isNull="true" />
            <isAdaptive>false</isAdaptive>
            <seq>1</seq>
            <description>tw.resource.DocumentList.docControl.option.collapsed.doc</description>
            <groupName isNull="true" />
            <guid>guid:29ec05605baf4d00:-7b9fbe1c:15121737cdf:-7ffe</guid>
            <versionId>da9c5415-d8cd-4546-a783-7f54a1f106fb</versionId>
        </configOption>
        <configOption name="allowCreate">
            <lastModified isNull="true" />
            <lastModifiedBy isNull="true" />
            <coachViewConfigOptionId>66.38f1a6f4-93bc-4939-a5c3-316f7428eb9f</coachViewConfigOptionId>
            <coachViewId>64.331e82d3-bcb6-4b64-9eb3-182d6bbb266b</coachViewId>
            <isList>false</isList>
            <propertyType>OBJECT</propertyType>
            <label>tw.resource.DocumentList.allowCreate</label>
            <classId>f1e96cc6-5fd9-4002-8b04-107d4ddae78a/12.83ff975e-8dbc-42e5-b738-fa8bc08274a2</classId>
            <processId isNull="true" />
            <actionflowId isNull="true" />
            <isAdaptive>false</isAdaptive>
            <seq>2</seq>
            <description>tw.resource.DocumentList.allowCreateDesc</description>
            <groupName isNull="true" />
            <guid>501eebb8-20ca-4e2b-9eb1-699019f772d9</guid>
            <versionId>82c6b954-fca8-47bd-8f42-4f218c1cf80f</versionId>
        </configOption>
        <configOption name="allowUpdate">
            <lastModified isNull="true" />
            <lastModifiedBy isNull="true" />
            <coachViewConfigOptionId>66.0361bba3-fab5-43ee-9790-76c490c968b0</coachViewConfigOptionId>
            <coachViewId>64.331e82d3-bcb6-4b64-9eb3-182d6bbb266b</coachViewId>
            <isList>false</isList>
            <propertyType>OBJECT</propertyType>
            <label>tw.resource.DocumentList.allowUpdate</label>
            <classId>f1e96cc6-5fd9-4002-8b04-107d4ddae78a/12.83ff975e-8dbc-42e5-b738-fa8bc08274a2</classId>
            <processId isNull="true" />
            <actionflowId isNull="true" />
            <isAdaptive>false</isAdaptive>
            <seq>3</seq>
            <description>tw.resource.DocumentList.allowUpdateDesc</description>
            <groupName isNull="true" />
            <guid>7cd83cfc-c056-44fe-b9a9-dc70a2f22cbf</guid>
            <versionId>b07ab304-ba72-4fce-9ad3-72e634decc2a</versionId>
        </configOption>
        <configOption name="allowDelete">
            <lastModified isNull="true" />
            <lastModifiedBy isNull="true" />
            <coachViewConfigOptionId>66.798d2437-3e3e-4ecc-91ab-247c8b43d9ae</coachViewConfigOptionId>
            <coachViewId>64.331e82d3-bcb6-4b64-9eb3-182d6bbb266b</coachViewId>
            <isList>false</isList>
            <propertyType>OBJECT</propertyType>
            <label>tw.resource.DocumentList.allowDelete</label>
            <classId>f1e96cc6-5fd9-4002-8b04-107d4ddae78a/12.83ff975e-8dbc-42e5-b738-fa8bc08274a2</classId>
            <processId isNull="true" />
            <actionflowId isNull="true" />
            <isAdaptive>false</isAdaptive>
            <seq>4</seq>
            <description>tw.resource.DocumentList.allowDeleteDesc</description>
            <groupName isNull="true" />
            <guid>9b2710ca-3254-4e09-b0f9-8accbf96b98e</guid>
            <versionId>72f9765e-9873-4683-9391-b74a57732925</versionId>
        </configOption>
        <configOption name="openInNewWindow">
            <lastModified isNull="true" />
            <lastModifiedBy isNull="true" />
            <coachViewConfigOptionId>66.b8b3d2c4-afcb-4c41-a58c-2c80afbd95c5</coachViewConfigOptionId>
            <coachViewId>64.331e82d3-bcb6-4b64-9eb3-182d6bbb266b</coachViewId>
            <isList>false</isList>
            <propertyType>OBJECT</propertyType>
            <label>tw.resource.DocumentList.openInNewWindow</label>
            <classId>f1e96cc6-5fd9-4002-8b04-107d4ddae78a/12.83ff975e-8dbc-42e5-b738-fa8bc08274a2</classId>
            <processId isNull="true" />
            <actionflowId isNull="true" />
            <isAdaptive>false</isAdaptive>
            <seq>5</seq>
            <description>tw.resource.DocumentList.openInNewWindowDesc</description>
            <groupName isNull="true" />
            <guid>1f5e8719-55d6-47c6-9588-161dbf7d3e84</guid>
            <versionId>9621b3fc-8781-4740-a0fc-e5c23af1bf6e</versionId>
        </configOption>
        <configOption name="refreshTrigger">
            <lastModified isNull="true" />
            <lastModifiedBy isNull="true" />
            <coachViewConfigOptionId>66.6c44c12b-2b44-4925-9d87-f7f5629930e6</coachViewConfigOptionId>
            <coachViewId>64.331e82d3-bcb6-4b64-9eb3-182d6bbb266b</coachViewId>
            <isList>false</isList>
            <propertyType>OBJECT</propertyType>
            <label>tw.resource.DocumentList.refreshTrigger</label>
            <classId>f1e96cc6-5fd9-4002-8b04-107d4ddae78a/12.83ff975e-8dbc-42e5-b738-fa8bc08274a2</classId>
            <processId isNull="true" />
            <actionflowId isNull="true" />
            <isAdaptive>false</isAdaptive>
            <seq>6</seq>
            <description>tw.resource.DocumentList.refreshTriggerDesc</description>
            <groupName isNull="true" />
            <guid>e9af102c-de0e-4298-8c4c-faac574fb235</guid>
            <versionId>57f89a6b-6280-411b-8585-2c6a8165a374</versionId>
        </configOption>
        <configOption name="numberOfResultsToShow">
            <lastModified isNull="true" />
            <lastModifiedBy isNull="true" />
            <coachViewConfigOptionId>66.5f52a2b1-1431-42c3-8e93-93ccebe3a74b</coachViewConfigOptionId>
            <coachViewId>64.331e82d3-bcb6-4b64-9eb3-182d6bbb266b</coachViewId>
            <isList>false</isList>
            <propertyType>OBJECT</propertyType>
            <label>tw.resource.DocumentList.numberOfResults</label>
            <classId>f1e96cc6-5fd9-4002-8b04-107d4ddae78a/12.3fa0d7a0-828a-4d60-99cc-db5ed143fc2d</classId>
            <processId isNull="true" />
            <actionflowId isNull="true" />
            <isAdaptive>false</isAdaptive>
            <seq>7</seq>
            <description>tw.resource.DocumentList.numberOfResultsDesc</description>
            <groupName isNull="true" />
            <guid>705088df-00f8-4736-bde3-1254fb20e027</guid>
            <versionId>89f5d10d-0034-4a04-a057-b3e6fed6914c</versionId>
        </configOption>
        <configOption name="showAllContent">
            <lastModified isNull="true" />
            <lastModifiedBy isNull="true" />
            <coachViewConfigOptionId>66.975b4dc3-c446-44c0-9877-011567e85a8f</coachViewConfigOptionId>
            <coachViewId>64.331e82d3-bcb6-4b64-9eb3-182d6bbb266b</coachViewId>
            <isList>false</isList>
            <propertyType>OBJECT</propertyType>
            <label>tw.resource.DocumentList.showAllContent</label>
            <classId>f1e96cc6-5fd9-4002-8b04-107d4ddae78a/12.83ff975e-8dbc-42e5-b738-fa8bc08274a2</classId>
            <processId isNull="true" />
            <actionflowId isNull="true" />
            <isAdaptive>false</isAdaptive>
            <seq>8</seq>
            <description>tw.resource.DocumentList.showAllContentDesc</description>
            <groupName isNull="true" />
            <guid>1fa73481-b20c-4e5d-9038-b2651397869f</guid>
            <versionId>414e038f-5802-45c5-97dc-b80a73a34b3f</versionId>
        </configOption>
        <configOption name="defaultProperties">
            <lastModified isNull="true" />
            <lastModifiedBy isNull="true" />
            <coachViewConfigOptionId>66.858c0e44-2105-49e2-95f8-52fba4605e2e</coachViewConfigOptionId>
            <coachViewId>64.331e82d3-bcb6-4b64-9eb3-182d6bbb266b</coachViewId>
            <isList>true</isList>
            <propertyType>OBJECT</propertyType>
            <label>tw.resource.DocumentList.docControl.option.defaultProps.label</label>
            <classId>/12.eac829db-66fe-43f5-810c-6faa514533a2</classId>
            <processId isNull="true" />
            <actionflowId isNull="true" />
            <isAdaptive>false</isAdaptive>
            <seq>9</seq>
            <description>tw.resource.DocumentList.docControl.option.defaultProps.doc</description>
            <groupName isNull="true" />
            <guid>guid:0583ec4dea62522e:4406719b:14fe27226fc:-7ff5</guid>
            <versionId>e5c8e60e-7c93-4287-82aa-4f8f736185eb</versionId>
        </configOption>
        <configOption name="useBPMDocuments">
            <lastModified isNull="true" />
            <lastModifiedBy isNull="true" />
            <coachViewConfigOptionId>66.3c316b9c-0363-458d-a047-1eb718d9794c</coachViewConfigOptionId>
            <coachViewId>64.331e82d3-bcb6-4b64-9eb3-182d6bbb266b</coachViewId>
            <isList>false</isList>
            <propertyType>OBJECT</propertyType>
            <label>tw.resource.DocumentList.useBPMDocuments</label>
            <classId>/12.777cfaf5-13e4-4dbc-b28f-935bbfe2df1e</classId>
            <processId isNull="true" />
            <actionflowId isNull="true" />
            <isAdaptive>false</isAdaptive>
            <seq>10</seq>
            <description>tw.resource.DocumentList.useBPMDocumentsDesc</description>
            <groupName isNull="true" />
            <guid>3d556c72-2897-466c-83fe-a28ecefa7358</guid>
            <versionId>6ec64432-6e2a-4571-a399-446d868e3814</versionId>
        </configOption>
        <configOption name="bpmDocumentOptions">
            <lastModified isNull="true" />
            <lastModifiedBy isNull="true" />
            <coachViewConfigOptionId>66.0280e631-90cf-4944-b84f-43717beb06a7</coachViewConfigOptionId>
            <coachViewId>64.331e82d3-bcb6-4b64-9eb3-182d6bbb266b</coachViewId>
            <isList>false</isList>
            <propertyType>OBJECT</propertyType>
            <label>tw.resource.DocumentList.bpmDocumentOptions</label>
            <classId>/12.8c19ee40-d472-418b-8623-b85490249827</classId>
            <processId isNull="true" />
            <actionflowId isNull="true" />
            <isAdaptive>false</isAdaptive>
            <seq>11</seq>
            <description>tw.resource.DocumentList.bpmDocumentOptionsDesc</description>
            <groupName isNull="true" />
            <guid>25638b7c-a3b0-47f1-ac05-621f7a59b62e</guid>
            <versionId>3ca17a70-c93a-4dda-9f6d-155ddcdbaff4</versionId>
        </configOption>
        <configOption name="cmisDocumentOptions">
            <lastModified isNull="true" />
            <lastModifiedBy isNull="true" />
            <coachViewConfigOptionId>66.909cfac1-8b8d-4cf9-97f5-183118ef809b</coachViewConfigOptionId>
            <coachViewId>64.331e82d3-bcb6-4b64-9eb3-182d6bbb266b</coachViewId>
            <isList>false</isList>
            <propertyType>OBJECT</propertyType>
            <label>tw.resource.DocumentList.ecmDocumentOptions</label>
            <classId>/12.d1d51e3b-f38f-43c1-80b1-b29c44c0bb83</classId>
            <processId isNull="true" />
            <actionflowId isNull="true" />
            <isAdaptive>false</isAdaptive>
            <seq>12</seq>
            <description>tw.resource.DocumentList.ecmDocumentOptionsDesc</description>
            <groupName isNull="true" />
            <guid>706fbaf0-9aa0-41d6-a744-4d7c8a7ef07c</guid>
            <versionId>6ffcc7fc-4906-4de3-bf36-a0397b2243e9</versionId>
        </configOption>
        <configOption name="search">
            <lastModified isNull="true" />
            <lastModifiedBy isNull="true" />
            <coachViewConfigOptionId>66.6a274e8f-c20d-4bd6-8261-05b1616f9eea</coachViewConfigOptionId>
            <coachViewId>64.331e82d3-bcb6-4b64-9eb3-182d6bbb266b</coachViewId>
            <isList>false</isList>
            <propertyType>SERVICE</propertyType>
            <label>tw.resource.DocumentList.search</label>
            <classId isNull="true" />
            <processId>/1.458aa3a5-2d40-4629-b146-75cb8dcf6569</processId>
            <actionflowId isNull="true" />
            <isAdaptive>false</isAdaptive>
            <seq>13</seq>
            <description>tw.resource.DocumentList.searchDesc</description>
            <groupName isNull="true" />
            <guid>c2386a62-f0f3-4df1-9f90-2a1026d9b388</guid>
            <versionId>96d0b2c0-866e-4332-9a63-dceea39e46d0</versionId>
        </configOption>
        <configOption name="getAllDocumentVersions">
            <lastModified isNull="true" />
            <lastModifiedBy isNull="true" />
            <coachViewConfigOptionId>66.9e5f2480-0f38-457e-ab5c-1eaeeeb8d2b5</coachViewConfigOptionId>
            <coachViewId>64.331e82d3-bcb6-4b64-9eb3-182d6bbb266b</coachViewId>
            <isList>false</isList>
            <propertyType>SERVICE</propertyType>
            <label>tw.resource.DocumentList.getAllVersions</label>
            <classId isNull="true" />
            <processId>/1.d6cfbe20-3203-4287-9675-9242c6f822b9</processId>
            <actionflowId isNull="true" />
            <isAdaptive>false</isAdaptive>
            <seq>14</seq>
            <description>tw.resource.DocumentList.getAllVersionsDesc</description>
            <groupName isNull="true" />
            <guid>cbbf4b10-87ab-4c8c-a263-06a1b5a387ff</guid>
            <versionId>b2aaac53-39d4-483d-8f7d-3b4d3d21fac5</versionId>
        </configOption>
        <configOption name="deleteDocument">
            <lastModified isNull="true" />
            <lastModifiedBy isNull="true" />
            <coachViewConfigOptionId>66.260bf0bb-6af4-4aa3-bd47-fc4d8272d3b3</coachViewConfigOptionId>
            <coachViewId>64.331e82d3-bcb6-4b64-9eb3-182d6bbb266b</coachViewId>
            <isList>false</isList>
            <propertyType>SERVICE</propertyType>
            <label>tw.resource.DocumentList.docControl.option.deleteDoc.label</label>
            <classId isNull="true" />
            <processId>/1.20ba7863-b8fd-4d88-b614-c5a5c2e96e33</processId>
            <actionflowId isNull="true" />
            <isAdaptive>false</isAdaptive>
            <seq>15</seq>
            <description>tw.resource.DocumentList.docControl.option.deleteDoc.doc</description>
            <groupName isNull="true" />
            <guid>bec5ea22-8dc2-413c-8ac0-a6918d8761ed</guid>
            <versionId>199c21b1-b4a7-43b9-8f75-fd76fc38d814</versionId>
        </configOption>
        <configOption name="getDocument">
            <lastModified isNull="true" />
            <lastModifiedBy isNull="true" />
            <coachViewConfigOptionId>66.a5598405-4f18-429f-87ce-96f3adffb66b</coachViewConfigOptionId>
            <coachViewId>64.331e82d3-bcb6-4b64-9eb3-182d6bbb266b</coachViewId>
            <isList>false</isList>
            <propertyType>SERVICE</propertyType>
            <label>tw.resource.DocumentList.getDocument</label>
            <classId isNull="true" />
            <processId>/1.07f58779-01a8-4626-9ea2-c7d413bd2e62</processId>
            <actionflowId isNull="true" />
            <isAdaptive>false</isAdaptive>
            <seq>16</seq>
            <description>tw.resource.DocumentList.getDocumentDesc</description>
            <groupName isNull="true" />
            <guid>9c7c393b-0730-4ecd-b791-e808f1fcb222</guid>
            <versionId>960dbd63-e462-489f-bb3c-2216606084e2</versionId>
        </configOption>
        <configOption name="getTypeDefinition">
            <lastModified isNull="true" />
            <lastModifiedBy isNull="true" />
            <coachViewConfigOptionId>66.4b7311ee-ed25-445c-a81f-5057bf17cc7c</coachViewConfigOptionId>
            <coachViewId>64.331e82d3-bcb6-4b64-9eb3-182d6bbb266b</coachViewId>
            <isList>false</isList>
            <propertyType>SERVICE</propertyType>
            <label>tw.resource.DocumentList.getTypeDefinition</label>
            <classId isNull="true" />
            <processId>/1.1f60baf5-c9af-4be7-a3e3-89c49265d9ad</processId>
            <actionflowId isNull="true" />
            <isAdaptive>false</isAdaptive>
            <seq>17</seq>
            <description>tw.resource.DocumentList.getTypeDefinitionDesc</description>
            <groupName isNull="true" />
            <guid>560b4b9e-393c-4fd8-84d6-4c80cbc52023</guid>
            <versionId>32388a58-41d1-4733-aa94-0022c1e4b1e4</versionId>
        </configOption>
        <configOption name="getTypeDescendants">
            <lastModified isNull="true" />
            <lastModifiedBy isNull="true" />
            <coachViewConfigOptionId>66.9c4dc7ba-ac8c-445a-b080-25a30807198c</coachViewConfigOptionId>
            <coachViewId>64.331e82d3-bcb6-4b64-9eb3-182d6bbb266b</coachViewId>
            <isList>false</isList>
            <propertyType>SERVICE</propertyType>
            <label>tw.resource.DocumentList.getTypeDescendants</label>
            <classId isNull="true" />
            <processId>/1.cb1985a2-898f-4ada-8923-d642ee0470b5</processId>
            <actionflowId isNull="true" />
            <isAdaptive>false</isAdaptive>
            <seq>18</seq>
            <description>tw.resource.DocumentList.getTypeDescendantsDesc</description>
            <groupName isNull="true" />
            <guid>23542e5f-cfc5-44a1-b161-0aa415187a91</guid>
            <versionId>651c42cb-4133-4b7e-84c0-3eb918b513f7</versionId>
        </configOption>
        <configOption name="localizationService">
            <lastModified isNull="true" />
            <lastModifiedBy isNull="true" />
            <coachViewConfigOptionId>66.480c6e99-bee8-46a5-be24-2d768e06f010</coachViewConfigOptionId>
            <coachViewId>64.331e82d3-bcb6-4b64-9eb3-182d6bbb266b</coachViewId>
            <isList>false</isList>
            <propertyType>SERVICE</propertyType>
            <label>tw.resource.DocumentList.docControl.option.localization.label</label>
            <classId isNull="true" />
            <processId>/1.dc66f5e0-a383-4564-a239-d1fff20b9ce5</processId>
            <actionflowId isNull="true" />
            <isAdaptive>false</isAdaptive>
            <seq>19</seq>
            <description>tw.resource.DocumentList.docControl.option.localization.doc</description>
            <groupName isNull="true" />
            <guid>14fb08ba-e14b-43a6-8ea2-6e93032c10c9</guid>
            <versionId>906cdf5b-f489-42ca-b934-e8b8ce0a13fb</versionId>
        </configOption>
        <configOption name="calendarType">
            <lastModified isNull="true" />
            <lastModifiedBy isNull="true" />
            <coachViewConfigOptionId>66.24fa18bb-ac73-4094-a842-9667b95f2c85</coachViewConfigOptionId>
            <coachViewId>64.331e82d3-bcb6-4b64-9eb3-182d6bbb266b</coachViewId>
            <isList>false</isList>
            <propertyType>OBJECT</propertyType>
            <label>tw.resource.DocumentList.docControl.option.calendarType.label</label>
            <classId>1c0d347d-007e-4b1b-a3f7-929be673b0c4/12.167a89d8-583b-39d0-a900-725722605273</classId>
            <processId isNull="true" />
            <actionflowId isNull="true" />
            <isAdaptive>false</isAdaptive>
            <seq>20</seq>
            <description>tw.resource.DocumentList.docControl.option.calendarType.doc</description>
            <groupName isNull="true" />
            <guid>guid:041a9a2a90d5ac93:-420c365:1508c3096d4:-7fff</guid>
            <versionId>6025cfa0-c8f3-4c69-9b27-996960377bc9</versionId>
        </configOption>
        <configOption name="headerColor">
            <lastModified isNull="true" />
            <lastModifiedBy isNull="true" />
            <coachViewConfigOptionId>66.cf9713e7-6011-42bd-b5a3-b95182315037</coachViewConfigOptionId>
            <coachViewId>64.331e82d3-bcb6-4b64-9eb3-182d6bbb266b</coachViewId>
            <isList>false</isList>
            <propertyType>OBJECT</propertyType>
            <label>tw.resource.messages.responsive.coaches.sectionColors</label>
            <classId>1c0d347d-007e-4b1b-a3f7-929be673b0c4/12.31957116-b4d2-3e59-a7a0-3102368d1930</classId>
            <processId isNull="true" />
            <actionflowId isNull="true" />
            <isAdaptive>false</isAdaptive>
            <seq>21</seq>
            <description>tw.resource.messages.responsive.coaches.sectionColors.description</description>
            <groupName>tw.resource.messages.responsive.coaches.style</groupName>
            <guid>65e63b76-0ba6-4408-9f33-a0739290e081</guid>
            <versionId>3e2a2cd2-2e26-46da-a4e3-87751e5433cc</versionId>
        </configOption>
        <configOption name="headerTextSize">
            <lastModified isNull="true" />
            <lastModifiedBy isNull="true" />
            <coachViewConfigOptionId>66.da6bb3c2-624e-4e89-8709-5dbd69e5f047</coachViewConfigOptionId>
            <coachViewId>64.331e82d3-bcb6-4b64-9eb3-182d6bbb266b</coachViewId>
            <isList>false</isList>
            <propertyType>OBJECT</propertyType>
            <label>tw.resource.messages.responsive.coaches.section.headerSize</label>
            <classId>1c0d347d-007e-4b1b-a3f7-929be673b0c4/12.0b2df65b-a634-34b8-96f8-7da0de513dde</classId>
            <processId isNull="true" />
            <actionflowId isNull="true" />
            <isAdaptive>false</isAdaptive>
            <seq>22</seq>
            <description>tw.resource.messages.responsive.coaches.section.headerSize.description</description>
            <groupName>tw.resource.messages.responsive.coaches.style</groupName>
            <guid>95a5a488-ac98-46c3-9eae-1455cd7a92a1</guid>
            <versionId>4884045a-9b03-4623-9a90-18650ccba5d0</versionId>
        </configOption>
        <configOption name="textSize">
            <lastModified isNull="true" />
            <lastModifiedBy isNull="true" />
            <coachViewConfigOptionId>66.6b7aadf1-72fb-4bcd-85d3-ccf8fd3f37ae</coachViewConfigOptionId>
            <coachViewId>64.331e82d3-bcb6-4b64-9eb3-182d6bbb266b</coachViewId>
            <isList>false</isList>
            <propertyType>OBJECT</propertyType>
            <label>tw.resource.messages.responsive.coaches.textSize</label>
            <classId>1c0d347d-007e-4b1b-a3f7-929be673b0c4/12.0b2df65b-a634-34b8-96f8-7da0de513dde</classId>
            <processId isNull="true" />
            <actionflowId isNull="true" />
            <isAdaptive>false</isAdaptive>
            <seq>23</seq>
            <description>tw.resource.messages.responsive.coaches.textSize.description</description>
            <groupName>tw.resource.messages.responsive.coaches.style</groupName>
            <guid>2b716bfd-7f7a-4b53-82ab-04b4d5367689</guid>
            <versionId>78369f94-4ed0-4cfc-9264-286537daf0f0</versionId>
        </configOption>
        <dynamicStyle>
            <lastModified isNull="true" />
            <lastModifiedBy isNull="true" />
            <coachViewDynamicStyleId>73.3601d646-5086-40a0-b89b-b013cd7c325a</coachViewDynamicStyleId>
            <coachViewId>64.331e82d3-bcb6-4b64-9eb3-182d6bbb266b</coachViewId>
            <filePath>scripts/controls.less</filePath>
            <assetUuid>1c0d347d-007e-4b1b-a3f7-929be673b0c4/61.753ec599-e014-3ac0-9251-63c6aa962a34</assetUuid>
            <seq>0</seq>
            <guid>89dd98c4-fe91-443b-82ea-985a78289184</guid>
            <versionId>27c12866-85f5-415f-9650-284c0730de4c</versionId>
        </dynamicStyle>
        <resource>
            <lastModified isNull="true" />
            <lastModifiedBy isNull="true" />
            <coachViewResourceId>67.6c3b5e36-047f-421e-b069-00a33ef99c66</coachViewResourceId>
            <coachViewId>64.331e82d3-bcb6-4b64-9eb3-182d6bbb266b</coachViewId>
            <filePath>scripts/content-controls.min.css</filePath>
            <ieCondition isNull="true" />
            <mediaQuery isNull="true" />
            <scriptLoadStyle isNull="true" />
            <assetUuid>/61.7074ac40-01fc-4b3a-8bd9-547b89f49943</assetUuid>
            <seq>0</seq>
            <guid>9c6e69ea-01c5-43fa-b815-a7c2480a48ab</guid>
            <versionId>b3c59ff4-817f-4457-b678-cc632fc45a95</versionId>
        </resource>
        <inlineScript name="Inline Javascript">
            <lastModified isNull="true" />
            <lastModifiedBy isNull="true" />
            <coachViewInlineScriptId>68.b214677d-5737-484b-a8ef-a6d542941fc4</coachViewInlineScriptId>
            <coachViewId>64.331e82d3-bcb6-4b64-9eb3-182d6bbb266b</coachViewId>
            <scriptType>JS</scriptType>
            <scriptBlock> /*&#xD;
@dojoConfigUpdateStart&#xD;
dojoConfig.packages.push({&#xD;
name: 'com.ibm.bpm.coach.angular',&#xD;
location: com_ibm_bpm_coach.getManagedAssetUrl('coachview.helper.min.zip',&#xD;
com_ibm_bpm_coach.assetType_WEB, 'SYSRC')&#xD;
});&#xD;
@dojoConfigUpdateEnd&#xD;
*/</scriptBlock>
            <seq>0</seq>
            <description isNull="true" />
            <guid>6ff684e9-f58c-4cf1-b111-411056e29388</guid>
            <versionId>8cf55df8-436b-43f9-88e9-7cd4914772d3</versionId>
        </inlineScript>
        <inlineScript name="Inline CSS">
            <lastModified isNull="true" />
            <lastModifiedBy isNull="true" />
            <coachViewInlineScriptId>68.18888ef3-d49e-4247-9ad4-15e6d4c3c61e</coachViewInlineScriptId>
            <coachViewId>64.331e82d3-bcb6-4b64-9eb3-182d6bbb266b</coachViewId>
            <scriptType>CSS</scriptType>
            <scriptBlock isNull="true" />
            <seq>1</seq>
            <description isNull="true" />
            <guid>4b184a66-f1ff-4978-a5fa-1cc04dbf8a22</guid>
            <versionId>1c81f322-8acc-4695-a840-7bb7701b9360</versionId>
        </inlineScript>
        <inlineScript name="Header HTML">
            <lastModified isNull="true" />
            <lastModifiedBy isNull="true" />
            <coachViewInlineScriptId>68.65be8037-552d-405f-8f46-39da61d178f8</coachViewInlineScriptId>
            <coachViewId>64.331e82d3-bcb6-4b64-9eb3-182d6bbb266b</coachViewId>
            <scriptType>HTML</scriptType>
            <scriptBlock isNull="true" />
            <seq>2</seq>
            <description isNull="true" />
            <guid>f8535604-4a99-436d-8768-0b560abfc153</guid>
            <versionId>570d394f-f3ff-4f81-9f77-b73b8670bc37</versionId>
        </inlineScript>
        <localization>
            <lastModified isNull="true" />
            <lastModifiedBy isNull="true" />
            <coachViewLocalResId>69.4d3c3d09-0aae-451e-8e84-fc90791c8a0c</coachViewLocalResId>
            <coachViewId>64.331e82d3-bcb6-4b64-9eb3-182d6bbb266b</coachViewId>
            <resourceBundleGroupId>/50.05a87f6e-92f1-49f0-9cd4-d66479a5ea46</resourceBundleGroupId>
            <seq>0</seq>
            <guid>269ff394-4e5a-4167-bdce-8ad3ed05ea86</guid>
            <versionId>3ffb18ea-e39c-4683-a2f5-e62f7f6bfab2</versionId>
        </localization>
        <localization>
            <lastModified isNull="true" />
            <lastModifiedBy isNull="true" />
            <coachViewLocalResId>69.adc74017-a05a-403f-ac49-26aba67e76a4</coachViewLocalResId>
            <coachViewId>64.331e82d3-bcb6-4b64-9eb3-182d6bbb266b</coachViewId>
            <resourceBundleGroupId>1c0d347d-007e-4b1b-a3f7-929be673b0c4/50.b17076cd-8a20-376f-9c7d-379adea7aabc</resourceBundleGroupId>
            <seq>1</seq>
            <guid>75f95033-d455-4094-9983-70ab11a2b462</guid>
            <versionId>4d5112e6-c99c-4fe2-8d2d-158b0d9c4be3</versionId>
        </localization>
        <amdDependency>
            <lastModified isNull="true" />
            <lastModifiedBy isNull="true" />
            <coachViewAmdDepId>70.ae305dda-8979-4779-bf7d-cc3a04cae3c5</coachViewAmdDepId>
            <coachViewId>64.331e82d3-bcb6-4b64-9eb3-182d6bbb266b</coachViewId>
            <moduleId>com.ibm.bpm.coach.angular/scripts/coachViewHelper</moduleId>
            <functionArgument>coachViewHelper</functionArgument>
            <seq>0</seq>
            <guid>e4607792-3a80-45a3-a820-bc46faacbe0f</guid>
            <versionId>42963154-d93d-49c7-b98d-1665c41c63cb</versionId>
        </amdDependency>
        <amdDependency>
            <lastModified isNull="true" />
            <lastModifiedBy isNull="true" />
            <coachViewAmdDepId>70.1a7ff2fc-a721-4687-a7ac-9f76ff246b40</coachViewAmdDepId>
            <coachViewId>64.331e82d3-bcb6-4b64-9eb3-182d6bbb266b</coachViewId>
            <moduleId>dojo/date/locale</moduleId>
            <functionArgument>dateLocale</functionArgument>
            <seq>1</seq>
            <guid>05d78dbe-46e7-48a5-a7ec-7dbd07563e20</guid>
            <versionId>941a3f36-0e99-47ef-850f-9752e1da59eb</versionId>
        </amdDependency>
        <amdDependency>
            <lastModified isNull="true" />
            <lastModifiedBy isNull="true" />
            <coachViewAmdDepId>70.76880f74-86b2-414b-a3a6-87ff00315806</coachViewAmdDepId>
            <coachViewId>64.331e82d3-bcb6-4b64-9eb3-182d6bbb266b</coachViewId>
            <moduleId>dojox/date/hebrew</moduleId>
            <functionArgument>hebrew</functionArgument>
            <seq>2</seq>
            <guid>41734187-1b9b-4695-981c-ec253369f07c</guid>
            <versionId>991ae35d-2bb2-4719-8481-ae312681ba1f</versionId>
        </amdDependency>
        <amdDependency>
            <lastModified isNull="true" />
            <lastModifiedBy isNull="true" />
            <coachViewAmdDepId>70.ea31cbb8-cac7-4a39-9705-03760e17de92</coachViewAmdDepId>
            <coachViewId>64.331e82d3-bcb6-4b64-9eb3-182d6bbb266b</coachViewId>
            <moduleId>dojox/date/hebrew/Date</moduleId>
            <functionArgument>hebrewDate</functionArgument>
            <seq>3</seq>
            <guid>764f94c6-2f91-444c-8433-2a803e424613</guid>
            <versionId>7b08a496-88c7-430e-8d8e-8eda2009ecf4</versionId>
        </amdDependency>
        <amdDependency>
            <lastModified isNull="true" />
            <lastModifiedBy isNull="true" />
            <coachViewAmdDepId>70.c207696d-08be-4a51-9934-6f1f8eb42870</coachViewAmdDepId>
            <coachViewId>64.331e82d3-bcb6-4b64-9eb3-182d6bbb266b</coachViewId>
            <moduleId>dojox/date/hebrew/locale</moduleId>
            <functionArgument>hebrewLocale</functionArgument>
            <seq>4</seq>
            <guid>9cac8478-70b5-43e4-9017-ee9289101428</guid>
            <versionId>4c1c5bd8-3de4-4354-a47d-c1beaa4b64bf</versionId>
        </amdDependency>
        <amdDependency>
            <lastModified isNull="true" />
            <lastModifiedBy isNull="true" />
            <coachViewAmdDepId>70.2b8df7f0-f049-4fb2-9458-8e5041e588fa</coachViewAmdDepId>
            <coachViewId>64.331e82d3-bcb6-4b64-9eb3-182d6bbb266b</coachViewId>
            <moduleId>dojox/date/islamic</moduleId>
            <functionArgument>islamic</functionArgument>
            <seq>5</seq>
            <guid>65805aad-2708-40c9-949f-f583d9f855d2</guid>
            <versionId>ed422287-41a0-4e40-8b3a-4af51b1e21fc</versionId>
        </amdDependency>
        <amdDependency>
            <lastModified isNull="true" />
            <lastModifiedBy isNull="true" />
            <coachViewAmdDepId>70.3485a5d2-8ff9-4bea-a373-5bd1d59609c8</coachViewAmdDepId>
            <coachViewId>64.331e82d3-bcb6-4b64-9eb3-182d6bbb266b</coachViewId>
            <moduleId>dojox/date/islamic/Date</moduleId>
            <functionArgument>islamicDate</functionArgument>
            <seq>6</seq>
            <guid>a8c8d7a3-dbc4-4d38-82c0-5e1899115cb8</guid>
            <versionId>a650f471-ee89-42af-b061-418863770bd1</versionId>
        </amdDependency>
        <amdDependency>
            <lastModified isNull="true" />
            <lastModifiedBy isNull="true" />
            <coachViewAmdDepId>70.b1570d43-ea75-4eed-ac85-78225739cf88</coachViewAmdDepId>
            <coachViewId>64.331e82d3-bcb6-4b64-9eb3-182d6bbb266b</coachViewId>
            <moduleId>dojox/date/islamic/locale</moduleId>
            <functionArgument>islamicLocale</functionArgument>
            <seq>7</seq>
            <guid>accd6b91-4e82-48e2-a471-dfa5374d38ec</guid>
            <versionId>3bdf5b6c-f660-4e19-9855-8a736c6678cf</versionId>
        </amdDependency>
    </coachView>
</teamworks>

