<?xml version="1.0" encoding="UTF-8"?>
<teamworks>
    <coachView id="64.33c25271-8772-4882-b310-efa40ed58e0b" name="Heritage Document Explorer">
        <lastModified>1452282403446</lastModified>
        <lastModifiedBy>tw_admin</lastModifiedBy>
        <coachViewId>64.33c25271-8772-4882-b310-efa40ed58e0b</coachViewId>
        <isTemplate>false</isTemplate>
        <layout>&lt;?xml version="1.0" encoding="UTF-8"?&gt;&#xD;
&lt;layout xmlns:xsi="http://www.w3.org/2001/XMLSchema-instance" xmlns="http://www.ibm.com/bpm/CoachDesignerNG"&gt;&#xD;
  &lt;layoutItem xsi:type="CustomHTML"&gt;&#xD;
    &lt;layoutItemId&gt;CustomHTML1&lt;/layoutItemId&gt;&#xD;
    &lt;configData&gt;&#xD;
      &lt;optionName&gt;@customHTML.textContent&lt;/optionName&gt;&#xD;
      &lt;value&gt;&amp;lt;div class=&amp;quot;BPMCollapsibleSectionWithActions BPMSection&amp;quot;&gt;&amp;#xD;&#xD;
	&amp;lt;div id=&amp;quot;$$viewDOMID$$_CollapsibleSectionWithActions&amp;quot; data-dojo-type=&amp;quot;com.ibm.bpm.dashboards/controls/section/CollapsibleSectionWithActions&amp;quot;&gt;&amp;#xD;&#xD;
		&amp;lt;div id=&amp;quot;$$viewDOMID$$_DocumentControl&amp;quot;&gt;&amp;lt;/div&gt;&amp;#xD;&#xD;
	&amp;lt;/div&gt;&amp;#xD;&#xD;
&amp;lt;/div&gt;&lt;/value&gt;&#xD;
    &lt;/configData&gt;&#xD;
    &lt;configData&gt;&#xD;
      &lt;optionName&gt;@customHTML.contentType&lt;/optionName&gt;&#xD;
      &lt;value&gt;TEXT&lt;/value&gt;&#xD;
    &lt;/configData&gt;&#xD;
    &lt;configData&gt;&#xD;
      &lt;optionName&gt;@customHTML.variableContent&lt;/optionName&gt;&#xD;
    &lt;/configData&gt;&#xD;
    &lt;configData&gt;&#xD;
      &lt;optionName&gt;@customHTML.assetContent&lt;/optionName&gt;&#xD;
    &lt;/configData&gt;&#xD;
  &lt;/layoutItem&gt;&#xD;
&lt;/layout&gt;</layout>
        <paletteIcon>/61.8e56d07f-af8f-4baa-a390-87fa1d7be892</paletteIcon>
        <previewImage>/61.ad1b2cca-f0a4-4eff-9941-c3b0c7b3b7da</previewImage>
        <hasLabel>false</hasLabel>
        <labelPosition>0</labelPosition>
        <nineSliceX1Coord>0</nineSliceX1Coord>
        <nineSliceX2Coord>260</nineSliceX2Coord>
        <nineSliceY1Coord>0</nineSliceY1Coord>
        <nineSliceY2Coord>306</nineSliceY2Coord>
        <emitBoundary>false</emitBoundary>
        <isPrototypeFunc>false</isPrototypeFunc>
        <enableDevMode>false</enableDevMode>
        <isMobileReady>false</isMobileReady>
        <loadJsFunction>var msgs = dutils.initLocalizedMessages(this.context.options.localizationService.url, this.context);
this.nlsMsgs = msgs;


var id = this.context.element.id;
this.CSWA = dijitRegistry.byId(id +"_CollapsibleSectionWithActions");
if (!!this.CSWA) {
  var title = null;
  if (!!this.context.options.sectionTitle) {
   title = this.context.options.sectionTitle.get("value");
  }
  if (!title) {
    title = msgs["docControl.title"];
  }
  this.CSWA.setConfig({
    id: id,
    title: title,
    collapsible: !!this.context.options.collapsible ? this.context.options.collapsible.get("value") : false,
    collapsed: !!this.context.options.collapsed ? this.context.options.collapsed.get("value") : false
  });
}

docListCtrl = new docList({baseClass: "documentList",context: this.context,frame: iframe,messages: this.nlsMsgs,cswa:this.CSWA}).placeAt(dom.byId(id +"_DocumentControl"));
docListCtrl.startup();


// Subscribe to Add Button dropdown events from the CSWA
subscribe = connect.subscribe(id +"_AddButtonDropdownSelectedItem", lang.hitch(this, function(evt) {
    var clicked = evt.clicked;
    
    if (clicked === "Add Document") {
        docListCtrl.addDocument();
    } else if (clicked === "Add Folder") {
        docListCtrl.addFolder();
    } 
}));</loadJsFunction>
        <unloadJsFunction>domConstruct.destroy(this.contentNode);
docListCtrl.destroy();
docListCtrl = null;
connect.unsubscribe(subscribe);</unloadJsFunction>
        <viewJsFunction>var visibility = coach_utils.handleVisibility(this.context);
if(visibility === "NONE" || docListCtrl.getBPMDocumentStatus() === true) {
	if (!! this.context.options.hideDocumentControl) {
		this.context.setDisplay(false);
		this.context.setVisibility(false);
	    this.context.options.hideDocumentControl.set("value", true);
	}
}
</viewJsFunction>
        <changeJsFunction>if(event.type === "config") {
    if((event.property === "folderId" || event.property == "instanceId") &amp;&amp; event.oldVal !== event.newVal) {
        this.unload();
        this.load();
        var visibility = coach_utils.handleVisibility(this.context);
        if(!(visibility === "NONE") &amp;&amp; !(docListCtrl.getBPMDocumentStatus() === true)) {
            this.context.setDisplay(true);
           this.context.setVisibility(true);
           this.context.options.hideDocumentControl.set("value", false);
      }
    } else if(event.property === "refreshTrigger") {
        docListCtrl.refreshTriggered(event.newVal);
    }
}</changeJsFunction>
        <collaborationJsFunction isNull="true" />
        <description>Use the control to display a list of documents and folders for a case instance that are stored in the IBM BPM content store. You can set configuration options so that users can view, add, or delete individual folders, check documents in and out of the content store, and view, add, or delete documents.</description>
        <validateJsFunction isNull="true" />
        <previewAdvHtml isNull="true" />
        <previewAdvJs isNull="true" />
        <useUrlBinding>false</useUrlBinding>
        <guid>guid:a67575e4aaaef46c:743934f6:141b9dfafbe:-7ffd</guid>
        <versionId>59c1d582-a812-465d-ac25-3b8ccc36908b</versionId>
        <field1 isNull="true" />
        <field2 isNull="true" />
        <field3>0</field3>
        <field4 isNull="true" />
        <field5>false</field5>
        <clobField1 isNull="true" />
        <bindingType name="documentInfos">
            <lastModified isNull="true" />
            <lastModifiedBy isNull="true" />
            <coachViewBindingTypeId>65.fbd9a412-80ed-4f03-a62a-5c947e0d203a</coachViewBindingTypeId>
            <coachViewId>64.33c25271-8772-4882-b310-efa40ed58e0b</coachViewId>
            <isList>true</isList>
            <classId>/12.b0e1b82e-1f8e-4ef7-b5da-2e07effdf361</classId>
            <seq isNull="true" />
            <description isNull="true" />
            <guid>guid:278447cc40c9db1a:18477262:14486a7f25e:-7ffe</guid>
            <versionId>ceeba94b-cedc-4409-ac41-9bf8c845c285</versionId>
        </bindingType>
        <configOption name="sectionTitle">
            <lastModified isNull="true" />
            <lastModifiedBy isNull="true" />
            <coachViewConfigOptionId>66.b6abf936-a2f1-418d-b0fb-5da27f2a9ebc</coachViewConfigOptionId>
            <coachViewId>64.33c25271-8772-4882-b310-efa40ed58e0b</coachViewId>
            <isList>false</isList>
            <propertyType>OBJECT</propertyType>
            <label>tw.resource.DocumentList.docControl.option.sectionTitle.label</label>
            <classId>f1e96cc6-5fd9-4002-8b04-107d4ddae78a/12.db884a3c-c533-44b7-bb2d-47bec8ad4022</classId>
            <processId isNull="true" />
            <actionflowId isNull="true" />
            <isAdaptive>false</isAdaptive>
            <seq>1</seq>
            <description>tw.resource.DocumentList.docControl.option.sectionTitle.doc</description>
            <groupName isNull="true" />
            <guid>guid:9e7b881b783eeece:-ae23745:144d42ae700:-7ff6</guid>
            <versionId>4715e86b-e798-4938-93b0-0ace74bf57de</versionId>
        </configOption>
        <configOption name="collapsible">
            <lastModified isNull="true" />
            <lastModifiedBy isNull="true" />
            <coachViewConfigOptionId>66.47cee7f8-ab1d-4e90-9781-94c8ab61f3f3</coachViewConfigOptionId>
            <coachViewId>64.33c25271-8772-4882-b310-efa40ed58e0b</coachViewId>
            <isList>false</isList>
            <propertyType>OBJECT</propertyType>
            <label>tw.resource.DocumentList.docControl.option.collapsible.label</label>
            <classId>f1e96cc6-5fd9-4002-8b04-107d4ddae78a/12.83ff975e-8dbc-42e5-b738-fa8bc08274a2</classId>
            <processId isNull="true" />
            <actionflowId isNull="true" />
            <isAdaptive>false</isAdaptive>
            <seq>2</seq>
            <description>tw.resource.DocumentList.docControl.option.collapsible.doc</description>
            <groupName isNull="true" />
            <guid>guid:9e7b881b783eeece:-ae23745:144d42ae700:-7ff5</guid>
            <versionId>24261e88-65b1-4a2d-8de3-3ba60ad67e82</versionId>
        </configOption>
        <configOption name="collapsed">
            <lastModified isNull="true" />
            <lastModifiedBy isNull="true" />
            <coachViewConfigOptionId>66.bd191b6e-65ba-4d06-8fc7-a756b74663c8</coachViewConfigOptionId>
            <coachViewId>64.33c25271-8772-4882-b310-efa40ed58e0b</coachViewId>
            <isList>false</isList>
            <propertyType>OBJECT</propertyType>
            <label>tw.resource.DocumentList.docControl.option.collapsed.label</label>
            <classId>f1e96cc6-5fd9-4002-8b04-107d4ddae78a/12.83ff975e-8dbc-42e5-b738-fa8bc08274a2</classId>
            <processId isNull="true" />
            <actionflowId isNull="true" />
            <isAdaptive>false</isAdaptive>
            <seq>3</seq>
            <description>tw.resource.DocumentList.docControl.option.collapsed.doc</description>
            <groupName isNull="true" />
            <guid>guid:9e7b881b783eeece:-ae23745:144d42ae700:-7ff4</guid>
            <versionId>a52e3446-c4b1-4e64-a361-973e2f2e09dc</versionId>
        </configOption>
        <configOption name="instanceId">
            <lastModified isNull="true" />
            <lastModifiedBy isNull="true" />
            <coachViewConfigOptionId>66.dabe8dd0-8eea-4127-b346-4bb90397c991</coachViewConfigOptionId>
            <coachViewId>64.33c25271-8772-4882-b310-efa40ed58e0b</coachViewId>
            <isList>false</isList>
            <propertyType>OBJECT</propertyType>
            <label>tw.resource.DocumentList.docControl.option.instanceId.label</label>
            <classId>f1e96cc6-5fd9-4002-8b04-107d4ddae78a/12.db884a3c-c533-44b7-bb2d-47bec8ad4022</classId>
            <processId isNull="true" />
            <actionflowId isNull="true" />
            <isAdaptive>false</isAdaptive>
            <seq>4</seq>
            <description>tw.resource.DocumentList.docControl.option.instanceId.doc</description>
            <groupName isNull="true" />
            <guid>guid:c6fd1ece1ce464ae:-3f7371ef:144af85e85e:-7fff</guid>
            <versionId>22c1918c-6417-455f-847b-cc1f0f5bf565</versionId>
        </configOption>
        <configOption name="folderId">
            <lastModified isNull="true" />
            <lastModifiedBy isNull="true" />
            <coachViewConfigOptionId>66.9db468ef-3739-47c9-bf11-791c77ca8940</coachViewConfigOptionId>
            <coachViewId>64.33c25271-8772-4882-b310-efa40ed58e0b</coachViewId>
            <isList>false</isList>
            <propertyType>OBJECT</propertyType>
            <label>tw.resource.DocumentList.docControl.option.folderId.label</label>
            <classId>f1e96cc6-5fd9-4002-8b04-107d4ddae78a/12.db884a3c-c533-44b7-bb2d-47bec8ad4022</classId>
            <processId isNull="true" />
            <actionflowId isNull="true" />
            <isAdaptive>false</isAdaptive>
            <seq>5</seq>
            <description>tw.resource.DocumentList.docControl.option.folderId.doc</description>
            <groupName isNull="true" />
            <guid>guid:4c149b7154c63107:-289346d7:141ca1b8186:-7ff9</guid>
            <versionId>0f8519ce-b710-40c8-bc35-6cd269f32246</versionId>
        </configOption>
        <configOption name="refreshTrigger">
            <lastModified isNull="true" />
            <lastModifiedBy isNull="true" />
            <coachViewConfigOptionId>66.53c7ae2f-a48d-4ef8-bb4c-0f447a882dc8</coachViewConfigOptionId>
            <coachViewId>64.33c25271-8772-4882-b310-efa40ed58e0b</coachViewId>
            <isList>false</isList>
            <propertyType>OBJECT</propertyType>
            <label>tw.resource.DocumentList.refreshTrigger</label>
            <classId>f1e96cc6-5fd9-4002-8b04-107d4ddae78a/12.83ff975e-8dbc-42e5-b738-fa8bc08274a2</classId>
            <processId isNull="true" />
            <actionflowId isNull="true" />
            <isAdaptive>false</isAdaptive>
            <seq>6</seq>
            <description>tw.resource.DocumentList.refreshTriggerDesc</description>
            <groupName isNull="true" />
            <guid>guid:b77336b4cd32c086:284e4b20:14494058a9c:-7ffa</guid>
            <versionId>5ced027f-292e-4f93-90eb-f96d54c1aab5</versionId>
        </configOption>
        <configOption name="search">
            <lastModified isNull="true" />
            <lastModifiedBy isNull="true" />
            <coachViewConfigOptionId>66.09c44bd5-5783-440c-bb61-940447691952</coachViewConfigOptionId>
            <coachViewId>64.33c25271-8772-4882-b310-efa40ed58e0b</coachViewId>
            <isList>false</isList>
            <propertyType>SERVICE</propertyType>
            <label>tw.resource.DocumentList.docControl.option.search.label</label>
            <classId isNull="true" />
            <processId>/1.9e785378-82cf-47ca-8cbf-083a46ef3869</processId>
            <actionflowId isNull="true" />
            <isAdaptive>false</isAdaptive>
            <seq>7</seq>
            <description>tw.resource.DocumentList.docControl.option.search.doc</description>
            <groupName isNull="true" />
            <guid>guid:a67575e4aaaef46c:743934f6:141b9dfafbe:-7fdc</guid>
            <versionId>7b68e19c-6268-400a-8293-a06ff11da026</versionId>
        </configOption>
        <configOption name="getFolder">
            <lastModified isNull="true" />
            <lastModifiedBy isNull="true" />
            <coachViewConfigOptionId>66.2728f26d-8bc3-4ffd-aefd-4d31f89ce827</coachViewConfigOptionId>
            <coachViewId>64.33c25271-8772-4882-b310-efa40ed58e0b</coachViewId>
            <isList>false</isList>
            <propertyType>SERVICE</propertyType>
            <label>tw.resource.DocumentList.docControl.option.getFolder.label</label>
            <classId isNull="true" />
            <processId>/1.7415f0e4-2a2d-4682-8f57-d8eeec0ce5cf</processId>
            <actionflowId isNull="true" />
            <isAdaptive>false</isAdaptive>
            <seq>8</seq>
            <description>tw.resource.DocumentList.docControl.option.getFolder.doc</description>
            <groupName isNull="true" />
            <guid>guid:5d48ec7a5a7987f6:-1130589a:142313b3e62:-7ffc</guid>
            <versionId>b20697f2-ea26-4280-8f99-dac3a9b6ae20</versionId>
        </configOption>
        <configOption name="checkoutDocument">
            <lastModified isNull="true" />
            <lastModifiedBy isNull="true" />
            <coachViewConfigOptionId>66.76e1a21b-0564-4219-adc7-79709152a253</coachViewConfigOptionId>
            <coachViewId>64.33c25271-8772-4882-b310-efa40ed58e0b</coachViewId>
            <isList>false</isList>
            <propertyType>SERVICE</propertyType>
            <label>tw.resource.DocumentList.docControl.option.checkout.label</label>
            <classId isNull="true" />
            <processId>/1.6510812e-a695-4708-962a-fd444b810145</processId>
            <actionflowId isNull="true" />
            <isAdaptive>false</isAdaptive>
            <seq>9</seq>
            <description>tw.resource.DocumentList.docControl.option.checkout.doc</description>
            <groupName isNull="true" />
            <guid>guid:5d48ec7a5a7987f6:-1130589a:142313b3e62:-7ff7</guid>
            <versionId>8f64df58-1b5e-44ba-a66d-34db7c46b284</versionId>
        </configOption>
        <configOption name="getTypeDescendants">
            <lastModified isNull="true" />
            <lastModifiedBy isNull="true" />
            <coachViewConfigOptionId>66.8406955b-d562-4e84-b036-ab8c3c103dbd</coachViewConfigOptionId>
            <coachViewId>64.33c25271-8772-4882-b310-efa40ed58e0b</coachViewId>
            <isList>false</isList>
            <propertyType>SERVICE</propertyType>
            <label>tw.resource.DocumentList.docControl.option.getTypeDes.label</label>
            <classId isNull="true" />
            <processId>/1.cb1985a2-898f-4ada-8923-d642ee0470b5</processId>
            <actionflowId isNull="true" />
            <isAdaptive>false</isAdaptive>
            <seq>10</seq>
            <description>tw.resource.DocumentList.docControl.option.getTypeDes.doc</description>
            <groupName isNull="true" />
            <guid>guid:e03623d6551621df:-1d062e8b:14231cca1a0:-7ffc</guid>
            <versionId>79c5605e-c43a-4748-99af-1bf6bf586721</versionId>
        </configOption>
        <configOption name="cancelCheckout">
            <lastModified isNull="true" />
            <lastModifiedBy isNull="true" />
            <coachViewConfigOptionId>66.663fb0eb-df68-41a3-94ae-3de05d917b05</coachViewConfigOptionId>
            <coachViewId>64.33c25271-8772-4882-b310-efa40ed58e0b</coachViewId>
            <isList>false</isList>
            <propertyType>SERVICE</propertyType>
            <label>tw.resource.DocumentList.docControl.option.cancelCheckout.label</label>
            <classId isNull="true" />
            <processId>/1.07fd64b1-4c4a-4667-a65b-fd0272031aca</processId>
            <actionflowId isNull="true" />
            <isAdaptive>false</isAdaptive>
            <seq>11</seq>
            <description>tw.resource.DocumentList.docControl.option.cancelCheckout.doc</description>
            <groupName isNull="true" />
            <guid>guid:9e720608bac3efea:4a03f243:1424afe5fd7:-7ffc</guid>
            <versionId>31b08434-3e85-4f31-9e78-1d658928fa3c</versionId>
        </configOption>
        <configOption name="getTypeDefinition">
            <lastModified isNull="true" />
            <lastModifiedBy isNull="true" />
            <coachViewConfigOptionId>66.748a9a71-c2dc-4021-a723-d53cfcbf0b26</coachViewConfigOptionId>
            <coachViewId>64.33c25271-8772-4882-b310-efa40ed58e0b</coachViewId>
            <isList>false</isList>
            <propertyType>SERVICE</propertyType>
            <label>tw.resource.DocumentList.docControl.option.getTypeDef.label</label>
            <classId isNull="true" />
            <processId>/1.1f60baf5-c9af-4be7-a3e3-89c49265d9ad</processId>
            <actionflowId isNull="true" />
            <isAdaptive>false</isAdaptive>
            <seq>12</seq>
            <description>tw.resource.DocumentList.docControl.option.getTypeDef.doc</description>
            <groupName isNull="true" />
            <guid>guid:1951a89cf0a1d324:2a36d336:142510d4f61:-7ffc</guid>
            <versionId>e24aa044-5564-4273-9889-5000929f9d32</versionId>
        </configOption>
        <configOption name="localizationService">
            <lastModified isNull="true" />
            <lastModifiedBy isNull="true" />
            <coachViewConfigOptionId>66.b0ed092e-6130-471d-b4ea-35c7e749b328</coachViewConfigOptionId>
            <coachViewId>64.33c25271-8772-4882-b310-efa40ed58e0b</coachViewId>
            <isList>false</isList>
            <propertyType>SERVICE</propertyType>
            <label>tw.resource.DocumentList.docControl.option.localization.label</label>
            <classId isNull="true" />
            <processId>/1.dc66f5e0-a383-4564-a239-d1fff20b9ce5</processId>
            <actionflowId isNull="true" />
            <isAdaptive>false</isAdaptive>
            <seq>13</seq>
            <description>tw.resource.DocumentList.docControl.option.localization.doc</description>
            <groupName isNull="true" />
            <guid>guid:3c3c788c4080ab42:-55fc89b6:1426eaa9893:-7ffc</guid>
            <versionId>8e1360b4-f837-4d99-96d8-ccc0fce5767d</versionId>
        </configOption>
        <configOption name="removeDocument">
            <lastModified isNull="true" />
            <lastModifiedBy isNull="true" />
            <coachViewConfigOptionId>66.fc82afb6-2e95-4b36-b8a8-73cbc8c73e7a</coachViewConfigOptionId>
            <coachViewId>64.33c25271-8772-4882-b310-efa40ed58e0b</coachViewId>
            <isList>false</isList>
            <propertyType>SERVICE</propertyType>
            <label>tw.resource.DocumentList.docControl.option.removeDocument.label</label>
            <classId isNull="true" />
            <processId>/1.30f6d4af-445a-42f0-a661-0faf98d0acf1</processId>
            <actionflowId isNull="true" />
            <isAdaptive>false</isAdaptive>
            <seq>14</seq>
            <description>tw.resource.DocumentList.docControl.option.removeDocument.doc</description>
            <groupName isNull="true" />
            <guid>guid:4543b9518a0e4592:-310b67e3:142916482da:-7ffc</guid>
            <versionId>879f77ea-5dd7-457f-9521-35fb44e6b043</versionId>
        </configOption>
        <configOption name="createFolder">
            <lastModified isNull="true" />
            <lastModifiedBy isNull="true" />
            <coachViewConfigOptionId>66.90407832-808c-4fc9-9cc9-58bdb13482f5</coachViewConfigOptionId>
            <coachViewId>64.33c25271-8772-4882-b310-efa40ed58e0b</coachViewId>
            <isList>false</isList>
            <propertyType>SERVICE</propertyType>
            <label>tw.resource.DocumentList.docControl.option.createFolder.label</label>
            <classId isNull="true" />
            <processId>/1.02232697-b934-4197-9a91-bc4f5ac4e2f3</processId>
            <actionflowId isNull="true" />
            <isAdaptive>false</isAdaptive>
            <seq>15</seq>
            <description>tw.resource.DocumentList.docControl.option.createFolder.doc</description>
            <groupName isNull="true" />
            <guid>guid:ef684a57aac69c97:-253d4c22:142a463d90b:-7ffc</guid>
            <versionId>3bbd03da-fc3c-4242-915d-2ed619fa9d42</versionId>
        </configOption>
        <configOption name="getDocument">
            <lastModified isNull="true" />
            <lastModifiedBy isNull="true" />
            <coachViewConfigOptionId>66.5693236f-406a-489d-9d4c-27ad781018d5</coachViewConfigOptionId>
            <coachViewId>64.33c25271-8772-4882-b310-efa40ed58e0b</coachViewId>
            <isList>false</isList>
            <propertyType>SERVICE</propertyType>
            <label>tw.resource.DocumentList.docControl.option.getDocument.label</label>
            <classId isNull="true" />
            <processId>/1.07f58779-01a8-4626-9ea2-c7d413bd2e62</processId>
            <actionflowId isNull="true" />
            <isAdaptive>false</isAdaptive>
            <seq>16</seq>
            <description>tw.resource.DocumentList.docControl.option.getDocument.doc</description>
            <groupName isNull="true" />
            <guid>guid:a106629b3fc64d42:56675048:142dbfc7b49:-7ffe</guid>
            <versionId>a3154d71-bdad-4a03-b1e2-e23fdb8032ea</versionId>
        </configOption>
        <configOption name="deleteFolder">
            <lastModified isNull="true" />
            <lastModifiedBy isNull="true" />
            <coachViewConfigOptionId>66.4f9a4540-7959-42ae-afdf-78ed33e4db0c</coachViewConfigOptionId>
            <coachViewId>64.33c25271-8772-4882-b310-efa40ed58e0b</coachViewId>
            <isList>false</isList>
            <propertyType>SERVICE</propertyType>
            <label>tw.resource.DocumentList.docControl.option.deleteFolder.label</label>
            <classId isNull="true" />
            <processId>/1.f59cd940-86c2-4951-83ba-eccf8b00c6c6</processId>
            <actionflowId isNull="true" />
            <isAdaptive>false</isAdaptive>
            <seq>17</seq>
            <description>tw.resource.DocumentList.docControl.option.deleteFolder.doc</description>
            <groupName isNull="true" />
            <guid>guid:2411e7392661b157:6ee6ce6b:142e0c1bd35:-7ffe</guid>
            <versionId>1108de39-dfba-40bf-9e4d-c4fac801fa80</versionId>
        </configOption>
        <configOption name="checkinDocument">
            <lastModified isNull="true" />
            <lastModifiedBy isNull="true" />
            <coachViewConfigOptionId>66.9ed1754f-0579-46bf-90d1-02ef9ee87ec5</coachViewConfigOptionId>
            <coachViewId>64.33c25271-8772-4882-b310-efa40ed58e0b</coachViewId>
            <isList>false</isList>
            <propertyType>SERVICE</propertyType>
            <label>tw.resource.DocumentList.docControl.option.checkIn.label</label>
            <classId isNull="true" />
            <processId>/1.10aa0395-daf6-4ea8-abf9-6b6090cfb125</processId>
            <actionflowId isNull="true" />
            <isAdaptive>false</isAdaptive>
            <seq>18</seq>
            <description>tw.resource.DocumentList.docControl.option.checkIn.doc</description>
            <groupName isNull="true" />
            <guid>guid:72623eb2fbb55c99:-3af3d93:142e50fb32f:-7ff9</guid>
            <versionId>be6d61dc-bdd3-43fe-8f91-3f9784f7092d</versionId>
        </configOption>
        <configOption name="renameFolder">
            <lastModified isNull="true" />
            <lastModifiedBy isNull="true" />
            <coachViewConfigOptionId>66.150367bb-430b-45f3-954a-e2fd75af672d</coachViewConfigOptionId>
            <coachViewId>64.33c25271-8772-4882-b310-efa40ed58e0b</coachViewId>
            <isList>false</isList>
            <propertyType>SERVICE</propertyType>
            <label>tw.resource.DocumentList.docControl.option.updateFolder.label</label>
            <classId isNull="true" />
            <processId>/1.e017aa05-9adb-4d08-a9f9-9abef44f7ccf</processId>
            <actionflowId isNull="true" />
            <isAdaptive>false</isAdaptive>
            <seq>19</seq>
            <description>tw.resource.DocumentList.docControl.option.updateFolder.doc</description>
            <groupName isNull="true" />
            <guid>guid:caa4bdb1ccc32708:-367be5ab:143b880f43a:-7fe1</guid>
            <versionId>05a783cc-e93b-4186-971b-e1b9cdce22ef</versionId>
        </configOption>
        <configOption name="hideDocumentControl">
            <lastModified isNull="true" />
            <lastModifiedBy isNull="true" />
            <coachViewConfigOptionId>66.6c9835ee-cad8-4eb3-aa64-baadf793a706</coachViewConfigOptionId>
            <coachViewId>64.33c25271-8772-4882-b310-efa40ed58e0b</coachViewId>
            <isList>false</isList>
            <propertyType>OBJECT</propertyType>
            <label>tw.resource.DocumentList.docControl.option.hideDocSection.label</label>
            <classId>f1e96cc6-5fd9-4002-8b04-107d4ddae78a/12.83ff975e-8dbc-42e5-b738-fa8bc08274a2</classId>
            <processId isNull="true" />
            <actionflowId isNull="true" />
            <isAdaptive>false</isAdaptive>
            <seq>20</seq>
            <description>tw.resource.DocumentList.docControl.option.hideDocSection.doc</description>
            <groupName isNull="true" />
            <guid>guid:1928deabc58a8dd1:-2905b31d:1446a93df0e:-7fff</guid>
            <versionId>6c111075-8fbd-46a2-aef6-36f0d8a3763a</versionId>
        </configOption>
        <configOption name="instanceStatus">
            <lastModified isNull="true" />
            <lastModifiedBy isNull="true" />
            <coachViewConfigOptionId>66.652cda7f-814a-4863-a0bb-e00763adc3ef</coachViewConfigOptionId>
            <coachViewId>64.33c25271-8772-4882-b310-efa40ed58e0b</coachViewId>
            <isList>false</isList>
            <propertyType>OBJECT</propertyType>
            <label>tw.resource.DocumentList.docControl.instanceStatus.label</label>
            <classId>f1e96cc6-5fd9-4002-8b04-107d4ddae78a/12.db884a3c-c533-44b7-bb2d-47bec8ad4022</classId>
            <processId isNull="true" />
            <actionflowId isNull="true" />
            <isAdaptive>false</isAdaptive>
            <seq>21</seq>
            <description>tw.resource.DocumentList.docControl.instanceStatus.doc</description>
            <groupName isNull="true" />
            <guid>guid:d1fa1af7100d7711:68e99683:1454ddf386d:-7fff</guid>
            <versionId>f67d5d90-aacf-4716-9ac4-4782b0768184</versionId>
        </configOption>
        <resource>
            <lastModified isNull="true" />
            <lastModifiedBy isNull="true" />
            <coachViewResourceId>67.79167e82-a0dc-47db-80e8-6e8e19e17af5</coachViewResourceId>
            <coachViewId>64.33c25271-8772-4882-b310-efa40ed58e0b</coachViewId>
            <filePath>com/ibm/bpm/dashboards/controls/css/content_management_controls.css</filePath>
            <ieCondition isNull="true" />
            <mediaQuery isNull="true" />
            <scriptLoadStyle isNull="true" />
            <assetUuid>/61.b3c49cbe-d194-4aaa-a7da-e66caa75dadc</assetUuid>
            <seq>9</seq>
            <guid>4c177473-32c1-4862-92e6-59018ad22dae</guid>
            <versionId>8d273b0c-c3f7-456c-827a-d1344864f7b5</versionId>
        </resource>
        <inlineScript name="Inline CSS">
            <lastModified isNull="true" />
            <lastModifiedBy isNull="true" />
            <coachViewInlineScriptId>68.49f40352-db5b-4a45-b4be-f686d44a1efd</coachViewInlineScriptId>
            <coachViewId>64.33c25271-8772-4882-b310-efa40ed58e0b</coachViewId>
            <scriptType>CSS</scriptType>
            <scriptBlock isNull="true" />
            <seq>0</seq>
            <description isNull="true" />
            <guid>393070bf-843c-4ce6-810a-861c4ad616ca</guid>
            <versionId>918cd0ed-e2e5-4dc3-8fa0-ef0bf63ddb44</versionId>
        </inlineScript>
        <inlineScript name="Inline Javascript">
            <lastModified isNull="true" />
            <lastModifiedBy isNull="true" />
            <coachViewInlineScriptId>68.14247247-e5fd-4b55-b66d-8a7614a0eb53</coachViewInlineScriptId>
            <coachViewId>64.33c25271-8772-4882-b310-efa40ed58e0b</coachViewId>
            <scriptType>JS</scriptType>
            <scriptBlock>/*
@dojoConfigUpdateStart
if (dojoConfig.isDebug) {
	dojoConfig.packages.push({
		name: 'com.ibm.bpm.dashboards',
        location: com_ibm_bpm_coach.getManagedAssetUrl('dashboards_artifacts_debug.zip', com_ibm_bpm_coach.assetType_WEB, 'SYSCM') + "/com/ibm/bpm/dashboards"
    });
    
    dojoConfig.packages.push({
        name: 'com.ibm.bpm.coach.controls',
        location: com_ibm_bpm_coach.getManagedAssetUrl('coach_ng_utilities.zip', com_ibm_bpm_coach.assetType_WEB, 'SYSCM') + "/com/ibm/bpm/coach/controls"
    });
} else {
	dojoConfig.packages.push({
		name: 'com.ibm.bpm.dashboards',
       	location: com_ibm_bpm_coach.getManagedAssetUrl('dashboards_artifacts.zip', com_ibm_bpm_coach.assetType_WEB, 'SYSCM') + "/com/ibm/bpm/dashboards"
    });
    
    dojoConfig.packages.push({
		name: 'com_ibm_bpm_dashboards',
		location: com_ibm_bpm_coach.getManagedAssetUrl('dashboards_artifacts.zip', com_ibm_bpm_coach.assetType_WEB, 'SYSCM') + "/com_ibm_bpm_dashboards"
	});
	
	dojoConfig.packages.push({
        name: 'com_ibm_bpm_coach_controls',
        location: com_ibm_bpm_coach.getManagedAssetUrl('coach_ng_utilities.zip', com_ibm_bpm_coach.assetType_WEB, 'SYSCM') + "/com_ibm_bpm_coach_controls"
    });
}
@dojoConfigUpdateEnd
@layerRequiredStart
{
  "debug": ["dijit/dijit_bpm"],
  "nonDebug":["com_ibm_bpm_dashboards/content_management", "dijit/dijit_bpm", "com_ibm_bpm_coach_controls/controls"]
}
@layerRequiredEnd
*/
var docListCtrl;
var subscribe;
this.getBaseTextDir = function() {
var baseTextDir = this.context.options &amp;&amp; this.context.options._metadata.baseTextDirection &amp;&amp; this.context.options._metadata.baseTextDirection.get("value") ? this.context.options._metadata.baseTextDirection.get("value") : coach_utils.BiDi.BASE_TEXT_DIRECTION._default;
var generalPrefTextDir = this.context.bpm.system.baseTextDirection;
if (baseTextDir &amp;&amp; baseTextDir.toLowerCase &amp;&amp; baseTextDir.toLowerCase() === coach_utils.BiDi.BASE_TEXT_DIRECTION._default) {
       baseTextDir = coach_utils.BiDi.GENERAL_PREFERENCE_BASE_TEXT_DIRECTION.getValue(generalPrefTextDir);
    }
    return baseTextDir;
}
function getVisibility(context) {
    var visibility = "DEFAULT";
    if (context.options._metadata.visibility) {
        visibility = context.options._metadata.visibility.get("value");
    }

    if (visibility == "DEFAULT") {
        visibility = context.getInheritedVisibility();
    }
	
	return visibility;
}</scriptBlock>
            <seq>1</seq>
            <description isNull="true" />
            <guid>7a276c66-81c6-4027-a29d-4ee303f89a5a</guid>
            <versionId>76f01cc8-9b20-4ca7-9f52-b3e329af4fd4</versionId>
        </inlineScript>
        <inlineScript name="Header HTML">
            <lastModified isNull="true" />
            <lastModifiedBy isNull="true" />
            <coachViewInlineScriptId>68.034414fd-6418-417d-b1cd-36f5d9cc9d12</coachViewInlineScriptId>
            <coachViewId>64.33c25271-8772-4882-b310-efa40ed58e0b</coachViewId>
            <scriptType>HTML</scriptType>
            <scriptBlock isNull="true" />
            <seq>2</seq>
            <description isNull="true" />
            <guid>ff5cd665-aa4f-4bef-ac99-082b345d7336</guid>
            <versionId>71720706-4006-415f-8aac-70beb5281bc6</versionId>
        </inlineScript>
        <localization>
            <lastModified isNull="true" />
            <lastModifiedBy isNull="true" />
            <coachViewLocalResId>69.405f9023-2645-42f2-9eb8-993c00b025ef</coachViewLocalResId>
            <coachViewId>64.33c25271-8772-4882-b310-efa40ed58e0b</coachViewId>
            <resourceBundleGroupId>/50.05a87f6e-92f1-49f0-9cd4-d66479a5ea46</resourceBundleGroupId>
            <seq>1</seq>
            <guid>guid:3c3c788c4080ab42:-55fc89b6:1426eaa9893:-7ff6</guid>
            <versionId>da37ab82-bc84-4c28-bc3a-a8764eab11f2</versionId>
        </localization>
        <amdDependency>
            <lastModified isNull="true" />
            <lastModifiedBy isNull="true" />
            <coachViewAmdDepId>70.564909a5-b425-4d39-94a5-be7fe18f539c</coachViewAmdDepId>
            <coachViewId>64.33c25271-8772-4882-b310-efa40ed58e0b</coachViewId>
            <moduleId>dojo/request/iframe</moduleId>
            <functionArgument>iframe</functionArgument>
            <seq>0</seq>
            <guid>5e8876e5-5cef-4e0b-b214-b7972cc006d8</guid>
            <versionId>3337002f-9c39-414e-86ae-3069616bc2ef</versionId>
        </amdDependency>
        <amdDependency>
            <lastModified isNull="true" />
            <lastModifiedBy isNull="true" />
            <coachViewAmdDepId>70.d4e87f75-f86d-4df8-b2d5-d4570612ac52</coachViewAmdDepId>
            <coachViewId>64.33c25271-8772-4882-b310-efa40ed58e0b</coachViewId>
            <moduleId>dijit/Dialog</moduleId>
            <functionArgument>Dialog</functionArgument>
            <seq>1</seq>
            <guid>334cb8be-677a-443e-b589-8daa1ad6a4ba</guid>
            <versionId>dcd49520-50fd-41ca-9d5a-bab0ec9d0f37</versionId>
        </amdDependency>
        <amdDependency>
            <lastModified isNull="true" />
            <lastModifiedBy isNull="true" />
            <coachViewAmdDepId>70.fa221dec-3903-42f6-8d27-1bca46f2ea67</coachViewAmdDepId>
            <coachViewId>64.33c25271-8772-4882-b310-efa40ed58e0b</coachViewId>
            <moduleId>dijit/form/ComboBox</moduleId>
            <functionArgument>ComboBox</functionArgument>
            <seq>2</seq>
            <guid>2a91aba3-2dea-4d8e-8b5d-0fef819dab38</guid>
            <versionId>7ad74cca-f40b-44bd-a1f8-a91a3016437e</versionId>
        </amdDependency>
        <amdDependency>
            <lastModified isNull="true" />
            <lastModifiedBy isNull="true" />
            <coachViewAmdDepId>70.9f7e8e31-31c9-4efc-83e1-c335d89fdad8</coachViewAmdDepId>
            <coachViewId>64.33c25271-8772-4882-b310-efa40ed58e0b</coachViewId>
            <moduleId>dijit/form/DateTextBox</moduleId>
            <functionArgument>DateTextBox</functionArgument>
            <seq>3</seq>
            <guid>d77b2307-e101-4631-802f-445a23e53370</guid>
            <versionId>267cbcd4-9399-4f40-8ad6-3de989f09e7c</versionId>
        </amdDependency>
        <amdDependency>
            <lastModified isNull="true" />
            <lastModifiedBy isNull="true" />
            <coachViewAmdDepId>70.18101295-8214-4469-a8fd-14fccd520df3</coachViewAmdDepId>
            <coachViewId>64.33c25271-8772-4882-b310-efa40ed58e0b</coachViewId>
            <moduleId>dojo/_base/lang</moduleId>
            <functionArgument>lang</functionArgument>
            <seq>4</seq>
            <guid>d5441863-11b8-42b6-b73d-b0d6f4472995</guid>
            <versionId>c5a4684d-13b1-46c6-800e-fdb14b3c152a</versionId>
        </amdDependency>
        <amdDependency>
            <lastModified isNull="true" />
            <lastModifiedBy isNull="true" />
            <coachViewAmdDepId>70.f1b903fe-c496-4693-b4a5-c6b0515e7f50</coachViewAmdDepId>
            <coachViewId>64.33c25271-8772-4882-b310-efa40ed58e0b</coachViewId>
            <moduleId>dojo/dom-construct</moduleId>
            <functionArgument>domConstruct</functionArgument>
            <seq>5</seq>
            <guid>d6a410e3-0f78-47eb-b2f5-4edc6327078a</guid>
            <versionId>31382f0b-4542-4e6b-82c2-e48515b2731c</versionId>
        </amdDependency>
        <amdDependency>
            <lastModified isNull="true" />
            <lastModifiedBy isNull="true" />
            <coachViewAmdDepId>70.ef6cd7bf-9bb4-4ddc-9a32-6775daab25cd</coachViewAmdDepId>
            <coachViewId>64.33c25271-8772-4882-b310-efa40ed58e0b</coachViewId>
            <moduleId>dijit/form/Select</moduleId>
            <functionArgument>Select</functionArgument>
            <seq>6</seq>
            <guid>eb84d51e-285c-487c-b5bb-e4b3a2cb833d</guid>
            <versionId>bdc5f136-ce1d-4cde-befb-62d21f94a1bd</versionId>
        </amdDependency>
        <amdDependency>
            <lastModified isNull="true" />
            <lastModifiedBy isNull="true" />
            <coachViewAmdDepId>70.f8ebeb58-0965-417c-b963-21cbf0b6af15</coachViewAmdDepId>
            <coachViewId>64.33c25271-8772-4882-b310-efa40ed58e0b</coachViewId>
            <moduleId>dijit/form/FilteringSelect</moduleId>
            <functionArgument>FilteringSelect</functionArgument>
            <seq>7</seq>
            <guid>3fee21db-9029-4022-bf45-14fe0e54f4e7</guid>
            <versionId>caa029a4-c08b-4da3-bc14-b09701d57781</versionId>
        </amdDependency>
        <amdDependency>
            <lastModified isNull="true" />
            <lastModifiedBy isNull="true" />
            <coachViewAmdDepId>70.55fd85e2-7d0b-4ce5-9540-358342a0d213</coachViewAmdDepId>
            <coachViewId>64.33c25271-8772-4882-b310-efa40ed58e0b</coachViewId>
            <moduleId>dijit/form/DropDownButton</moduleId>
            <functionArgument>DropDownButton</functionArgument>
            <seq>8</seq>
            <guid>01cc7b2f-19f2-4cfa-875b-3075cea89eb0</guid>
            <versionId>16b57a6c-77b5-485f-bde7-f2f80a269cef</versionId>
        </amdDependency>
        <amdDependency>
            <lastModified isNull="true" />
            <lastModifiedBy isNull="true" />
            <coachViewAmdDepId>70.b952b269-1ee4-459d-a1e4-4591d8689b7c</coachViewAmdDepId>
            <coachViewId>64.33c25271-8772-4882-b310-efa40ed58e0b</coachViewId>
            <moduleId>dijit/DropDownMenu</moduleId>
            <functionArgument>DropDownMenu</functionArgument>
            <seq>9</seq>
            <guid>1ea48d89-5ea8-40ad-b4b0-31b875e5363c</guid>
            <versionId>25f76b77-8688-4bad-b520-2d3a61fc050b</versionId>
        </amdDependency>
        <amdDependency>
            <lastModified isNull="true" />
            <lastModifiedBy isNull="true" />
            <coachViewAmdDepId>70.613ec618-650f-431b-88c2-9cc56ec4ea11</coachViewAmdDepId>
            <coachViewId>64.33c25271-8772-4882-b310-efa40ed58e0b</coachViewId>
            <moduleId>dijit/MenuItem</moduleId>
            <functionArgument>MenuItem</functionArgument>
            <seq>10</seq>
            <guid>0d474dd6-0ddf-439d-99c8-b044cf015ab7</guid>
            <versionId>f49a2c14-267a-4110-b231-0760fb6ec13d</versionId>
        </amdDependency>
        <amdDependency>
            <lastModified isNull="true" />
            <lastModifiedBy isNull="true" />
            <coachViewAmdDepId>70.bc74898c-ee03-4beb-b7c5-a80d6e393928</coachViewAmdDepId>
            <coachViewId>64.33c25271-8772-4882-b310-efa40ed58e0b</coachViewId>
            <moduleId>com.ibm.bpm.dashboards/controls/documentlist/caseDocumentList</moduleId>
            <functionArgument>docList</functionArgument>
            <seq>11</seq>
            <guid>a9be9379-5469-4ab3-ad3c-cddb5f312c21</guid>
            <versionId>9ef984cb-8f56-45d4-bff6-e7d5aeb122c0</versionId>
        </amdDependency>
        <amdDependency>
            <lastModified isNull="true" />
            <lastModifiedBy isNull="true" />
            <coachViewAmdDepId>70.0eb1fc7a-a956-4905-9831-b20dcde2be69</coachViewAmdDepId>
            <coachViewId>64.33c25271-8772-4882-b310-efa40ed58e0b</coachViewId>
            <moduleId>dijit/form/CheckBox</moduleId>
            <functionArgument>CheckBox</functionArgument>
            <seq>12</seq>
            <guid>a6d8e81a-596a-4860-9cc6-c3314b302189</guid>
            <versionId>8b53b076-048b-4d38-a3c9-b55274d7ebb5</versionId>
        </amdDependency>
        <amdDependency>
            <lastModified isNull="true" />
            <lastModifiedBy isNull="true" />
            <coachViewAmdDepId>70.bf66daec-ea5a-4d09-bc56-550a50d245f9</coachViewAmdDepId>
            <coachViewId>64.33c25271-8772-4882-b310-efa40ed58e0b</coachViewId>
            <moduleId>com.ibm.bpm.dashboards/utils/Utilities</moduleId>
            <functionArgument>dutils</functionArgument>
            <seq>13</seq>
            <guid>1c747a79-3b33-49ef-afd3-8a6e5bb34a43</guid>
            <versionId>2333ea10-7cd5-4538-8294-cb391e7d0126</versionId>
        </amdDependency>
        <amdDependency>
            <lastModified isNull="true" />
            <lastModifiedBy isNull="true" />
            <coachViewAmdDepId>70.bce4e7e7-1786-4eab-9846-d1c90786a8c0</coachViewAmdDepId>
            <coachViewId>64.33c25271-8772-4882-b310-efa40ed58e0b</coachViewId>
            <moduleId>com.ibm.bpm.coach.controls/utilities</moduleId>
            <functionArgument>coach_utils</functionArgument>
            <seq>14</seq>
            <guid>b2320aed-fa90-4912-b0fd-4fc8d34311eb</guid>
            <versionId>b4e8e685-95c4-4ffb-95f3-eac408c6fc87</versionId>
        </amdDependency>
        <amdDependency>
            <lastModified isNull="true" />
            <lastModifiedBy isNull="true" />
            <coachViewAmdDepId>70.5c96c1ce-91a2-4e0a-9586-72f4f9384466</coachViewAmdDepId>
            <coachViewId>64.33c25271-8772-4882-b310-efa40ed58e0b</coachViewId>
            <moduleId>com.ibm.bpm.dashboards/controls/section/CollapsibleSectionWithActions</moduleId>
            <functionArgument>CollapsibleSection</functionArgument>
            <seq>15</seq>
            <guid>723d26c0-789c-4a87-af8a-631cb3574cc2</guid>
            <versionId>4e322d92-8835-4482-b02d-bceb3ac9c06a</versionId>
        </amdDependency>
        <amdDependency>
            <lastModified isNull="true" />
            <lastModifiedBy isNull="true" />
            <coachViewAmdDepId>70.c76fa29e-55a7-4cbe-8b3a-73bc8188131c</coachViewAmdDepId>
            <coachViewId>64.33c25271-8772-4882-b310-efa40ed58e0b</coachViewId>
            <moduleId>dijit/registry</moduleId>
            <functionArgument>dijitRegistry</functionArgument>
            <seq>16</seq>
            <guid>e92347c8-1a8e-4414-9f28-a0f52efc250e</guid>
            <versionId>0a3dd6a6-3d4d-40ca-93e0-508e3af9912d</versionId>
        </amdDependency>
        <amdDependency>
            <lastModified isNull="true" />
            <lastModifiedBy isNull="true" />
            <coachViewAmdDepId>70.1dc41c28-7977-4ea7-a0ae-60078ad441ef</coachViewAmdDepId>
            <coachViewId>64.33c25271-8772-4882-b310-efa40ed58e0b</coachViewId>
            <moduleId>dojo/dom</moduleId>
            <functionArgument>dom</functionArgument>
            <seq>17</seq>
            <guid>301e6dd6-2df4-4539-9b76-c20b27e92059</guid>
            <versionId>416d71ae-c743-47db-a6d7-8176edd63157</versionId>
        </amdDependency>
        <amdDependency>
            <lastModified isNull="true" />
            <lastModifiedBy isNull="true" />
            <coachViewAmdDepId>70.8b6297a7-df9b-4af7-a09e-21ae256b39ab</coachViewAmdDepId>
            <coachViewId>64.33c25271-8772-4882-b310-efa40ed58e0b</coachViewId>
            <moduleId>dojo/_base/connect</moduleId>
            <functionArgument>connect</functionArgument>
            <seq>18</seq>
            <guid>050a012a-b34c-4746-9b3f-229e131536fa</guid>
            <versionId>6d620860-e76d-4824-86d8-f8e52145fce5</versionId>
        </amdDependency>
    </coachView>
</teamworks>

