<?xml version="1.0" encoding="UTF-8"?>
<teamworks>
    <coachView id="64.5960bf6f-8641-4ae0-96d1-4dde7810291f" name="ECM File Properties">
        <lastModified>1506546367290</lastModified>
        <lastModifiedBy>tw_admin</lastModifiedBy>
        <coachViewId>64.5960bf6f-8641-4ae0-96d1-4dde7810291f</coachViewId>
        <isTemplate>false</isTemplate>
        <layout>&lt;?xml version="1.0" encoding="UTF-8" standalone="yes"?&gt;&lt;ns2:layout xmlns:ns2="http://www.ibm.com/bpm/CoachDesignerNG" xmlns:ns3="http://www.ibm.com/bpm/coachview"&gt;&lt;ns2:layoutItem xsi:type="ns2:CustomHTML" xmlns:xsi="http://www.w3.org/2001/XMLSchema-instance"&gt;&lt;ns2:id&gt;3c2dc090-2e95-47c2-9877-ba4e6926dd46&lt;/ns2:id&gt;&lt;ns2:layoutItemId&gt;CustomHTML1&lt;/ns2:layoutItemId&gt;&lt;ns2:configData&gt;&lt;ns2:id&gt;d0b5760d-9ca9-4e7d-a234-207b238260a5&lt;/ns2:id&gt;&lt;ns2:optionName&gt;@customHTML.textContent&lt;/ns2:optionName&gt;&lt;ns2:value&gt;&amp;lt;div class="ECMPropertiesPanel"&amp;gt;
&amp;lt;div class="SvcHolder big-primary"&amp;gt;&lt;/ns2:value&gt;&lt;/ns2:configData&gt;&lt;ns2:configData&gt;&lt;ns2:id&gt;cc648a03-8851-4ed0-9625-d06329d09fef&lt;/ns2:id&gt;&lt;ns2:optionName&gt;@customHTML.contentType&lt;/ns2:optionName&gt;&lt;ns2:value&gt;TEXT&lt;/ns2:value&gt;&lt;/ns2:configData&gt;&lt;ns2:configData&gt;&lt;ns2:id&gt;17f31562-30c2-4cb7-934b-b13d11d2e346&lt;/ns2:id&gt;&lt;ns2:optionName&gt;@customHTML.variableContent&lt;/ns2:optionName&gt;&lt;/ns2:configData&gt;&lt;ns2:configData&gt;&lt;ns2:id&gt;b7096b2a-52c0-4d29-be7c-81e4678503fb&lt;/ns2:id&gt;&lt;ns2:optionName&gt;@customHTML.assetContent&lt;/ns2:optionName&gt;&lt;/ns2:configData&gt;&lt;/ns2:layoutItem&gt;&lt;ns2:layoutItem xsi:type="ns2:ViewRef" version="8560" xmlns:xsi="http://www.w3.org/2001/XMLSchema-instance"&gt;&lt;ns2:id&gt;e9271275-8711-4d99-8604-f464c180cda9&lt;/ns2:id&gt;&lt;ns2:layoutItemId&gt;GetDocTypeProperties&lt;/ns2:layoutItemId&gt;&lt;ns2:configData&gt;&lt;ns2:id&gt;119764ad-4c81-4251-90b1-dd80b002000e&lt;/ns2:id&gt;&lt;ns2:optionName&gt;@label&lt;/ns2:optionName&gt;&lt;ns2:value&gt;Get Document Type Properties&lt;/ns2:value&gt;&lt;/ns2:configData&gt;&lt;ns2:configData&gt;&lt;ns2:id&gt;468249bb-efb3-4f8a-8c02-d7720c1ac867&lt;/ns2:id&gt;&lt;ns2:optionName&gt;@helpText&lt;/ns2:optionName&gt;&lt;ns2:value&gt;&lt;/ns2:value&gt;&lt;ns2:valueType&gt;static&lt;/ns2:valueType&gt;&lt;/ns2:configData&gt;&lt;ns2:configData&gt;&lt;ns2:id&gt;c92ce8cb-a0f7-4f91-a68e-6ce879ce3c4d&lt;/ns2:id&gt;&lt;ns2:optionName&gt;@visibility&lt;/ns2:optionName&gt;&lt;ns2:value&gt;DEFAULT&lt;/ns2:value&gt;&lt;ns2:valueType&gt;static&lt;/ns2:valueType&gt;&lt;/ns2:configData&gt;&lt;ns2:configData&gt;&lt;ns2:id&gt;bb9d739f-4ce8-4ec0-8422-761b3d5374e9&lt;/ns2:id&gt;&lt;ns2:optionName&gt;@labelVisibility&lt;/ns2:optionName&gt;&lt;ns2:value&gt;SHOW&lt;/ns2:value&gt;&lt;ns2:valueType&gt;static&lt;/ns2:valueType&gt;&lt;/ns2:configData&gt;&lt;ns2:configData&gt;&lt;ns2:id&gt;0e517f6b-0813-42f5-9669-b40072dd4d16&lt;/ns2:id&gt;&lt;ns2:optionName&gt;@baseTextDirection&lt;/ns2:optionName&gt;&lt;ns2:value&gt;DEFAULT&lt;/ns2:value&gt;&lt;ns2:valueType&gt;static&lt;/ns2:valueType&gt;&lt;/ns2:configData&gt;&lt;ns2:configData&gt;&lt;ns2:id&gt;269d953a-04f4-46f2-bf00-bf670c24fbc2&lt;/ns2:id&gt;&lt;ns2:optionName&gt;attachedService&lt;/ns2:optionName&gt;&lt;ns2:value&gt;1.5941f80f-ce2c-4454-b557-3ab7d264f2ee&lt;/ns2:value&gt;&lt;ns2:valueType&gt;static&lt;/ns2:valueType&gt;&lt;/ns2:configData&gt;&lt;ns2:configData&gt;&lt;ns2:id&gt;b7456fdf-46a5-4b39-9ebe-f96232aaf4f9&lt;/ns2:id&gt;&lt;ns2:optionName&gt;inputData&lt;/ns2:optionName&gt;&lt;ns2:valueType&gt;dynamic&lt;/ns2:valueType&gt;&lt;/ns2:configData&gt;&lt;ns2:configData&gt;&lt;ns2:id&gt;2e447b04-edc0-4c72-bac5-8a7f62e1e920&lt;/ns2:id&gt;&lt;ns2:optionName&gt;autoRun&lt;/ns2:optionName&gt;&lt;ns2:value&gt;false&lt;/ns2:value&gt;&lt;ns2:valueType&gt;static&lt;/ns2:valueType&gt;&lt;/ns2:configData&gt;&lt;ns2:configData&gt;&lt;ns2:id&gt;d003723f-84a0-4e88-a97c-df1f94131113&lt;/ns2:id&gt;&lt;ns2:optionName&gt;busyIndicator&lt;/ns2:optionName&gt;&lt;ns2:value&gt;R&lt;/ns2:value&gt;&lt;ns2:valueType&gt;static&lt;/ns2:valueType&gt;&lt;/ns2:configData&gt;&lt;ns2:configData&gt;&lt;ns2:id&gt;40624dda-7f9b-40af-b6c4-341d2e9f9e73&lt;/ns2:id&gt;&lt;ns2:optionName&gt;eventON_LOAD&lt;/ns2:optionName&gt;&lt;ns2:valueType&gt;static&lt;/ns2:valueType&gt;&lt;/ns2:configData&gt;&lt;ns2:configData&gt;&lt;ns2:id&gt;606f0e6e-403f-4097-a593-94deede2c956&lt;/ns2:id&gt;&lt;ns2:optionName&gt;eventON_SVCINVOKE&lt;/ns2:optionName&gt;&lt;ns2:valueType&gt;static&lt;/ns2:valueType&gt;&lt;/ns2:configData&gt;&lt;ns2:configData&gt;&lt;ns2:id&gt;38985032-6c32-4056-bb5b-424bb5ce870d&lt;/ns2:id&gt;&lt;ns2:optionName&gt;eventON_SVCRESULT&lt;/ns2:optionName&gt;&lt;ns2:value&gt;view._proto._renderDocTypeProperties(view)&lt;/ns2:value&gt;&lt;ns2:valueType&gt;static&lt;/ns2:valueType&gt;&lt;/ns2:configData&gt;&lt;ns2:configData&gt;&lt;ns2:id&gt;16138612-80ad-420f-93b3-414b4f0c0879&lt;/ns2:id&gt;&lt;ns2:optionName&gt;eventON_SVCERROR&lt;/ns2:optionName&gt;&lt;ns2:valueType&gt;static&lt;/ns2:valueType&gt;&lt;/ns2:configData&gt;&lt;ns2:configData&gt;&lt;ns2:id&gt;ceb05bf8-7648-4e80-9fa2-aa8bbf071bcb&lt;/ns2:id&gt;&lt;ns2:optionName&gt;@htmlOverrides&lt;/ns2:optionName&gt;&lt;/ns2:configData&gt;&lt;ns2:configData&gt;&lt;ns2:id&gt;b71d8084-371c-42f8-9ced-75080bb4a8c7&lt;/ns2:id&gt;&lt;ns2:optionName&gt;@className&lt;/ns2:optionName&gt;&lt;ns2:value&gt;FilePropSvc&lt;/ns2:value&gt;&lt;/ns2:configData&gt;&lt;ns2:viewUUID&gt;64.1feaead9-b1d2-4a7e-80a3-22156e6fe8f9&lt;/ns2:viewUUID&gt;&lt;/ns2:layoutItem&gt;&lt;ns2:layoutItem xsi:type="ns2:ViewRef" version="8560" xmlns:xsi="http://www.w3.org/2001/XMLSchema-instance"&gt;&lt;ns2:id&gt;1389a8b0-6336-4e5b-a7a5-fb5c60fc4394&lt;/ns2:id&gt;&lt;ns2:layoutItemId&gt;GetSetPropertiesServiceCall&lt;/ns2:layoutItemId&gt;&lt;ns2:configData&gt;&lt;ns2:id&gt;573b6a1f-7d83-4afc-8305-a556ee737bd8&lt;/ns2:id&gt;&lt;ns2:optionName&gt;@label&lt;/ns2:optionName&gt;&lt;ns2:value&gt;Get Document Property Values&lt;/ns2:value&gt;&lt;/ns2:configData&gt;&lt;ns2:configData&gt;&lt;ns2:id&gt;0ec1d5d3-65d4-4512-a667-f7d09d852574&lt;/ns2:id&gt;&lt;ns2:optionName&gt;@helpText&lt;/ns2:optionName&gt;&lt;ns2:value&gt;&lt;/ns2:value&gt;&lt;ns2:valueType&gt;static&lt;/ns2:valueType&gt;&lt;/ns2:configData&gt;&lt;ns2:configData&gt;&lt;ns2:id&gt;9434caed-0560-42bd-a5f9-7620ee98cf63&lt;/ns2:id&gt;&lt;ns2:optionName&gt;@visibility&lt;/ns2:optionName&gt;&lt;ns2:value&gt;DEFAULT&lt;/ns2:value&gt;&lt;ns2:valueType&gt;static&lt;/ns2:valueType&gt;&lt;/ns2:configData&gt;&lt;ns2:configData&gt;&lt;ns2:id&gt;1cee638a-2270-4ea4-8952-0d244e22a649&lt;/ns2:id&gt;&lt;ns2:optionName&gt;@labelVisibility&lt;/ns2:optionName&gt;&lt;ns2:value&gt;SHOW&lt;/ns2:value&gt;&lt;ns2:valueType&gt;static&lt;/ns2:valueType&gt;&lt;/ns2:configData&gt;&lt;ns2:configData&gt;&lt;ns2:id&gt;163e1d11-1181-42ef-af88-08286575c725&lt;/ns2:id&gt;&lt;ns2:optionName&gt;@baseTextDirection&lt;/ns2:optionName&gt;&lt;ns2:value&gt;DEFAULT&lt;/ns2:value&gt;&lt;ns2:valueType&gt;static&lt;/ns2:valueType&gt;&lt;/ns2:configData&gt;&lt;ns2:configData&gt;&lt;ns2:id&gt;683aa5e6-c3da-4bd2-8f4f-0b509e0e32e2&lt;/ns2:id&gt;&lt;ns2:optionName&gt;attachedService&lt;/ns2:optionName&gt;&lt;ns2:value&gt;1.868d536b-923e-4048-b5f3-2a465b087af0&lt;/ns2:value&gt;&lt;ns2:valueType&gt;static&lt;/ns2:valueType&gt;&lt;/ns2:configData&gt;&lt;ns2:configData&gt;&lt;ns2:id&gt;fe35e23c-3b23-4ae4-8183-805398b3fd94&lt;/ns2:id&gt;&lt;ns2:optionName&gt;inputData&lt;/ns2:optionName&gt;&lt;ns2:valueType&gt;dynamic&lt;/ns2:valueType&gt;&lt;/ns2:configData&gt;&lt;ns2:configData&gt;&lt;ns2:id&gt;6710f8bc-875a-4d3b-83ec-de5917f1c030&lt;/ns2:id&gt;&lt;ns2:optionName&gt;autoRun&lt;/ns2:optionName&gt;&lt;ns2:value&gt;false&lt;/ns2:value&gt;&lt;ns2:valueType&gt;static&lt;/ns2:valueType&gt;&lt;/ns2:configData&gt;&lt;ns2:configData&gt;&lt;ns2:id&gt;df849b71-2b41-47ba-990e-9971c5d9de40&lt;/ns2:id&gt;&lt;ns2:optionName&gt;busyIndicator&lt;/ns2:optionName&gt;&lt;ns2:value&gt;R&lt;/ns2:value&gt;&lt;ns2:valueType&gt;static&lt;/ns2:valueType&gt;&lt;/ns2:configData&gt;&lt;ns2:configData&gt;&lt;ns2:id&gt;a2ee9711-cc61-43da-81cf-97e89f3c0953&lt;/ns2:id&gt;&lt;ns2:optionName&gt;eventON_LOAD&lt;/ns2:optionName&gt;&lt;ns2:valueType&gt;static&lt;/ns2:valueType&gt;&lt;/ns2:configData&gt;&lt;ns2:configData&gt;&lt;ns2:id&gt;7fdcc806-418d-4259-b361-1c7d0f78e301&lt;/ns2:id&gt;&lt;ns2:optionName&gt;eventON_SVCINVOKE&lt;/ns2:optionName&gt;&lt;ns2:valueType&gt;static&lt;/ns2:valueType&gt;&lt;/ns2:configData&gt;&lt;ns2:configData&gt;&lt;ns2:id&gt;36f9b580-cc79-4b7e-8782-e084f7de7488&lt;/ns2:id&gt;&lt;ns2:optionName&gt;eventON_SVCRESULT&lt;/ns2:optionName&gt;&lt;ns2:value&gt;view._proto._populateDocTypePropertiesValues(view)&lt;/ns2:value&gt;&lt;ns2:valueType&gt;static&lt;/ns2:valueType&gt;&lt;/ns2:configData&gt;&lt;ns2:configData&gt;&lt;ns2:id&gt;6951744d-767d-4dfd-89ea-39b6001a899e&lt;/ns2:id&gt;&lt;ns2:optionName&gt;eventON_SVCERROR&lt;/ns2:optionName&gt;&lt;ns2:value&gt;view._proto._onErrorPopulateDocTypePropertiesValues(view)&lt;/ns2:value&gt;&lt;ns2:valueType&gt;static&lt;/ns2:valueType&gt;&lt;/ns2:configData&gt;&lt;ns2:configData&gt;&lt;ns2:id&gt;c5ff03a2-dfaf-4888-8ff5-34c315b39e8c&lt;/ns2:id&gt;&lt;ns2:optionName&gt;@htmlOverrides&lt;/ns2:optionName&gt;&lt;/ns2:configData&gt;&lt;ns2:configData&gt;&lt;ns2:id&gt;5af86acb-2397-4d03-9bcc-44cb29b45d9d&lt;/ns2:id&gt;&lt;ns2:optionName&gt;@className&lt;/ns2:optionName&gt;&lt;ns2:value&gt;FilePropSvc&lt;/ns2:value&gt;&lt;/ns2:configData&gt;&lt;ns2:viewUUID&gt;64.1feaead9-b1d2-4a7e-80a3-22156e6fe8f9&lt;/ns2:viewUUID&gt;&lt;/ns2:layoutItem&gt;&lt;ns2:layoutItem xsi:type="ns2:ViewRef" version="8560" xmlns:xsi="http://www.w3.org/2001/XMLSchema-instance"&gt;&lt;ns2:id&gt;55f66e55-03e4-413a-b51e-14eb714e21b7&lt;/ns2:id&gt;&lt;ns2:layoutItemId&gt;GetDocTypesServiceCall&lt;/ns2:layoutItemId&gt;&lt;ns2:configData&gt;&lt;ns2:id&gt;73a6eb59-f144-440d-9f53-ced5487b3f41&lt;/ns2:id&gt;&lt;ns2:optionName&gt;@label&lt;/ns2:optionName&gt;&lt;ns2:value&gt;Get Document Types&lt;/ns2:value&gt;&lt;/ns2:configData&gt;&lt;ns2:configData&gt;&lt;ns2:id&gt;b509f5a3-04ef-4243-8db1-f23976cde009&lt;/ns2:id&gt;&lt;ns2:optionName&gt;@helpText&lt;/ns2:optionName&gt;&lt;ns2:value&gt;&lt;/ns2:value&gt;&lt;ns2:valueType&gt;static&lt;/ns2:valueType&gt;&lt;/ns2:configData&gt;&lt;ns2:configData&gt;&lt;ns2:id&gt;0cdac55e-9df7-48f1-9fbb-f0f5b6124ba0&lt;/ns2:id&gt;&lt;ns2:optionName&gt;@visibility&lt;/ns2:optionName&gt;&lt;ns2:value&gt;DEFAULT&lt;/ns2:value&gt;&lt;ns2:valueType&gt;static&lt;/ns2:valueType&gt;&lt;/ns2:configData&gt;&lt;ns2:configData&gt;&lt;ns2:id&gt;d3e954e7-c789-4502-af34-9513d798ab5c&lt;/ns2:id&gt;&lt;ns2:optionName&gt;@labelVisibility&lt;/ns2:optionName&gt;&lt;ns2:value&gt;SHOW&lt;/ns2:value&gt;&lt;ns2:valueType&gt;static&lt;/ns2:valueType&gt;&lt;/ns2:configData&gt;&lt;ns2:configData&gt;&lt;ns2:id&gt;6f796b77-f8ea-4dec-ae02-47a93730b743&lt;/ns2:id&gt;&lt;ns2:optionName&gt;@baseTextDirection&lt;/ns2:optionName&gt;&lt;ns2:value&gt;DEFAULT&lt;/ns2:value&gt;&lt;ns2:valueType&gt;static&lt;/ns2:valueType&gt;&lt;/ns2:configData&gt;&lt;ns2:configData&gt;&lt;ns2:id&gt;49c27ff2-fa21-487c-8fa6-7a4c718ccda9&lt;/ns2:id&gt;&lt;ns2:optionName&gt;attachedService&lt;/ns2:optionName&gt;&lt;ns2:value&gt;1.f0244f85-e132-400d-9f73-fa4967ff170d&lt;/ns2:value&gt;&lt;ns2:valueType&gt;static&lt;/ns2:valueType&gt;&lt;/ns2:configData&gt;&lt;ns2:configData&gt;&lt;ns2:id&gt;47e35adf-3e10-483a-98fa-83be9409cdb2&lt;/ns2:id&gt;&lt;ns2:optionName&gt;inputData&lt;/ns2:optionName&gt;&lt;ns2:valueType&gt;dynamic&lt;/ns2:valueType&gt;&lt;/ns2:configData&gt;&lt;ns2:configData&gt;&lt;ns2:id&gt;fa9d81ed-791f-4aed-8c21-1aea58ed58bb&lt;/ns2:id&gt;&lt;ns2:optionName&gt;autoRun&lt;/ns2:optionName&gt;&lt;ns2:value&gt;false&lt;/ns2:value&gt;&lt;ns2:valueType&gt;static&lt;/ns2:valueType&gt;&lt;/ns2:configData&gt;&lt;ns2:configData&gt;&lt;ns2:id&gt;63eb2444-483a-40da-8e89-76bae62e4fd0&lt;/ns2:id&gt;&lt;ns2:optionName&gt;busyIndicator&lt;/ns2:optionName&gt;&lt;ns2:value&gt;R&lt;/ns2:value&gt;&lt;ns2:valueType&gt;static&lt;/ns2:valueType&gt;&lt;/ns2:configData&gt;&lt;ns2:configData&gt;&lt;ns2:id&gt;569fad44-d0c6-4962-87bf-df70173f2e2d&lt;/ns2:id&gt;&lt;ns2:optionName&gt;eventON_LOAD&lt;/ns2:optionName&gt;&lt;ns2:valueType&gt;static&lt;/ns2:valueType&gt;&lt;/ns2:configData&gt;&lt;ns2:configData&gt;&lt;ns2:id&gt;d504668c-abc8-48cf-aef5-91875c0c9bce&lt;/ns2:id&gt;&lt;ns2:optionName&gt;eventON_SVCINVOKE&lt;/ns2:optionName&gt;&lt;ns2:valueType&gt;static&lt;/ns2:valueType&gt;&lt;/ns2:configData&gt;&lt;ns2:configData&gt;&lt;ns2:id&gt;01944dcb-5955-44c5-ab68-f1d2855255d5&lt;/ns2:id&gt;&lt;ns2:optionName&gt;eventON_SVCRESULT&lt;/ns2:optionName&gt;&lt;ns2:value&gt;view._proto._populateDocTypes(view, me.getResult())&lt;/ns2:value&gt;&lt;ns2:valueType&gt;static&lt;/ns2:valueType&gt;&lt;/ns2:configData&gt;&lt;ns2:configData&gt;&lt;ns2:id&gt;02f97bab-5a40-4501-b819-ade2171d8362&lt;/ns2:id&gt;&lt;ns2:optionName&gt;eventON_SVCERROR&lt;/ns2:optionName&gt;&lt;ns2:value&gt;view._proto._onErrorPopulateDocTypes(view)&lt;/ns2:value&gt;&lt;ns2:valueType&gt;static&lt;/ns2:valueType&gt;&lt;/ns2:configData&gt;&lt;ns2:configData&gt;&lt;ns2:id&gt;0100bf9d-9e49-49f0-b93a-5e30d0ff8dfe&lt;/ns2:id&gt;&lt;ns2:optionName&gt;@htmlOverrides&lt;/ns2:optionName&gt;&lt;/ns2:configData&gt;&lt;ns2:configData&gt;&lt;ns2:id&gt;91d9f226-0b49-44a9-bb6f-e9e7ec85b38c&lt;/ns2:id&gt;&lt;ns2:optionName&gt;@className&lt;/ns2:optionName&gt;&lt;ns2:value&gt;FilePropSvc&lt;/ns2:value&gt;&lt;/ns2:configData&gt;&lt;ns2:viewUUID&gt;64.1feaead9-b1d2-4a7e-80a3-22156e6fe8f9&lt;/ns2:viewUUID&gt;&lt;/ns2:layoutItem&gt;&lt;ns2:layoutItem xsi:type="ns2:ViewRef" version="8560" xmlns:xsi="http://www.w3.org/2001/XMLSchema-instance"&gt;&lt;ns2:id&gt;2e2b06d1-2ae9-46cf-b3c2-ce9d619225c4&lt;/ns2:id&gt;&lt;ns2:layoutItemId&gt;DocumentTypeSelect&lt;/ns2:layoutItemId&gt;&lt;ns2:configData&gt;&lt;ns2:id&gt;15b2b8cc-b97e-460e-b29f-688cb96b74b8&lt;/ns2:id&gt;&lt;ns2:optionName&gt;@label&lt;/ns2:optionName&gt;&lt;ns2:value&gt;Document Type&lt;/ns2:value&gt;&lt;/ns2:configData&gt;&lt;ns2:configData&gt;&lt;ns2:id&gt;ce57f097-dbeb-4e1c-81a0-3e700cc26d9e&lt;/ns2:id&gt;&lt;ns2:optionName&gt;@helpText&lt;/ns2:optionName&gt;&lt;ns2:value&gt;&lt;/ns2:value&gt;&lt;ns2:valueType&gt;static&lt;/ns2:valueType&gt;&lt;/ns2:configData&gt;&lt;ns2:configData&gt;&lt;ns2:id&gt;4e8c5eb2-6505-4524-9124-9269dfe63c6f&lt;/ns2:id&gt;&lt;ns2:optionName&gt;@visibility&lt;/ns2:optionName&gt;&lt;ns2:value&gt;DEFAULT&lt;/ns2:value&gt;&lt;ns2:valueType&gt;static&lt;/ns2:valueType&gt;&lt;/ns2:configData&gt;&lt;ns2:configData&gt;&lt;ns2:id&gt;22d679e7-9bf7-49aa-a6e5-141a255eeba9&lt;/ns2:id&gt;&lt;ns2:optionName&gt;@labelVisibility&lt;/ns2:optionName&gt;&lt;ns2:value&gt;SHOW&lt;/ns2:value&gt;&lt;ns2:valueType&gt;static&lt;/ns2:valueType&gt;&lt;/ns2:configData&gt;&lt;ns2:configData&gt;&lt;ns2:id&gt;b80a1d5a-8152-4ba5-a555-326666322677&lt;/ns2:id&gt;&lt;ns2:optionName&gt;@baseTextDirection&lt;/ns2:optionName&gt;&lt;ns2:value&gt;DEFAULT&lt;/ns2:value&gt;&lt;ns2:valueType&gt;static&lt;/ns2:valueType&gt;&lt;/ns2:configData&gt;&lt;ns2:configData&gt;&lt;ns2:id&gt;e89f0b42-8c5a-4ae4-8514-c12166041d57&lt;/ns2:id&gt;&lt;ns2:optionName&gt;tabIndex&lt;/ns2:optionName&gt;&lt;ns2:valueType&gt;static&lt;/ns2:valueType&gt;&lt;/ns2:configData&gt;&lt;ns2:configData&gt;&lt;ns2:id&gt;49cce65c-bc0e-49d5-b9f1-d1ecf744ab31&lt;/ns2:id&gt;&lt;ns2:optionName&gt;placeHolder&lt;/ns2:optionName&gt;&lt;ns2:value&gt;Select Document Type&lt;/ns2:value&gt;&lt;ns2:valueType&gt;static&lt;/ns2:valueType&gt;&lt;/ns2:configData&gt;&lt;ns2:configData&gt;&lt;ns2:id&gt;3faa0785-bdda-405d-b8b8-13b1b8d3967e&lt;/ns2:id&gt;&lt;ns2:optionName&gt;itemLookupMode&lt;/ns2:optionName&gt;&lt;ns2:value&gt;E&lt;/ns2:value&gt;&lt;ns2:valueType&gt;static&lt;/ns2:valueType&gt;&lt;/ns2:configData&gt;&lt;ns2:configData&gt;&lt;ns2:id&gt;df8dfaf1-3f85-4e61-9242-63206c9285b9&lt;/ns2:id&gt;&lt;ns2:optionName&gt;itemService&lt;/ns2:optionName&gt;&lt;ns2:valueType&gt;static&lt;/ns2:valueType&gt;&lt;/ns2:configData&gt;&lt;ns2:configData&gt;&lt;ns2:id&gt;5dc7173c-f009-4ebc-82e2-452703801c80&lt;/ns2:id&gt;&lt;ns2:optionName&gt;inputData&lt;/ns2:optionName&gt;&lt;ns2:valueType&gt;dynamic&lt;/ns2:valueType&gt;&lt;/ns2:configData&gt;&lt;ns2:configData&gt;&lt;ns2:id&gt;2c7485ed-eb5c-4edb-bc72-fa13e92d708d&lt;/ns2:id&gt;&lt;ns2:optionName&gt;itemList&lt;/ns2:optionName&gt;&lt;ns2:valueType&gt;dynamic&lt;/ns2:valueType&gt;&lt;/ns2:configData&gt;&lt;ns2:configData&gt;&lt;ns2:id&gt;1b1defae-5cd9-4f7d-bae5-c3924599b72a&lt;/ns2:id&gt;&lt;ns2:optionName&gt;dataMapping&lt;/ns2:optionName&gt;&lt;ns2:valueType&gt;static&lt;/ns2:valueType&gt;&lt;/ns2:configData&gt;&lt;ns2:configData&gt;&lt;ns2:id&gt;03c141b9-33d9-476c-b777-c6ec65b90680&lt;/ns2:id&gt;&lt;ns2:optionName&gt;businessDataMapping&lt;/ns2:optionName&gt;&lt;ns2:valueType&gt;static&lt;/ns2:valueType&gt;&lt;/ns2:configData&gt;&lt;ns2:configData&gt;&lt;ns2:id&gt;8b91ba35-67b7-4a51-9497-bc243df8002a&lt;/ns2:id&gt;&lt;ns2:optionName&gt;staticList&lt;/ns2:optionName&gt;&lt;ns2:valueType&gt;dynamic&lt;/ns2:valueType&gt;&lt;/ns2:configData&gt;&lt;ns2:configData&gt;&lt;ns2:id&gt;250615b4-dea2-4c99-b186-cea240a41aa6&lt;/ns2:id&gt;&lt;ns2:optionName&gt;sizeStyle&lt;/ns2:optionName&gt;&lt;ns2:value&gt;D&lt;/ns2:value&gt;&lt;ns2:valueType&gt;static&lt;/ns2:valueType&gt;&lt;/ns2:configData&gt;&lt;ns2:configData&gt;&lt;ns2:id&gt;2c30bb14-dfb9-49f8-881d-208d260a176e&lt;/ns2:id&gt;&lt;ns2:optionName&gt;width&lt;/ns2:optionName&gt;&lt;ns2:valueType&gt;static&lt;/ns2:valueType&gt;&lt;/ns2:configData&gt;&lt;ns2:configData&gt;&lt;ns2:id&gt;4a8f634f-011b-4b0d-a6c3-4f87b8f3ef97&lt;/ns2:id&gt;&lt;ns2:optionName&gt;labelPlacement&lt;/ns2:optionName&gt;&lt;ns2:value&gt;T&lt;/ns2:value&gt;&lt;ns2:valueType&gt;static&lt;/ns2:valueType&gt;&lt;/ns2:configData&gt;&lt;ns2:configData&gt;&lt;ns2:id&gt;c1854b61-40be-4b9b-8cf3-c98b8af6682d&lt;/ns2:id&gt;&lt;ns2:optionName&gt;eventON_LOAD&lt;/ns2:optionName&gt;&lt;ns2:value&gt;&lt;/ns2:value&gt;&lt;ns2:valueType&gt;static&lt;/ns2:valueType&gt;&lt;/ns2:configData&gt;&lt;ns2:configData&gt;&lt;ns2:id&gt;4f8d6759-25db-4e3f-87aa-62d73f991aff&lt;/ns2:id&gt;&lt;ns2:optionName&gt;eventON_SVCITEMS&lt;/ns2:optionName&gt;&lt;ns2:value&gt;view._proto._onDocTypesLoaded(view)&lt;/ns2:value&gt;&lt;ns2:valueType&gt;static&lt;/ns2:valueType&gt;&lt;/ns2:configData&gt;&lt;ns2:configData&gt;&lt;ns2:id&gt;3ba88233-ee36-4861-8b8f-ab63ac36244d&lt;/ns2:id&gt;&lt;ns2:optionName&gt;eventON_SVCERROR&lt;/ns2:optionName&gt;&lt;ns2:valueType&gt;static&lt;/ns2:valueType&gt;&lt;/ns2:configData&gt;&lt;ns2:configData&gt;&lt;ns2:id&gt;79ac1ea1-581c-4765-9871-16bbd8ad7541&lt;/ns2:id&gt;&lt;ns2:optionName&gt;eventON_CHANGE&lt;/ns2:optionName&gt;&lt;ns2:value&gt;view._proto._onDocTypeChanged(view, newVal);&lt;/ns2:value&gt;&lt;ns2:valueType&gt;static&lt;/ns2:valueType&gt;&lt;/ns2:configData&gt;&lt;ns2:viewUUID&gt;64.fd4da558-40d8-47be-92ca-c305708dc7b7&lt;/ns2:viewUUID&gt;&lt;ns2:binding&gt;&lt;/ns2:binding&gt;&lt;/ns2:layoutItem&gt;&lt;ns2:layoutItem xsi:type="ns2:CustomHTML" xmlns:xsi="http://www.w3.org/2001/XMLSchema-instance"&gt;&lt;ns2:id&gt;62315f0c-cb12-4c7b-9da0-302877e90624&lt;/ns2:id&gt;&lt;ns2:layoutItemId&gt;CustomHTML2&lt;/ns2:layoutItemId&gt;&lt;ns2:configData&gt;&lt;ns2:id&gt;1041f933-50c4-4e03-8f3d-39a8dc84459e&lt;/ns2:id&gt;&lt;ns2:optionName&gt;@customHTML.textContent&lt;/ns2:optionName&gt;&lt;ns2:value&gt;&amp;lt;/div&amp;gt;
&amp;lt;div class="ECMPropertiesContainer"&amp;gt;
&amp;lt;/div&amp;gt;
&amp;lt;/div&amp;gt;&lt;/ns2:value&gt;&lt;/ns2:configData&gt;&lt;ns2:configData&gt;&lt;ns2:id&gt;83d9a6bb-918a-405c-abe3-f8245ea45887&lt;/ns2:id&gt;&lt;ns2:optionName&gt;@customHTML.contentType&lt;/ns2:optionName&gt;&lt;ns2:value&gt;TEXT&lt;/ns2:value&gt;&lt;/ns2:configData&gt;&lt;ns2:configData&gt;&lt;ns2:id&gt;50a3f8ca-1895-44a1-aa65-4cacb31cccfc&lt;/ns2:id&gt;&lt;ns2:optionName&gt;@customHTML.variableContent&lt;/ns2:optionName&gt;&lt;/ns2:configData&gt;&lt;ns2:configData&gt;&lt;ns2:id&gt;45eee53d-d085-486c-9c74-3054f6218a76&lt;/ns2:id&gt;&lt;ns2:optionName&gt;@customHTML.assetContent&lt;/ns2:optionName&gt;&lt;/ns2:configData&gt;&lt;/ns2:layoutItem&gt;&lt;/ns2:layout&gt;</layout>
        <paletteIcon>/61.8a94bd3a-a1b6-4507-83ef-d3872f4643fd</paletteIcon>
        <previewImage>/61.55299a3d-52e7-4816-8b1c-b631f9d6805a</previewImage>
        <hasLabel>false</hasLabel>
        <labelPosition>0</labelPosition>
        <nineSliceX1Coord>0</nineSliceX1Coord>
        <nineSliceX2Coord>70</nineSliceX2Coord>
        <nineSliceY1Coord>0</nineSliceY1Coord>
        <nineSliceY2Coord>82</nineSliceY2Coord>
        <emitBoundary>false</emitBoundary>
        <isPrototypeFunc>true</isPrototypeFunc>
        <enableDevMode>false</enableDevMode>
        <isMobileReady>true</isMobileReady>
        <loadJsFunction isNull="true" />
        <unloadJsFunction isNull="true" />
        <viewJsFunction isNull="true" />
        <changeJsFunction isNull="true" />
        <collaborationJsFunction isNull="true" />
        <description>&lt;HTML&gt;&lt;HEAD&gt;&#xD;
&lt;STYLE type=text/css&gt; p{margin:0px;}&lt;/STYLE&gt;&#xD;
&lt;/HEAD&gt;&#xD;
&lt;BODY style="FONT-SIZE: 10pt; FONT-FAMILY: arial" bgColor=#f5f5f5&gt;&#xD;
&lt;P&gt;The ECM File Properties control displays and allows users to view, change and delete properties associated with an ECM file/document. &lt;/P&gt;&lt;/BODY&gt;&lt;/HTML&gt;</description>
        <validateJsFunction isNull="true" />
        <previewAdvHtml isNull="true" />
        <previewAdvJs isNull="true" />
        <useUrlBinding>false</useUrlBinding>
        <guid>e4e81ea2-c7c3-447e-89d0-06918fc82e32</guid>
        <versionId>58044cc5-be0b-4f7f-9891-829de1f2f65d</versionId>
        <field1 isNull="true" />
        <field2 isNull="true" />
        <field3>0</field3>
        <field4 isNull="true" />
        <field5>false</field5>
        <clobField1 isNull="true" />
        <configOption name="ecmServerConfigurationName">
            <lastModified isNull="true" />
            <lastModifiedBy isNull="true" />
            <coachViewConfigOptionId>66.feb21ef1-47d6-4822-9bd0-0f1eeeae0c74</coachViewConfigOptionId>
            <coachViewId>64.5960bf6f-8641-4ae0-96d1-4dde7810291f</coachViewId>
            <isList>false</isList>
            <propertyType>OBJECT</propertyType>
            <label>tw.resource.DocumentList.ECMFileListLBLecmServerConfigName</label>
            <classId>f1e96cc6-5fd9-4002-8b04-107d4ddae78a/12.db884a3c-c533-44b7-bb2d-47bec8ad4022</classId>
            <processId isNull="true" />
            <actionflowId isNull="true" />
            <isAdaptive>false</isAdaptive>
            <seq>0</seq>
            <description>tw.resource.DocumentList.ECMFileListDOCecmServerConfigName</description>
            <groupName>tw.resource.DocumentList.ECMFileListGRPContentManagementAdv</groupName>
            <guid>guid:79b1813b0e2b0eae:315b3a21:1572995f198:-7ff8</guid>
            <versionId>459c580e-676c-4670-87c9-bc1e0751602c</versionId>
        </configOption>
        <configOption name="defaultDocType">
            <lastModified isNull="true" />
            <lastModifiedBy isNull="true" />
            <coachViewConfigOptionId>66.a5440987-f2de-4d4c-b17d-10b114bd1c39</coachViewConfigOptionId>
            <coachViewId>64.5960bf6f-8641-4ae0-96d1-4dde7810291f</coachViewId>
            <isList>false</isList>
            <propertyType>OBJECT</propertyType>
            <label>tw.resource.DocumentList.ECMFilePropertiesLBLdefaultDocType</label>
            <classId>f1e96cc6-5fd9-4002-8b04-107d4ddae78a/12.db884a3c-c533-44b7-bb2d-47bec8ad4022</classId>
            <processId isNull="true" />
            <actionflowId isNull="true" />
            <isAdaptive>false</isAdaptive>
            <seq>1</seq>
            <description>tw.resource.DocumentList.ECMFilePropertiesDOCdefaultDocType</description>
            <groupName>tw.resource.DocumentList.ECMFileListGRPContentManagementAdv</groupName>
            <guid>guid:7c9f390ed2ff25c5:-37b117df:15732e7f62a:-7ffd</guid>
            <versionId>eb8a6679-51c6-4495-861a-13340dfc9b6e</versionId>
        </configOption>
        <configOption name="defaultProperties">
            <lastModified isNull="true" />
            <lastModifiedBy isNull="true" />
            <coachViewConfigOptionId>66.c1e58b66-1afc-4f9f-9a8a-b6b6be52d28b</coachViewConfigOptionId>
            <coachViewId>64.5960bf6f-8641-4ae0-96d1-4dde7810291f</coachViewId>
            <isList>true</isList>
            <propertyType>OBJECT</propertyType>
            <label>tw.resource.DocumentList.ECMFilePropertiesLBLdefaultProperties</label>
            <classId>/12.eac829db-66fe-43f5-810c-6faa514533a2</classId>
            <processId isNull="true" />
            <actionflowId isNull="true" />
            <isAdaptive>false</isAdaptive>
            <seq>2</seq>
            <description>tw.resource.DocumentList.ECMFilePropertiesDOCdefaultProperties</description>
            <groupName>tw.resource.DocumentList.ECMFileListGRPContentManagementAdv</groupName>
            <guid>guid:8468bbe45209634f:7145a7e9:15ec4d4d3e9:-7fff</guid>
            <versionId>61ca48ed-1515-40f9-b691-f05810ecfd8a</versionId>
        </configOption>
        <configOption name="eventON_LOAD">
            <lastModified isNull="true" />
            <lastModifiedBy isNull="true" />
            <coachViewConfigOptionId>66.1ceac439-452d-4d7d-840a-73b07765d812</coachViewConfigOptionId>
            <coachViewId>64.5960bf6f-8641-4ae0-96d1-4dde7810291f</coachViewId>
            <isList>false</isList>
            <propertyType>EVENT</propertyType>
            <label>tw.resource.DocumentList.BPMFilePropertiesLBLeventONLOAD</label>
            <classId>f1e96cc6-5fd9-4002-8b04-107d4ddae78a/12.db884a3c-c533-44b7-bb2d-47bec8ad4022</classId>
            <processId isNull="true" />
            <actionflowId isNull="true" />
            <isAdaptive>false</isAdaptive>
            <seq>3</seq>
            <description>tw.resource.DocumentList.BPMFilePropertiesDOCeventONLOAD</description>
            <groupName>tw.resource.DocumentList.zCommonGRPEvents</groupName>
            <guid>guid:79b1813b0e2b0eae:315b3a21:1572995f198:-7ff5</guid>
            <versionId>f720b396-a6e0-4fe4-b207-10f61af69334</versionId>
        </configOption>
        <configOption name="eventON_DOCTYPECHG">
            <lastModified isNull="true" />
            <lastModifiedBy isNull="true" />
            <coachViewConfigOptionId>66.13e3383a-8631-42a5-bea1-50bcbe692ab8</coachViewConfigOptionId>
            <coachViewId>64.5960bf6f-8641-4ae0-96d1-4dde7810291f</coachViewId>
            <isList>false</isList>
            <propertyType>EVENT</propertyType>
            <label>tw.resource.DocumentList.ECMFilePropertiesLBLeventONDOCTYPECHG</label>
            <classId>f1e96cc6-5fd9-4002-8b04-107d4ddae78a/12.db884a3c-c533-44b7-bb2d-47bec8ad4022</classId>
            <processId isNull="true" />
            <actionflowId isNull="true" />
            <isAdaptive>false</isAdaptive>
            <seq>4</seq>
            <description>tw.resource.DocumentList.ECMFilePropertiesDOCeventONDOCTYPECHG</description>
            <groupName>tw.resource.DocumentList.zCommonGRPEvents</groupName>
            <guid>guid:7c9f390ed2ff25c5:-37b117df:15732e7f62a:-7ffc</guid>
            <versionId>b40b517c-40fd-418f-8344-5f57b1e27838</versionId>
        </configOption>
        <configOption name="eventON_ERROR">
            <lastModified isNull="true" />
            <lastModifiedBy isNull="true" />
            <coachViewConfigOptionId>66.682e424f-1453-4e0d-ae5b-1c628355d7c9</coachViewConfigOptionId>
            <coachViewId>64.5960bf6f-8641-4ae0-96d1-4dde7810291f</coachViewId>
            <isList>false</isList>
            <propertyType>EVENT</propertyType>
            <label>tw.resource.DocumentList.BPMFilePropertiesLBLeventONERROR</label>
            <classId>f1e96cc6-5fd9-4002-8b04-107d4ddae78a/12.db884a3c-c533-44b7-bb2d-47bec8ad4022</classId>
            <processId isNull="true" />
            <actionflowId isNull="true" />
            <isAdaptive>false</isAdaptive>
            <seq>5</seq>
            <description>tw.resource.DocumentList.BPMFilePropertiesDOCeventONERROR</description>
            <groupName>tw.resource.DocumentList.zCommonGRPEvents</groupName>
            <guid>guid:8f55a8971cb620a2:-22ad9617:15bb401e300:-7ffd</guid>
            <versionId>c70e087d-7aec-4f9b-8e06-41617b0ff723</versionId>
        </configOption>
        <dynamicStyle>
            <lastModified isNull="true" />
            <lastModifiedBy isNull="true" />
            <coachViewDynamicStyleId>73.424be2a3-a6ba-4950-8722-7d57a88e3d4e</coachViewDynamicStyleId>
            <coachViewId>64.5960bf6f-8641-4ae0-96d1-4dde7810291f</coachViewId>
            <filePath>bpmUI.less</filePath>
            <assetUuid>f496ca18-836b-46b7-8846-85b2ee01f7eb/61.26865295-8511-4538-b8f1-4cb99c203a92</assetUuid>
            <seq>0</seq>
            <guid>c7e1f0f0-604e-42ed-a905-f13f71dcd802</guid>
            <versionId>de54d4d0-d9e6-411f-aad4-d2ebed153fc9</versionId>
        </dynamicStyle>
        <resource>
            <lastModified isNull="true" />
            <lastModifiedBy isNull="true" />
            <coachViewResourceId>67.486f3389-affc-4ab1-b708-10bb657d6bc7</coachViewResourceId>
            <coachViewId>64.5960bf6f-8641-4ae0-96d1-4dde7810291f</coachViewId>
            <filePath>BPMExt-Core.js</filePath>
            <ieCondition isNull="true" />
            <mediaQuery isNull="true" />
            <scriptLoadStyle isNull="true" />
            <assetUuid>f496ca18-836b-46b7-8846-85b2ee01f7eb/61.22dc2e36-11ce-4cd6-a6e8-24201237f10d</assetUuid>
            <seq>2</seq>
            <guid>aa79939f-3735-47ef-97c8-f603a8de248b</guid>
            <versionId>c8e6e822-1614-4bca-a161-e4622e2707f8</versionId>
        </resource>
        <resource>
            <lastModified isNull="true" />
            <lastModifiedBy isNull="true" />
            <coachViewResourceId>67.376499b1-a693-4f29-b84f-a5614542d60c</coachViewResourceId>
            <coachViewId>64.5960bf6f-8641-4ae0-96d1-4dde7810291f</coachViewId>
            <filePath isNull="true" />
            <ieCondition isNull="true" />
            <mediaQuery isNull="true" />
            <scriptLoadStyle isNull="true" />
            <assetUuid>/61.2b8df00f-9e13-4e55-83d5-2433068f2221</assetUuid>
            <seq>3</seq>
            <guid>eac55338-9a82-4ef3-ba05-16c4895d34cd</guid>
            <versionId>928a13d1-e28c-4fd9-95cf-1ef0c919940c</versionId>
        </resource>
        <inlineScript name="Inline CSS">
            <lastModified isNull="true" />
            <lastModifiedBy isNull="true" />
            <coachViewInlineScriptId>68.fafba814-2985-4894-a8c7-84bafc0beaaa</coachViewInlineScriptId>
            <coachViewId>64.5960bf6f-8641-4ae0-96d1-4dde7810291f</coachViewId>
            <scriptType>CSS</scriptType>
            <scriptBlock>.Document_Properties .doc-prop {
    margin-top: 20px;
}

.Document_Properties .SvcHolder {
    position: relative;
}

.Document_Properties .SvcHolder &gt; .FilePropSvc {
    position: absolute;
    z-index: 15;
    color: black !important;
    left: 50%;
    top: -115px;
}

.Document_Properties .cmis-prop-add-btn {
    position: absolute;
    z-index: 2;
    right: 5px;
    top: -29px;
}

.CoachViewRTL .Document_Properties .cmis-prop-add-btn {
	right: unset!important;
    left: 5px;
}

.Document_Properties .cmis-prop-add-btn, .Document_Properties .cmis-prop-del-btn {
}

.Document_Properties .cmis-prop-list {
    padding-left: 0px;
    padding-right: 5px;
    position: relative;
}

.CoachViewRTL .Document_Properties .cmis-prop-list {
    padding-left: 5px;
    padding-right: 0px;
}

.Document_Properties .cmis-prop-list &gt; .input &gt; :first-child {
    display: inline;
    width: 94%;
}

.Document_Properties .cmis-prop-del-btn {
    display: inline;
    padding: 0px 0px 0px 11px;
    color: #9D6E6E;
}

.Document_Properties .cmis-prop-del-btn:focus {
    color: #89111D;
}

.CoachViewRTL .Document_Properties .cmis-prop-del-btn {
    padding: 0px 11px 0px 0px;
}

.Document_Properties .cmis-prop-add-btn, .Document_Properties .cmis-prop-del-btn {
    font-size: 1.7em;
}
.ECMPropertiesPanel {
    position: relative;
}</scriptBlock>
            <seq>0</seq>
            <description isNull="true" />
            <guid>c5688306-c3fd-4335-8ddd-78c02810752a</guid>
            <versionId>c60425ea-c890-4225-969e-919813064f4c</versionId>
        </inlineScript>
        <inlineScript name="Inline Javascript">
            <lastModified isNull="true" />
            <lastModifiedBy isNull="true" />
            <coachViewInlineScriptId>68.9ea373f1-345c-4ad5-8273-3712fa1992e2</coachViewInlineScriptId>
            <coachViewId>64.5960bf6f-8641-4ae0-96d1-4dde7810291f</coachViewId>
            <scriptType>JS</scriptType>
            <scriptBlock>bpmext_control_InitECMDocumentProperties.call(this, utilities, bpmext, domClass, domAttr, domConstruct);</scriptBlock>
            <seq>1</seq>
            <description isNull="true" />
            <guid>590029f9-4c2c-416a-990c-a65841bd85af</guid>
            <versionId>73792697-4a9d-4006-bdc6-ddfcf89fe42d</versionId>
        </inlineScript>
        <inlineScript name="Header HTML">
            <lastModified isNull="true" />
            <lastModifiedBy isNull="true" />
            <coachViewInlineScriptId>68.f41deadb-6535-4872-bea3-77db895c3ef4</coachViewInlineScriptId>
            <coachViewId>64.5960bf6f-8641-4ae0-96d1-4dde7810291f</coachViewId>
            <scriptType>HTML</scriptType>
            <scriptBlock isNull="true" />
            <seq>2</seq>
            <description isNull="true" />
            <guid>bf072fa1-8540-4db9-b3c8-9d0be70233bf</guid>
            <versionId>aa370d8e-9f0e-427b-8393-f944eb1f92f9</versionId>
        </inlineScript>
        <localization>
            <lastModified isNull="true" />
            <lastModifiedBy isNull="true" />
            <coachViewLocalResId>69.6278c584-819a-4d5e-8ee5-53385122f8c6</coachViewLocalResId>
            <coachViewId>64.5960bf6f-8641-4ae0-96d1-4dde7810291f</coachViewId>
            <resourceBundleGroupId>/50.05a87f6e-92f1-49f0-9cd4-d66479a5ea46</resourceBundleGroupId>
            <seq>0</seq>
            <guid>guid:8f55a8971cb620a2:-22ad9617:15bb401e300:-7ffc</guid>
            <versionId>dd46658c-f717-45b6-903b-4b0cf58d4336</versionId>
        </localization>
        <amdDependency>
            <lastModified isNull="true" />
            <lastModifiedBy isNull="true" />
            <coachViewAmdDepId>70.37baccbb-be7e-4c8e-99df-471749e6d61d</coachViewAmdDepId>
            <coachViewId>64.5960bf6f-8641-4ae0-96d1-4dde7810291f</coachViewId>
            <moduleId>dojo/dom-attr</moduleId>
            <functionArgument>domAttr</functionArgument>
            <seq>0</seq>
            <guid>c6156db7-e4a2-48b8-9442-29b6f9dd8806</guid>
            <versionId>8a513966-ce84-42dd-801d-d723f589bc20</versionId>
        </amdDependency>
        <amdDependency>
            <lastModified isNull="true" />
            <lastModifiedBy isNull="true" />
            <coachViewAmdDepId>70.254615fe-be1c-4ebb-bf28-8bcb6e7f131f</coachViewAmdDepId>
            <coachViewId>64.5960bf6f-8641-4ae0-96d1-4dde7810291f</coachViewId>
            <moduleId>dojo/dom-class</moduleId>
            <functionArgument>domClass</functionArgument>
            <seq>1</seq>
            <guid>9cc8cf9d-5aed-4b51-9e96-3020817cb0fc</guid>
            <versionId>d361dfbf-8c1f-4a2a-aff9-d9ccae5f94d0</versionId>
        </amdDependency>
        <amdDependency>
            <lastModified isNull="true" />
            <lastModifiedBy isNull="true" />
            <coachViewAmdDepId>70.a509b787-a8f2-45f8-ac78-9e9083de45ec</coachViewAmdDepId>
            <coachViewId>64.5960bf6f-8641-4ae0-96d1-4dde7810291f</coachViewId>
            <moduleId>dojo/dom-construct</moduleId>
            <functionArgument>domConstruct</functionArgument>
            <seq>2</seq>
            <guid>77dafae0-1850-4844-aa9f-bdc8d69a648f</guid>
            <versionId>6263b035-eb4d-42ed-ba4b-737da0b9d400</versionId>
        </amdDependency>
        <amdDependency>
            <lastModified isNull="true" />
            <lastModifiedBy isNull="true" />
            <coachViewAmdDepId>70.4489fdfa-098a-429a-9d7e-51b1ab84970b</coachViewAmdDepId>
            <coachViewId>64.5960bf6f-8641-4ae0-96d1-4dde7810291f</coachViewId>
            <moduleId>com.ibm.bpm.coach.utils/utilities</moduleId>
            <functionArgument>utilities</functionArgument>
            <seq>3</seq>
            <guid>d096167a-91ff-4be6-bb01-a5747d0ae289</guid>
            <versionId>6dbe199b-89ac-45dd-a597-75c4ff90d23f</versionId>
        </amdDependency>
    </coachView>
</teamworks>

