<?xml version="1.0" encoding="UTF-8"?>
<teamworks>
    <coachView id="64.573e64c9-fe7f-4ee3-92d7-286f6d7e00f9" name="BPM File Dropzone">
        <lastModified>1496085431720</lastModified>
        <lastModifiedBy>tw_admin</lastModifiedBy>
        <coachViewId>64.573e64c9-fe7f-4ee3-92d7-286f6d7e00f9</coachViewId>
        <isTemplate>false</isTemplate>
        <layout>&lt;?xml version="1.0" encoding="UTF-8" standalone="yes"?&gt;&lt;ns2:layout xmlns:ns2="http://www.ibm.com/bpm/CoachDesignerNG" xmlns:ns3="http://www.ibm.com/bpm/coachview"/&gt;</layout>
        <paletteIcon>/61.1ef6333e-9767-4ce1-92d7-8d73b3989626</paletteIcon>
        <previewImage>/61.6b4d9f5f-9bd1-4827-9d14-2f559b2d2ca5</previewImage>
        <hasLabel>false</hasLabel>
        <labelPosition>0</labelPosition>
        <nineSliceX1Coord>0</nineSliceX1Coord>
        <nineSliceX2Coord>48</nineSliceX2Coord>
        <nineSliceY1Coord>0</nineSliceY1Coord>
        <nineSliceY2Coord>48</nineSliceY2Coord>
        <emitBoundary>false</emitBoundary>
        <isPrototypeFunc>true</isPrototypeFunc>
        <enableDevMode>false</enableDevMode>
        <isMobileReady>true</isMobileReady>
        <loadJsFunction isNull="true" />
        <unloadJsFunction isNull="true" />
        <viewJsFunction isNull="true" />
        <changeJsFunction isNull="true" />
        <collaborationJsFunction isNull="true" />
        <description>&lt;HTML&gt;&lt;HEAD&gt;&#xD;
&lt;STYLE type=text/css&gt; p{margin:0px;}&lt;/STYLE&gt;&#xD;
&lt;/HEAD&gt;&#xD;
&lt;BODY style="FONT-SIZE: 10pt; FONT-FAMILY: arial" bgColor=#f5f5f5&gt;&lt;SPAN style='FONT-SIZE: 11pt; FONT-FAMILY: "Calibri",sans-serif; LINE-HEIGHT: 107%; mso-ascii-theme-font: minor-latin; mso-fareast-font-family: Calibri; mso-fareast-theme-font: minor-latin; mso-hansi-theme-font: minor-latin; mso-bidi-font-family: "Times New Roman"; mso-bidi-theme-font: minor-bidi; mso-ansi-language: EN-US; mso-fareast-language: EN-US; mso-bidi-language: AR-SA'&gt;The BPM File Dropzone control allows the user to drag and drop a file from their computer or select a file manually, and will store it in the IBM BPM document store.&lt;/SPAN&gt;&lt;/BODY&gt;&lt;/HTML&gt;</description>
        <validateJsFunction isNull="true" />
        <previewAdvHtml isNull="true" />
        <previewAdvJs isNull="true" />
        <useUrlBinding>false</useUrlBinding>
        <guid>f667b82b-71e4-4afd-bcea-c54a8494f722</guid>
        <versionId>025b67ba-62b1-463d-9e07-2d65ee783d75</versionId>
        <field1 isNull="true" />
        <field2 isNull="true" />
        <field3>0</field3>
        <field4 isNull="true" />
        <field5>false</field5>
        <clobField1 isNull="true" />
        <configOption name="hideInPortal">
            <lastModified isNull="true" />
            <lastModifiedBy isNull="true" />
            <coachViewConfigOptionId>66.cd5cd625-6a55-402e-baf3-d96fa5340387</coachViewConfigOptionId>
            <coachViewId>64.573e64c9-fe7f-4ee3-92d7-286f6d7e00f9</coachViewId>
            <isList>false</isList>
            <propertyType>OBJECT</propertyType>
            <label>tw.resource.DocumentList.BPMFileDropzoneLBLhideInPortal</label>
            <classId>f1e96cc6-5fd9-4002-8b04-107d4ddae78a/12.83ff975e-8dbc-42e5-b738-fa8bc08274a2</classId>
            <processId isNull="true" />
            <actionflowId isNull="true" />
            <isAdaptive>false</isAdaptive>
            <seq>0</seq>
            <description>tw.resource.DocumentList.BPMFileDropzoneDOChideInPortal</description>
            <groupName>tw.resource.DocumentList.zCommonGRPContentManagement</groupName>
            <guid>guid:0b1e227c365c8a09:323d0860:1588b8b9467:-7ff9</guid>
            <versionId>01f4e85d-bf91-4eca-9431-529c45a8f7c4</versionId>
        </configOption>
        <configOption name="uploadProperties">
            <lastModified isNull="true" />
            <lastModifiedBy isNull="true" />
            <coachViewConfigOptionId>66.957b0f57-314d-4275-9e53-3152412dcf32</coachViewConfigOptionId>
            <coachViewId>64.573e64c9-fe7f-4ee3-92d7-286f6d7e00f9</coachViewId>
            <isList>true</isList>
            <propertyType>OBJECT</propertyType>
            <label>tw.resource.DocumentList.BPMFileDropzoneLBLuploadProperties</label>
            <classId>f1e96cc6-5fd9-4002-8b04-107d4ddae78a/12.d2e5a15a-ea53-4793-9e93-29af5bd80b13</classId>
            <processId isNull="true" />
            <actionflowId isNull="true" />
            <isAdaptive>false</isAdaptive>
            <seq>1</seq>
            <description>tw.resource.DocumentList.BPMFileDropzoneDOCuploadProperties</description>
            <groupName>tw.resource.DocumentList.zCommonGRPContentManagement</groupName>
            <guid>471f0dc5-2014-4a62-aa01-e10028569770</guid>
            <versionId>72730c7d-50a0-4ebf-be89-ae45cd307671</versionId>
        </configOption>
        <configOption name="autoProcessQueue">
            <lastModified isNull="true" />
            <lastModifiedBy isNull="true" />
            <coachViewConfigOptionId>66.6f2f54bf-657b-48e5-95bd-67a0a7621ede</coachViewConfigOptionId>
            <coachViewId>64.573e64c9-fe7f-4ee3-92d7-286f6d7e00f9</coachViewId>
            <isList>false</isList>
            <propertyType>OBJECT</propertyType>
            <label>tw.resource.DocumentList.BPMFileDropzoneLBLautoProcessQueue</label>
            <classId>f1e96cc6-5fd9-4002-8b04-107d4ddae78a/12.83ff975e-8dbc-42e5-b738-fa8bc08274a2</classId>
            <processId isNull="true" />
            <actionflowId isNull="true" />
            <isAdaptive>false</isAdaptive>
            <seq>2</seq>
            <description>tw.resource.DocumentList.BPMFileDropzoneDOCautoProcessQueue</description>
            <groupName>tw.resource.DocumentList.zCommonGRPBehavior</groupName>
            <guid>2e94f68c-157f-43b1-a128-b9f17972c40b</guid>
            <versionId>2071913d-4165-4a61-8bc2-cc0d40035a96</versionId>
        </configOption>
        <configOption name="autoRemoveUploadedFiles">
            <lastModified isNull="true" />
            <lastModifiedBy isNull="true" />
            <coachViewConfigOptionId>66.aeaccb20-38a7-4762-b7a9-d06cd2164209</coachViewConfigOptionId>
            <coachViewId>64.573e64c9-fe7f-4ee3-92d7-286f6d7e00f9</coachViewId>
            <isList>false</isList>
            <propertyType>OBJECT</propertyType>
            <label>tw.resource.DocumentList.BPMFileDropzoneLBLautoRemUploadedFiles</label>
            <classId>f1e96cc6-5fd9-4002-8b04-107d4ddae78a/12.83ff975e-8dbc-42e5-b738-fa8bc08274a2</classId>
            <processId isNull="true" />
            <actionflowId isNull="true" />
            <isAdaptive>false</isAdaptive>
            <seq>3</seq>
            <description>tw.resource.DocumentList.BPMFileDropzoneDOCautoRemUploadedFiles</description>
            <groupName>tw.resource.DocumentList.zCommonGRPBehavior</groupName>
            <guid>61905ac4-46c2-4dc5-83f7-34d2058ea04e</guid>
            <versionId>efcb4e5a-1a31-4bbd-b18c-2c8f6910c2f9</versionId>
        </configOption>
        <configOption name="maxFileSize">
            <lastModified isNull="true" />
            <lastModifiedBy isNull="true" />
            <coachViewConfigOptionId>66.66a8c920-09e1-429f-952a-af52d70890de</coachViewConfigOptionId>
            <coachViewId>64.573e64c9-fe7f-4ee3-92d7-286f6d7e00f9</coachViewId>
            <isList>false</isList>
            <propertyType>OBJECT</propertyType>
            <label>tw.resource.DocumentList.BPMFileDropzoneLBLmaxFileSize</label>
            <classId>f1e96cc6-5fd9-4002-8b04-107d4ddae78a/12.536b2aa5-a30f-4eca-87fa-3a28066753ee</classId>
            <processId isNull="true" />
            <actionflowId isNull="true" />
            <isAdaptive>false</isAdaptive>
            <seq>4</seq>
            <description>tw.resource.DocumentList.BPMFileDropzoneDOCmaxFileSize</description>
            <groupName>tw.resource.DocumentList.zCommonGRPBehavior</groupName>
            <guid>04e47b05-78f7-4482-be57-6b492a04103c</guid>
            <versionId>dfdae234-828f-4236-b3c6-c3e8212d2d71</versionId>
        </configOption>
        <configOption name="allowableFileTypes">
            <lastModified isNull="true" />
            <lastModifiedBy isNull="true" />
            <coachViewConfigOptionId>66.5cb05f2b-777e-409a-be1f-fc135910612f</coachViewConfigOptionId>
            <coachViewId>64.573e64c9-fe7f-4ee3-92d7-286f6d7e00f9</coachViewId>
            <isList>true</isList>
            <propertyType>OBJECT</propertyType>
            <label>tw.resource.DocumentList.BPMFileDropzoneLBLallowableFileTypes</label>
            <classId>/12.40cf4f02-436a-4056-a909-fd32603ba3df</classId>
            <processId isNull="true" />
            <actionflowId isNull="true" />
            <isAdaptive>false</isAdaptive>
            <seq>5</seq>
            <description>tw.resource.DocumentList.BPMFileDropzoneDOCallowableFileTypes</description>
            <groupName>tw.resource.DocumentList.zCommonGRPBehavior</groupName>
            <guid>f626ecb2-2293-47e3-8f95-a0bc9434c243</guid>
            <versionId>3e386fa4-1ee2-43b2-8e27-b3e95eb0712e</versionId>
        </configOption>
        <configOption name="addToFolder">
            <lastModified isNull="true" />
            <lastModifiedBy isNull="true" />
            <coachViewConfigOptionId>66.745100ee-276d-4fab-8987-dab0163a43e3</coachViewConfigOptionId>
            <coachViewId>64.573e64c9-fe7f-4ee3-92d7-286f6d7e00f9</coachViewId>
            <isList>false</isList>
            <propertyType>OBJECT</propertyType>
            <label>tw.resource.DocumentList.BPMFileUploaderLBLaddToFolder</label>
            <classId>f1e96cc6-5fd9-4002-8b04-107d4ddae78a/12.83ff975e-8dbc-42e5-b738-fa8bc08274a2</classId>
            <processId isNull="true" />
            <actionflowId isNull="true" />
            <isAdaptive>false</isAdaptive>
            <seq>6</seq>
            <description>tw.resource.DocumentList.BPMFileUploaderDOCaddToFolder</description>
            <groupName>tw.resource.DocumentList.zCommonGRPBehavior</groupName>
            <guid>56b7491a-bdc6-4f24-b8b3-697688447b73</guid>
            <versionId>9798678f-e984-4456-991b-f25db17fab26</versionId>
        </configOption>
        <configOption name="showBorder">
            <lastModified isNull="true" />
            <lastModifiedBy isNull="true" />
            <coachViewConfigOptionId>66.1516f8c3-97b2-47d3-afe8-1b301eff077a</coachViewConfigOptionId>
            <coachViewId>64.573e64c9-fe7f-4ee3-92d7-286f6d7e00f9</coachViewId>
            <isList>false</isList>
            <propertyType>OBJECT</propertyType>
            <label>tw.resource.DocumentList.BPMFileDropzoneLBLshowBorder</label>
            <classId>f1e96cc6-5fd9-4002-8b04-107d4ddae78a/12.83ff975e-8dbc-42e5-b738-fa8bc08274a2</classId>
            <processId isNull="true" />
            <actionflowId isNull="true" />
            <isAdaptive>false</isAdaptive>
            <seq>7</seq>
            <description>tw.resource.DocumentList.BPMFileDropzoneDOCshowBorder</description>
            <groupName>tw.resource.DocumentList.zCommonGRPAppearance</groupName>
            <guid>3e1c7434-6b83-4bf2-b9d6-7f1fb2cacfba</guid>
            <versionId>70bc7496-76f3-4b07-91b5-7128c0e40179</versionId>
        </configOption>
        <configOption name="disableBorderRadius">
            <lastModified isNull="true" />
            <lastModifiedBy isNull="true" />
            <coachViewConfigOptionId>66.01352cf0-9b9d-442d-b668-b2cbc795eaea</coachViewConfigOptionId>
            <coachViewId>64.573e64c9-fe7f-4ee3-92d7-286f6d7e00f9</coachViewId>
            <isList>false</isList>
            <propertyType>OBJECT</propertyType>
            <label>tw.resource.DocumentList.BPMFileDropzoneLBLdisableBorderRadius</label>
            <classId>f1e96cc6-5fd9-4002-8b04-107d4ddae78a/12.83ff975e-8dbc-42e5-b738-fa8bc08274a2</classId>
            <processId isNull="true" />
            <actionflowId isNull="true" />
            <isAdaptive>false</isAdaptive>
            <seq>8</seq>
            <description>tw.resource.DocumentList.BPMFileDropzoneDOCdisableBorderRadius</description>
            <groupName>tw.resource.DocumentList.zCommonGRPAppearance</groupName>
            <guid>91e9aebf-9e6a-4d91-b405-9abfaa0b133e</guid>
            <versionId>7a730903-d831-4762-ba6a-3f4319d2b62c</versionId>
        </configOption>
        <configOption name="createThumbnails">
            <lastModified isNull="true" />
            <lastModifiedBy isNull="true" />
            <coachViewConfigOptionId>66.41f20cf5-cd1f-4438-869b-3855ef737f7d</coachViewConfigOptionId>
            <coachViewId>64.573e64c9-fe7f-4ee3-92d7-286f6d7e00f9</coachViewId>
            <isList>false</isList>
            <propertyType>OBJECT</propertyType>
            <label>tw.resource.DocumentList.BPMFileDropzoneLBLcreateThumbnails</label>
            <classId>f1e96cc6-5fd9-4002-8b04-107d4ddae78a/12.83ff975e-8dbc-42e5-b738-fa8bc08274a2</classId>
            <processId isNull="true" />
            <actionflowId isNull="true" />
            <isAdaptive>false</isAdaptive>
            <seq>9</seq>
            <description>tw.resource.DocumentList.BPMFileDropzoneDOCcreateThumbnails</description>
            <groupName>tw.resource.DocumentList.zCommonGRPAppearance</groupName>
            <guid>2e305c91-bffe-4260-810b-ca8bf3b91853</guid>
            <versionId>3d677505-d7c7-4379-821b-8ff6db54619d</versionId>
        </configOption>
        <configOption name="onloadFunctionName">
            <lastModified isNull="true" />
            <lastModifiedBy isNull="true" />
            <coachViewConfigOptionId>66.2283ecac-4bab-4a45-aa27-9e8fddb5813f</coachViewConfigOptionId>
            <coachViewId>64.573e64c9-fe7f-4ee3-92d7-286f6d7e00f9</coachViewId>
            <isList>false</isList>
            <propertyType>EVENT</propertyType>
            <label>tw.resource.DocumentList.BPMFileDropzoneLBLonloadFunctionName</label>
            <classId>f1e96cc6-5fd9-4002-8b04-107d4ddae78a/12.db884a3c-c533-44b7-bb2d-47bec8ad4022</classId>
            <processId isNull="true" />
            <actionflowId isNull="true" />
            <isAdaptive>false</isAdaptive>
            <seq>10</seq>
            <description>tw.resource.DocumentList.BPMFileDropzoneDOConloadFunctionName</description>
            <groupName>tw.resource.DocumentList.zCommonGRPEvents</groupName>
            <guid>4615d167-d09e-4201-af95-1dee76ef1be7</guid>
            <versionId>8c60f7d2-7a91-46a7-9c87-a2cde680cf9b</versionId>
        </configOption>
        <configOption name="onFileAddedFunctionName">
            <lastModified isNull="true" />
            <lastModifiedBy isNull="true" />
            <coachViewConfigOptionId>66.6391f442-7d28-48ab-a797-419634b5eba2</coachViewConfigOptionId>
            <coachViewId>64.573e64c9-fe7f-4ee3-92d7-286f6d7e00f9</coachViewId>
            <isList>false</isList>
            <propertyType>EVENT</propertyType>
            <label>tw.resource.DocumentList.BPMFileDropzoneLBLonFileAddedFuncName</label>
            <classId>f1e96cc6-5fd9-4002-8b04-107d4ddae78a/12.db884a3c-c533-44b7-bb2d-47bec8ad4022</classId>
            <processId isNull="true" />
            <actionflowId isNull="true" />
            <isAdaptive>false</isAdaptive>
            <seq>11</seq>
            <description>tw.resource.DocumentList.BPMFileDropzoneDOConFileAddedFuncName</description>
            <groupName>tw.resource.DocumentList.zCommonGRPEvents</groupName>
            <guid>35d139dd-f2b8-42d4-a789-1af406fdb6c6</guid>
            <versionId>2a89bab6-cf31-40ae-aa21-41f7f789b251</versionId>
        </configOption>
        <configOption name="onFileClickFunctionName">
            <lastModified isNull="true" />
            <lastModifiedBy isNull="true" />
            <coachViewConfigOptionId>66.c10dc25d-5934-4ed1-9ca1-36aca6507a67</coachViewConfigOptionId>
            <coachViewId>64.573e64c9-fe7f-4ee3-92d7-286f6d7e00f9</coachViewId>
            <isList>false</isList>
            <propertyType>EVENT</propertyType>
            <label>tw.resource.DocumentList.BPMFileDropzoneLBLonFileClickFuncName</label>
            <classId>f1e96cc6-5fd9-4002-8b04-107d4ddae78a/12.db884a3c-c533-44b7-bb2d-47bec8ad4022</classId>
            <processId isNull="true" />
            <actionflowId isNull="true" />
            <isAdaptive>false</isAdaptive>
            <seq>12</seq>
            <description>tw.resource.DocumentList.BPMFileDropzoneDOConFileClickFuncName</description>
            <groupName>tw.resource.DocumentList.zCommonGRPEvents</groupName>
            <guid>4cf03683-b854-453e-adb0-05f52b046452</guid>
            <versionId>64870d8d-dc59-48b9-b398-1e2697c559bb</versionId>
        </configOption>
        <configOption name="onFileRemovedFunctionName">
            <lastModified isNull="true" />
            <lastModifiedBy isNull="true" />
            <coachViewConfigOptionId>66.ce269f9d-1ccd-407f-b18c-e3c2b084f497</coachViewConfigOptionId>
            <coachViewId>64.573e64c9-fe7f-4ee3-92d7-286f6d7e00f9</coachViewId>
            <isList>false</isList>
            <propertyType>EVENT</propertyType>
            <label>tw.resource.DocumentList.BPMFileDropzoneLBLonFileRemFuncName</label>
            <classId>f1e96cc6-5fd9-4002-8b04-107d4ddae78a/12.db884a3c-c533-44b7-bb2d-47bec8ad4022</classId>
            <processId isNull="true" />
            <actionflowId isNull="true" />
            <isAdaptive>false</isAdaptive>
            <seq>13</seq>
            <description>tw.resource.DocumentList.BPMFileDropzoneDOConFileRemFuncName</description>
            <groupName>tw.resource.DocumentList.zCommonGRPEvents</groupName>
            <guid>937de929-4e24-4c41-b4ed-0f1de664d464</guid>
            <versionId>a0c56ee4-ba4d-4169-83bd-d90ad49fe7bc</versionId>
        </configOption>
        <configOption name="onuploadOkFunctionName">
            <lastModified isNull="true" />
            <lastModifiedBy isNull="true" />
            <coachViewConfigOptionId>66.83abbd52-f09c-49f0-9a41-695aef7f579f</coachViewConfigOptionId>
            <coachViewId>64.573e64c9-fe7f-4ee3-92d7-286f6d7e00f9</coachViewId>
            <isList>false</isList>
            <propertyType>EVENT</propertyType>
            <label>tw.resource.DocumentList.BPMFileDropzoneLBLonuploadOkFuncName</label>
            <classId>f1e96cc6-5fd9-4002-8b04-107d4ddae78a/12.db884a3c-c533-44b7-bb2d-47bec8ad4022</classId>
            <processId isNull="true" />
            <actionflowId isNull="true" />
            <isAdaptive>false</isAdaptive>
            <seq>14</seq>
            <description>tw.resource.DocumentList.BPMFileDropzoneDOConuploadOkFuncName</description>
            <groupName>tw.resource.DocumentList.zCommonGRPEvents</groupName>
            <guid>df66827d-5eeb-419b-a045-b76edfca912f</guid>
            <versionId>7a4ead6f-ce34-4db1-9097-556a517e8c3a</versionId>
        </configOption>
        <configOption name="onuploadErrFunctionName">
            <lastModified isNull="true" />
            <lastModifiedBy isNull="true" />
            <coachViewConfigOptionId>66.7b4a0132-c1d0-4417-be73-31c594d00acb</coachViewConfigOptionId>
            <coachViewId>64.573e64c9-fe7f-4ee3-92d7-286f6d7e00f9</coachViewId>
            <isList>false</isList>
            <propertyType>EVENT</propertyType>
            <label>tw.resource.DocumentList.BPMFileDropzoneLBLonuploadErrFuncnName</label>
            <classId>f1e96cc6-5fd9-4002-8b04-107d4ddae78a/12.db884a3c-c533-44b7-bb2d-47bec8ad4022</classId>
            <processId isNull="true" />
            <actionflowId isNull="true" />
            <isAdaptive>false</isAdaptive>
            <seq>15</seq>
            <description>tw.resource.DocumentList.BPMFileDropzoneDOConuploadErrFuncName</description>
            <groupName>tw.resource.DocumentList.zCommonGRPEvents</groupName>
            <guid>f398988e-b2e8-4428-b9dd-2d4ed529c6fc</guid>
            <versionId>922f15c0-1558-49c0-9f3b-30eaae4df768</versionId>
        </configOption>
        <dynamicStyle>
            <lastModified isNull="true" />
            <lastModifiedBy isNull="true" />
            <coachViewDynamicStyleId>73.2cbdd433-60b2-47de-ba41-e1bb9b78cf9a</coachViewDynamicStyleId>
            <coachViewId>64.573e64c9-fe7f-4ee3-92d7-286f6d7e00f9</coachViewId>
            <filePath>bpmUI.less</filePath>
            <assetUuid>f496ca18-836b-46b7-8846-85b2ee01f7eb/61.26865295-8511-4538-b8f1-4cb99c203a92</assetUuid>
            <seq>0</seq>
            <guid>b625a132-5299-4b26-94d7-17a9083b2133</guid>
            <versionId>a0cd5ef4-ea1d-4ba4-9918-8901dfae32cb</versionId>
        </dynamicStyle>
        <resource>
            <lastModified isNull="true" />
            <lastModifiedBy isNull="true" />
            <coachViewResourceId>67.b1aa915b-6378-4a9c-90fd-3faaede9d1b9</coachViewResourceId>
            <coachViewId>64.573e64c9-fe7f-4ee3-92d7-286f6d7e00f9</coachViewId>
            <filePath>css/dropzone.css</filePath>
            <ieCondition isNull="true" />
            <mediaQuery isNull="true" />
            <scriptLoadStyle isNull="true" />
            <assetUuid>f496ca18-836b-46b7-8846-85b2ee01f7eb/61.36061282-9bd6-47da-8b6d-9531c3f5ea15</assetUuid>
            <seq>0</seq>
            <guid>c3fe3816-f3e9-440a-94e5-d7a02c963a23</guid>
            <versionId>dd05e7eb-bc7a-4727-a3cd-15ee11e73d15</versionId>
        </resource>
        <resource>
            <lastModified isNull="true" />
            <lastModifiedBy isNull="true" />
            <coachViewResourceId>67.565f8fd6-2c04-48f7-8ffd-c8da3525b008</coachViewResourceId>
            <coachViewId>64.573e64c9-fe7f-4ee3-92d7-286f6d7e00f9</coachViewId>
            <filePath>loader.js</filePath>
            <ieCondition isNull="true" />
            <mediaQuery isNull="true" />
            <scriptLoadStyle isNull="true" />
            <assetUuid>f496ca18-836b-46b7-8846-85b2ee01f7eb/61.36061282-9bd6-47da-8b6d-9531c3f5ea15</assetUuid>
            <seq>1</seq>
            <guid>1d0ab4c6-556b-4483-b820-942cfb4b3b9d</guid>
            <versionId>4fd81018-be03-41ad-be44-118f0eaf6fa5</versionId>
        </resource>
        <resource>
            <lastModified isNull="true" />
            <lastModifiedBy isNull="true" />
            <coachViewResourceId>67.ca43b80b-3831-4ba1-807b-650a0b58f8e1</coachViewResourceId>
            <coachViewId>64.573e64c9-fe7f-4ee3-92d7-286f6d7e00f9</coachViewId>
            <filePath>BPMExt-Core.js</filePath>
            <ieCondition isNull="true" />
            <mediaQuery isNull="true" />
            <scriptLoadStyle isNull="true" />
            <assetUuid>f496ca18-836b-46b7-8846-85b2ee01f7eb/61.22dc2e36-11ce-4cd6-a6e8-24201237f10d</assetUuid>
            <seq>2</seq>
            <guid>02e7dcda-8c4b-4075-89e6-c21390894b04</guid>
            <versionId>12524d6a-a94c-4807-9ba8-72e2c712f2a6</versionId>
        </resource>
        <resource>
            <lastModified isNull="true" />
            <lastModifiedBy isNull="true" />
            <coachViewResourceId>67.a8eec966-ede7-4f39-8431-9bdc0b5eab01</coachViewResourceId>
            <coachViewId>64.573e64c9-fe7f-4ee3-92d7-286f6d7e00f9</coachViewId>
            <filePath isNull="true" />
            <ieCondition isNull="true" />
            <mediaQuery isNull="true" />
            <scriptLoadStyle isNull="true" />
            <assetUuid>/61.1da7388e-22ac-47ea-80ad-d7e164937240</assetUuid>
            <seq>3</seq>
            <guid>cfb6ffae-2f24-46c7-838b-d20b80bfb3d2</guid>
            <versionId>54175768-6a31-4ee6-8bc7-23e69fd8d068</versionId>
        </resource>
        <inlineScript name="Inline CSS">
            <lastModified isNull="true" />
            <lastModifiedBy isNull="true" />
            <coachViewInlineScriptId>68.ddef9298-1b72-4dbb-af3b-9480767a452d</coachViewInlineScriptId>
            <coachViewId>64.573e64c9-fe7f-4ee3-92d7-286f6d7e00f9</coachViewId>
            <scriptType>CSS</scriptType>
            <scriptBlock isNull="true" />
            <seq>0</seq>
            <description isNull="true" />
            <guid>5dc9717d-e652-496b-aac5-f6573afe1416</guid>
            <versionId>692e6490-1b78-4883-8e22-b54147914216</versionId>
        </inlineScript>
        <inlineScript name="Inline Javascript">
            <lastModified isNull="true" />
            <lastModifiedBy isNull="true" />
            <coachViewInlineScriptId>68.b01b5346-6f5c-4e51-bfa8-7025f96ada9f</coachViewInlineScriptId>
            <coachViewId>64.573e64c9-fe7f-4ee3-92d7-286f6d7e00f9</coachViewId>
            <scriptType>JS</scriptType>
            <scriptBlock>bpmext_control_InitBPMFileDropzone.call(this, iframe, domAttr, domClass, domConstruct, utilities, bpmext, Dropzone, "Dropzone");</scriptBlock>
            <seq>1</seq>
            <description isNull="true" />
            <guid>cca692a8-ab15-47a2-bb9f-7eb8ba6faf3c</guid>
            <versionId>7983c898-0fda-476c-be66-b4ac2fa49dd2</versionId>
        </inlineScript>
        <inlineScript name="Header HTML">
            <lastModified isNull="true" />
            <lastModifiedBy isNull="true" />
            <coachViewInlineScriptId>68.4010aec1-6785-48fc-be14-9b795484cca9</coachViewInlineScriptId>
            <coachViewId>64.573e64c9-fe7f-4ee3-92d7-286f6d7e00f9</coachViewId>
            <scriptType>HTML</scriptType>
            <scriptBlock isNull="true" />
            <seq>2</seq>
            <description isNull="true" />
            <guid>1d9b385f-6c2e-450f-be80-4aa82d41c9ff</guid>
            <versionId>e3600dcf-a761-466a-b6d8-032d722380c6</versionId>
        </inlineScript>
        <localization>
            <lastModified isNull="true" />
            <lastModifiedBy isNull="true" />
            <coachViewLocalResId>69.d7b33920-d294-4c65-9ec5-aa064b65604c</coachViewLocalResId>
            <coachViewId>64.573e64c9-fe7f-4ee3-92d7-286f6d7e00f9</coachViewId>
            <resourceBundleGroupId>/50.05a87f6e-92f1-49f0-9cd4-d66479a5ea46</resourceBundleGroupId>
            <seq>0</seq>
            <guid>b219104a-f42f-46e6-879c-64bcfd34f6e3</guid>
            <versionId>899f0f17-f5d3-48a8-8c27-58446f0e6936</versionId>
        </localization>
        <amdDependency>
            <lastModified isNull="true" />
            <lastModifiedBy isNull="true" />
            <coachViewAmdDepId>70.381277fe-aa8f-416d-9a9b-ae7101946b31</coachViewAmdDepId>
            <coachViewId>64.573e64c9-fe7f-4ee3-92d7-286f6d7e00f9</coachViewId>
            <moduleId>dojo/request/iframe</moduleId>
            <functionArgument>iframe</functionArgument>
            <seq>0</seq>
            <guid>f8ccf372-fca5-4099-81b4-ac5f9027cae6</guid>
            <versionId>c9b3d4fd-f16b-44b4-915e-bc0bdfe6945e</versionId>
        </amdDependency>
        <amdDependency>
            <lastModified isNull="true" />
            <lastModifiedBy isNull="true" />
            <coachViewAmdDepId>70.d087f5d2-3fa8-43d3-acbc-65ecbd149303</coachViewAmdDepId>
            <coachViewId>64.573e64c9-fe7f-4ee3-92d7-286f6d7e00f9</coachViewId>
            <moduleId>dojo/dom-attr</moduleId>
            <functionArgument>domAttr</functionArgument>
            <seq>1</seq>
            <guid>5c036065-0646-4e37-a238-7ce74cdabcb9</guid>
            <versionId>b1c82e1e-41a4-4d1a-9d02-ebf583664dfc</versionId>
        </amdDependency>
        <amdDependency>
            <lastModified isNull="true" />
            <lastModifiedBy isNull="true" />
            <coachViewAmdDepId>70.d7f68b1b-b4d4-4191-9ca6-271d4e9f7714</coachViewAmdDepId>
            <coachViewId>64.573e64c9-fe7f-4ee3-92d7-286f6d7e00f9</coachViewId>
            <moduleId>dojo/dom-class</moduleId>
            <functionArgument>domClass</functionArgument>
            <seq>2</seq>
            <guid>9b2a200d-3887-41b3-967a-e4553c52d67d</guid>
            <versionId>bf9b050d-cbde-4375-b131-098f6935d4a7</versionId>
        </amdDependency>
        <amdDependency>
            <lastModified isNull="true" />
            <lastModifiedBy isNull="true" />
            <coachViewAmdDepId>70.c27ca2e0-0af0-485c-a4c6-17da5cd63d09</coachViewAmdDepId>
            <coachViewId>64.573e64c9-fe7f-4ee3-92d7-286f6d7e00f9</coachViewId>
            <moduleId>dojo/dom-construct</moduleId>
            <functionArgument>domConstruct</functionArgument>
            <seq>3</seq>
            <guid>d18b2bec-53f3-461d-a821-cfd592c9485a</guid>
            <versionId>661f198d-2177-4092-b388-6040d3610273</versionId>
        </amdDependency>
        <amdDependency>
            <lastModified isNull="true" />
            <lastModifiedBy isNull="true" />
            <coachViewAmdDepId>70.826ad5a8-c705-4027-857a-f13f192349dc</coachViewAmdDepId>
            <coachViewId>64.573e64c9-fe7f-4ee3-92d7-286f6d7e00f9</coachViewId>
            <moduleId>com.ibm.bpm.coach.utils/utilities</moduleId>
            <functionArgument>utilities</functionArgument>
            <seq>4</seq>
            <guid>f206961b-0173-42f5-b60b-669744a25fa3</guid>
            <versionId>c777bc5f-3307-4db4-beff-42be2f1a3fd2</versionId>
        </amdDependency>
        <amdDependency>
            <lastModified isNull="true" />
            <lastModifiedBy isNull="true" />
            <coachViewAmdDepId>70.a07880eb-ae1e-4f33-8651-28d220d73a09</coachViewAmdDepId>
            <coachViewId>64.573e64c9-fe7f-4ee3-92d7-286f6d7e00f9</coachViewId>
            <moduleId>com.salientprocess.bpm.views.lib.dropzone/main</moduleId>
            <functionArgument>Dropzone</functionArgument>
            <seq>5</seq>
            <guid>ec9ceeca-4b16-45ed-9c56-3002f1f82415</guid>
            <versionId>dc2438e7-eff7-44ab-b5c9-ad4b3b047407</versionId>
        </amdDependency>
    </coachView>
</teamworks>

