<?xml version="1.0" encoding="UTF-8"?>
<teamworks>
    <coachView id="64.6347e87c-3274-484f-a075-b4c325db8146" name="ECM File Uploader">
        <lastModified>1496085828102</lastModified>
        <lastModifiedBy>tw_admin</lastModifiedBy>
        <coachViewId>64.6347e87c-3274-484f-a075-b4c325db8146</coachViewId>
        <isTemplate>false</isTemplate>
        <layout>&lt;?xml version="1.0" encoding="UTF-8" standalone="yes"?&gt;&lt;ns2:layout xmlns:ns2="http://www.ibm.com/bpm/CoachDesignerNG" xmlns:ns3="http://www.ibm.com/bpm/coachview"/&gt;</layout>
        <paletteIcon>/61.9903beb7-6feb-4a97-aa41-8ea44e049454</paletteIcon>
        <previewImage>/61.b3983fa6-231d-4666-b3eb-70e49c3a2fa0</previewImage>
        <hasLabel>true</hasLabel>
        <labelPosition>4</labelPosition>
        <nineSliceX1Coord>38</nineSliceX1Coord>
        <nineSliceX2Coord>94</nineSliceX2Coord>
        <nineSliceY1Coord>5</nineSliceY1Coord>
        <nineSliceY2Coord>26</nineSliceY2Coord>
        <emitBoundary>false</emitBoundary>
        <isPrototypeFunc>true</isPrototypeFunc>
        <enableDevMode>false</enableDevMode>
        <isMobileReady>true</isMobileReady>
        <loadJsFunction isNull="true" />
        <unloadJsFunction isNull="true" />
        <viewJsFunction isNull="true" />
        <changeJsFunction isNull="true" />
        <collaborationJsFunction isNull="true" />
        <description>&lt;HTML&gt;&lt;HEAD&gt;&#xD;
&lt;STYLE type=text/css&gt; p{margin:0px;}&lt;/STYLE&gt;&#xD;
&lt;/HEAD&gt;&#xD;
&lt;BODY style="FONT-SIZE: 10pt; FONT-FAMILY: arial" bgColor=#f5f5f5&gt;&#xD;
&lt;P&gt;The ECM File Uploader control allows the user to select and upload a file from their computer. The file can be given specific properties and can be targeted to a particular ECM folder. &lt;/P&gt;&lt;/BODY&gt;&lt;/HTML&gt;</description>
        <validateJsFunction isNull="true" />
        <previewAdvHtml isNull="true" />
        <previewAdvJs isNull="true" />
        <useUrlBinding>false</useUrlBinding>
        <guid>c91c35a9-d0df-4b30-a897-ac22efb4f2f5</guid>
        <versionId>02c5bc3b-ee40-4c3a-b2fe-9cd86a6fb2aa</versionId>
        <field1 isNull="true" />
        <field2 isNull="true" />
        <field3>0</field3>
        <field4 isNull="true" />
        <field5>false</field5>
        <clobField1 isNull="true" />
        <configOption name="expression">
            <lastModified isNull="true" />
            <lastModifiedBy isNull="true" />
            <coachViewConfigOptionId>66.e2b2c0df-b1f9-4d59-aed3-27e10abb5584</coachViewConfigOptionId>
            <coachViewId>64.6347e87c-3274-484f-a075-b4c325db8146</coachViewId>
            <isList>false</isList>
            <propertyType>EVENT</propertyType>
            <label>tw.resource.DocumentList.ECMFileUploaderLBLexpression</label>
            <classId>f1e96cc6-5fd9-4002-8b04-107d4ddae78a/12.db884a3c-c533-44b7-bb2d-47bec8ad4022</classId>
            <processId isNull="true" />
            <actionflowId isNull="true" />
            <isAdaptive>false</isAdaptive>
            <seq>0</seq>
            <description>tw.resource.DocumentList.ECMFileUploaderDOCexpression</description>
            <groupName>tw.resource.DocumentList.zCommonGRPFormula</groupName>
            <guid>948d0f37-5edc-4d8d-9b51-1ec66fe7bd46</guid>
            <versionId>19e901c8-2c37-49e0-8807-ca4efbe91730</versionId>
        </configOption>
        <configOption name="uploadProperties">
            <lastModified isNull="true" />
            <lastModifiedBy isNull="true" />
            <coachViewConfigOptionId>66.700cf84a-2ef8-4de9-b942-c5693f664fce</coachViewConfigOptionId>
            <coachViewId>64.6347e87c-3274-484f-a075-b4c325db8146</coachViewId>
            <isList>true</isList>
            <propertyType>OBJECT</propertyType>
            <label>tw.resource.DocumentList.ECMFileUploaderLBLuploadProperties</label>
            <classId>f1e96cc6-5fd9-4002-8b04-107d4ddae78a/12.d2e5a15a-ea53-4793-9e93-29af5bd80b13</classId>
            <processId isNull="true" />
            <actionflowId isNull="true" />
            <isAdaptive>false</isAdaptive>
            <seq>1</seq>
            <description>tw.resource.DocumentList.ECMFileUploaderDOCuploadProperties</description>
            <groupName>tw.resource.DocumentList.zCommonGRPContentManagement</groupName>
            <guid>4634294d-7657-4e69-a30f-c18fbe0387e0</guid>
            <versionId>ebd9495a-bf92-403e-bd7e-1851a426589a</versionId>
        </configOption>
        <configOption name="ecmServerConfigurationName">
            <lastModified isNull="true" />
            <lastModifiedBy isNull="true" />
            <coachViewConfigOptionId>66.8339a29b-5a3e-4ced-b1f1-bec9f59dc0b9</coachViewConfigOptionId>
            <coachViewId>64.6347e87c-3274-484f-a075-b4c325db8146</coachViewId>
            <isList>false</isList>
            <propertyType>OBJECT</propertyType>
            <label>tw.resource.DocumentList.ECMFileUploaderLBLecmServerConfigName</label>
            <classId>f1e96cc6-5fd9-4002-8b04-107d4ddae78a/12.db884a3c-c533-44b7-bb2d-47bec8ad4022</classId>
            <processId isNull="true" />
            <actionflowId isNull="true" />
            <isAdaptive>false</isAdaptive>
            <seq>2</seq>
            <description>tw.resource.DocumentList.ECMFileUploaderDOCecmServerConfigName</description>
            <groupName>tw.resource.DocumentList.ECMFileUploaderGRPContentManagementAdv</groupName>
            <guid>38d84560-d313-493e-8e79-98c85a1ec104</guid>
            <versionId>e1e89d80-7824-41f8-bf54-212976d3e52d</versionId>
        </configOption>
        <configOption name="folderPath">
            <lastModified isNull="true" />
            <lastModifiedBy isNull="true" />
            <coachViewConfigOptionId>66.f954c627-7701-4b3c-b65a-6fc737cb41da</coachViewConfigOptionId>
            <coachViewId>64.6347e87c-3274-484f-a075-b4c325db8146</coachViewId>
            <isList>false</isList>
            <propertyType>OBJECT</propertyType>
            <label>tw.resource.DocumentList.ECMFileUploaderLBLfolderPath</label>
            <classId>f1e96cc6-5fd9-4002-8b04-107d4ddae78a/12.db884a3c-c533-44b7-bb2d-47bec8ad4022</classId>
            <processId isNull="true" />
            <actionflowId isNull="true" />
            <isAdaptive>false</isAdaptive>
            <seq>3</seq>
            <description>tw.resource.DocumentList.ECMFileUploaderDOCfolderPath</description>
            <groupName>tw.resource.DocumentList.ECMFileUploaderGRPContentManagementAdv</groupName>
            <guid>cb47ead4-63db-4e49-bdc7-2b585564d0b6</guid>
            <versionId>8168a35c-b1af-4ebf-96c3-050c48a19fd4</versionId>
        </configOption>
        <configOption name="customDocumentObjectTypeId">
            <lastModified isNull="true" />
            <lastModifiedBy isNull="true" />
            <coachViewConfigOptionId>66.2a3d3f69-2abe-4e15-aff4-c9f6b5b04f6d</coachViewConfigOptionId>
            <coachViewId>64.6347e87c-3274-484f-a075-b4c325db8146</coachViewId>
            <isList>false</isList>
            <propertyType>OBJECT</propertyType>
            <label>tw.resource.DocumentList.ECMFileUploaderLBLcustomDocObjTypeId</label>
            <classId>f1e96cc6-5fd9-4002-8b04-107d4ddae78a/12.db884a3c-c533-44b7-bb2d-47bec8ad4022</classId>
            <processId isNull="true" />
            <actionflowId isNull="true" />
            <isAdaptive>false</isAdaptive>
            <seq>4</seq>
            <description>tw.resource.DocumentList.ECMFileUploaderDOCcustomDocObjTypeId</description>
            <groupName>tw.resource.DocumentList.ECMFileUploaderGRPContentManagementAdv</groupName>
            <guid>837c11a7-30c0-4b6e-8e1f-9a0a6a61ea17</guid>
            <versionId>d9c6f230-9978-4592-80b4-ac4dbd07bedd</versionId>
        </configOption>
        <configOption name="maxFileSize">
            <lastModified isNull="true" />
            <lastModifiedBy isNull="true" />
            <coachViewConfigOptionId>66.cf0dbf43-c0f6-40f3-959d-fe7afd3e64d1</coachViewConfigOptionId>
            <coachViewId>64.6347e87c-3274-484f-a075-b4c325db8146</coachViewId>
            <isList>false</isList>
            <propertyType>OBJECT</propertyType>
            <label>tw.resource.DocumentList.ECMFileUploaderLBLmaxFileSize</label>
            <classId>f1e96cc6-5fd9-4002-8b04-107d4ddae78a/12.536b2aa5-a30f-4eca-87fa-3a28066753ee</classId>
            <processId isNull="true" />
            <actionflowId isNull="true" />
            <isAdaptive>false</isAdaptive>
            <seq>5</seq>
            <description>tw.resource.DocumentList.ECMFileUploaderDOCmaxFileSize</description>
            <groupName>tw.resource.DocumentList.zCommonGRPBehavior</groupName>
            <guid>31fc1d81-7288-44c0-91f6-f0ebb9460aa9</guid>
            <versionId>7681d6a7-baf4-48eb-aaed-eea766f5048d</versionId>
        </configOption>
        <configOption name="autoUpload">
            <lastModified isNull="true" />
            <lastModifiedBy isNull="true" />
            <coachViewConfigOptionId>66.617870f0-6638-4d9f-9ab2-c710b1084460</coachViewConfigOptionId>
            <coachViewId>64.6347e87c-3274-484f-a075-b4c325db8146</coachViewId>
            <isList>false</isList>
            <propertyType>OBJECT</propertyType>
            <label>tw.resource.DocumentList.ECMFileUploaderLBLautoUpload</label>
            <classId>f1e96cc6-5fd9-4002-8b04-107d4ddae78a/12.83ff975e-8dbc-42e5-b738-fa8bc08274a2</classId>
            <processId isNull="true" />
            <actionflowId isNull="true" />
            <isAdaptive>false</isAdaptive>
            <seq>6</seq>
            <description>tw.resource.DocumentList.ECMFileUploaderDOCautoUpload</description>
            <groupName>tw.resource.DocumentList.zCommonGRPBehavior</groupName>
            <guid>c809ae53-3c2c-4c08-b886-6552fbcb3c11</guid>
            <versionId>5e1502fd-304b-41ef-ac52-a832e2a203cc</versionId>
        </configOption>
        <configOption name="allowableFileTypes">
            <lastModified isNull="true" />
            <lastModifiedBy isNull="true" />
            <coachViewConfigOptionId>66.822b146f-cc75-46d7-8fe0-17b764f1f1d8</coachViewConfigOptionId>
            <coachViewId>64.6347e87c-3274-484f-a075-b4c325db8146</coachViewId>
            <isList>true</isList>
            <propertyType>OBJECT</propertyType>
            <label>tw.resource.DocumentList.ECMFileUploaderLBLallowableFileTypes</label>
            <classId>/12.40cf4f02-436a-4056-a909-fd32603ba3df</classId>
            <processId isNull="true" />
            <actionflowId isNull="true" />
            <isAdaptive>false</isAdaptive>
            <seq>7</seq>
            <description>tw.resource.DocumentList.ECMFileUploaderDOCallowableFileTypes</description>
            <groupName>tw.resource.DocumentList.zCommonGRPBehavior</groupName>
            <guid>eb7c2a30-ed88-4045-84cd-d4a4fa061c81</guid>
            <versionId>d37f1b4b-9c92-4039-8b37-12128916627d</versionId>
        </configOption>
        <configOption name="colorStyle">
            <lastModified isNull="true" />
            <lastModifiedBy isNull="true" />
            <coachViewConfigOptionId>66.8b7c65d4-45a8-474c-8a77-1ecb050d333c</coachViewConfigOptionId>
            <coachViewId>64.6347e87c-3274-484f-a075-b4c325db8146</coachViewId>
            <isList>false</isList>
            <propertyType>OBJECT</propertyType>
            <label>tw.resource.DocumentList.ECMFileUploaderLBLcolorStyle</label>
            <classId>f496ca18-836b-46b7-8846-85b2ee01f7eb/12.94510c84-2ee1-4487-a1df-006aac6f1918</classId>
            <processId isNull="true" />
            <actionflowId isNull="true" />
            <isAdaptive>false</isAdaptive>
            <seq>8</seq>
            <description>tw.resource.DocumentList.ECMFileUploaderDOCcolorStyle</description>
            <groupName>tw.resource.DocumentList.zCommonGRPAppearance</groupName>
            <guid>efba4e97-8185-45d2-b45c-bb875f7e644d</guid>
            <versionId>917de456-1ee1-4236-ac0f-2b1318648492</versionId>
        </configOption>
        <configOption name="shapeStyle">
            <lastModified isNull="true" />
            <lastModifiedBy isNull="true" />
            <coachViewConfigOptionId>66.f73bb78a-5ad5-4045-9fc6-22a87fd7fa0a</coachViewConfigOptionId>
            <coachViewId>64.6347e87c-3274-484f-a075-b4c325db8146</coachViewId>
            <isList>false</isList>
            <propertyType>OBJECT</propertyType>
            <label>tw.resource.DocumentList.ECMFileUploaderLBLshapeStyle</label>
            <classId>f496ca18-836b-46b7-8846-85b2ee01f7eb/12.203ff638-a153-4d69-8b87-d9ea008a55a3</classId>
            <processId isNull="true" />
            <actionflowId isNull="true" />
            <isAdaptive>false</isAdaptive>
            <seq>9</seq>
            <description>tw.resource.DocumentList.ECMFileUploaderDOCshapeStyle</description>
            <groupName>tw.resource.DocumentList.zCommonGRPAppearance</groupName>
            <guid>a2b21ccc-0296-438a-a5e3-2978db621ecc</guid>
            <versionId>69344159-e8e4-47ae-9323-42e950f205ea</versionId>
        </configOption>
        <configOption name="sizeStyle">
            <lastModified isNull="true" />
            <lastModifiedBy isNull="true" />
            <coachViewConfigOptionId>66.aa660644-20d8-4373-b8ae-b6850eadcb14</coachViewConfigOptionId>
            <coachViewId>64.6347e87c-3274-484f-a075-b4c325db8146</coachViewId>
            <isList>false</isList>
            <propertyType>OBJECT</propertyType>
            <label>tw.resource.DocumentList.ECMFileUploaderLBLsizeStyle</label>
            <classId>f496ca18-836b-46b7-8846-85b2ee01f7eb/12.6350f376-b985-4eb6-835e-25b425fc6936</classId>
            <processId isNull="true" />
            <actionflowId isNull="true" />
            <isAdaptive>false</isAdaptive>
            <seq>10</seq>
            <description>tw.resource.DocumentList.ECMFileUploaderDOCsizeStyle</description>
            <groupName>tw.resource.DocumentList.zCommonGRPAppearance</groupName>
            <guid>2d4a3866-7e82-4fc1-a1d6-0b30c3a436ac</guid>
            <versionId>0499a0ad-1649-4600-ac10-178d70a4f5d9</versionId>
        </configOption>
        <configOption name="outline">
            <lastModified isNull="true" />
            <lastModifiedBy isNull="true" />
            <coachViewConfigOptionId>66.a2911d62-bcea-4b28-a003-42bf9059d58d</coachViewConfigOptionId>
            <coachViewId>64.6347e87c-3274-484f-a075-b4c325db8146</coachViewId>
            <isList>false</isList>
            <propertyType>OBJECT</propertyType>
            <label>tw.resource.DocumentList.ECMFileUploaderLBLoutline</label>
            <classId>f1e96cc6-5fd9-4002-8b04-107d4ddae78a/12.83ff975e-8dbc-42e5-b738-fa8bc08274a2</classId>
            <processId isNull="true" />
            <actionflowId isNull="true" />
            <isAdaptive>false</isAdaptive>
            <seq>11</seq>
            <description>tw.resource.DocumentList.ECMFileUploaderDOCoutline</description>
            <groupName>tw.resource.DocumentList.zCommonGRPAppearance</groupName>
            <guid>90b40cf2-4311-470a-a223-545d73444051</guid>
            <versionId>6480edec-067e-41b7-a1ca-3b35853bb945</versionId>
        </configOption>
        <configOption name="icon">
            <lastModified isNull="true" />
            <lastModifiedBy isNull="true" />
            <coachViewConfigOptionId>66.98e354c6-2e30-4483-abc0-3eaa15595ceb</coachViewConfigOptionId>
            <coachViewId>64.6347e87c-3274-484f-a075-b4c325db8146</coachViewId>
            <isList>false</isList>
            <propertyType>OBJECT</propertyType>
            <label>tw.resource.DocumentList.ECMFileUploaderLBLicon</label>
            <classId>f1e96cc6-5fd9-4002-8b04-107d4ddae78a/12.db884a3c-c533-44b7-bb2d-47bec8ad4022</classId>
            <processId isNull="true" />
            <actionflowId isNull="true" />
            <isAdaptive>false</isAdaptive>
            <seq>12</seq>
            <description>tw.resource.DocumentList.ECMFileUploaderDOCicon</description>
            <groupName>tw.resource.DocumentList.zCommonGRPAppearance</groupName>
            <guid>ac50baff-1d3c-475a-b180-d2313a4a7f5b</guid>
            <versionId>8955c24f-f2f0-4b21-92c8-5611806b57c9</versionId>
        </configOption>
        <configOption name="hideBrowse">
            <lastModified isNull="true" />
            <lastModifiedBy isNull="true" />
            <coachViewConfigOptionId>66.8d555156-1c72-431a-ad43-09efe013a4f7</coachViewConfigOptionId>
            <coachViewId>64.6347e87c-3274-484f-a075-b4c325db8146</coachViewId>
            <isList>false</isList>
            <propertyType>OBJECT</propertyType>
            <label>tw.resource.DocumentList.ECMFileUploaderLBLhideBrowse</label>
            <classId>f1e96cc6-5fd9-4002-8b04-107d4ddae78a/12.83ff975e-8dbc-42e5-b738-fa8bc08274a2</classId>
            <processId isNull="true" />
            <actionflowId isNull="true" />
            <isAdaptive>false</isAdaptive>
            <seq>13</seq>
            <description>tw.resource.DocumentList.ECMFileUploaderDOChideBrowse</description>
            <groupName>tw.resource.DocumentList.zCommonGRPAppearance</groupName>
            <guid>271eab22-c555-47f7-ba30-3e8625299290</guid>
            <versionId>f16ffd48-114e-4492-954b-1783b8b5d0aa</versionId>
        </configOption>
        <configOption name="hideFileName">
            <lastModified isNull="true" />
            <lastModifiedBy isNull="true" />
            <coachViewConfigOptionId>66.f4792de8-707e-4549-bcd3-616a3da318ac</coachViewConfigOptionId>
            <coachViewId>64.6347e87c-3274-484f-a075-b4c325db8146</coachViewId>
            <isList>false</isList>
            <propertyType>OBJECT</propertyType>
            <label>tw.resource.DocumentList.ECMFileUploaderLBLhideFileName</label>
            <classId>f1e96cc6-5fd9-4002-8b04-107d4ddae78a/12.83ff975e-8dbc-42e5-b738-fa8bc08274a2</classId>
            <processId isNull="true" />
            <actionflowId isNull="true" />
            <isAdaptive>false</isAdaptive>
            <seq>14</seq>
            <description>tw.resource.DocumentList.ECMFileUploaderDOChideFileName</description>
            <groupName>tw.resource.DocumentList.zCommonGRPAppearance</groupName>
            <guid>5dca1a85-b891-4395-ba5a-2584ff4c6716</guid>
            <versionId>3f110969-ef76-4e64-ad68-4d136c44834b</versionId>
        </configOption>
        <configOption name="onloadFunctionName">
            <lastModified isNull="true" />
            <lastModifiedBy isNull="true" />
            <coachViewConfigOptionId>66.18d7eac4-f068-4c91-b839-fd88149527aa</coachViewConfigOptionId>
            <coachViewId>64.6347e87c-3274-484f-a075-b4c325db8146</coachViewId>
            <isList>false</isList>
            <propertyType>EVENT</propertyType>
            <label>tw.resource.DocumentList.ECMFileUploaderLBLonloadFunctionName</label>
            <classId>f1e96cc6-5fd9-4002-8b04-107d4ddae78a/12.db884a3c-c533-44b7-bb2d-47bec8ad4022</classId>
            <processId isNull="true" />
            <actionflowId isNull="true" />
            <isAdaptive>false</isAdaptive>
            <seq>15</seq>
            <description>tw.resource.DocumentList.ECMFileUploaderDOConloadFunctionName</description>
            <groupName>tw.resource.DocumentList.zCommonGRPEvents</groupName>
            <guid>6bb8b8c7-c0c3-43bf-bcc1-7e7da9778455</guid>
            <versionId>995040f6-a097-4bbf-89af-db07f3b7bd03</versionId>
        </configOption>
        <configOption name="onFileAddedFunctionName">
            <lastModified isNull="true" />
            <lastModifiedBy isNull="true" />
            <coachViewConfigOptionId>66.7f9f5442-291e-4f67-a00d-3ad04b357a0e</coachViewConfigOptionId>
            <coachViewId>64.6347e87c-3274-484f-a075-b4c325db8146</coachViewId>
            <isList>false</isList>
            <propertyType>EVENT</propertyType>
            <label>tw.resource.DocumentList.ECMFileUploaderLBLonFileAddedFuncName</label>
            <classId>f1e96cc6-5fd9-4002-8b04-107d4ddae78a/12.db884a3c-c533-44b7-bb2d-47bec8ad4022</classId>
            <processId isNull="true" />
            <actionflowId isNull="true" />
            <isAdaptive>false</isAdaptive>
            <seq>16</seq>
            <description>tw.resource.DocumentList.ECMFileUploaderDOConFileAddedFuncName</description>
            <groupName>tw.resource.DocumentList.zCommonGRPEvents</groupName>
            <guid>55a0dcf3-4c9f-4f8d-b589-ae5aac05070f</guid>
            <versionId>1e676714-c16f-4b3e-ba7e-5009e5406352</versionId>
        </configOption>
        <configOption name="onuploadOkFunctionName">
            <lastModified isNull="true" />
            <lastModifiedBy isNull="true" />
            <coachViewConfigOptionId>66.faca064a-018f-476e-be17-821f384ddf6b</coachViewConfigOptionId>
            <coachViewId>64.6347e87c-3274-484f-a075-b4c325db8146</coachViewId>
            <isList>false</isList>
            <propertyType>EVENT</propertyType>
            <label>tw.resource.DocumentList.ECMFileUploaderLBLonuploadOkFuncName</label>
            <classId>f1e96cc6-5fd9-4002-8b04-107d4ddae78a/12.db884a3c-c533-44b7-bb2d-47bec8ad4022</classId>
            <processId isNull="true" />
            <actionflowId isNull="true" />
            <isAdaptive>false</isAdaptive>
            <seq>17</seq>
            <description>tw.resource.DocumentList.ECMFileUploaderDOConuploadOkFuncName</description>
            <groupName>tw.resource.DocumentList.zCommonGRPEvents</groupName>
            <guid>b47e06b6-6abd-450c-b6b5-39eb9381345a</guid>
            <versionId>9fc26689-6cd2-4be2-8eb1-dcbfcad58f1c</versionId>
        </configOption>
        <configOption name="onuploadErrFunctionName">
            <lastModified isNull="true" />
            <lastModifiedBy isNull="true" />
            <coachViewConfigOptionId>66.da366ff4-ffa8-479c-9c94-e9b61b8d9a45</coachViewConfigOptionId>
            <coachViewId>64.6347e87c-3274-484f-a075-b4c325db8146</coachViewId>
            <isList>false</isList>
            <propertyType>EVENT</propertyType>
            <label>tw.resource.DocumentList.ECMFileUploaderLBLonuploadErrFuncName</label>
            <classId>f1e96cc6-5fd9-4002-8b04-107d4ddae78a/12.db884a3c-c533-44b7-bb2d-47bec8ad4022</classId>
            <processId isNull="true" />
            <actionflowId isNull="true" />
            <isAdaptive>false</isAdaptive>
            <seq>18</seq>
            <description>tw.resource.DocumentList.ECMFileUploaderDOConuploadErrFuncName</description>
            <groupName>tw.resource.DocumentList.zCommonGRPEvents</groupName>
            <guid>ad2339e9-df1c-478b-9f56-43f36c8a59ca</guid>
            <versionId>c90f5b2e-7b48-49cb-bfe7-fbe4b893d697</versionId>
        </configOption>
        <dynamicStyle>
            <lastModified isNull="true" />
            <lastModifiedBy isNull="true" />
            <coachViewDynamicStyleId>73.e78eb459-ba7e-4395-bcfa-a558a3ffc659</coachViewDynamicStyleId>
            <coachViewId>64.6347e87c-3274-484f-a075-b4c325db8146</coachViewId>
            <filePath>bpmUI.less</filePath>
            <assetUuid>f496ca18-836b-46b7-8846-85b2ee01f7eb/61.26865295-8511-4538-b8f1-4cb99c203a92</assetUuid>
            <seq>0</seq>
            <guid>4d82c3eb-53a8-4863-98ca-55bf98ac9431</guid>
            <versionId>22f7c018-0fec-466e-943e-9f65c74c9fb6</versionId>
        </dynamicStyle>
        <dynamicStyle>
            <lastModified isNull="true" />
            <lastModifiedBy isNull="true" />
            <coachViewDynamicStyleId>73.b1be7169-908c-4dad-a259-342dfa735169</coachViewDynamicStyleId>
            <coachViewId>64.6347e87c-3274-484f-a075-b4c325db8146</coachViewId>
            <filePath>content.less</filePath>
            <assetUuid>/61.3a7082de-a4f4-44d7-add2-9b71c4b40ebb</assetUuid>
            <seq>1</seq>
            <guid>80739a1d-0d1a-4414-bc0d-0d5a2d362aeb</guid>
            <versionId>daa17efd-edf7-4962-a0d3-b9bec4c422d3</versionId>
        </dynamicStyle>
        <resource>
            <lastModified isNull="true" />
            <lastModifiedBy isNull="true" />
            <coachViewResourceId>67.7405df60-a7aa-41c2-8e8d-6918cbe03d15</coachViewResourceId>
            <coachViewId>64.6347e87c-3274-484f-a075-b4c325db8146</coachViewId>
            <filePath>css/dropzone.css</filePath>
            <ieCondition isNull="true" />
            <mediaQuery isNull="true" />
            <scriptLoadStyle isNull="true" />
            <assetUuid>f496ca18-836b-46b7-8846-85b2ee01f7eb/61.36061282-9bd6-47da-8b6d-9531c3f5ea15</assetUuid>
            <seq>2</seq>
            <guid>d517bc4b-8145-42ec-ad75-b53049157617</guid>
            <versionId>a64d21de-6f0b-487d-9ff3-11a2e29e6ee5</versionId>
        </resource>
        <resource>
            <lastModified isNull="true" />
            <lastModifiedBy isNull="true" />
            <coachViewResourceId>67.3554eb78-c596-4c3e-8ca7-73ccb1dedf0e</coachViewResourceId>
            <coachViewId>64.6347e87c-3274-484f-a075-b4c325db8146</coachViewId>
            <filePath>loader.js</filePath>
            <ieCondition isNull="true" />
            <mediaQuery isNull="true" />
            <scriptLoadStyle isNull="true" />
            <assetUuid>f496ca18-836b-46b7-8846-85b2ee01f7eb/61.36061282-9bd6-47da-8b6d-9531c3f5ea15</assetUuid>
            <seq>4</seq>
            <guid>174449bc-09e6-4621-b64d-279b58d7f789</guid>
            <versionId>82fe0f0f-6e2f-4ace-83cc-6f85926943e7</versionId>
        </resource>
        <resource>
            <lastModified isNull="true" />
            <lastModifiedBy isNull="true" />
            <coachViewResourceId>67.2cea46c2-2b06-4fd1-8bf7-133bd645cc05</coachViewResourceId>
            <coachViewId>64.6347e87c-3274-484f-a075-b4c325db8146</coachViewId>
            <filePath>BPMExt-Core.js</filePath>
            <ieCondition isNull="true" />
            <mediaQuery isNull="true" />
            <scriptLoadStyle isNull="true" />
            <assetUuid>f496ca18-836b-46b7-8846-85b2ee01f7eb/61.22dc2e36-11ce-4cd6-a6e8-24201237f10d</assetUuid>
            <seq>5</seq>
            <guid>fc07c72a-5e31-4e85-ba26-b5b564791a5f</guid>
            <versionId>009fb821-7aac-41ca-b268-f466ad211cd3</versionId>
        </resource>
        <resource>
            <lastModified isNull="true" />
            <lastModifiedBy isNull="true" />
            <coachViewResourceId>67.01b2ca20-b164-43c1-94c8-1c41ad4460f6</coachViewResourceId>
            <coachViewId>64.6347e87c-3274-484f-a075-b4c325db8146</coachViewId>
            <filePath isNull="true" />
            <ieCondition isNull="true" />
            <mediaQuery isNull="true" />
            <scriptLoadStyle isNull="true" />
            <assetUuid>/61.71805bed-5d18-43fc-887f-a2fc670507ba</assetUuid>
            <seq>6</seq>
            <guid>32ac8be8-93eb-4378-ba0f-c6e098094c64</guid>
            <versionId>83652bef-327e-44e4-b235-504a5035632a</versionId>
        </resource>
        <resource>
            <lastModified isNull="true" />
            <lastModifiedBy isNull="true" />
            <coachViewResourceId>67.c01cd2e5-1ade-4793-88d2-2ce4c15c02b2</coachViewResourceId>
            <coachViewId>64.6347e87c-3274-484f-a075-b4c325db8146</coachViewId>
            <filePath isNull="true" />
            <ieCondition isNull="true" />
            <mediaQuery isNull="true" />
            <scriptLoadStyle>AMD_MODULE</scriptLoadStyle>
            <assetUuid>/61.e99ba732-2151-4272-b5f0-ded505c1a555</assetUuid>
            <seq>7</seq>
            <guid>555da328-08f9-4df9-8de7-33ede79c730c</guid>
            <versionId>ec53779f-520e-4256-bde9-a380dae84915</versionId>
        </resource>
        <inlineScript name="Inline CSS">
            <lastModified isNull="true" />
            <lastModifiedBy isNull="true" />
            <coachViewInlineScriptId>68.c4aa7e25-e76e-40aa-9c90-d2da4761f9ff</coachViewInlineScriptId>
            <coachViewId>64.6347e87c-3274-484f-a075-b4c325db8146</coachViewId>
            <scriptType>CSS</scriptType>
            <scriptBlock isNull="true" />
            <seq>0</seq>
            <description isNull="true" />
            <guid>9ab39f79-567e-4949-83c4-e29dddc8ee38</guid>
            <versionId>10779b84-0d8c-460c-8128-f98274d38aa3</versionId>
        </inlineScript>
        <inlineScript name="Inline Javascript">
            <lastModified isNull="true" />
            <lastModifiedBy isNull="true" />
            <coachViewInlineScriptId>68.4b4e8883-b254-4452-90e2-efcf3bd7fa71</coachViewInlineScriptId>
            <coachViewId>64.6347e87c-3274-484f-a075-b4c325db8146</coachViewId>
            <scriptType>JS</scriptType>
            <scriptBlock>bpmext_control_InitECMFileDropzone2.call(this, iframe, domAttr, domClass, domConstruct, utilities, bpmext, Dropzone, "Uploader");</scriptBlock>
            <seq>1</seq>
            <description isNull="true" />
            <guid>8c017101-7c12-4eb0-b553-3fbba01f155f</guid>
            <versionId>dd961214-4ff0-45d2-a675-59aa46a3b281</versionId>
        </inlineScript>
        <inlineScript name="Header HTML">
            <lastModified isNull="true" />
            <lastModifiedBy isNull="true" />
            <coachViewInlineScriptId>68.aac857bc-6719-4dd0-b631-38df86654e9f</coachViewInlineScriptId>
            <coachViewId>64.6347e87c-3274-484f-a075-b4c325db8146</coachViewId>
            <scriptType>HTML</scriptType>
            <scriptBlock isNull="true" />
            <seq>2</seq>
            <description isNull="true" />
            <guid>803aa2f3-b386-4f63-8690-fd2439095460</guid>
            <versionId>36cb1080-dfe5-49a8-825c-f9c94683086b</versionId>
        </inlineScript>
        <localization>
            <lastModified isNull="true" />
            <lastModifiedBy isNull="true" />
            <coachViewLocalResId>69.e05251db-a68b-452a-9094-954f1d42407e</coachViewLocalResId>
            <coachViewId>64.6347e87c-3274-484f-a075-b4c325db8146</coachViewId>
            <resourceBundleGroupId>/50.05a87f6e-92f1-49f0-9cd4-d66479a5ea46</resourceBundleGroupId>
            <seq>0</seq>
            <guid>guid:c6f52f928340db71:-40071807:154c8c5e401:-7ffc</guid>
            <versionId>e9badc01-5f51-4f75-9fc7-bc6c332f2c13</versionId>
        </localization>
        <amdDependency>
            <lastModified isNull="true" />
            <lastModifiedBy isNull="true" />
            <coachViewAmdDepId>70.2043f2e2-c3c0-4ba8-9385-e0a3d60dccf1</coachViewAmdDepId>
            <coachViewId>64.6347e87c-3274-484f-a075-b4c325db8146</coachViewId>
            <moduleId>dojo/request/iframe</moduleId>
            <functionArgument>iframe</functionArgument>
            <seq>0</seq>
            <guid>39df057e-bc76-48b3-b6fe-c5df1da27de2</guid>
            <versionId>d19d6016-2e3b-4e47-b6ed-3e585e7214a6</versionId>
        </amdDependency>
        <amdDependency>
            <lastModified isNull="true" />
            <lastModifiedBy isNull="true" />
            <coachViewAmdDepId>70.de809263-d2ca-43e4-a074-15bf04df7950</coachViewAmdDepId>
            <coachViewId>64.6347e87c-3274-484f-a075-b4c325db8146</coachViewId>
            <moduleId>dojo/dom-attr</moduleId>
            <functionArgument>domAttr</functionArgument>
            <seq>1</seq>
            <guid>beea5708-10bb-4c73-96fe-93ecc88aa722</guid>
            <versionId>31671a96-48a6-40f1-9ca9-00b01c1bdb73</versionId>
        </amdDependency>
        <amdDependency>
            <lastModified isNull="true" />
            <lastModifiedBy isNull="true" />
            <coachViewAmdDepId>70.30f08419-1447-4396-8caa-db7e67ef49d2</coachViewAmdDepId>
            <coachViewId>64.6347e87c-3274-484f-a075-b4c325db8146</coachViewId>
            <moduleId>dojo/dom-class</moduleId>
            <functionArgument>domClass</functionArgument>
            <seq>2</seq>
            <guid>b17dc664-ca8f-4625-ab33-53107761b3c0</guid>
            <versionId>eb31905d-3bc6-4836-bf8c-f533df3bc438</versionId>
        </amdDependency>
        <amdDependency>
            <lastModified isNull="true" />
            <lastModifiedBy isNull="true" />
            <coachViewAmdDepId>70.066e9c9e-5190-4b1e-83f8-d69762e398e7</coachViewAmdDepId>
            <coachViewId>64.6347e87c-3274-484f-a075-b4c325db8146</coachViewId>
            <moduleId>dojo/dom-construct</moduleId>
            <functionArgument>domConstruct</functionArgument>
            <seq>3</seq>
            <guid>e6ecd67e-4e72-4084-9cce-072e6b4dd0b7</guid>
            <versionId>33392f25-1e77-4762-979b-5e890093822f</versionId>
        </amdDependency>
        <amdDependency>
            <lastModified isNull="true" />
            <lastModifiedBy isNull="true" />
            <coachViewAmdDepId>70.a265532b-db74-4bf8-b60c-a38c79ce14a0</coachViewAmdDepId>
            <coachViewId>64.6347e87c-3274-484f-a075-b4c325db8146</coachViewId>
            <moduleId>com.ibm.bpm.coach.utils/utilities</moduleId>
            <functionArgument>utilities</functionArgument>
            <seq>4</seq>
            <guid>0dbf4ec1-5b1c-4a55-a683-97e795711668</guid>
            <versionId>53914535-09a3-4c2b-ab56-b26660c5d0cd</versionId>
        </amdDependency>
        <amdDependency>
            <lastModified isNull="true" />
            <lastModifiedBy isNull="true" />
            <coachViewAmdDepId>70.3ad91b0d-ffaa-4086-b907-095699590625</coachViewAmdDepId>
            <coachViewId>64.6347e87c-3274-484f-a075-b4c325db8146</coachViewId>
            <moduleId>com.salientprocess.bpm.views.lib.dropzone/main</moduleId>
            <functionArgument>Dropzone</functionArgument>
            <seq>5</seq>
            <guid>24ebdbc8-76db-453c-a034-3a3895632348</guid>
            <versionId>8245c03a-593a-447e-902d-242789ad593d</versionId>
        </amdDependency>
    </coachView>
</teamworks>

