<?xml version="1.0" encoding="UTF-8"?>
<teamworks>
    <coachView id="64.7375629d-bbd0-4f0e-8be9-5422b9086ecf" name="BPM File Properties">
        <lastModified>1504907984079</lastModified>
        <lastModifiedBy>tw_admin</lastModifiedBy>
        <coachViewId>64.7375629d-bbd0-4f0e-8be9-5422b9086ecf</coachViewId>
        <isTemplate>false</isTemplate>
        <layout>&lt;?xml version="1.0" encoding="UTF-8"?&gt;&#xD;
&lt;ns2:layout xmlns:xsi="http://www.w3.org/2001/XMLSchema-instance" xmlns:ns2="http://www.ibm.com/bpm/CoachDesignerNG" xmlns:ns3="http://www.ibm.com/bpm/coachview"&gt;&#xD;
  &lt;ns2:layoutItem xsi:type="ns2:CustomHTML"&gt;&#xD;
    &lt;ns2:id&gt;f7fe1a87-2e6e-49be-be7e-a57b70bb1c9c&lt;/ns2:id&gt;&#xD;
    &lt;ns2:layoutItemId&gt;CustomHTML1&lt;/ns2:layoutItemId&gt;&#xD;
    &lt;ns2:configData&gt;&#xD;
      &lt;ns2:id&gt;a5c47775-7fab-4c7d-a921-9bab7949e68b&lt;/ns2:id&gt;&#xD;
      &lt;ns2:optionName&gt;@customHTML.textContent&lt;/ns2:optionName&gt;&#xD;
      &lt;ns2:value&gt;&amp;lt;div class=&amp;quot;BPMPropertiesPanel&amp;quot;&gt;&#xD;
&amp;lt;div class=&amp;quot;SvcHolder big-primary&amp;quot;&gt;&lt;/ns2:value&gt;&#xD;
    &lt;/ns2:configData&gt;&#xD;
    &lt;ns2:configData&gt;&#xD;
      &lt;ns2:id&gt;839b1a8e-6517-4fbc-bdcc-628b456a7880&lt;/ns2:id&gt;&#xD;
      &lt;ns2:optionName&gt;@customHTML.contentType&lt;/ns2:optionName&gt;&#xD;
      &lt;ns2:value&gt;TEXT&lt;/ns2:value&gt;&#xD;
    &lt;/ns2:configData&gt;&#xD;
    &lt;ns2:configData&gt;&#xD;
      &lt;ns2:id&gt;d4e7d910-ce7b-4923-92a3-b46a384a3f20&lt;/ns2:id&gt;&#xD;
      &lt;ns2:optionName&gt;@customHTML.variableContent&lt;/ns2:optionName&gt;&#xD;
    &lt;/ns2:configData&gt;&#xD;
    &lt;ns2:configData&gt;&#xD;
      &lt;ns2:id&gt;dcbb903a-aa4f-45ba-8680-487dfd6f988d&lt;/ns2:id&gt;&#xD;
      &lt;ns2:optionName&gt;@customHTML.assetContent&lt;/ns2:optionName&gt;&#xD;
    &lt;/ns2:configData&gt;&#xD;
  &lt;/ns2:layoutItem&gt;&#xD;
  &lt;ns2:layoutItem xsi:type="ns2:ViewRef" version="8560"&gt;&#xD;
    &lt;ns2:id&gt;7b566a10-7616-4a1c-a5ac-8e67294dc799&lt;/ns2:id&gt;&#xD;
    &lt;ns2:layoutItemId&gt;GetDocTypeProperties&lt;/ns2:layoutItemId&gt;&#xD;
    &lt;ns2:configData&gt;&#xD;
      &lt;ns2:id&gt;9f1097f3-bb65-4fde-a952-ff21efe5bee8&lt;/ns2:id&gt;&#xD;
      &lt;ns2:optionName&gt;@label&lt;/ns2:optionName&gt;&#xD;
      &lt;ns2:value&gt;Get Document Type Properties&lt;/ns2:value&gt;&#xD;
    &lt;/ns2:configData&gt;&#xD;
    &lt;ns2:configData&gt;&#xD;
      &lt;ns2:id&gt;77dd1dc9-361b-48f8-8776-ddd5b4589e13&lt;/ns2:id&gt;&#xD;
      &lt;ns2:optionName&gt;@helpText&lt;/ns2:optionName&gt;&#xD;
      &lt;ns2:value&gt;&lt;/ns2:value&gt;&#xD;
      &lt;ns2:valueType&gt;static&lt;/ns2:valueType&gt;&#xD;
    &lt;/ns2:configData&gt;&#xD;
    &lt;ns2:configData&gt;&#xD;
      &lt;ns2:id&gt;048eaeab-6dc3-4eee-82a7-8dffbcc72a05&lt;/ns2:id&gt;&#xD;
      &lt;ns2:optionName&gt;@visibility&lt;/ns2:optionName&gt;&#xD;
      &lt;ns2:value&gt;DEFAULT&lt;/ns2:value&gt;&#xD;
      &lt;ns2:valueType&gt;static&lt;/ns2:valueType&gt;&#xD;
    &lt;/ns2:configData&gt;&#xD;
    &lt;ns2:configData&gt;&#xD;
      &lt;ns2:id&gt;effbc376-1cfb-4b13-9f9a-bab120db4e13&lt;/ns2:id&gt;&#xD;
      &lt;ns2:optionName&gt;@labelVisibility&lt;/ns2:optionName&gt;&#xD;
      &lt;ns2:value&gt;SHOW&lt;/ns2:value&gt;&#xD;
      &lt;ns2:valueType&gt;static&lt;/ns2:valueType&gt;&#xD;
    &lt;/ns2:configData&gt;&#xD;
    &lt;ns2:configData&gt;&#xD;
      &lt;ns2:id&gt;3b369080-9d27-40ef-8360-45f5aca9b2ba&lt;/ns2:id&gt;&#xD;
      &lt;ns2:optionName&gt;@baseTextDirection&lt;/ns2:optionName&gt;&#xD;
      &lt;ns2:value&gt;DEFAULT&lt;/ns2:value&gt;&#xD;
      &lt;ns2:valueType&gt;static&lt;/ns2:valueType&gt;&#xD;
    &lt;/ns2:configData&gt;&#xD;
    &lt;ns2:configData&gt;&#xD;
      &lt;ns2:id&gt;0dd2ce15-0267-439c-b6a4-32e5065af0ba&lt;/ns2:id&gt;&#xD;
      &lt;ns2:optionName&gt;attachedService&lt;/ns2:optionName&gt;&#xD;
      &lt;ns2:value&gt;1.5941f80f-ce2c-4454-b557-3ab7d264f2ee&lt;/ns2:value&gt;&#xD;
      &lt;ns2:valueType&gt;static&lt;/ns2:valueType&gt;&#xD;
    &lt;/ns2:configData&gt;&#xD;
    &lt;ns2:configData&gt;&#xD;
      &lt;ns2:id&gt;cc5f842c-f61d-440c-821f-318fc8498695&lt;/ns2:id&gt;&#xD;
      &lt;ns2:optionName&gt;inputData&lt;/ns2:optionName&gt;&#xD;
      &lt;ns2:valueType&gt;dynamic&lt;/ns2:valueType&gt;&#xD;
    &lt;/ns2:configData&gt;&#xD;
    &lt;ns2:configData&gt;&#xD;
      &lt;ns2:id&gt;ce71b045-c0d9-4b44-bc36-a69687c313bc&lt;/ns2:id&gt;&#xD;
      &lt;ns2:optionName&gt;autoRun&lt;/ns2:optionName&gt;&#xD;
      &lt;ns2:value&gt;false&lt;/ns2:value&gt;&#xD;
      &lt;ns2:valueType&gt;static&lt;/ns2:valueType&gt;&#xD;
    &lt;/ns2:configData&gt;&#xD;
    &lt;ns2:configData&gt;&#xD;
      &lt;ns2:id&gt;6404a144-7ae2-45d6-9340-bcf4195a73b2&lt;/ns2:id&gt;&#xD;
      &lt;ns2:optionName&gt;busyIndicator&lt;/ns2:optionName&gt;&#xD;
      &lt;ns2:value&gt;R&lt;/ns2:value&gt;&#xD;
      &lt;ns2:valueType&gt;static&lt;/ns2:valueType&gt;&#xD;
    &lt;/ns2:configData&gt;&#xD;
    &lt;ns2:configData&gt;&#xD;
      &lt;ns2:id&gt;584d92c7-c0eb-4381-ae0b-96436b680b99&lt;/ns2:id&gt;&#xD;
      &lt;ns2:optionName&gt;eventON_LOAD&lt;/ns2:optionName&gt;&#xD;
      &lt;ns2:valueType&gt;static&lt;/ns2:valueType&gt;&#xD;
    &lt;/ns2:configData&gt;&#xD;
    &lt;ns2:configData&gt;&#xD;
      &lt;ns2:id&gt;5442b95b-1627-4c41-856e-b16b29215b5e&lt;/ns2:id&gt;&#xD;
      &lt;ns2:optionName&gt;eventON_SVCINVOKE&lt;/ns2:optionName&gt;&#xD;
      &lt;ns2:valueType&gt;static&lt;/ns2:valueType&gt;&#xD;
    &lt;/ns2:configData&gt;&#xD;
    &lt;ns2:configData&gt;&#xD;
      &lt;ns2:id&gt;b50d5118-1a17-4c1e-99c9-8b515918fdb3&lt;/ns2:id&gt;&#xD;
      &lt;ns2:optionName&gt;eventON_SVCRESULT&lt;/ns2:optionName&gt;&#xD;
      &lt;ns2:value&gt;view._proto._renderDocTypeProperties(view)&lt;/ns2:value&gt;&#xD;
      &lt;ns2:valueType&gt;static&lt;/ns2:valueType&gt;&#xD;
    &lt;/ns2:configData&gt;&#xD;
    &lt;ns2:configData&gt;&#xD;
      &lt;ns2:id&gt;ea9375c5-2b55-4276-a180-ffd08138d3d7&lt;/ns2:id&gt;&#xD;
      &lt;ns2:optionName&gt;eventON_SVCERROR&lt;/ns2:optionName&gt;&#xD;
      &lt;ns2:valueType&gt;static&lt;/ns2:valueType&gt;&#xD;
    &lt;/ns2:configData&gt;&#xD;
    &lt;ns2:configData&gt;&#xD;
      &lt;ns2:id&gt;7748d2e9-545c-4dd2-95b3-a7a709e3fa78&lt;/ns2:id&gt;&#xD;
      &lt;ns2:optionName&gt;@htmlOverrides&lt;/ns2:optionName&gt;&#xD;
    &lt;/ns2:configData&gt;&#xD;
    &lt;ns2:configData&gt;&#xD;
      &lt;ns2:id&gt;c08ce99c-fc17-48d0-b9b1-e952d668018a&lt;/ns2:id&gt;&#xD;
      &lt;ns2:optionName&gt;@className&lt;/ns2:optionName&gt;&#xD;
      &lt;ns2:value&gt;FilePropSvc&lt;/ns2:value&gt;&#xD;
    &lt;/ns2:configData&gt;&#xD;
    &lt;ns2:viewUUID&gt;64.1feaead9-b1d2-4a7e-80a3-22156e6fe8f9&lt;/ns2:viewUUID&gt;&#xD;
  &lt;/ns2:layoutItem&gt;&#xD;
  &lt;ns2:layoutItem xsi:type="ns2:ViewRef" version="8560"&gt;&#xD;
    &lt;ns2:id&gt;1389a8b0-6336-4e5b-a7a5-fb5c60fc4394&lt;/ns2:id&gt;&#xD;
    &lt;ns2:layoutItemId&gt;GetSetPropertiesServiceCall&lt;/ns2:layoutItemId&gt;&#xD;
    &lt;ns2:configData&gt;&#xD;
      &lt;ns2:id&gt;573b6a1f-7d83-4afc-8305-a556ee737bd8&lt;/ns2:id&gt;&#xD;
      &lt;ns2:optionName&gt;@label&lt;/ns2:optionName&gt;&#xD;
      &lt;ns2:value&gt;Get Document Property Values&lt;/ns2:value&gt;&#xD;
    &lt;/ns2:configData&gt;&#xD;
    &lt;ns2:configData&gt;&#xD;
      &lt;ns2:id&gt;ae052d52-1a5e-4df2-81d5-c0c84fb75135&lt;/ns2:id&gt;&#xD;
      &lt;ns2:optionName&gt;@helpText&lt;/ns2:optionName&gt;&#xD;
      &lt;ns2:value&gt;&lt;/ns2:value&gt;&#xD;
      &lt;ns2:valueType&gt;static&lt;/ns2:valueType&gt;&#xD;
    &lt;/ns2:configData&gt;&#xD;
    &lt;ns2:configData&gt;&#xD;
      &lt;ns2:id&gt;e341f170-0a6b-4d70-b08e-7ce5b05a7772&lt;/ns2:id&gt;&#xD;
      &lt;ns2:optionName&gt;@visibility&lt;/ns2:optionName&gt;&#xD;
      &lt;ns2:value&gt;DEFAULT&lt;/ns2:value&gt;&#xD;
      &lt;ns2:valueType&gt;static&lt;/ns2:valueType&gt;&#xD;
    &lt;/ns2:configData&gt;&#xD;
    &lt;ns2:configData&gt;&#xD;
      &lt;ns2:id&gt;eec6e20b-c5d1-4287-91bf-16e5069c941c&lt;/ns2:id&gt;&#xD;
      &lt;ns2:optionName&gt;@labelVisibility&lt;/ns2:optionName&gt;&#xD;
      &lt;ns2:value&gt;SHOW&lt;/ns2:value&gt;&#xD;
      &lt;ns2:valueType&gt;static&lt;/ns2:valueType&gt;&#xD;
    &lt;/ns2:configData&gt;&#xD;
    &lt;ns2:configData&gt;&#xD;
      &lt;ns2:id&gt;02f287b2-88d9-485d-8ee0-de26c0fa7977&lt;/ns2:id&gt;&#xD;
      &lt;ns2:optionName&gt;@baseTextDirection&lt;/ns2:optionName&gt;&#xD;
      &lt;ns2:value&gt;DEFAULT&lt;/ns2:value&gt;&#xD;
      &lt;ns2:valueType&gt;static&lt;/ns2:valueType&gt;&#xD;
    &lt;/ns2:configData&gt;&#xD;
    &lt;ns2:configData&gt;&#xD;
      &lt;ns2:id&gt;bf3e5b16-579c-4585-945a-31bd0ccbec12&lt;/ns2:id&gt;&#xD;
      &lt;ns2:optionName&gt;attachedService&lt;/ns2:optionName&gt;&#xD;
      &lt;ns2:value&gt;1.868d536b-923e-4048-b5f3-2a465b087af0&lt;/ns2:value&gt;&#xD;
      &lt;ns2:valueType&gt;static&lt;/ns2:valueType&gt;&#xD;
    &lt;/ns2:configData&gt;&#xD;
    &lt;ns2:configData&gt;&#xD;
      &lt;ns2:id&gt;82de0467-d7a5-46a7-80e7-40958844c9b3&lt;/ns2:id&gt;&#xD;
      &lt;ns2:optionName&gt;inputData&lt;/ns2:optionName&gt;&#xD;
      &lt;ns2:valueType&gt;dynamic&lt;/ns2:valueType&gt;&#xD;
    &lt;/ns2:configData&gt;&#xD;
    &lt;ns2:configData&gt;&#xD;
      &lt;ns2:id&gt;6e30ddd2-f979-42e2-9c2d-f221365e03c5&lt;/ns2:id&gt;&#xD;
      &lt;ns2:optionName&gt;autoRun&lt;/ns2:optionName&gt;&#xD;
      &lt;ns2:value&gt;false&lt;/ns2:value&gt;&#xD;
      &lt;ns2:valueType&gt;static&lt;/ns2:valueType&gt;&#xD;
    &lt;/ns2:configData&gt;&#xD;
    &lt;ns2:configData&gt;&#xD;
      &lt;ns2:id&gt;fa0d538e-8bcd-4a86-b172-8aebbdc9d8e1&lt;/ns2:id&gt;&#xD;
      &lt;ns2:optionName&gt;busyIndicator&lt;/ns2:optionName&gt;&#xD;
      &lt;ns2:value&gt;R&lt;/ns2:value&gt;&#xD;
      &lt;ns2:valueType&gt;static&lt;/ns2:valueType&gt;&#xD;
    &lt;/ns2:configData&gt;&#xD;
    &lt;ns2:configData&gt;&#xD;
      &lt;ns2:id&gt;16c9f097-3287-46f5-93a2-804bda970b1e&lt;/ns2:id&gt;&#xD;
      &lt;ns2:optionName&gt;eventON_LOAD&lt;/ns2:optionName&gt;&#xD;
      &lt;ns2:valueType&gt;static&lt;/ns2:valueType&gt;&#xD;
    &lt;/ns2:configData&gt;&#xD;
    &lt;ns2:configData&gt;&#xD;
      &lt;ns2:id&gt;fa2a6b55-4abe-4c23-a251-ad1d06f68e22&lt;/ns2:id&gt;&#xD;
      &lt;ns2:optionName&gt;eventON_SVCINVOKE&lt;/ns2:optionName&gt;&#xD;
      &lt;ns2:valueType&gt;static&lt;/ns2:valueType&gt;&#xD;
    &lt;/ns2:configData&gt;&#xD;
    &lt;ns2:configData&gt;&#xD;
      &lt;ns2:id&gt;a1716434-4e32-4ad6-ab27-71eeb3363b03&lt;/ns2:id&gt;&#xD;
      &lt;ns2:optionName&gt;eventON_SVCRESULT&lt;/ns2:optionName&gt;&#xD;
      &lt;ns2:value&gt;view._proto._populateDocTypePropertiesValues(view)&lt;/ns2:value&gt;&#xD;
      &lt;ns2:valueType&gt;static&lt;/ns2:valueType&gt;&#xD;
    &lt;/ns2:configData&gt;&#xD;
    &lt;ns2:configData&gt;&#xD;
      &lt;ns2:id&gt;20f14eda-aad0-4272-b5b4-c31d8d1c070a&lt;/ns2:id&gt;&#xD;
      &lt;ns2:optionName&gt;eventON_SVCERROR&lt;/ns2:optionName&gt;&#xD;
      &lt;ns2:value&gt;view._proto._errorOnPopulateDocTypePropertiesValues(view)&lt;/ns2:value&gt;&#xD;
      &lt;ns2:valueType&gt;static&lt;/ns2:valueType&gt;&#xD;
    &lt;/ns2:configData&gt;&#xD;
    &lt;ns2:configData&gt;&#xD;
      &lt;ns2:id&gt;1b42398f-910b-4f4b-a618-1f01f281fc6e&lt;/ns2:id&gt;&#xD;
      &lt;ns2:optionName&gt;@htmlOverrides&lt;/ns2:optionName&gt;&#xD;
    &lt;/ns2:configData&gt;&#xD;
    &lt;ns2:configData&gt;&#xD;
      &lt;ns2:id&gt;2c4d937b-aa32-4b1c-84cf-cf1a0e5ae3b3&lt;/ns2:id&gt;&#xD;
      &lt;ns2:optionName&gt;@className&lt;/ns2:optionName&gt;&#xD;
      &lt;ns2:value&gt;FilePropSvc&lt;/ns2:value&gt;&#xD;
    &lt;/ns2:configData&gt;&#xD;
    &lt;ns2:viewUUID&gt;64.1feaead9-b1d2-4a7e-80a3-22156e6fe8f9&lt;/ns2:viewUUID&gt;&#xD;
  &lt;/ns2:layoutItem&gt;&#xD;
  &lt;ns2:layoutItem xsi:type="ns2:ViewRef" version="8560"&gt;&#xD;
    &lt;ns2:id&gt;55f66e55-03e4-413a-b51e-14eb714e21b7&lt;/ns2:id&gt;&#xD;
    &lt;ns2:layoutItemId&gt;GetDocTypesServiceCall&lt;/ns2:layoutItemId&gt;&#xD;
    &lt;ns2:configData&gt;&#xD;
      &lt;ns2:id&gt;73a6eb59-f144-440d-9f53-ced5487b3f41&lt;/ns2:id&gt;&#xD;
      &lt;ns2:optionName&gt;@label&lt;/ns2:optionName&gt;&#xD;
      &lt;ns2:value&gt;Get Document Types&lt;/ns2:value&gt;&#xD;
    &lt;/ns2:configData&gt;&#xD;
    &lt;ns2:configData&gt;&#xD;
      &lt;ns2:id&gt;d9bb412d-52a7-41c8-8068-795523d60934&lt;/ns2:id&gt;&#xD;
      &lt;ns2:optionName&gt;@helpText&lt;/ns2:optionName&gt;&#xD;
      &lt;ns2:value&gt;&lt;/ns2:value&gt;&#xD;
      &lt;ns2:valueType&gt;static&lt;/ns2:valueType&gt;&#xD;
    &lt;/ns2:configData&gt;&#xD;
    &lt;ns2:configData&gt;&#xD;
      &lt;ns2:id&gt;fc8ab03f-cdb6-46ed-912b-f28f43d8ae66&lt;/ns2:id&gt;&#xD;
      &lt;ns2:optionName&gt;@visibility&lt;/ns2:optionName&gt;&#xD;
      &lt;ns2:value&gt;DEFAULT&lt;/ns2:value&gt;&#xD;
      &lt;ns2:valueType&gt;static&lt;/ns2:valueType&gt;&#xD;
    &lt;/ns2:configData&gt;&#xD;
    &lt;ns2:configData&gt;&#xD;
      &lt;ns2:id&gt;072cb741-5dda-49fa-b714-384c5a3544fb&lt;/ns2:id&gt;&#xD;
      &lt;ns2:optionName&gt;@labelVisibility&lt;/ns2:optionName&gt;&#xD;
      &lt;ns2:value&gt;SHOW&lt;/ns2:value&gt;&#xD;
      &lt;ns2:valueType&gt;static&lt;/ns2:valueType&gt;&#xD;
    &lt;/ns2:configData&gt;&#xD;
    &lt;ns2:configData&gt;&#xD;
      &lt;ns2:id&gt;c3331303-33d0-4a44-82fc-79b1b585bd90&lt;/ns2:id&gt;&#xD;
      &lt;ns2:optionName&gt;@baseTextDirection&lt;/ns2:optionName&gt;&#xD;
      &lt;ns2:value&gt;DEFAULT&lt;/ns2:value&gt;&#xD;
      &lt;ns2:valueType&gt;static&lt;/ns2:valueType&gt;&#xD;
    &lt;/ns2:configData&gt;&#xD;
    &lt;ns2:configData&gt;&#xD;
      &lt;ns2:id&gt;d9e5ee75-b4d3-4832-a425-3173645cfc7c&lt;/ns2:id&gt;&#xD;
      &lt;ns2:optionName&gt;attachedService&lt;/ns2:optionName&gt;&#xD;
      &lt;ns2:value&gt;1.f0244f85-e132-400d-9f73-fa4967ff170d&lt;/ns2:value&gt;&#xD;
      &lt;ns2:valueType&gt;static&lt;/ns2:valueType&gt;&#xD;
    &lt;/ns2:configData&gt;&#xD;
    &lt;ns2:configData&gt;&#xD;
      &lt;ns2:id&gt;17ade195-6f45-4e16-9d4d-edef26f38f3f&lt;/ns2:id&gt;&#xD;
      &lt;ns2:optionName&gt;inputData&lt;/ns2:optionName&gt;&#xD;
      &lt;ns2:valueType&gt;dynamic&lt;/ns2:valueType&gt;&#xD;
    &lt;/ns2:configData&gt;&#xD;
    &lt;ns2:configData&gt;&#xD;
      &lt;ns2:id&gt;3768bee1-22ee-45f0-8878-b149de90ca8a&lt;/ns2:id&gt;&#xD;
      &lt;ns2:optionName&gt;autoRun&lt;/ns2:optionName&gt;&#xD;
      &lt;ns2:value&gt;false&lt;/ns2:value&gt;&#xD;
      &lt;ns2:valueType&gt;static&lt;/ns2:valueType&gt;&#xD;
    &lt;/ns2:configData&gt;&#xD;
    &lt;ns2:configData&gt;&#xD;
      &lt;ns2:id&gt;fbd7b17d-044e-4fe2-bb4e-b91beea93aa8&lt;/ns2:id&gt;&#xD;
      &lt;ns2:optionName&gt;busyIndicator&lt;/ns2:optionName&gt;&#xD;
      &lt;ns2:value&gt;R&lt;/ns2:value&gt;&#xD;
      &lt;ns2:valueType&gt;static&lt;/ns2:valueType&gt;&#xD;
    &lt;/ns2:configData&gt;&#xD;
    &lt;ns2:configData&gt;&#xD;
      &lt;ns2:id&gt;2d067c02-3fbd-4ee4-8312-6e30cec01398&lt;/ns2:id&gt;&#xD;
      &lt;ns2:optionName&gt;eventON_LOAD&lt;/ns2:optionName&gt;&#xD;
      &lt;ns2:valueType&gt;static&lt;/ns2:valueType&gt;&#xD;
    &lt;/ns2:configData&gt;&#xD;
    &lt;ns2:configData&gt;&#xD;
      &lt;ns2:id&gt;8219ac44-c107-43b7-91ca-1ccfafb3de3b&lt;/ns2:id&gt;&#xD;
      &lt;ns2:optionName&gt;eventON_SVCINVOKE&lt;/ns2:optionName&gt;&#xD;
      &lt;ns2:valueType&gt;static&lt;/ns2:valueType&gt;&#xD;
    &lt;/ns2:configData&gt;&#xD;
    &lt;ns2:configData&gt;&#xD;
      &lt;ns2:id&gt;6c615481-0f1f-4157-b628-e8be77861c1e&lt;/ns2:id&gt;&#xD;
      &lt;ns2:optionName&gt;eventON_SVCRESULT&lt;/ns2:optionName&gt;&#xD;
      &lt;ns2:value&gt;view._proto._populateDocTypes(view, me.getResult())&lt;/ns2:value&gt;&#xD;
      &lt;ns2:valueType&gt;static&lt;/ns2:valueType&gt;&#xD;
    &lt;/ns2:configData&gt;&#xD;
    &lt;ns2:configData&gt;&#xD;
      &lt;ns2:id&gt;25b389a4-bef9-4493-8fae-5dbc597d60cd&lt;/ns2:id&gt;&#xD;
      &lt;ns2:optionName&gt;eventON_SVCERROR&lt;/ns2:optionName&gt;&#xD;
      &lt;ns2:value&gt;view._proto._onErrorPopulateDocTypes(view)&lt;/ns2:value&gt;&#xD;
      &lt;ns2:valueType&gt;static&lt;/ns2:valueType&gt;&#xD;
    &lt;/ns2:configData&gt;&#xD;
    &lt;ns2:configData&gt;&#xD;
      &lt;ns2:id&gt;f6aed339-c09f-4007-bbae-3cc8e61fe072&lt;/ns2:id&gt;&#xD;
      &lt;ns2:optionName&gt;@htmlOverrides&lt;/ns2:optionName&gt;&#xD;
    &lt;/ns2:configData&gt;&#xD;
    &lt;ns2:configData&gt;&#xD;
      &lt;ns2:id&gt;7bad6396-6e0a-423b-bf90-bbe64dddbc86&lt;/ns2:id&gt;&#xD;
      &lt;ns2:optionName&gt;@className&lt;/ns2:optionName&gt;&#xD;
      &lt;ns2:value&gt;FilePropSvc&lt;/ns2:value&gt;&#xD;
    &lt;/ns2:configData&gt;&#xD;
    &lt;ns2:viewUUID&gt;64.1feaead9-b1d2-4a7e-80a3-22156e6fe8f9&lt;/ns2:viewUUID&gt;&#xD;
  &lt;/ns2:layoutItem&gt;&#xD;
  &lt;ns2:layoutItem xsi:type="ns2:ViewRef" version="8560"&gt;&#xD;
    &lt;ns2:id&gt;2e2b06d1-2ae9-46cf-b3c2-ce9d619225c4&lt;/ns2:id&gt;&#xD;
    &lt;ns2:layoutItemId&gt;DocumentTypeSelect&lt;/ns2:layoutItemId&gt;&#xD;
    &lt;ns2:configData&gt;&#xD;
      &lt;ns2:id&gt;15b2b8cc-b97e-460e-b29f-688cb96b74b8&lt;/ns2:id&gt;&#xD;
      &lt;ns2:optionName&gt;@label&lt;/ns2:optionName&gt;&#xD;
      &lt;ns2:value&gt;Document Type&lt;/ns2:value&gt;&#xD;
    &lt;/ns2:configData&gt;&#xD;
    &lt;ns2:configData&gt;&#xD;
      &lt;ns2:id&gt;8f39b87f-a023-4ba8-aa93-2cab179fd789&lt;/ns2:id&gt;&#xD;
      &lt;ns2:optionName&gt;@helpText&lt;/ns2:optionName&gt;&#xD;
      &lt;ns2:value&gt;&lt;/ns2:value&gt;&#xD;
      &lt;ns2:valueType&gt;static&lt;/ns2:valueType&gt;&#xD;
    &lt;/ns2:configData&gt;&#xD;
    &lt;ns2:configData&gt;&#xD;
      &lt;ns2:id&gt;3ecf3657-5639-4565-95cc-eaedea5a9177&lt;/ns2:id&gt;&#xD;
      &lt;ns2:optionName&gt;@visibility&lt;/ns2:optionName&gt;&#xD;
      &lt;ns2:value&gt;NONE&lt;/ns2:value&gt;&#xD;
      &lt;ns2:valueType&gt;static&lt;/ns2:valueType&gt;&#xD;
    &lt;/ns2:configData&gt;&#xD;
    &lt;ns2:configData&gt;&#xD;
      &lt;ns2:id&gt;4e5070a0-ffa7-48a9-a2f2-be083c6a5cd5&lt;/ns2:id&gt;&#xD;
      &lt;ns2:optionName&gt;@labelVisibility&lt;/ns2:optionName&gt;&#xD;
      &lt;ns2:value&gt;HIDE&lt;/ns2:value&gt;&#xD;
      &lt;ns2:valueType&gt;static&lt;/ns2:valueType&gt;&#xD;
    &lt;/ns2:configData&gt;&#xD;
    &lt;ns2:configData&gt;&#xD;
      &lt;ns2:id&gt;88bfd379-d793-4527-94f6-7691ec2cb0c4&lt;/ns2:id&gt;&#xD;
      &lt;ns2:optionName&gt;@baseTextDirection&lt;/ns2:optionName&gt;&#xD;
      &lt;ns2:value&gt;DEFAULT&lt;/ns2:value&gt;&#xD;
      &lt;ns2:valueType&gt;static&lt;/ns2:valueType&gt;&#xD;
    &lt;/ns2:configData&gt;&#xD;
    &lt;ns2:configData&gt;&#xD;
      &lt;ns2:id&gt;9fc6c0ac-1dd9-4fbc-8e87-392ea748a557&lt;/ns2:id&gt;&#xD;
      &lt;ns2:optionName&gt;tabIndex&lt;/ns2:optionName&gt;&#xD;
      &lt;ns2:valueType&gt;static&lt;/ns2:valueType&gt;&#xD;
    &lt;/ns2:configData&gt;&#xD;
    &lt;ns2:configData&gt;&#xD;
      &lt;ns2:id&gt;b01c38fe-09ee-4a34-bc9a-fd5660b9f35f&lt;/ns2:id&gt;&#xD;
      &lt;ns2:optionName&gt;placeHolder&lt;/ns2:optionName&gt;&#xD;
      &lt;ns2:value&gt;Select Document Type&lt;/ns2:value&gt;&#xD;
      &lt;ns2:valueType&gt;static&lt;/ns2:valueType&gt;&#xD;
    &lt;/ns2:configData&gt;&#xD;
    &lt;ns2:configData&gt;&#xD;
      &lt;ns2:id&gt;c0c3efa3-7d9c-4d62-a4ec-e73e60c4a3c7&lt;/ns2:id&gt;&#xD;
      &lt;ns2:optionName&gt;itemLookupMode&lt;/ns2:optionName&gt;&#xD;
      &lt;ns2:value&gt;E&lt;/ns2:value&gt;&#xD;
      &lt;ns2:valueType&gt;static&lt;/ns2:valueType&gt;&#xD;
    &lt;/ns2:configData&gt;&#xD;
    &lt;ns2:configData&gt;&#xD;
      &lt;ns2:id&gt;86b99fec-b8ae-4d56-a3ad-1996059f7984&lt;/ns2:id&gt;&#xD;
      &lt;ns2:optionName&gt;itemService&lt;/ns2:optionName&gt;&#xD;
      &lt;ns2:valueType&gt;static&lt;/ns2:valueType&gt;&#xD;
    &lt;/ns2:configData&gt;&#xD;
    &lt;ns2:configData&gt;&#xD;
      &lt;ns2:id&gt;747278ce-4fac-4e7d-bdd4-4be1bd1e2367&lt;/ns2:id&gt;&#xD;
      &lt;ns2:optionName&gt;inputData&lt;/ns2:optionName&gt;&#xD;
      &lt;ns2:valueType&gt;dynamic&lt;/ns2:valueType&gt;&#xD;
    &lt;/ns2:configData&gt;&#xD;
    &lt;ns2:configData&gt;&#xD;
      &lt;ns2:id&gt;bea43d23-d741-4a62-be58-a71f1406962c&lt;/ns2:id&gt;&#xD;
      &lt;ns2:optionName&gt;itemList&lt;/ns2:optionName&gt;&#xD;
      &lt;ns2:valueType&gt;dynamic&lt;/ns2:valueType&gt;&#xD;
    &lt;/ns2:configData&gt;&#xD;
    &lt;ns2:configData&gt;&#xD;
      &lt;ns2:id&gt;ee2d3d55-04c7-4a5c-ab9b-0223d79ce035&lt;/ns2:id&gt;&#xD;
      &lt;ns2:optionName&gt;dataMapping&lt;/ns2:optionName&gt;&#xD;
      &lt;ns2:valueType&gt;static&lt;/ns2:valueType&gt;&#xD;
    &lt;/ns2:configData&gt;&#xD;
    &lt;ns2:configData&gt;&#xD;
      &lt;ns2:id&gt;6ba32cc4-30a4-409f-b6ff-cbf06e9bb22f&lt;/ns2:id&gt;&#xD;
      &lt;ns2:optionName&gt;businessDataMapping&lt;/ns2:optionName&gt;&#xD;
      &lt;ns2:valueType&gt;static&lt;/ns2:valueType&gt;&#xD;
    &lt;/ns2:configData&gt;&#xD;
    &lt;ns2:configData&gt;&#xD;
      &lt;ns2:id&gt;e0d91994-8c76-4ec6-a485-0a29e624e799&lt;/ns2:id&gt;&#xD;
      &lt;ns2:optionName&gt;staticList&lt;/ns2:optionName&gt;&#xD;
      &lt;ns2:valueType&gt;dynamic&lt;/ns2:valueType&gt;&#xD;
    &lt;/ns2:configData&gt;&#xD;
    &lt;ns2:configData&gt;&#xD;
      &lt;ns2:id&gt;686c6002-d32c-4b99-8901-c407694af9a4&lt;/ns2:id&gt;&#xD;
      &lt;ns2:optionName&gt;sizeStyle&lt;/ns2:optionName&gt;&#xD;
      &lt;ns2:value&gt;D&lt;/ns2:value&gt;&#xD;
      &lt;ns2:valueType&gt;static&lt;/ns2:valueType&gt;&#xD;
    &lt;/ns2:configData&gt;&#xD;
    &lt;ns2:configData&gt;&#xD;
      &lt;ns2:id&gt;ddf789ee-d927-4090-82e1-21986f8ec6da&lt;/ns2:id&gt;&#xD;
      &lt;ns2:optionName&gt;width&lt;/ns2:optionName&gt;&#xD;
      &lt;ns2:valueType&gt;static&lt;/ns2:valueType&gt;&#xD;
    &lt;/ns2:configData&gt;&#xD;
    &lt;ns2:configData&gt;&#xD;
      &lt;ns2:id&gt;74d00e3a-a5d6-4135-a69f-0263fc23df9a&lt;/ns2:id&gt;&#xD;
      &lt;ns2:optionName&gt;labelPlacement&lt;/ns2:optionName&gt;&#xD;
      &lt;ns2:value&gt;T&lt;/ns2:value&gt;&#xD;
      &lt;ns2:valueType&gt;static&lt;/ns2:valueType&gt;&#xD;
    &lt;/ns2:configData&gt;&#xD;
    &lt;ns2:configData&gt;&#xD;
      &lt;ns2:id&gt;709997c8-1dab-45fc-8df9-1d0b2e27b8b1&lt;/ns2:id&gt;&#xD;
      &lt;ns2:optionName&gt;eventON_LOAD&lt;/ns2:optionName&gt;&#xD;
      &lt;ns2:value&gt;&lt;/ns2:value&gt;&#xD;
      &lt;ns2:valueType&gt;static&lt;/ns2:valueType&gt;&#xD;
    &lt;/ns2:configData&gt;&#xD;
    &lt;ns2:configData&gt;&#xD;
      &lt;ns2:id&gt;80a8cf1c-8094-4706-8255-87246768b986&lt;/ns2:id&gt;&#xD;
      &lt;ns2:optionName&gt;eventON_SVCITEMS&lt;/ns2:optionName&gt;&#xD;
      &lt;ns2:value&gt;view._proto._onDocTypesLoaded(view)&lt;/ns2:value&gt;&#xD;
      &lt;ns2:valueType&gt;static&lt;/ns2:valueType&gt;&#xD;
    &lt;/ns2:configData&gt;&#xD;
    &lt;ns2:configData&gt;&#xD;
      &lt;ns2:id&gt;b891770a-b8a5-4e46-ade5-1ad9d0532b6e&lt;/ns2:id&gt;&#xD;
      &lt;ns2:optionName&gt;eventON_SVCERROR&lt;/ns2:optionName&gt;&#xD;
      &lt;ns2:valueType&gt;static&lt;/ns2:valueType&gt;&#xD;
    &lt;/ns2:configData&gt;&#xD;
    &lt;ns2:configData&gt;&#xD;
      &lt;ns2:id&gt;6ce7151c-a706-429c-9582-d56de2f83449&lt;/ns2:id&gt;&#xD;
      &lt;ns2:optionName&gt;eventON_CHANGE&lt;/ns2:optionName&gt;&#xD;
      &lt;ns2:value&gt;view._proto._onDocTypeChanged(view, newVal);&lt;/ns2:value&gt;&#xD;
      &lt;ns2:valueType&gt;static&lt;/ns2:valueType&gt;&#xD;
    &lt;/ns2:configData&gt;&#xD;
    &lt;ns2:viewUUID&gt;64.fd4da558-40d8-47be-92ca-c305708dc7b7&lt;/ns2:viewUUID&gt;&#xD;
    &lt;ns2:binding&gt;&lt;/ns2:binding&gt;&#xD;
  &lt;/ns2:layoutItem&gt;&#xD;
  &lt;ns2:layoutItem xsi:type="ns2:CustomHTML"&gt;&#xD;
    &lt;ns2:id&gt;5be11bb8-67ea-47b2-b274-4e5842dd7617&lt;/ns2:id&gt;&#xD;
    &lt;ns2:layoutItemId&gt;CustomHTML2&lt;/ns2:layoutItemId&gt;&#xD;
    &lt;ns2:configData&gt;&#xD;
      &lt;ns2:id&gt;60724ec8-28ae-4a64-91b5-143266614c2b&lt;/ns2:id&gt;&#xD;
      &lt;ns2:optionName&gt;@customHTML.textContent&lt;/ns2:optionName&gt;&#xD;
      &lt;ns2:value&gt;&amp;lt;/div&gt;&#xD;
&amp;lt;div class=&amp;quot;BPMPropertiesContainer&amp;quot;&gt;&#xD;
&amp;lt;/div&gt;&#xD;
&amp;lt;/div&gt;&lt;/ns2:value&gt;&#xD;
    &lt;/ns2:configData&gt;&#xD;
    &lt;ns2:configData&gt;&#xD;
      &lt;ns2:id&gt;37a0208f-f96e-42a0-ba7f-148a64253d1f&lt;/ns2:id&gt;&#xD;
      &lt;ns2:optionName&gt;@customHTML.contentType&lt;/ns2:optionName&gt;&#xD;
      &lt;ns2:value&gt;TEXT&lt;/ns2:value&gt;&#xD;
    &lt;/ns2:configData&gt;&#xD;
    &lt;ns2:configData&gt;&#xD;
      &lt;ns2:id&gt;6a1eaf18-d0c2-46ed-a44e-8e082adea6b7&lt;/ns2:id&gt;&#xD;
      &lt;ns2:optionName&gt;@customHTML.variableContent&lt;/ns2:optionName&gt;&#xD;
    &lt;/ns2:configData&gt;&#xD;
    &lt;ns2:configData&gt;&#xD;
      &lt;ns2:id&gt;0637b9c6-b3ae-4bd8-b073-60cb688e8292&lt;/ns2:id&gt;&#xD;
      &lt;ns2:optionName&gt;@customHTML.assetContent&lt;/ns2:optionName&gt;&#xD;
    &lt;/ns2:configData&gt;&#xD;
  &lt;/ns2:layoutItem&gt;&#xD;
&lt;/ns2:layout&gt;</layout>
        <paletteIcon>/61.ecff341a-a9b7-4d1c-81b3-3ea6a7b7f633</paletteIcon>
        <previewImage>/61.e13bfbca-33da-4e9b-80d6-ace4f0becc19</previewImage>
        <hasLabel>false</hasLabel>
        <labelPosition>0</labelPosition>
        <nineSliceX1Coord>0</nineSliceX1Coord>
        <nineSliceX2Coord>70</nineSliceX2Coord>
        <nineSliceY1Coord>0</nineSliceY1Coord>
        <nineSliceY2Coord>82</nineSliceY2Coord>
        <emitBoundary>false</emitBoundary>
        <isPrototypeFunc>true</isPrototypeFunc>
        <enableDevMode>false</enableDevMode>
        <isMobileReady>true</isMobileReady>
        <loadJsFunction isNull="true" />
        <unloadJsFunction isNull="true" />
        <viewJsFunction isNull="true" />
        <changeJsFunction isNull="true" />
        <collaborationJsFunction isNull="true" />
        <description>&lt;HTML&gt;&lt;HEAD&gt;&#xD;
&lt;STYLE type=text/css&gt; p{margin:0px;}&lt;/STYLE&gt;&#xD;
&lt;/HEAD&gt;&#xD;
&lt;BODY style="FONT-SIZE: 10pt; FONT-FAMILY: arial" bgColor=#f5f5f5&gt;&#xD;
&lt;P&gt;The BPM File Properties control displays and allows users to view, change and delete properties associated with an BPM file/document. &lt;/P&gt;&lt;/BODY&gt;&lt;/HTML&gt;</description>
        <validateJsFunction isNull="true" />
        <previewAdvHtml isNull="true" />
        <previewAdvJs isNull="true" />
        <useUrlBinding>false</useUrlBinding>
        <guid>3a62b3eb-1758-4386-88fc-e73b518a8ec6</guid>
        <versionId>ce26f8c2-3fac-4a2f-ab7c-e51b3b50b11d</versionId>
        <field1 isNull="true" />
        <field2 isNull="true" />
        <field3>0</field3>
        <field4 isNull="true" />
        <field5>false</field5>
        <clobField1 isNull="true" />
        <configOption name="eventON_LOAD">
            <lastModified isNull="true" />
            <lastModifiedBy isNull="true" />
            <coachViewConfigOptionId>66.06e76eb3-ddac-4f3f-bac6-bb25d8ebb259</coachViewConfigOptionId>
            <coachViewId>64.7375629d-bbd0-4f0e-8be9-5422b9086ecf</coachViewId>
            <isList>false</isList>
            <propertyType>EVENT</propertyType>
            <label>tw.resource.DocumentList.BPMFilePropertiesLBLeventONLOAD</label>
            <classId>f1e96cc6-5fd9-4002-8b04-107d4ddae78a/12.db884a3c-c533-44b7-bb2d-47bec8ad4022</classId>
            <processId isNull="true" />
            <actionflowId isNull="true" />
            <isAdaptive>false</isAdaptive>
            <seq>0</seq>
            <description>tw.resource.DocumentList.BPMFilePropertiesDOCeventONLOAD</description>
            <groupName>tw.resource.DocumentList.zCommonGRPEvents</groupName>
            <guid>927a072d-9284-4e41-8105-4b23f1c82857</guid>
            <versionId>e31ebffe-25ec-4874-9efc-8c79d7f0946d</versionId>
        </configOption>
        <configOption name="eventON_ERROR">
            <lastModified isNull="true" />
            <lastModifiedBy isNull="true" />
            <coachViewConfigOptionId>66.1ae3ca3e-e2b9-4128-9061-2c5621d3ff8c</coachViewConfigOptionId>
            <coachViewId>64.7375629d-bbd0-4f0e-8be9-5422b9086ecf</coachViewId>
            <isList>false</isList>
            <propertyType>EVENT</propertyType>
            <label>tw.resource.DocumentList.BPMFilePropertiesLBLeventONERROR</label>
            <classId>f1e96cc6-5fd9-4002-8b04-107d4ddae78a/12.db884a3c-c533-44b7-bb2d-47bec8ad4022</classId>
            <processId isNull="true" />
            <actionflowId isNull="true" />
            <isAdaptive>false</isAdaptive>
            <seq>1</seq>
            <description>tw.resource.DocumentList.BPMFilePropertiesDOCeventONERROR</description>
            <groupName>tw.resource.DocumentList.zCommonGRPEvents</groupName>
            <guid>guid:8f55a8971cb620a2:-22ad9617:15bb401e300:-7fff</guid>
            <versionId>b8ccef6f-7518-47a3-96dc-c96468d8791c</versionId>
        </configOption>
        <dynamicStyle>
            <lastModified isNull="true" />
            <lastModifiedBy isNull="true" />
            <coachViewDynamicStyleId>73.be942211-6949-4f60-9d84-a42dced6b5d3</coachViewDynamicStyleId>
            <coachViewId>64.7375629d-bbd0-4f0e-8be9-5422b9086ecf</coachViewId>
            <filePath>bpmUI.less</filePath>
            <assetUuid>f496ca18-836b-46b7-8846-85b2ee01f7eb/61.26865295-8511-4538-b8f1-4cb99c203a92</assetUuid>
            <seq>0</seq>
            <guid>e58f1bae-b277-48e9-907b-ed6adb5b5245</guid>
            <versionId>39042efb-f6bf-450d-8fcb-8e517161611a</versionId>
        </dynamicStyle>
        <resource>
            <lastModified isNull="true" />
            <lastModifiedBy isNull="true" />
            <coachViewResourceId>67.7ffe9b72-e272-4de3-a529-cde0b005a7a6</coachViewResourceId>
            <coachViewId>64.7375629d-bbd0-4f0e-8be9-5422b9086ecf</coachViewId>
            <filePath>BPMExt-Core.js</filePath>
            <ieCondition isNull="true" />
            <mediaQuery isNull="true" />
            <scriptLoadStyle isNull="true" />
            <assetUuid>f496ca18-836b-46b7-8846-85b2ee01f7eb/61.22dc2e36-11ce-4cd6-a6e8-24201237f10d</assetUuid>
            <seq>2</seq>
            <guid>5db53997-299f-4234-8710-46baa251442d</guid>
            <versionId>a760b1de-705f-4e49-8922-f76934c37918</versionId>
        </resource>
        <resource>
            <lastModified isNull="true" />
            <lastModifiedBy isNull="true" />
            <coachViewResourceId>67.c3246793-b189-456e-b982-5228beae90b8</coachViewResourceId>
            <coachViewId>64.7375629d-bbd0-4f0e-8be9-5422b9086ecf</coachViewId>
            <filePath isNull="true" />
            <ieCondition isNull="true" />
            <mediaQuery isNull="true" />
            <scriptLoadStyle isNull="true" />
            <assetUuid>/61.a102c90c-c48a-4f62-a445-6df9a3a4ee2d</assetUuid>
            <seq>3</seq>
            <guid>88524042-3260-4769-89da-a77be5f2b674</guid>
            <versionId>c616792e-d654-4ed4-aefe-3bcae2eab14b</versionId>
        </resource>
        <inlineScript name="Inline CSS">
            <lastModified isNull="true" />
            <lastModifiedBy isNull="true" />
            <coachViewInlineScriptId>68.c2499570-5560-4361-83ad-4d586c5aae15</coachViewInlineScriptId>
            <coachViewId>64.7375629d-bbd0-4f0e-8be9-5422b9086ecf</coachViewId>
            <scriptType>CSS</scriptType>
            <scriptBlock>.Document_Properties .doc-prop {
    margin-top: 20px;
}

.Document_Properties .SvcHolder {
    position: relative;
}

.Document_Properties .SvcHolder &gt; .FilePropSvc {
    position: absolute;
    z-index: 15;
    color: black !important;
    left: 50%;
    top: -115px;
}

.Document_Properties .cmis-prop-add-btn {
    position: absolute;
    z-index: 2;
    right: 5px;
    top: -29px;
}

.CoachViewRTL .Document_Properties .cmis-prop-add-btn {
	right: unset!important;
    left: 5px;
}

.Document_Properties .cmis-prop-add-btn, .Document_Properties .cmis-prop-del-btn {
}

.Document_Properties .cmis-prop-list {
    padding-left: 0px;
    padding-right: 5px;
    position: relative;
}

.CoachViewRTL .Document_Properties .cmis-prop-list {
    padding-left: 5px;
    padding-right: 0px;
}

.Document_Properties .cmis-prop-list &gt; .input &gt; :first-child {
    display: inline;
    width: 94%;
}

.Document_Properties .cmis-prop-del-btn {
    display: inline;
    padding: 0px 0px 0px 11px;
    color: #9D6E6E;
}

.Document_Properties .cmis-prop-del-btn:focus {
    color: #89111D;
}

.CoachViewRTL .Document_Properties .cmis-prop-del-btn {
    padding: 0px 11px 0px 0px;
}

.Document_Properties .cmis-prop-add-btn, .Document_Properties .cmis-prop-del-btn {
    font-size: 1.7em;
}

.docprops-table.table&gt;tbody&gt;tr&gt;td {
    border: none !important;
}

.docprops-table.table&gt;tbody&gt;tr&gt;td:first-child, .docprops-table.table&gt;tbody&gt;tr&gt;td:last-child {
 padding-left:0px !important;
 padding-right:0px !important;
}

.BPMPropertiesPanel {
    position:relative;
}</scriptBlock>
            <seq>0</seq>
            <description isNull="true" />
            <guid>3b055482-e269-40ef-bddb-6a37f1f13538</guid>
            <versionId>9280fb12-c2be-472f-acf9-eafc4238c4b0</versionId>
        </inlineScript>
        <inlineScript name="Inline Javascript">
            <lastModified isNull="true" />
            <lastModifiedBy isNull="true" />
            <coachViewInlineScriptId>68.8706f087-0405-4a7b-a2f1-1a5bf31bf077</coachViewInlineScriptId>
            <coachViewId>64.7375629d-bbd0-4f0e-8be9-5422b9086ecf</coachViewId>
            <scriptType>JS</scriptType>
            <scriptBlock>bpmext_control_InitDocumentProperties.call(this, utilities, bpmext, domClass, domAttr, domConstruct);</scriptBlock>
            <seq>1</seq>
            <description isNull="true" />
            <guid>18a710b3-815a-4bd7-80b1-f9336f1d7645</guid>
            <versionId>fb7e298b-846e-4199-ba31-9c41ba648a77</versionId>
        </inlineScript>
        <inlineScript name="Header HTML">
            <lastModified isNull="true" />
            <lastModifiedBy isNull="true" />
            <coachViewInlineScriptId>68.de6b6a0e-0d9a-42cd-be62-a1a8ca251fd8</coachViewInlineScriptId>
            <coachViewId>64.7375629d-bbd0-4f0e-8be9-5422b9086ecf</coachViewId>
            <scriptType>HTML</scriptType>
            <scriptBlock isNull="true" />
            <seq>2</seq>
            <description isNull="true" />
            <guid>43c5c414-8d1e-4b1a-b84f-746cf2e7b863</guid>
            <versionId>f27c2d97-bb48-4733-b355-56c59defcbf8</versionId>
        </inlineScript>
        <localization>
            <lastModified isNull="true" />
            <lastModifiedBy isNull="true" />
            <coachViewLocalResId>69.a2e45235-3833-4da6-b55a-0715c6292ab2</coachViewLocalResId>
            <coachViewId>64.7375629d-bbd0-4f0e-8be9-5422b9086ecf</coachViewId>
            <resourceBundleGroupId>/50.05a87f6e-92f1-49f0-9cd4-d66479a5ea46</resourceBundleGroupId>
            <seq>0</seq>
            <guid>guid:8f55a8971cb620a2:-22ad9617:15bb401e300:-7ffe</guid>
            <versionId>62a5687b-dfd8-4223-a877-457e83c352d8</versionId>
        </localization>
        <amdDependency>
            <lastModified isNull="true" />
            <lastModifiedBy isNull="true" />
            <coachViewAmdDepId>70.46b4ff8c-d0c1-4e92-b006-a309bd2c924d</coachViewAmdDepId>
            <coachViewId>64.7375629d-bbd0-4f0e-8be9-5422b9086ecf</coachViewId>
            <moduleId>dojo/dom-attr</moduleId>
            <functionArgument>domAttr</functionArgument>
            <seq>0</seq>
            <guid>616d3c77-f98c-49b9-81d6-950595f81b80</guid>
            <versionId>e95a5b97-7ec4-4a21-894b-4fdaf3df3e8c</versionId>
        </amdDependency>
        <amdDependency>
            <lastModified isNull="true" />
            <lastModifiedBy isNull="true" />
            <coachViewAmdDepId>70.2c18bf67-4335-4b2b-be3d-0146be47168d</coachViewAmdDepId>
            <coachViewId>64.7375629d-bbd0-4f0e-8be9-5422b9086ecf</coachViewId>
            <moduleId>dojo/dom-class</moduleId>
            <functionArgument>domClass</functionArgument>
            <seq>1</seq>
            <guid>084f43f7-3532-459d-b6e0-8cd727eb5e90</guid>
            <versionId>53162aac-f633-41a9-9e32-6a410bbbfada</versionId>
        </amdDependency>
        <amdDependency>
            <lastModified isNull="true" />
            <lastModifiedBy isNull="true" />
            <coachViewAmdDepId>70.59e5d354-bf2c-4748-9617-2c2709d93fc4</coachViewAmdDepId>
            <coachViewId>64.7375629d-bbd0-4f0e-8be9-5422b9086ecf</coachViewId>
            <moduleId>dojo/dom-construct</moduleId>
            <functionArgument>domConstruct</functionArgument>
            <seq>2</seq>
            <guid>b390fdd2-4071-4b28-a704-242d6eda5ed4</guid>
            <versionId>70e865a1-7af1-4036-b12d-4da90cf6554c</versionId>
        </amdDependency>
        <amdDependency>
            <lastModified isNull="true" />
            <lastModifiedBy isNull="true" />
            <coachViewAmdDepId>70.056e3464-a6c9-408e-9eb2-f35d5591cf34</coachViewAmdDepId>
            <coachViewId>64.7375629d-bbd0-4f0e-8be9-5422b9086ecf</coachViewId>
            <moduleId>com.ibm.bpm.coach.utils/utilities</moduleId>
            <functionArgument>utilities</functionArgument>
            <seq>3</seq>
            <guid>33e9abd0-aecc-4310-a3ca-1f35ca61627c</guid>
            <versionId>ef9a8687-ceca-41a6-ad55-a6555d58b2a1</versionId>
        </amdDependency>
    </coachView>
</teamworks>

