<?xml version="1.0" encoding="UTF-8"?>
<teamworks>
    <coachView id="64.9541d12d-3fc6-4b81-b238-2039bdf3e05a" name="ECM File Revisions">
        <lastModified>1496085876355</lastModified>
        <lastModifiedBy>tw_admin</lastModifiedBy>
        <coachViewId>64.9541d12d-3fc6-4b81-b238-2039bdf3e05a</coachViewId>
        <isTemplate>false</isTemplate>
        <layout>&lt;?xml version="1.0" encoding="UTF-8" standalone="yes"?&gt;&lt;ns2:layout xmlns:ns2="http://www.ibm.com/bpm/CoachDesignerNG" xmlns:ns3="http://www.ibm.com/bpm/coachview"&gt;&lt;ns2:layoutItem xsi:type="ns2:CustomHTML" xmlns:xsi="http://www.w3.org/2001/XMLSchema-instance"&gt;&lt;ns2:id&gt;765bdc7a-582c-4896-a81e-a43f274bd454&lt;/ns2:id&gt;&lt;ns2:layoutItemId&gt;CustomHTML1&lt;/ns2:layoutItemId&gt;&lt;ns2:configData&gt;&lt;ns2:id&gt;5be1bdc9-32bb-4be7-9f8f-f4261f4f04ba&lt;/ns2:id&gt;&lt;ns2:optionName&gt;@customHTML.textContent&lt;/ns2:optionName&gt;&lt;ns2:value&gt;&amp;lt;div class="SvcHolder big-primary"&amp;gt;&lt;/ns2:value&gt;&lt;/ns2:configData&gt;&lt;ns2:configData&gt;&lt;ns2:id&gt;96ea113c-2e31-4c62-b557-20211c8072b4&lt;/ns2:id&gt;&lt;ns2:optionName&gt;@customHTML.contentType&lt;/ns2:optionName&gt;&lt;ns2:value&gt;TEXT&lt;/ns2:value&gt;&lt;/ns2:configData&gt;&lt;ns2:configData&gt;&lt;ns2:id&gt;81145716-cae0-4575-b706-88f50ba9bd19&lt;/ns2:id&gt;&lt;ns2:optionName&gt;@customHTML.variableContent&lt;/ns2:optionName&gt;&lt;/ns2:configData&gt;&lt;ns2:configData&gt;&lt;ns2:id&gt;c46653b1-c2c1-4f69-ae3e-e2f02aca6323&lt;/ns2:id&gt;&lt;ns2:optionName&gt;@customHTML.assetContent&lt;/ns2:optionName&gt;&lt;/ns2:configData&gt;&lt;/ns2:layoutItem&gt;&lt;ns2:layoutItem xsi:type="ns2:ViewRef" version="8560" xmlns:xsi="http://www.w3.org/2001/XMLSchema-instance"&gt;&lt;ns2:id&gt;7221d0a3-093c-491e-ae82-fd41e6782d60&lt;/ns2:id&gt;&lt;ns2:layoutItemId&gt;GetAllVersions&lt;/ns2:layoutItemId&gt;&lt;ns2:configData&gt;&lt;ns2:id&gt;2ef21856-8637-48cc-8053-8a3f37def23a&lt;/ns2:id&gt;&lt;ns2:optionName&gt;@label&lt;/ns2:optionName&gt;&lt;ns2:value&gt;Get All Versions&lt;/ns2:value&gt;&lt;/ns2:configData&gt;&lt;ns2:configData&gt;&lt;ns2:id&gt;ad01184b-f41b-4ff0-84f9-ea185aea16f5&lt;/ns2:id&gt;&lt;ns2:optionName&gt;@helpText&lt;/ns2:optionName&gt;&lt;ns2:value&gt;&lt;/ns2:value&gt;&lt;ns2:valueType&gt;static&lt;/ns2:valueType&gt;&lt;/ns2:configData&gt;&lt;ns2:configData&gt;&lt;ns2:id&gt;bc71d26c-9e9b-4ad9-9262-e32d86217bc6&lt;/ns2:id&gt;&lt;ns2:optionName&gt;@visibility&lt;/ns2:optionName&gt;&lt;ns2:value&gt;DEFAULT&lt;/ns2:value&gt;&lt;ns2:valueType&gt;static&lt;/ns2:valueType&gt;&lt;/ns2:configData&gt;&lt;ns2:configData&gt;&lt;ns2:id&gt;cb1c27c7-0e72-42a1-954f-47e073891fe5&lt;/ns2:id&gt;&lt;ns2:optionName&gt;@labelVisibility&lt;/ns2:optionName&gt;&lt;ns2:value&gt;SHOW&lt;/ns2:value&gt;&lt;ns2:valueType&gt;static&lt;/ns2:valueType&gt;&lt;/ns2:configData&gt;&lt;ns2:configData&gt;&lt;ns2:id&gt;c50160ad-c729-4f26-a281-6641d682d150&lt;/ns2:id&gt;&lt;ns2:optionName&gt;@baseTextDirection&lt;/ns2:optionName&gt;&lt;ns2:value&gt;DEFAULT&lt;/ns2:value&gt;&lt;ns2:valueType&gt;static&lt;/ns2:valueType&gt;&lt;/ns2:configData&gt;&lt;ns2:configData&gt;&lt;ns2:id&gt;7e3a12f0-8da5-4d30-83ea-f3996a4a4f80&lt;/ns2:id&gt;&lt;ns2:optionName&gt;attachedService&lt;/ns2:optionName&gt;&lt;ns2:value&gt;1.18e6b447-3293-44d9-8e44-3a983de065f8&lt;/ns2:value&gt;&lt;ns2:valueType&gt;static&lt;/ns2:valueType&gt;&lt;/ns2:configData&gt;&lt;ns2:configData&gt;&lt;ns2:id&gt;445cae87-85ee-4105-8fc6-efb0fb1d182f&lt;/ns2:id&gt;&lt;ns2:optionName&gt;inputData&lt;/ns2:optionName&gt;&lt;ns2:valueType&gt;dynamic&lt;/ns2:valueType&gt;&lt;/ns2:configData&gt;&lt;ns2:configData&gt;&lt;ns2:id&gt;fe9f593b-6ab6-433c-9e7e-2ea19c6199e1&lt;/ns2:id&gt;&lt;ns2:optionName&gt;autoRun&lt;/ns2:optionName&gt;&lt;ns2:value&gt;false&lt;/ns2:value&gt;&lt;ns2:valueType&gt;static&lt;/ns2:valueType&gt;&lt;/ns2:configData&gt;&lt;ns2:configData&gt;&lt;ns2:id&gt;c8ae367e-5041-4aa0-8e48-3faa6e19eaf3&lt;/ns2:id&gt;&lt;ns2:optionName&gt;busyIndicator&lt;/ns2:optionName&gt;&lt;ns2:value&gt;R&lt;/ns2:value&gt;&lt;ns2:valueType&gt;static&lt;/ns2:valueType&gt;&lt;/ns2:configData&gt;&lt;ns2:configData&gt;&lt;ns2:id&gt;6b1309aa-f49d-4da3-9ae2-a6237fd3ac8c&lt;/ns2:id&gt;&lt;ns2:optionName&gt;eventON_LOAD&lt;/ns2:optionName&gt;&lt;ns2:valueType&gt;static&lt;/ns2:valueType&gt;&lt;/ns2:configData&gt;&lt;ns2:configData&gt;&lt;ns2:id&gt;5a15e25a-0686-4b55-a635-0a8fd1637274&lt;/ns2:id&gt;&lt;ns2:optionName&gt;eventON_SVCINVOKE&lt;/ns2:optionName&gt;&lt;ns2:valueType&gt;static&lt;/ns2:valueType&gt;&lt;/ns2:configData&gt;&lt;ns2:configData&gt;&lt;ns2:id&gt;dbb8a487-0a66-4db9-8210-d1146d86679d&lt;/ns2:id&gt;&lt;ns2:optionName&gt;eventON_SVCRESULT&lt;/ns2:optionName&gt;&lt;ns2:value&gt;@_onGetAllVersionsResult&lt;/ns2:value&gt;&lt;ns2:valueType&gt;static&lt;/ns2:valueType&gt;&lt;/ns2:configData&gt;&lt;ns2:configData&gt;&lt;ns2:id&gt;64c58731-7cfe-4428-9065-5becb71235b3&lt;/ns2:id&gt;&lt;ns2:optionName&gt;eventON_SVCERROR&lt;/ns2:optionName&gt;&lt;ns2:value&gt;@_onGetAllVersionsError&lt;/ns2:value&gt;&lt;ns2:valueType&gt;static&lt;/ns2:valueType&gt;&lt;/ns2:configData&gt;&lt;ns2:configData&gt;&lt;ns2:id&gt;f7ee57ba-e240-4e4b-89ed-bc154d2dfbae&lt;/ns2:id&gt;&lt;ns2:optionName&gt;@htmlOverrides&lt;/ns2:optionName&gt;&lt;/ns2:configData&gt;&lt;ns2:configData&gt;&lt;ns2:id&gt;8281b4c1-6ffa-4da1-a064-317e320c0a49&lt;/ns2:id&gt;&lt;ns2:optionName&gt;@className&lt;/ns2:optionName&gt;&lt;ns2:value&gt;DocSvc&lt;/ns2:value&gt;&lt;/ns2:configData&gt;&lt;ns2:viewUUID&gt;64.1feaead9-b1d2-4a7e-80a3-22156e6fe8f9&lt;/ns2:viewUUID&gt;&lt;/ns2:layoutItem&gt;&lt;ns2:layoutItem xsi:type="ns2:CustomHTML" xmlns:xsi="http://www.w3.org/2001/XMLSchema-instance"&gt;&lt;ns2:id&gt;6d03af6c-ea7b-4f92-93e6-e3351d7b3f82&lt;/ns2:id&gt;&lt;ns2:layoutItemId&gt;CustomHTML2&lt;/ns2:layoutItemId&gt;&lt;ns2:configData&gt;&lt;ns2:id&gt;e8b874b9-b6d0-43d5-8dbd-9d4f8b179673&lt;/ns2:id&gt;&lt;ns2:optionName&gt;@customHTML.textContent&lt;/ns2:optionName&gt;&lt;ns2:value&gt;&amp;lt;/div&amp;gt;&lt;/ns2:value&gt;&lt;/ns2:configData&gt;&lt;ns2:configData&gt;&lt;ns2:id&gt;f55ece67-3483-45ed-96a2-86083b5bc006&lt;/ns2:id&gt;&lt;ns2:optionName&gt;@customHTML.contentType&lt;/ns2:optionName&gt;&lt;ns2:value&gt;TEXT&lt;/ns2:value&gt;&lt;/ns2:configData&gt;&lt;ns2:configData&gt;&lt;ns2:id&gt;04df8b6d-841f-4729-a4cc-5e6f0d211bad&lt;/ns2:id&gt;&lt;ns2:optionName&gt;@customHTML.variableContent&lt;/ns2:optionName&gt;&lt;/ns2:configData&gt;&lt;ns2:configData&gt;&lt;ns2:id&gt;c4ce321e-fafa-48ae-a488-5dc409c9d444&lt;/ns2:id&gt;&lt;ns2:optionName&gt;@customHTML.assetContent&lt;/ns2:optionName&gt;&lt;/ns2:configData&gt;&lt;/ns2:layoutItem&gt;&lt;ns2:layoutItem xsi:type="ns2:ViewRef" version="8560" xmlns:xsi="http://www.w3.org/2001/XMLSchema-instance"&gt;&lt;ns2:id&gt;17998bb8-3b63-4cdb-a94f-e63dc1acf20e&lt;/ns2:id&gt;&lt;ns2:layoutItemId&gt;Vertical_Layout1&lt;/ns2:layoutItemId&gt;&lt;ns2:configData&gt;&lt;ns2:id&gt;281211cc-bf81-45ef-8781-c61a81307c4d&lt;/ns2:id&gt;&lt;ns2:optionName&gt;@label&lt;/ns2:optionName&gt;&lt;ns2:value&gt;Vertical Layout&lt;/ns2:value&gt;&lt;/ns2:configData&gt;&lt;ns2:configData&gt;&lt;ns2:id&gt;045ca7b7-d3ed-4790-871b-00c6abd12c0b&lt;/ns2:id&gt;&lt;ns2:optionName&gt;@helpText&lt;/ns2:optionName&gt;&lt;ns2:value&gt;&lt;/ns2:value&gt;&lt;ns2:valueType&gt;static&lt;/ns2:valueType&gt;&lt;/ns2:configData&gt;&lt;ns2:configData&gt;&lt;ns2:id&gt;ef942ff5-fd56-403a-8d25-f1940d6149ce&lt;/ns2:id&gt;&lt;ns2:optionName&gt;@visibility&lt;/ns2:optionName&gt;&lt;ns2:value&gt;DEFAULT&lt;/ns2:value&gt;&lt;ns2:valueType&gt;static&lt;/ns2:valueType&gt;&lt;/ns2:configData&gt;&lt;ns2:configData&gt;&lt;ns2:id&gt;90b5f8ce-641f-4088-965f-8e2877cc3cb2&lt;/ns2:id&gt;&lt;ns2:optionName&gt;@labelVisibility&lt;/ns2:optionName&gt;&lt;ns2:value&gt;SHOW&lt;/ns2:value&gt;&lt;ns2:valueType&gt;static&lt;/ns2:valueType&gt;&lt;/ns2:configData&gt;&lt;ns2:configData&gt;&lt;ns2:id&gt;11276020-0466-416a-8369-7a3bedf29b80&lt;/ns2:id&gt;&lt;ns2:optionName&gt;@baseTextDirection&lt;/ns2:optionName&gt;&lt;ns2:value&gt;DEFAULT&lt;/ns2:value&gt;&lt;ns2:valueType&gt;static&lt;/ns2:valueType&gt;&lt;/ns2:configData&gt;&lt;ns2:configData&gt;&lt;ns2:id&gt;a8b5acf4-03de-49f4-aff5-268359d5a105&lt;/ns2:id&gt;&lt;ns2:optionName&gt;layoutFlow&lt;/ns2:optionName&gt;&lt;ns2:value&gt;Y&lt;/ns2:value&gt;&lt;ns2:valueType&gt;static&lt;/ns2:valueType&gt;&lt;/ns2:configData&gt;&lt;ns2:configData&gt;&lt;ns2:id&gt;42870a49-900d-4db0-b830-9df5ba8b799e&lt;/ns2:id&gt;&lt;ns2:optionName&gt;hAlignment&lt;/ns2:optionName&gt;&lt;ns2:value&gt;J&lt;/ns2:value&gt;&lt;ns2:valueType&gt;static&lt;/ns2:valueType&gt;&lt;/ns2:configData&gt;&lt;ns2:configData&gt;&lt;ns2:id&gt;c6eedaed-ffef-418f-ac4d-b034058e2835&lt;/ns2:id&gt;&lt;ns2:optionName&gt;vAlignment&lt;/ns2:optionName&gt;&lt;ns2:value&gt;T&lt;/ns2:value&gt;&lt;ns2:valueType&gt;static&lt;/ns2:valueType&gt;&lt;/ns2:configData&gt;&lt;ns2:configData&gt;&lt;ns2:id&gt;2488ec17-70f3-4514-a879-7433f08accdb&lt;/ns2:id&gt;&lt;ns2:optionName&gt;width&lt;/ns2:optionName&gt;&lt;ns2:valueType&gt;static&lt;/ns2:valueType&gt;&lt;/ns2:configData&gt;&lt;ns2:configData&gt;&lt;ns2:id&gt;bccf2f7d-91bd-40b0-a6aa-db8dd0de8086&lt;/ns2:id&gt;&lt;ns2:optionName&gt;height&lt;/ns2:optionName&gt;&lt;ns2:valueType&gt;static&lt;/ns2:valueType&gt;&lt;/ns2:configData&gt;&lt;ns2:configData&gt;&lt;ns2:id&gt;596be75d-5f98-403b-90ef-392df1eecfc5&lt;/ns2:id&gt;&lt;ns2:optionName&gt;sensor&lt;/ns2:optionName&gt;&lt;ns2:valueType&gt;static&lt;/ns2:valueType&gt;&lt;/ns2:configData&gt;&lt;ns2:configData&gt;&lt;ns2:id&gt;212b9a04-90a0-4b70-a1c7-94dc451dec71&lt;/ns2:id&gt;&lt;ns2:optionName&gt;behaviors&lt;/ns2:optionName&gt;&lt;ns2:valueType&gt;dynamic&lt;/ns2:valueType&gt;&lt;/ns2:configData&gt;&lt;ns2:configData&gt;&lt;ns2:id&gt;f9fd3af3-8325-4c08-8580-d366a7e8c168&lt;/ns2:id&gt;&lt;ns2:optionName&gt;deferLoad&lt;/ns2:optionName&gt;&lt;ns2:value&gt;false&lt;/ns2:value&gt;&lt;ns2:valueType&gt;static&lt;/ns2:valueType&gt;&lt;/ns2:configData&gt;&lt;ns2:configData&gt;&lt;ns2:id&gt;a69a0140-c8a2-43e3-b0b9-42d234c6a12e&lt;/ns2:id&gt;&lt;ns2:optionName&gt;loadBatchSize&lt;/ns2:optionName&gt;&lt;ns2:valueType&gt;static&lt;/ns2:valueType&gt;&lt;/ns2:configData&gt;&lt;ns2:configData&gt;&lt;ns2:id&gt;ce46c492-6f79-4af2-ba5b-60512ffa4aa3&lt;/ns2:id&gt;&lt;ns2:optionName&gt;eventON_LOAD&lt;/ns2:optionName&gt;&lt;ns2:valueType&gt;static&lt;/ns2:valueType&gt;&lt;/ns2:configData&gt;&lt;ns2:configData&gt;&lt;ns2:id&gt;d8ebc8d4-707a-4067-98bd-416a8a60a7e1&lt;/ns2:id&gt;&lt;ns2:optionName&gt;eventON_RESUPD&lt;/ns2:optionName&gt;&lt;ns2:valueType&gt;static&lt;/ns2:valueType&gt;&lt;/ns2:configData&gt;&lt;ns2:viewUUID&gt;64.ef447b87-24a2-42a7-b2b9-cd471e9f7b67&lt;/ns2:viewUUID&gt;&lt;ns2:contentBoxContrib&gt;&lt;ns2:id&gt;bb906259-63a3-4dea-8e51-1cdae2e0e767&lt;/ns2:id&gt;&lt;ns2:contentBoxId&gt;ContentBox1&lt;/ns2:contentBoxId&gt;&lt;ns2:contributions xsi:type="ns2:ViewRef" version="8560"&gt;&lt;ns2:id&gt;0dfc13fb-6a10-4986-90eb-1f4abe5cf472&lt;/ns2:id&gt;&lt;ns2:layoutItemId&gt;RevisionTable&lt;/ns2:layoutItemId&gt;&lt;ns2:configData&gt;&lt;ns2:id&gt;c924d8d5-d247-4112-880e-d0b5110935a7&lt;/ns2:id&gt;&lt;ns2:optionName&gt;@label&lt;/ns2:optionName&gt;&lt;ns2:value&gt;tw.options.@label&lt;/ns2:value&gt;&lt;ns2:valueType&gt;dynamic&lt;/ns2:valueType&gt;&lt;/ns2:configData&gt;&lt;ns2:configData&gt;&lt;ns2:id&gt;4b4bc619-e432-46a3-98a3-82be6443a272&lt;/ns2:id&gt;&lt;ns2:optionName&gt;@helpText&lt;/ns2:optionName&gt;&lt;ns2:value&gt;tw.options.@helpText&lt;/ns2:value&gt;&lt;ns2:valueType&gt;dynamic&lt;/ns2:valueType&gt;&lt;/ns2:configData&gt;&lt;ns2:configData&gt;&lt;ns2:id&gt;08bc29c0-04df-4646-9314-b4b940c61336&lt;/ns2:id&gt;&lt;ns2:optionName&gt;@visibility&lt;/ns2:optionName&gt;&lt;ns2:value&gt;tw.options.@visibility&lt;/ns2:value&gt;&lt;ns2:valueType&gt;dynamic&lt;/ns2:valueType&gt;&lt;/ns2:configData&gt;&lt;ns2:configData&gt;&lt;ns2:id&gt;5fa97ce7-b4fc-4977-85e7-ecdd31ed6e87&lt;/ns2:id&gt;&lt;ns2:optionName&gt;@labelVisibility&lt;/ns2:optionName&gt;&lt;ns2:value&gt;tw.options.@labelVisibility&lt;/ns2:value&gt;&lt;ns2:valueType&gt;dynamic&lt;/ns2:valueType&gt;&lt;/ns2:configData&gt;&lt;ns2:configData&gt;&lt;ns2:id&gt;bbcf954b-712f-4e28-9897-26b3072de4de&lt;/ns2:id&gt;&lt;ns2:optionName&gt;@baseTextDirection&lt;/ns2:optionName&gt;&lt;ns2:value&gt;DEFAULT&lt;/ns2:value&gt;&lt;ns2:valueType&gt;static&lt;/ns2:valueType&gt;&lt;/ns2:configData&gt;&lt;ns2:configData&gt;&lt;ns2:id&gt;79c24817-199c-488a-9191-d47d6b729045&lt;/ns2:id&gt;&lt;ns2:optionName&gt;dataService&lt;/ns2:optionName&gt;&lt;ns2:valueType&gt;static&lt;/ns2:valueType&gt;&lt;/ns2:configData&gt;&lt;ns2:configData&gt;&lt;ns2:id&gt;e72504e6-23b8-4eb3-8008-699b6907cf62&lt;/ns2:id&gt;&lt;ns2:optionName&gt;queryData&lt;/ns2:optionName&gt;&lt;ns2:valueType&gt;dynamic&lt;/ns2:valueType&gt;&lt;/ns2:configData&gt;&lt;ns2:configData&gt;&lt;ns2:id&gt;c7663ae2-5f1d-4d2b-b22a-f1e91a481813&lt;/ns2:id&gt;&lt;ns2:optionName&gt;startEmpty&lt;/ns2:optionName&gt;&lt;ns2:value&gt;true&lt;/ns2:value&gt;&lt;ns2:valueType&gt;static&lt;/ns2:valueType&gt;&lt;/ns2:configData&gt;&lt;ns2:configData&gt;&lt;ns2:id&gt;cb500312-f6e5-4eca-af6d-1809369d0869&lt;/ns2:id&gt;&lt;ns2:optionName&gt;selectionMode&lt;/ns2:optionName&gt;&lt;ns2:value&gt;N&lt;/ns2:value&gt;&lt;ns2:valueType&gt;static&lt;/ns2:valueType&gt;&lt;/ns2:configData&gt;&lt;ns2:configData&gt;&lt;ns2:id&gt;f7909340-da44-4c0a-b14d-f508d4ba77e6&lt;/ns2:id&gt;&lt;ns2:optionName&gt;showFooter&lt;/ns2:optionName&gt;&lt;ns2:value&gt;false&lt;/ns2:value&gt;&lt;ns2:valueType&gt;static&lt;/ns2:valueType&gt;&lt;/ns2:configData&gt;&lt;ns2:configData&gt;&lt;ns2:id&gt;7387745a-f5d7-428f-9037-0ff968b6aee8&lt;/ns2:id&gt;&lt;ns2:optionName&gt;showTableStats&lt;/ns2:optionName&gt;&lt;ns2:value&gt;false&lt;/ns2:value&gt;&lt;ns2:valueType&gt;static&lt;/ns2:valueType&gt;&lt;/ns2:configData&gt;&lt;ns2:configData&gt;&lt;ns2:id&gt;d8bbd919-0e14-4af4-949d-845b21aaca93&lt;/ns2:id&gt;&lt;ns2:optionName&gt;showPager&lt;/ns2:optionName&gt;&lt;ns2:value&gt;false&lt;/ns2:value&gt;&lt;ns2:valueType&gt;static&lt;/ns2:valueType&gt;&lt;/ns2:configData&gt;&lt;ns2:configData&gt;&lt;ns2:id&gt;3b7b0c05-3230-4fe7-898d-5f3853d419de&lt;/ns2:id&gt;&lt;ns2:optionName&gt;showPageSizer&lt;/ns2:optionName&gt;&lt;ns2:value&gt;false&lt;/ns2:value&gt;&lt;ns2:valueType&gt;static&lt;/ns2:valueType&gt;&lt;/ns2:configData&gt;&lt;ns2:configData&gt;&lt;ns2:id&gt;30b3d78b-84fa-4fd2-9989-ecd5f2c21a24&lt;/ns2:id&gt;&lt;ns2:optionName&gt;pageSize&lt;/ns2:optionName&gt;&lt;ns2:valueType&gt;static&lt;/ns2:valueType&gt;&lt;/ns2:configData&gt;&lt;ns2:configData&gt;&lt;ns2:id&gt;e7eba43b-41ef-40e2-85d8-c73dc62dc28c&lt;/ns2:id&gt;&lt;ns2:optionName&gt;columnSpecs&lt;/ns2:optionName&gt;&lt;ns2:valueType&gt;dynamic&lt;/ns2:valueType&gt;&lt;/ns2:configData&gt;&lt;ns2:configData&gt;&lt;ns2:id&gt;ad7853d0-57b2-4858-9a8f-78e0ca810d83&lt;/ns2:id&gt;&lt;ns2:optionName&gt;tableStyle&lt;/ns2:optionName&gt;&lt;ns2:value&gt;tw.options.tableStyle&lt;/ns2:value&gt;&lt;ns2:valueType&gt;dynamic&lt;/ns2:valueType&gt;&lt;/ns2:configData&gt;&lt;ns2:configData&gt;&lt;ns2:id&gt;1ff4d244-73a1-42ac-ab8a-51071c162cf0&lt;/ns2:id&gt;&lt;ns2:optionName&gt;colorStyle&lt;/ns2:optionName&gt;&lt;ns2:value&gt;tw.options.colorStyle&lt;/ns2:value&gt;&lt;ns2:valueType&gt;dynamic&lt;/ns2:valueType&gt;&lt;/ns2:configData&gt;&lt;ns2:configData&gt;&lt;ns2:id&gt;05ea6a45-a481-49b2-8ff2-aba98f785b05&lt;/ns2:id&gt;&lt;ns2:optionName&gt;highlightSel&lt;/ns2:optionName&gt;&lt;ns2:value&gt;false&lt;/ns2:value&gt;&lt;ns2:valueType&gt;static&lt;/ns2:valueType&gt;&lt;/ns2:configData&gt;&lt;ns2:configData&gt;&lt;ns2:id&gt;a22c6679-295a-4f3b-9932-957955e68122&lt;/ns2:id&gt;&lt;ns2:optionName&gt;width&lt;/ns2:optionName&gt;&lt;ns2:value&gt;&lt;/ns2:value&gt;&lt;ns2:valueType&gt;static&lt;/ns2:valueType&gt;&lt;/ns2:configData&gt;&lt;ns2:configData&gt;&lt;ns2:id&gt;4e76f265-a311-4513-94e5-f92c04870ed8&lt;/ns2:id&gt;&lt;ns2:optionName&gt;height&lt;/ns2:optionName&gt;&lt;ns2:value&gt;tw.options.height&lt;/ns2:value&gt;&lt;ns2:valueType&gt;dynamic&lt;/ns2:valueType&gt;&lt;/ns2:configData&gt;&lt;ns2:configData&gt;&lt;ns2:id&gt;8d540ad5-fce4-4748-8b43-94094aae7e8f&lt;/ns2:id&gt;&lt;ns2:optionName&gt;deferLoad&lt;/ns2:optionName&gt;&lt;ns2:value&gt;false&lt;/ns2:value&gt;&lt;ns2:valueType&gt;static&lt;/ns2:valueType&gt;&lt;/ns2:configData&gt;&lt;ns2:configData&gt;&lt;ns2:id&gt;7b526e36-40ee-4013-b8f0-c116df5fd6e0&lt;/ns2:id&gt;&lt;ns2:optionName&gt;loadBatchSize&lt;/ns2:optionName&gt;&lt;ns2:valueType&gt;static&lt;/ns2:valueType&gt;&lt;/ns2:configData&gt;&lt;ns2:configData&gt;&lt;ns2:id&gt;5d2b4f7d-2097-4ac0-b632-505df9fb408b&lt;/ns2:id&gt;&lt;ns2:optionName&gt;eventON_LOAD&lt;/ns2:optionName&gt;&lt;ns2:valueType&gt;static&lt;/ns2:valueType&gt;&lt;/ns2:configData&gt;&lt;ns2:configData&gt;&lt;ns2:id&gt;cc25cda7-79b3-4f93-80b3-763629ca854d&lt;/ns2:id&gt;&lt;ns2:optionName&gt;eventON_DATALOADED&lt;/ns2:optionName&gt;&lt;ns2:valueType&gt;static&lt;/ns2:valueType&gt;&lt;/ns2:configData&gt;&lt;ns2:configData&gt;&lt;ns2:id&gt;ff072be2-f54d-43b1-a5a8-df49d0a98948&lt;/ns2:id&gt;&lt;ns2:optionName&gt;eventON_DATAERROR&lt;/ns2:optionName&gt;&lt;ns2:valueType&gt;static&lt;/ns2:valueType&gt;&lt;/ns2:configData&gt;&lt;ns2:configData&gt;&lt;ns2:id&gt;8b60ff48-72e1-45ab-8a1f-47ada2a714b6&lt;/ns2:id&gt;&lt;ns2:optionName&gt;eventON_NEWCELL&lt;/ns2:optionName&gt;&lt;ns2:value&gt;@_renderVersionCell&lt;/ns2:value&gt;&lt;ns2:valueType&gt;static&lt;/ns2:valueType&gt;&lt;/ns2:configData&gt;&lt;ns2:configData&gt;&lt;ns2:id&gt;862348ea-41a7-4a8c-812d-6898cbb81993&lt;/ns2:id&gt;&lt;ns2:optionName&gt;eventON_ROWSLOADED&lt;/ns2:optionName&gt;&lt;ns2:valueType&gt;static&lt;/ns2:valueType&gt;&lt;/ns2:configData&gt;&lt;ns2:configData&gt;&lt;ns2:id&gt;2dadf03b-a675-48eb-880b-1e954035e73d&lt;/ns2:id&gt;&lt;ns2:optionName&gt;eventON_ROWSEL&lt;/ns2:optionName&gt;&lt;ns2:value&gt;return view._onRowSel(row)&lt;/ns2:value&gt;&lt;ns2:valueType&gt;static&lt;/ns2:valueType&gt;&lt;/ns2:configData&gt;&lt;ns2:viewUUID&gt;64.6b29c1bc-c211-43ce-8fbc-904e6e4d57f7&lt;/ns2:viewUUID&gt;&lt;/ns2:contributions&gt;&lt;/ns2:contentBoxContrib&gt;&lt;/ns2:layoutItem&gt;&lt;/ns2:layout&gt;</layout>
        <paletteIcon>/61.2439d1af-8588-4c21-8045-fce1f74186b6</paletteIcon>
        <previewImage>/61.a95021f4-f25f-4098-bc21-ce0b713fd705</previewImage>
        <hasLabel>false</hasLabel>
        <labelPosition>1</labelPosition>
        <nineSliceX1Coord>16</nineSliceX1Coord>
        <nineSliceX2Coord>16</nineSliceX2Coord>
        <nineSliceY1Coord>5</nineSliceY1Coord>
        <nineSliceY2Coord>16</nineSliceY2Coord>
        <emitBoundary>false</emitBoundary>
        <isPrototypeFunc>true</isPrototypeFunc>
        <enableDevMode>false</enableDevMode>
        <isMobileReady>true</isMobileReady>
        <loadJsFunction isNull="true" />
        <unloadJsFunction isNull="true" />
        <viewJsFunction isNull="true" />
        <changeJsFunction isNull="true" />
        <collaborationJsFunction isNull="true" />
        <description>&lt;HTML&gt;&lt;HEAD&gt;&#xD;
&lt;STYLE type=text/css&gt; p{margin:0px;}&lt;/STYLE&gt;&#xD;
&lt;/HEAD&gt;&#xD;
&lt;BODY style="FONT-SIZE: 10pt; FONT-FAMILY: arial" bgColor=#f5f5f5&gt;&#xD;
&lt;P&gt;The ECM File Revisions control displays (in tabular form) revisions of an ECM file/document given the id of that document. Events can be fired from user actions on the list, such as clicking on a file. &lt;/P&gt;&lt;/BODY&gt;&lt;/HTML&gt;</description>
        <validateJsFunction isNull="true" />
        <previewAdvHtml isNull="true" />
        <previewAdvJs isNull="true" />
        <useUrlBinding>false</useUrlBinding>
        <guid>c9df4766-a714-47d0-8bad-d145b9cc8926</guid>
        <versionId>a6a31041-b420-4e00-96e1-ce76b84a4a8a</versionId>
        <field1 isNull="true" />
        <field2 isNull="true" />
        <field3>0</field3>
        <field4 isNull="true" />
        <field5>false</field5>
        <clobField1 isNull="true" />
        <configOption name="ecmServerConfigurationName">
            <lastModified isNull="true" />
            <lastModifiedBy isNull="true" />
            <coachViewConfigOptionId>66.90325c4a-501a-4cb5-be88-aa0580af0d00</coachViewConfigOptionId>
            <coachViewId>64.9541d12d-3fc6-4b81-b238-2039bdf3e05a</coachViewId>
            <isList>false</isList>
            <propertyType>OBJECT</propertyType>
            <label>tw.resource.DocumentList.ECMFileListLBLecmServerConfigName</label>
            <classId>f1e96cc6-5fd9-4002-8b04-107d4ddae78a/12.db884a3c-c533-44b7-bb2d-47bec8ad4022</classId>
            <processId isNull="true" />
            <actionflowId isNull="true" />
            <isAdaptive>false</isAdaptive>
            <seq>0</seq>
            <description>tw.resource.DocumentList.ECMFileListDOCecmServerConfigName</description>
            <groupName>tw.resource.DocumentList.ECMFileListGRPContentManagementAdv</groupName>
            <guid>b18035f7-ed9a-4606-aa17-2a3ff6a1cecc</guid>
            <versionId>4daab30e-ae4f-404c-9764-835c362a0f60</versionId>
        </configOption>
        <configOption name="tableStyle">
            <lastModified isNull="true" />
            <lastModifiedBy isNull="true" />
            <coachViewConfigOptionId>66.9bdee650-437f-4925-9318-21635238b2c3</coachViewConfigOptionId>
            <coachViewId>64.9541d12d-3fc6-4b81-b238-2039bdf3e05a</coachViewId>
            <isList>false</isList>
            <propertyType>OBJECT</propertyType>
            <label>tw.resource.DocumentList.ECMFileListLBLtableStyle</label>
            <classId>f496ca18-836b-46b7-8846-85b2ee01f7eb/12.d8e56f3f-d5e3-4e08-b10d-5056cdb2825a</classId>
            <processId isNull="true" />
            <actionflowId isNull="true" />
            <isAdaptive>false</isAdaptive>
            <seq>1</seq>
            <description>tw.resource.DocumentList.ECMFileListDOCtableStyle</description>
            <groupName>tw.resource.DocumentList.zCommonGRPAppearance</groupName>
            <guid>83dfee7c-aeb0-4dbd-b62f-5c0e89b29cd4</guid>
            <versionId>9a9e6e6c-d774-4d9d-8463-bfec86258c90</versionId>
        </configOption>
        <configOption name="colorStyle">
            <lastModified isNull="true" />
            <lastModifiedBy isNull="true" />
            <coachViewConfigOptionId>66.d1f241d4-39cc-44ef-8cae-9ca34b86f197</coachViewConfigOptionId>
            <coachViewId>64.9541d12d-3fc6-4b81-b238-2039bdf3e05a</coachViewId>
            <isList>false</isList>
            <propertyType>OBJECT</propertyType>
            <label>tw.resource.DocumentList.ECMFileListLBLcolorStyle</label>
            <classId>f496ca18-836b-46b7-8846-85b2ee01f7eb/12.dcbfb56a-149b-422d-b72c-38552efd01c6</classId>
            <processId isNull="true" />
            <actionflowId isNull="true" />
            <isAdaptive>false</isAdaptive>
            <seq>2</seq>
            <description>tw.resource.DocumentList.ECMFileListDOCcolorStyle</description>
            <groupName>tw.resource.DocumentList.zCommonGRPAppearance</groupName>
            <guid>87278c6b-c6ce-4eef-84b5-4abe1d6c0d14</guid>
            <versionId>1da30fab-d09c-49e9-8348-00f1db134d41</versionId>
        </configOption>
        <configOption name="width">
            <lastModified isNull="true" />
            <lastModifiedBy isNull="true" />
            <coachViewConfigOptionId>66.35560a39-d9d0-4f4c-bec8-f74ee4e4eecc</coachViewConfigOptionId>
            <coachViewId>64.9541d12d-3fc6-4b81-b238-2039bdf3e05a</coachViewId>
            <isList>false</isList>
            <propertyType>OBJECT</propertyType>
            <label>tw.resource.DocumentList.ECMFileListLBLwidth</label>
            <classId>f1e96cc6-5fd9-4002-8b04-107d4ddae78a/12.db884a3c-c533-44b7-bb2d-47bec8ad4022</classId>
            <processId isNull="true" />
            <actionflowId isNull="true" />
            <isAdaptive>false</isAdaptive>
            <seq>3</seq>
            <description>tw.resource.DocumentList.ECMFileListDOCwidth</description>
            <groupName>tw.resource.DocumentList.zCommonGRPAppearance</groupName>
            <guid>509b2602-1d8e-44bc-9d96-bf47dd3b4464</guid>
            <versionId>9c675f56-9902-4a4b-952e-44772557c274</versionId>
        </configOption>
        <configOption name="height">
            <lastModified isNull="true" />
            <lastModifiedBy isNull="true" />
            <coachViewConfigOptionId>66.3454f253-55fd-4913-b8cc-ffe4adbc4f53</coachViewConfigOptionId>
            <coachViewId>64.9541d12d-3fc6-4b81-b238-2039bdf3e05a</coachViewId>
            <isList>false</isList>
            <propertyType>OBJECT</propertyType>
            <label>tw.resource.DocumentList.ECMFileListLBLheight</label>
            <classId>f1e96cc6-5fd9-4002-8b04-107d4ddae78a/12.db884a3c-c533-44b7-bb2d-47bec8ad4022</classId>
            <processId isNull="true" />
            <actionflowId isNull="true" />
            <isAdaptive>false</isAdaptive>
            <seq>4</seq>
            <description>tw.resource.DocumentList.ECMFileListDOCheight</description>
            <groupName>tw.resource.DocumentList.zCommonGRPAppearance</groupName>
            <guid>113623a4-ffa7-4393-a9f5-67acca82945b</guid>
            <versionId>b458f145-c779-4542-8279-cbbe64154d19</versionId>
        </configOption>
        <configOption name="eventON_LOAD">
            <lastModified isNull="true" />
            <lastModifiedBy isNull="true" />
            <coachViewConfigOptionId>66.aa3b2145-630b-46a2-ab84-8421b8823a8b</coachViewConfigOptionId>
            <coachViewId>64.9541d12d-3fc6-4b81-b238-2039bdf3e05a</coachViewId>
            <isList>false</isList>
            <propertyType>EVENT</propertyType>
            <label>tw.resource.DocumentList.ECMFileListLBLeventONLOAD</label>
            <classId>f1e96cc6-5fd9-4002-8b04-107d4ddae78a/12.db884a3c-c533-44b7-bb2d-47bec8ad4022</classId>
            <processId isNull="true" />
            <actionflowId isNull="true" />
            <isAdaptive>false</isAdaptive>
            <seq>5</seq>
            <description>tw.resource.DocumentList.ECMFileListDOCeventONLOAD</description>
            <groupName>tw.resource.DocumentList.zCommonGRPEvents</groupName>
            <guid>a589fab2-f6e5-4430-95ca-1c1d50d3a360</guid>
            <versionId>8e3296bc-46f5-44cc-9810-030cb151e551</versionId>
        </configOption>
        <configOption name="eventON_FILECLICKED">
            <lastModified isNull="true" />
            <lastModifiedBy isNull="true" />
            <coachViewConfigOptionId>66.8acfda92-3a0f-4320-b9de-1a9b76842da7</coachViewConfigOptionId>
            <coachViewId>64.9541d12d-3fc6-4b81-b238-2039bdf3e05a</coachViewId>
            <isList>false</isList>
            <propertyType>EVENT</propertyType>
            <label>tw.resource.DocumentList.ECMFileListLBLeventONFILECLICKED</label>
            <classId>f1e96cc6-5fd9-4002-8b04-107d4ddae78a/12.db884a3c-c533-44b7-bb2d-47bec8ad4022</classId>
            <processId isNull="true" />
            <actionflowId isNull="true" />
            <isAdaptive>false</isAdaptive>
            <seq>6</seq>
            <description>tw.resource.DocumentList.ECMFileListDOCeventONFILECLICKED</description>
            <groupName>tw.resource.DocumentList.zCommonGRPEvents</groupName>
            <guid>f318d3ca-c250-46b7-be18-363da607c0a9</guid>
            <versionId>870dfb11-e464-4695-ae93-aae11dbc96e8</versionId>
        </configOption>
        <configOption name="eventON_RESULT">
            <lastModified isNull="true" />
            <lastModifiedBy isNull="true" />
            <coachViewConfigOptionId>66.e23dec0a-63a4-40cd-b43f-0642ad6da779</coachViewConfigOptionId>
            <coachViewId>64.9541d12d-3fc6-4b81-b238-2039bdf3e05a</coachViewId>
            <isList>false</isList>
            <propertyType>EVENT</propertyType>
            <label>tw.resource.DocumentList.ECMFileListLBLeventONRESULT</label>
            <classId>f1e96cc6-5fd9-4002-8b04-107d4ddae78a/12.db884a3c-c533-44b7-bb2d-47bec8ad4022</classId>
            <processId isNull="true" />
            <actionflowId isNull="true" />
            <isAdaptive>false</isAdaptive>
            <seq>7</seq>
            <description>tw.resource.DocumentList.ECMFileListDOCeventONRESULT</description>
            <groupName>tw.resource.DocumentList.zCommonGRPEvents</groupName>
            <guid>1fce118e-1ea8-4dd2-8be7-b85c308dce17</guid>
            <versionId>89d3258d-a79c-4c39-a223-bff3f3a27c54</versionId>
        </configOption>
        <configOption name="eventON_ERROR">
            <lastModified isNull="true" />
            <lastModifiedBy isNull="true" />
            <coachViewConfigOptionId>66.f7faadb8-4f43-482c-a302-fcacbcd80c8b</coachViewConfigOptionId>
            <coachViewId>64.9541d12d-3fc6-4b81-b238-2039bdf3e05a</coachViewId>
            <isList>false</isList>
            <propertyType>EVENT</propertyType>
            <label>tw.resource.DocumentList.ECMFileListLBLeventONERROR</label>
            <classId>f1e96cc6-5fd9-4002-8b04-107d4ddae78a/12.db884a3c-c533-44b7-bb2d-47bec8ad4022</classId>
            <processId isNull="true" />
            <actionflowId isNull="true" />
            <isAdaptive>false</isAdaptive>
            <seq>8</seq>
            <description>tw.resource.DocumentList.ECMFileListDOCeventONERROR</description>
            <groupName>tw.resource.DocumentList.zCommonGRPEvents</groupName>
            <guid>f6a5a1a0-c05e-4cc1-b109-a938d3ef81e2</guid>
            <versionId>d5fee76b-c844-4dfa-873f-8dab2df6b740</versionId>
        </configOption>
        <dynamicStyle>
            <lastModified isNull="true" />
            <lastModifiedBy isNull="true" />
            <coachViewDynamicStyleId>73.67e17303-5520-4b18-9adb-42015374bda4</coachViewDynamicStyleId>
            <coachViewId>64.9541d12d-3fc6-4b81-b238-2039bdf3e05a</coachViewId>
            <filePath>bpmUI.less</filePath>
            <assetUuid>f496ca18-836b-46b7-8846-85b2ee01f7eb/61.26865295-8511-4538-b8f1-4cb99c203a92</assetUuid>
            <seq>0</seq>
            <guid>1df489f0-791e-48ef-8815-a9dfc4b897e3</guid>
            <versionId>74479c66-0c35-498d-8d4d-f04683216c17</versionId>
        </dynamicStyle>
        <dynamicStyle>
            <lastModified isNull="true" />
            <lastModifiedBy isNull="true" />
            <coachViewDynamicStyleId>73.98274a8e-0f89-44a6-b5a4-71aa8a60916f</coachViewDynamicStyleId>
            <coachViewId>64.9541d12d-3fc6-4b81-b238-2039bdf3e05a</coachViewId>
            <filePath>content.less</filePath>
            <assetUuid>/61.3a7082de-a4f4-44d7-add2-9b71c4b40ebb</assetUuid>
            <seq>1</seq>
            <guid>0681e534-e1b9-44c1-b920-8cba7ec86805</guid>
            <versionId>390668af-9fd2-4499-8cc3-b1d5c0505eb4</versionId>
        </dynamicStyle>
        <resource>
            <lastModified isNull="true" />
            <lastModifiedBy isNull="true" />
            <coachViewResourceId>67.34111416-58f1-445f-8d9b-3427405a1483</coachViewResourceId>
            <coachViewId>64.9541d12d-3fc6-4b81-b238-2039bdf3e05a</coachViewId>
            <filePath>BPMExt-Core.js</filePath>
            <ieCondition isNull="true" />
            <mediaQuery isNull="true" />
            <scriptLoadStyle isNull="true" />
            <assetUuid>f496ca18-836b-46b7-8846-85b2ee01f7eb/61.22dc2e36-11ce-4cd6-a6e8-24201237f10d</assetUuid>
            <seq>3</seq>
            <guid>7563f370-b6b7-45d3-b2ef-b538a645181a</guid>
            <versionId>d4ecace9-90e5-490b-a881-e1814adc37ad</versionId>
        </resource>
        <resource>
            <lastModified isNull="true" />
            <lastModifiedBy isNull="true" />
            <coachViewResourceId>67.31f91d3a-f79f-454a-99a2-5fd8f9262d9c</coachViewResourceId>
            <coachViewId>64.9541d12d-3fc6-4b81-b238-2039bdf3e05a</coachViewId>
            <filePath isNull="true" />
            <ieCondition isNull="true" />
            <mediaQuery isNull="true" />
            <scriptLoadStyle isNull="true" />
            <assetUuid>/61.f9ff62d4-48df-44f5-ab99-f0b79abab6d6</assetUuid>
            <seq>4</seq>
            <guid>32a3d6f1-1ceb-46d3-8f22-74a479ff1f4e</guid>
            <versionId>41b33a17-4348-40ee-b3c2-dce22ef7cb03</versionId>
        </resource>
        <inlineScript name="Inline CSS">
            <lastModified isNull="true" />
            <lastModifiedBy isNull="true" />
            <coachViewInlineScriptId>68.a3c2ac3e-bd4e-465c-b9b7-34835698403e</coachViewInlineScriptId>
            <coachViewId>64.9541d12d-3fc6-4b81-b238-2039bdf3e05a</coachViewId>
            <scriptType>CSS</scriptType>
            <scriptBlock>.SvcHolder {
    position: relative;
}

.SvcHolder &gt; .DocSvc {
    position: absolute;
    z-index: 15;
    color: white !important;
    left: 50%;
    top: 3px;
}</scriptBlock>
            <seq>0</seq>
            <description isNull="true" />
            <guid>8a679053-9a32-4491-9aa7-4ef288a16910</guid>
            <versionId>33a90ac2-8f0f-4142-9f82-c132cd91b898</versionId>
        </inlineScript>
        <inlineScript name="Inline Javascript">
            <lastModified isNull="true" />
            <lastModifiedBy isNull="true" />
            <coachViewInlineScriptId>68.6968d026-078c-4347-a029-d51b0863461c</coachViewInlineScriptId>
            <coachViewId>64.9541d12d-3fc6-4b81-b238-2039bdf3e05a</coachViewId>
            <scriptType>JS</scriptType>
            <scriptBlock>bpmext_control_InitECMFileRevisionsList.call(this, utilities, bpmext, domClass, domAttr, domConstruct, Deferred);</scriptBlock>
            <seq>1</seq>
            <description isNull="true" />
            <guid>6b65ea15-886e-4467-92b6-cc8865b0c29d</guid>
            <versionId>c117a39b-848a-4eab-8a44-dabf8d109409</versionId>
        </inlineScript>
        <inlineScript name="Header HTML">
            <lastModified isNull="true" />
            <lastModifiedBy isNull="true" />
            <coachViewInlineScriptId>68.fb005f32-6fd6-4801-8e29-2cb9cebff638</coachViewInlineScriptId>
            <coachViewId>64.9541d12d-3fc6-4b81-b238-2039bdf3e05a</coachViewId>
            <scriptType>HTML</scriptType>
            <scriptBlock isNull="true" />
            <seq>2</seq>
            <description isNull="true" />
            <guid>fe022e24-1e02-400d-8c9f-7bf85e520852</guid>
            <versionId>46182867-e07a-4372-8b9d-6f2a7568be8f</versionId>
        </inlineScript>
        <localization>
            <lastModified isNull="true" />
            <lastModifiedBy isNull="true" />
            <coachViewLocalResId>69.81b01f9a-ff9d-4f94-82ce-ee171e5a7db7</coachViewLocalResId>
            <coachViewId>64.9541d12d-3fc6-4b81-b238-2039bdf3e05a</coachViewId>
            <resourceBundleGroupId>/50.05a87f6e-92f1-49f0-9cd4-d66479a5ea46</resourceBundleGroupId>
            <seq>0</seq>
            <guid>631d396f-540f-49f3-bd0c-18f776401137</guid>
            <versionId>7a2dd346-566d-4e1e-8d35-f92e8e0920f2</versionId>
        </localization>
        <amdDependency>
            <lastModified isNull="true" />
            <lastModifiedBy isNull="true" />
            <coachViewAmdDepId>70.616fc1c9-7412-4495-a557-42fdd711b55d</coachViewAmdDepId>
            <coachViewId>64.9541d12d-3fc6-4b81-b238-2039bdf3e05a</coachViewId>
            <moduleId>dojo/dom-class</moduleId>
            <functionArgument>domClass</functionArgument>
            <seq>0</seq>
            <guid>6c2ce7c0-6948-419e-8a5f-38519c6b34e3</guid>
            <versionId>ef612bcd-e634-4264-9b40-0b92ed47f395</versionId>
        </amdDependency>
        <amdDependency>
            <lastModified isNull="true" />
            <lastModifiedBy isNull="true" />
            <coachViewAmdDepId>70.4afbadcf-288e-474a-8ea0-419e9688a84b</coachViewAmdDepId>
            <coachViewId>64.9541d12d-3fc6-4b81-b238-2039bdf3e05a</coachViewId>
            <moduleId>dojo/dom-attr</moduleId>
            <functionArgument>domAttr</functionArgument>
            <seq>1</seq>
            <guid>b093e3be-811e-477e-bf53-d1a17b294e6a</guid>
            <versionId>d2a2254c-6fbf-4dd9-a78b-723eeeb448c5</versionId>
        </amdDependency>
        <amdDependency>
            <lastModified isNull="true" />
            <lastModifiedBy isNull="true" />
            <coachViewAmdDepId>70.a081d7b1-d268-40ae-849c-629badcb8808</coachViewAmdDepId>
            <coachViewId>64.9541d12d-3fc6-4b81-b238-2039bdf3e05a</coachViewId>
            <moduleId>dojo/dom-construct</moduleId>
            <functionArgument>domConstruct</functionArgument>
            <seq>2</seq>
            <guid>77bbf3d4-b206-40c5-8c3d-b083e139984a</guid>
            <versionId>039844d5-3787-4f92-99f1-b14763be8521</versionId>
        </amdDependency>
        <amdDependency>
            <lastModified isNull="true" />
            <lastModifiedBy isNull="true" />
            <coachViewAmdDepId>70.291266b7-1eaf-4846-b6ec-f22eda8a6d60</coachViewAmdDepId>
            <coachViewId>64.9541d12d-3fc6-4b81-b238-2039bdf3e05a</coachViewId>
            <moduleId>com.ibm.bpm.coach.utils/utilities</moduleId>
            <functionArgument>utilities</functionArgument>
            <seq>3</seq>
            <guid>e4420a44-f870-441b-8f38-723b8f93d2fd</guid>
            <versionId>924bf658-fe09-48b1-a322-cdc8593989ed</versionId>
        </amdDependency>
        <amdDependency>
            <lastModified isNull="true" />
            <lastModifiedBy isNull="true" />
            <coachViewAmdDepId>70.83ed4c88-5a4f-42f8-abcf-feab171643b2</coachViewAmdDepId>
            <coachViewId>64.9541d12d-3fc6-4b81-b238-2039bdf3e05a</coachViewId>
            <moduleId>dojo/Deferred</moduleId>
            <functionArgument>Deferred</functionArgument>
            <seq>4</seq>
            <guid>798d198a-98a9-4e24-bf5f-fe86bca5741f</guid>
            <versionId>52a9d6f2-d5cb-4074-a31f-4b7cb2143381</versionId>
        </amdDependency>
    </coachView>
</teamworks>

