<?xml version="1.0" encoding="UTF-8"?>
<teamworks>
    <coachView id="64.a0d20981-4b04-41ff-812e-93a7635b453c" name="BPM File Revisions">
        <lastModified>1496085227134</lastModified>
        <lastModifiedBy>tw_admin</lastModifiedBy>
        <coachViewId>64.a0d20981-4b04-41ff-812e-93a7635b453c</coachViewId>
        <isTemplate>false</isTemplate>
        <layout>&lt;?xml version="1.0" encoding="UTF-8" standalone="yes"?&gt;&lt;ns2:layout xmlns:ns2="http://www.ibm.com/bpm/CoachDesignerNG" xmlns:ns3="http://www.ibm.com/bpm/coachview"&gt;&lt;ns2:layoutItem xsi:type="ns2:CustomHTML" xmlns:xsi="http://www.w3.org/2001/XMLSchema-instance"&gt;&lt;ns2:id&gt;cc0d9875-46f9-4f8d-9f9a-f924c221d53a&lt;/ns2:id&gt;&lt;ns2:layoutItemId&gt;CustomHTML1&lt;/ns2:layoutItemId&gt;&lt;ns2:configData&gt;&lt;ns2:id&gt;2a6141b3-dcaf-4eb9-b1cc-6541f5dcea2b&lt;/ns2:id&gt;&lt;ns2:optionName&gt;@customHTML.textContent&lt;/ns2:optionName&gt;&lt;ns2:value&gt;&amp;lt;div class="SvcHolder big-primary"&amp;gt;&lt;/ns2:value&gt;&lt;/ns2:configData&gt;&lt;ns2:configData&gt;&lt;ns2:id&gt;ac2ccb6e-f655-42a2-8c0d-837f79537b94&lt;/ns2:id&gt;&lt;ns2:optionName&gt;@customHTML.contentType&lt;/ns2:optionName&gt;&lt;ns2:value&gt;TEXT&lt;/ns2:value&gt;&lt;/ns2:configData&gt;&lt;ns2:configData&gt;&lt;ns2:id&gt;c4aa7f5c-ab5f-4536-86a6-02c0c050db70&lt;/ns2:id&gt;&lt;ns2:optionName&gt;@customHTML.variableContent&lt;/ns2:optionName&gt;&lt;/ns2:configData&gt;&lt;ns2:configData&gt;&lt;ns2:id&gt;63d5f4e8-1601-4524-8d58-bed09693dec0&lt;/ns2:id&gt;&lt;ns2:optionName&gt;@customHTML.assetContent&lt;/ns2:optionName&gt;&lt;/ns2:configData&gt;&lt;/ns2:layoutItem&gt;&lt;ns2:layoutItem xsi:type="ns2:ViewRef" version="8560" xmlns:xsi="http://www.w3.org/2001/XMLSchema-instance"&gt;&lt;ns2:id&gt;359d5aaf-6f6f-46d0-aa55-7e17673fa884&lt;/ns2:id&gt;&lt;ns2:layoutItemId&gt;GetAllVersions&lt;/ns2:layoutItemId&gt;&lt;ns2:configData&gt;&lt;ns2:id&gt;9747d017-b3f7-485a-ac5a-eff117526d4b&lt;/ns2:id&gt;&lt;ns2:optionName&gt;@label&lt;/ns2:optionName&gt;&lt;ns2:value&gt;Get All Versions&lt;/ns2:value&gt;&lt;/ns2:configData&gt;&lt;ns2:configData&gt;&lt;ns2:id&gt;3afb0062-c504-435f-bc63-3c034e32491e&lt;/ns2:id&gt;&lt;ns2:optionName&gt;@helpText&lt;/ns2:optionName&gt;&lt;ns2:value&gt;&lt;/ns2:value&gt;&lt;ns2:valueType&gt;static&lt;/ns2:valueType&gt;&lt;/ns2:configData&gt;&lt;ns2:configData&gt;&lt;ns2:id&gt;f1d89ebe-1304-4757-9ba9-5525fe2e08c5&lt;/ns2:id&gt;&lt;ns2:optionName&gt;@visibility&lt;/ns2:optionName&gt;&lt;ns2:value&gt;DEFAULT&lt;/ns2:value&gt;&lt;ns2:valueType&gt;static&lt;/ns2:valueType&gt;&lt;/ns2:configData&gt;&lt;ns2:configData&gt;&lt;ns2:id&gt;b6629ab2-a4da-41d7-a2b9-0975d8cf10ef&lt;/ns2:id&gt;&lt;ns2:optionName&gt;@labelVisibility&lt;/ns2:optionName&gt;&lt;ns2:value&gt;SHOW&lt;/ns2:value&gt;&lt;ns2:valueType&gt;static&lt;/ns2:valueType&gt;&lt;/ns2:configData&gt;&lt;ns2:configData&gt;&lt;ns2:id&gt;ff369ac1-b307-4539-890e-54349ccc025f&lt;/ns2:id&gt;&lt;ns2:optionName&gt;@baseTextDirection&lt;/ns2:optionName&gt;&lt;ns2:value&gt;DEFAULT&lt;/ns2:value&gt;&lt;ns2:valueType&gt;static&lt;/ns2:valueType&gt;&lt;/ns2:configData&gt;&lt;ns2:configData&gt;&lt;ns2:id&gt;b8128cfc-58d4-4933-8bd3-6f900c752a6e&lt;/ns2:id&gt;&lt;ns2:optionName&gt;attachedService&lt;/ns2:optionName&gt;&lt;ns2:value&gt;1.18e6b447-3293-44d9-8e44-3a983de065f8&lt;/ns2:value&gt;&lt;ns2:valueType&gt;static&lt;/ns2:valueType&gt;&lt;/ns2:configData&gt;&lt;ns2:configData&gt;&lt;ns2:id&gt;a16569fb-04f8-4d18-ac70-35b1a320cd20&lt;/ns2:id&gt;&lt;ns2:optionName&gt;inputData&lt;/ns2:optionName&gt;&lt;ns2:valueType&gt;dynamic&lt;/ns2:valueType&gt;&lt;/ns2:configData&gt;&lt;ns2:configData&gt;&lt;ns2:id&gt;0174ed7f-a185-4852-bc9c-e4bc571705e7&lt;/ns2:id&gt;&lt;ns2:optionName&gt;autoRun&lt;/ns2:optionName&gt;&lt;ns2:value&gt;false&lt;/ns2:value&gt;&lt;ns2:valueType&gt;static&lt;/ns2:valueType&gt;&lt;/ns2:configData&gt;&lt;ns2:configData&gt;&lt;ns2:id&gt;ed11c7dd-c1f9-4247-8f08-0a85f80539e1&lt;/ns2:id&gt;&lt;ns2:optionName&gt;busyIndicator&lt;/ns2:optionName&gt;&lt;ns2:value&gt;R&lt;/ns2:value&gt;&lt;ns2:valueType&gt;static&lt;/ns2:valueType&gt;&lt;/ns2:configData&gt;&lt;ns2:configData&gt;&lt;ns2:id&gt;82dcaf3d-326a-48e1-abb2-dc5dcbe16774&lt;/ns2:id&gt;&lt;ns2:optionName&gt;eventON_LOAD&lt;/ns2:optionName&gt;&lt;ns2:valueType&gt;static&lt;/ns2:valueType&gt;&lt;/ns2:configData&gt;&lt;ns2:configData&gt;&lt;ns2:id&gt;a49eb35e-560b-4dd7-806d-8f1fa47cbb88&lt;/ns2:id&gt;&lt;ns2:optionName&gt;eventON_SVCINVOKE&lt;/ns2:optionName&gt;&lt;ns2:valueType&gt;static&lt;/ns2:valueType&gt;&lt;/ns2:configData&gt;&lt;ns2:configData&gt;&lt;ns2:id&gt;59220d30-0f6a-4987-b876-e9097edeb133&lt;/ns2:id&gt;&lt;ns2:optionName&gt;eventON_SVCRESULT&lt;/ns2:optionName&gt;&lt;ns2:value&gt;@_onGetAllVersionsResult&lt;/ns2:value&gt;&lt;ns2:valueType&gt;static&lt;/ns2:valueType&gt;&lt;/ns2:configData&gt;&lt;ns2:configData&gt;&lt;ns2:id&gt;721e0b75-2e14-403a-9223-6579087e3a5c&lt;/ns2:id&gt;&lt;ns2:optionName&gt;eventON_SVCERROR&lt;/ns2:optionName&gt;&lt;ns2:value&gt;@_onGetAllVersionsError&lt;/ns2:value&gt;&lt;ns2:valueType&gt;static&lt;/ns2:valueType&gt;&lt;/ns2:configData&gt;&lt;ns2:configData&gt;&lt;ns2:id&gt;a7be331a-08ee-4a69-9908-dcf41dccd3b5&lt;/ns2:id&gt;&lt;ns2:optionName&gt;@htmlOverrides&lt;/ns2:optionName&gt;&lt;/ns2:configData&gt;&lt;ns2:configData&gt;&lt;ns2:id&gt;323a181d-c31b-4745-94b5-24069394267a&lt;/ns2:id&gt;&lt;ns2:optionName&gt;@className&lt;/ns2:optionName&gt;&lt;ns2:value&gt;DocSvc&lt;/ns2:value&gt;&lt;/ns2:configData&gt;&lt;ns2:viewUUID&gt;64.1feaead9-b1d2-4a7e-80a3-22156e6fe8f9&lt;/ns2:viewUUID&gt;&lt;/ns2:layoutItem&gt;&lt;ns2:layoutItem xsi:type="ns2:CustomHTML" xmlns:xsi="http://www.w3.org/2001/XMLSchema-instance"&gt;&lt;ns2:id&gt;2ecbabff-b544-46c4-afa2-2ccd973d1662&lt;/ns2:id&gt;&lt;ns2:layoutItemId&gt;CustomHTML2&lt;/ns2:layoutItemId&gt;&lt;ns2:configData&gt;&lt;ns2:id&gt;a4fccd2e-6c40-4398-8210-7cc86a09875e&lt;/ns2:id&gt;&lt;ns2:optionName&gt;@customHTML.textContent&lt;/ns2:optionName&gt;&lt;ns2:value&gt;&amp;lt;/div&amp;gt;&lt;/ns2:value&gt;&lt;/ns2:configData&gt;&lt;ns2:configData&gt;&lt;ns2:id&gt;d7e4f404-4478-4c46-b45f-570c44ccf197&lt;/ns2:id&gt;&lt;ns2:optionName&gt;@customHTML.contentType&lt;/ns2:optionName&gt;&lt;ns2:value&gt;TEXT&lt;/ns2:value&gt;&lt;/ns2:configData&gt;&lt;ns2:configData&gt;&lt;ns2:id&gt;8c518660-beee-428e-87c8-953b09471ca4&lt;/ns2:id&gt;&lt;ns2:optionName&gt;@customHTML.variableContent&lt;/ns2:optionName&gt;&lt;/ns2:configData&gt;&lt;ns2:configData&gt;&lt;ns2:id&gt;d30ecf98-ccd1-45f7-b5da-a2660aa15e92&lt;/ns2:id&gt;&lt;ns2:optionName&gt;@customHTML.assetContent&lt;/ns2:optionName&gt;&lt;/ns2:configData&gt;&lt;/ns2:layoutItem&gt;&lt;ns2:layoutItem xsi:type="ns2:ViewRef" version="8560" xmlns:xsi="http://www.w3.org/2001/XMLSchema-instance"&gt;&lt;ns2:id&gt;881462d2-ed24-41c0-adfd-4aae38a76591&lt;/ns2:id&gt;&lt;ns2:layoutItemId&gt;RevisionTable&lt;/ns2:layoutItemId&gt;&lt;ns2:configData&gt;&lt;ns2:id&gt;366bee26-9b16-4d9c-b1cb-2da01b89d749&lt;/ns2:id&gt;&lt;ns2:optionName&gt;@label&lt;/ns2:optionName&gt;&lt;ns2:value&gt;tw.options.@label&lt;/ns2:value&gt;&lt;ns2:valueType&gt;dynamic&lt;/ns2:valueType&gt;&lt;/ns2:configData&gt;&lt;ns2:configData&gt;&lt;ns2:id&gt;52bd015d-90de-4b83-86c7-d6cae6d04e89&lt;/ns2:id&gt;&lt;ns2:optionName&gt;@helpText&lt;/ns2:optionName&gt;&lt;ns2:value&gt;tw.options.@helpText&lt;/ns2:value&gt;&lt;ns2:valueType&gt;dynamic&lt;/ns2:valueType&gt;&lt;/ns2:configData&gt;&lt;ns2:configData&gt;&lt;ns2:id&gt;b09b4e27-01f5-48bd-b65b-99f3ed260dee&lt;/ns2:id&gt;&lt;ns2:optionName&gt;@visibility&lt;/ns2:optionName&gt;&lt;ns2:value&gt;tw.options.@visibility&lt;/ns2:value&gt;&lt;ns2:valueType&gt;dynamic&lt;/ns2:valueType&gt;&lt;/ns2:configData&gt;&lt;ns2:configData&gt;&lt;ns2:id&gt;d00fd679-014f-4505-a9ba-f3d70d2b303a&lt;/ns2:id&gt;&lt;ns2:optionName&gt;@labelVisibility&lt;/ns2:optionName&gt;&lt;ns2:value&gt;tw.options.@labelVisibility&lt;/ns2:value&gt;&lt;ns2:valueType&gt;dynamic&lt;/ns2:valueType&gt;&lt;/ns2:configData&gt;&lt;ns2:configData&gt;&lt;ns2:id&gt;7c0d87dd-3f1c-4255-8b2c-597f54508fac&lt;/ns2:id&gt;&lt;ns2:optionName&gt;@baseTextDirection&lt;/ns2:optionName&gt;&lt;ns2:value&gt;DEFAULT&lt;/ns2:value&gt;&lt;ns2:valueType&gt;static&lt;/ns2:valueType&gt;&lt;/ns2:configData&gt;&lt;ns2:configData&gt;&lt;ns2:id&gt;5ad1b3e8-4534-496d-b41f-5460596adc57&lt;/ns2:id&gt;&lt;ns2:optionName&gt;dataService&lt;/ns2:optionName&gt;&lt;ns2:valueType&gt;static&lt;/ns2:valueType&gt;&lt;/ns2:configData&gt;&lt;ns2:configData&gt;&lt;ns2:id&gt;6d1682ee-3233-4b83-a3a2-16e2121d7ba0&lt;/ns2:id&gt;&lt;ns2:optionName&gt;queryData&lt;/ns2:optionName&gt;&lt;ns2:valueType&gt;dynamic&lt;/ns2:valueType&gt;&lt;/ns2:configData&gt;&lt;ns2:configData&gt;&lt;ns2:id&gt;4e3da44b-cf5e-4aef-a75c-78539f50c068&lt;/ns2:id&gt;&lt;ns2:optionName&gt;startEmpty&lt;/ns2:optionName&gt;&lt;ns2:value&gt;true&lt;/ns2:value&gt;&lt;ns2:valueType&gt;static&lt;/ns2:valueType&gt;&lt;/ns2:configData&gt;&lt;ns2:configData&gt;&lt;ns2:id&gt;7cd69899-e30b-49cf-9162-5fee4283dfac&lt;/ns2:id&gt;&lt;ns2:optionName&gt;selectionMode&lt;/ns2:optionName&gt;&lt;ns2:value&gt;N&lt;/ns2:value&gt;&lt;ns2:valueType&gt;static&lt;/ns2:valueType&gt;&lt;/ns2:configData&gt;&lt;ns2:configData&gt;&lt;ns2:id&gt;62e0c75e-5255-434f-8ea3-0346eb341718&lt;/ns2:id&gt;&lt;ns2:optionName&gt;showFooter&lt;/ns2:optionName&gt;&lt;ns2:value&gt;false&lt;/ns2:value&gt;&lt;ns2:valueType&gt;static&lt;/ns2:valueType&gt;&lt;/ns2:configData&gt;&lt;ns2:configData&gt;&lt;ns2:id&gt;c05a2c16-4224-461e-87ac-279368f33d69&lt;/ns2:id&gt;&lt;ns2:optionName&gt;showTableStats&lt;/ns2:optionName&gt;&lt;ns2:value&gt;false&lt;/ns2:value&gt;&lt;ns2:valueType&gt;static&lt;/ns2:valueType&gt;&lt;/ns2:configData&gt;&lt;ns2:configData&gt;&lt;ns2:id&gt;d1a038fe-ddc3-4a70-8abd-b954dfbcbef1&lt;/ns2:id&gt;&lt;ns2:optionName&gt;showPager&lt;/ns2:optionName&gt;&lt;ns2:value&gt;false&lt;/ns2:value&gt;&lt;ns2:valueType&gt;static&lt;/ns2:valueType&gt;&lt;/ns2:configData&gt;&lt;ns2:configData&gt;&lt;ns2:id&gt;2e1d0b2a-3419-4b32-9534-073e1d60cd5a&lt;/ns2:id&gt;&lt;ns2:optionName&gt;showPageSizer&lt;/ns2:optionName&gt;&lt;ns2:value&gt;false&lt;/ns2:value&gt;&lt;ns2:valueType&gt;static&lt;/ns2:valueType&gt;&lt;/ns2:configData&gt;&lt;ns2:configData&gt;&lt;ns2:id&gt;78da75f3-11fe-4b27-ab35-6c3f94695b31&lt;/ns2:id&gt;&lt;ns2:optionName&gt;pageSize&lt;/ns2:optionName&gt;&lt;ns2:valueType&gt;static&lt;/ns2:valueType&gt;&lt;/ns2:configData&gt;&lt;ns2:configData&gt;&lt;ns2:id&gt;b458d5b4-1808-43ae-8d38-19d2bd586ca4&lt;/ns2:id&gt;&lt;ns2:optionName&gt;columnSpecs&lt;/ns2:optionName&gt;&lt;ns2:valueType&gt;dynamic&lt;/ns2:valueType&gt;&lt;/ns2:configData&gt;&lt;ns2:configData&gt;&lt;ns2:id&gt;f9c5f79b-3619-4cd8-ab8f-7cd42d212bbb&lt;/ns2:id&gt;&lt;ns2:optionName&gt;tableStyle&lt;/ns2:optionName&gt;&lt;ns2:value&gt;tw.options.tableStyle&lt;/ns2:value&gt;&lt;ns2:valueType&gt;dynamic&lt;/ns2:valueType&gt;&lt;/ns2:configData&gt;&lt;ns2:configData&gt;&lt;ns2:id&gt;cf4e0bb9-6126-4671-bd8d-6212202099cc&lt;/ns2:id&gt;&lt;ns2:optionName&gt;colorStyle&lt;/ns2:optionName&gt;&lt;ns2:value&gt;tw.options.colorStyle&lt;/ns2:value&gt;&lt;ns2:valueType&gt;dynamic&lt;/ns2:valueType&gt;&lt;/ns2:configData&gt;&lt;ns2:configData&gt;&lt;ns2:id&gt;47abb866-e000-404a-940d-5a1bb57e1f23&lt;/ns2:id&gt;&lt;ns2:optionName&gt;highlightSel&lt;/ns2:optionName&gt;&lt;ns2:value&gt;false&lt;/ns2:value&gt;&lt;ns2:valueType&gt;static&lt;/ns2:valueType&gt;&lt;/ns2:configData&gt;&lt;ns2:configData&gt;&lt;ns2:id&gt;8a072d57-01f8-433d-ab57-e726c44fe6bd&lt;/ns2:id&gt;&lt;ns2:optionName&gt;width&lt;/ns2:optionName&gt;&lt;ns2:value&gt;tw.options.width&lt;/ns2:value&gt;&lt;ns2:valueType&gt;dynamic&lt;/ns2:valueType&gt;&lt;/ns2:configData&gt;&lt;ns2:configData&gt;&lt;ns2:id&gt;1ccf6455-898d-4434-8756-1021b6fecc1f&lt;/ns2:id&gt;&lt;ns2:optionName&gt;height&lt;/ns2:optionName&gt;&lt;ns2:value&gt;tw.options.height&lt;/ns2:value&gt;&lt;ns2:valueType&gt;dynamic&lt;/ns2:valueType&gt;&lt;/ns2:configData&gt;&lt;ns2:configData&gt;&lt;ns2:id&gt;27f363c2-2584-41e6-a442-888102036eb0&lt;/ns2:id&gt;&lt;ns2:optionName&gt;deferLoad&lt;/ns2:optionName&gt;&lt;ns2:value&gt;false&lt;/ns2:value&gt;&lt;ns2:valueType&gt;static&lt;/ns2:valueType&gt;&lt;/ns2:configData&gt;&lt;ns2:configData&gt;&lt;ns2:id&gt;b04f2396-a6ef-4bef-a871-9ce0f86d9c00&lt;/ns2:id&gt;&lt;ns2:optionName&gt;loadBatchSize&lt;/ns2:optionName&gt;&lt;ns2:valueType&gt;static&lt;/ns2:valueType&gt;&lt;/ns2:configData&gt;&lt;ns2:configData&gt;&lt;ns2:id&gt;8439a4dd-9ad0-4d53-bf94-fea4f4e403a0&lt;/ns2:id&gt;&lt;ns2:optionName&gt;eventON_LOAD&lt;/ns2:optionName&gt;&lt;ns2:valueType&gt;static&lt;/ns2:valueType&gt;&lt;/ns2:configData&gt;&lt;ns2:configData&gt;&lt;ns2:id&gt;4991bc97-543c-4ff0-9c18-b7ac581fbe0f&lt;/ns2:id&gt;&lt;ns2:optionName&gt;eventON_DATALOADED&lt;/ns2:optionName&gt;&lt;ns2:valueType&gt;static&lt;/ns2:valueType&gt;&lt;/ns2:configData&gt;&lt;ns2:configData&gt;&lt;ns2:id&gt;4697e5ba-f0ad-4f81-8fbf-56e1dd44701e&lt;/ns2:id&gt;&lt;ns2:optionName&gt;eventON_DATAERROR&lt;/ns2:optionName&gt;&lt;ns2:valueType&gt;static&lt;/ns2:valueType&gt;&lt;/ns2:configData&gt;&lt;ns2:configData&gt;&lt;ns2:id&gt;520b999b-aea9-44d1-bad4-9363f954a761&lt;/ns2:id&gt;&lt;ns2:optionName&gt;eventON_NEWCELL&lt;/ns2:optionName&gt;&lt;ns2:value&gt;@_renderVersionCell&lt;/ns2:value&gt;&lt;ns2:valueType&gt;static&lt;/ns2:valueType&gt;&lt;/ns2:configData&gt;&lt;ns2:configData&gt;&lt;ns2:id&gt;ddde7b64-f56f-4497-8216-dd32abd1f9dc&lt;/ns2:id&gt;&lt;ns2:optionName&gt;eventON_ROWSLOADED&lt;/ns2:optionName&gt;&lt;ns2:valueType&gt;static&lt;/ns2:valueType&gt;&lt;/ns2:configData&gt;&lt;ns2:configData&gt;&lt;ns2:id&gt;38a5a441-3c2c-4fe6-84ca-28c7ad7f3267&lt;/ns2:id&gt;&lt;ns2:optionName&gt;eventON_ROWSEL&lt;/ns2:optionName&gt;&lt;ns2:valueType&gt;static&lt;/ns2:valueType&gt;&lt;/ns2:configData&gt;&lt;ns2:configData&gt;&lt;ns2:id&gt;5ca08123-f24a-4690-93a4-dc17b385ab90&lt;/ns2:id&gt;&lt;ns2:optionName&gt;@htmlOverrides&lt;/ns2:optionName&gt;&lt;/ns2:configData&gt;&lt;ns2:configData&gt;&lt;ns2:id&gt;87d1a93d-5dd5-413d-8bd5-6eb0eca862c1&lt;/ns2:id&gt;&lt;ns2:optionName&gt;@className&lt;/ns2:optionName&gt;&lt;ns2:value&gt;FileTable&lt;/ns2:value&gt;&lt;/ns2:configData&gt;&lt;ns2:viewUUID&gt;64.6b29c1bc-c211-43ce-8fbc-904e6e4d57f7&lt;/ns2:viewUUID&gt;&lt;/ns2:layoutItem&gt;&lt;/ns2:layout&gt;</layout>
        <paletteIcon>/61.5ba19708-388c-4b13-981d-29e1164d6ac0</paletteIcon>
        <previewImage>/61.256d80bb-bb34-45ee-b21e-3a3311b68977</previewImage>
        <hasLabel>false</hasLabel>
        <labelPosition>1</labelPosition>
        <nineSliceX1Coord>16</nineSliceX1Coord>
        <nineSliceX2Coord>16</nineSliceX2Coord>
        <nineSliceY1Coord>5</nineSliceY1Coord>
        <nineSliceY2Coord>16</nineSliceY2Coord>
        <emitBoundary>false</emitBoundary>
        <isPrototypeFunc>true</isPrototypeFunc>
        <enableDevMode>false</enableDevMode>
        <isMobileReady>true</isMobileReady>
        <loadJsFunction isNull="true" />
        <unloadJsFunction isNull="true" />
        <viewJsFunction isNull="true" />
        <changeJsFunction isNull="true" />
        <collaborationJsFunction isNull="true" />
        <description>&lt;HTML&gt;&lt;HEAD&gt;&#xD;
&lt;STYLE type=text/css&gt; p{margin:0px;}&lt;/STYLE&gt;&#xD;
&lt;/HEAD&gt;&#xD;
&lt;BODY style="FONT-SIZE: 10pt; FONT-FAMILY: arial" bgColor=#f5f5f5&gt;&#xD;
&lt;P&gt;The BPM File Revisions control displays (in tabular form) revisions of an BPM file/document given the id of that document. Events can be fired from user actions on the list, such as clicking on a file. &lt;/P&gt;&lt;/BODY&gt;&lt;/HTML&gt;</description>
        <validateJsFunction isNull="true" />
        <previewAdvHtml isNull="true" />
        <previewAdvJs isNull="true" />
        <useUrlBinding>false</useUrlBinding>
        <guid>abe2dba5-6a2d-4ad1-8855-49d1f1dc76e5</guid>
        <versionId>ddc8fe8a-12ea-4e3f-aad3-d1c620abbb7c</versionId>
        <field1 isNull="true" />
        <field2 isNull="true" />
        <field3>0</field3>
        <field4 isNull="true" />
        <field5>false</field5>
        <clobField1 isNull="true" />
        <configOption name="tableStyle">
            <lastModified isNull="true" />
            <lastModifiedBy isNull="true" />
            <coachViewConfigOptionId>66.8c5853f7-f3c4-4f7a-b1c7-42c26569e654</coachViewConfigOptionId>
            <coachViewId>64.a0d20981-4b04-41ff-812e-93a7635b453c</coachViewId>
            <isList>false</isList>
            <propertyType>OBJECT</propertyType>
            <label>tw.resource.DocumentList.ECMFileListLBLtableStyle</label>
            <classId>f496ca18-836b-46b7-8846-85b2ee01f7eb/12.d8e56f3f-d5e3-4e08-b10d-5056cdb2825a</classId>
            <processId isNull="true" />
            <actionflowId isNull="true" />
            <isAdaptive>false</isAdaptive>
            <seq>0</seq>
            <description>tw.resource.DocumentList.ECMFileListDOCtableStyle</description>
            <groupName>tw.resource.DocumentList.zCommonGRPAppearance</groupName>
            <guid>efa41492-ef32-4754-8284-e1512faa0758</guid>
            <versionId>d33e5b0e-1141-4232-9eca-2f0afce17e5a</versionId>
        </configOption>
        <configOption name="colorStyle">
            <lastModified isNull="true" />
            <lastModifiedBy isNull="true" />
            <coachViewConfigOptionId>66.62f38435-947e-4d6e-9534-f7d323bbf5f3</coachViewConfigOptionId>
            <coachViewId>64.a0d20981-4b04-41ff-812e-93a7635b453c</coachViewId>
            <isList>false</isList>
            <propertyType>OBJECT</propertyType>
            <label>tw.resource.DocumentList.ECMFileListLBLcolorStyle</label>
            <classId>f496ca18-836b-46b7-8846-85b2ee01f7eb/12.dcbfb56a-149b-422d-b72c-38552efd01c6</classId>
            <processId isNull="true" />
            <actionflowId isNull="true" />
            <isAdaptive>false</isAdaptive>
            <seq>1</seq>
            <description>tw.resource.DocumentList.ECMFileListDOCcolorStyle</description>
            <groupName>tw.resource.DocumentList.zCommonGRPAppearance</groupName>
            <guid>1f57eee4-f1b8-4583-a6e7-8ee06fdb0a77</guid>
            <versionId>7357d0a7-6415-40a7-bf01-6d1b7899441a</versionId>
        </configOption>
        <configOption name="width">
            <lastModified isNull="true" />
            <lastModifiedBy isNull="true" />
            <coachViewConfigOptionId>66.b8899c49-e850-46ef-b4eb-436af1e63ef5</coachViewConfigOptionId>
            <coachViewId>64.a0d20981-4b04-41ff-812e-93a7635b453c</coachViewId>
            <isList>false</isList>
            <propertyType>OBJECT</propertyType>
            <label>tw.resource.DocumentList.ECMFileListLBLwidth</label>
            <classId>f1e96cc6-5fd9-4002-8b04-107d4ddae78a/12.db884a3c-c533-44b7-bb2d-47bec8ad4022</classId>
            <processId isNull="true" />
            <actionflowId isNull="true" />
            <isAdaptive>false</isAdaptive>
            <seq>2</seq>
            <description>tw.resource.DocumentList.ECMFileListDOCwidth</description>
            <groupName>tw.resource.DocumentList.zCommonGRPAppearance</groupName>
            <guid>7b68ce43-785d-40a0-99d5-82c424a53bb1</guid>
            <versionId>afb2d734-a4b7-468d-bca5-67851a7bde1b</versionId>
        </configOption>
        <configOption name="height">
            <lastModified isNull="true" />
            <lastModifiedBy isNull="true" />
            <coachViewConfigOptionId>66.6cda9aeb-8eb5-4e11-8f89-9de3df90ef59</coachViewConfigOptionId>
            <coachViewId>64.a0d20981-4b04-41ff-812e-93a7635b453c</coachViewId>
            <isList>false</isList>
            <propertyType>OBJECT</propertyType>
            <label>tw.resource.DocumentList.ECMFileListLBLheight</label>
            <classId>f1e96cc6-5fd9-4002-8b04-107d4ddae78a/12.db884a3c-c533-44b7-bb2d-47bec8ad4022</classId>
            <processId isNull="true" />
            <actionflowId isNull="true" />
            <isAdaptive>false</isAdaptive>
            <seq>3</seq>
            <description>tw.resource.DocumentList.ECMFileListDOCheight</description>
            <groupName>tw.resource.DocumentList.zCommonGRPAppearance</groupName>
            <guid>dd772ec0-8b79-4ef2-9bcd-5c167e83eed1</guid>
            <versionId>d066b1fa-92e7-4efb-bc2f-c1d12a95d24f</versionId>
        </configOption>
        <configOption name="eventON_LOAD">
            <lastModified isNull="true" />
            <lastModifiedBy isNull="true" />
            <coachViewConfigOptionId>66.d4cc2395-4866-46fa-9dc6-5a1b73f5f69c</coachViewConfigOptionId>
            <coachViewId>64.a0d20981-4b04-41ff-812e-93a7635b453c</coachViewId>
            <isList>false</isList>
            <propertyType>EVENT</propertyType>
            <label>tw.resource.DocumentList.ECMFileListLBLeventONLOAD</label>
            <classId>f1e96cc6-5fd9-4002-8b04-107d4ddae78a/12.db884a3c-c533-44b7-bb2d-47bec8ad4022</classId>
            <processId isNull="true" />
            <actionflowId isNull="true" />
            <isAdaptive>false</isAdaptive>
            <seq>4</seq>
            <description>tw.resource.DocumentList.ECMFileListDOCeventONLOAD</description>
            <groupName>tw.resource.DocumentList.zCommonGRPEvents</groupName>
            <guid>e8715960-d15d-4521-a76a-20e12704e481</guid>
            <versionId>2a692e78-1fcc-4d5b-b796-92a4ce838e59</versionId>
        </configOption>
        <configOption name="eventON_FILECLICKED">
            <lastModified isNull="true" />
            <lastModifiedBy isNull="true" />
            <coachViewConfigOptionId>66.29b509d9-9c1f-4e19-9b52-cc1918a6f260</coachViewConfigOptionId>
            <coachViewId>64.a0d20981-4b04-41ff-812e-93a7635b453c</coachViewId>
            <isList>false</isList>
            <propertyType>EVENT</propertyType>
            <label>tw.resource.DocumentList.ECMFileListLBLeventONFILECLICKED</label>
            <classId>f1e96cc6-5fd9-4002-8b04-107d4ddae78a/12.db884a3c-c533-44b7-bb2d-47bec8ad4022</classId>
            <processId isNull="true" />
            <actionflowId isNull="true" />
            <isAdaptive>false</isAdaptive>
            <seq>5</seq>
            <description>tw.resource.DocumentList.BPMFileRevisionsListDOCeventONFILCLCKD</description>
            <groupName>tw.resource.DocumentList.zCommonGRPEvents</groupName>
            <guid>16ace192-f450-488a-b230-4d79379e76d0</guid>
            <versionId>a70cdfee-750d-43c2-8f8a-95886bb36c3e</versionId>
        </configOption>
        <configOption name="eventON_RESULT">
            <lastModified isNull="true" />
            <lastModifiedBy isNull="true" />
            <coachViewConfigOptionId>66.0d390c47-ec24-4796-b4a8-d713460430eb</coachViewConfigOptionId>
            <coachViewId>64.a0d20981-4b04-41ff-812e-93a7635b453c</coachViewId>
            <isList>false</isList>
            <propertyType>EVENT</propertyType>
            <label>tw.resource.DocumentList.ECMFileListLBLeventONRESULT</label>
            <classId>f1e96cc6-5fd9-4002-8b04-107d4ddae78a/12.db884a3c-c533-44b7-bb2d-47bec8ad4022</classId>
            <processId isNull="true" />
            <actionflowId isNull="true" />
            <isAdaptive>false</isAdaptive>
            <seq>6</seq>
            <description>tw.resource.DocumentList.ECMFileListDOCeventONRESULT</description>
            <groupName>tw.resource.DocumentList.zCommonGRPEvents</groupName>
            <guid>0924de53-3871-413d-be1d-538739e2ecf9</guid>
            <versionId>8ff3e12f-f74a-4653-9e44-23a92b4b8bc9</versionId>
        </configOption>
        <configOption name="eventON_ERROR">
            <lastModified isNull="true" />
            <lastModifiedBy isNull="true" />
            <coachViewConfigOptionId>66.e1b6aadd-f58a-4605-b1be-9dda05ce6755</coachViewConfigOptionId>
            <coachViewId>64.a0d20981-4b04-41ff-812e-93a7635b453c</coachViewId>
            <isList>false</isList>
            <propertyType>EVENT</propertyType>
            <label>tw.resource.DocumentList.BPMFileRevisionsLBLeventONERROR</label>
            <classId>f1e96cc6-5fd9-4002-8b04-107d4ddae78a/12.db884a3c-c533-44b7-bb2d-47bec8ad4022</classId>
            <processId isNull="true" />
            <actionflowId isNull="true" />
            <isAdaptive>false</isAdaptive>
            <seq>7</seq>
            <description>tw.resource.DocumentList.BPMFileRevisionsDOCeventONERROR</description>
            <groupName>tw.resource.DocumentList.zCommonGRPEvents</groupName>
            <guid>0102485c-65b1-4a99-bc41-3be6ee3eb6a4</guid>
            <versionId>380fd644-90e1-45dc-bb44-bde7f44a4a50</versionId>
        </configOption>
        <dynamicStyle>
            <lastModified isNull="true" />
            <lastModifiedBy isNull="true" />
            <coachViewDynamicStyleId>73.c8ea55b7-b7f9-40d1-9059-dd1464b5f12b</coachViewDynamicStyleId>
            <coachViewId>64.a0d20981-4b04-41ff-812e-93a7635b453c</coachViewId>
            <filePath>bpmUI.less</filePath>
            <assetUuid>f496ca18-836b-46b7-8846-85b2ee01f7eb/61.26865295-8511-4538-b8f1-4cb99c203a92</assetUuid>
            <seq>0</seq>
            <guid>c8d14877-e03a-4c2d-bf99-4b813d55a769</guid>
            <versionId>85e56d8e-ba71-4fde-b47e-0c30d88549c1</versionId>
        </dynamicStyle>
        <resource>
            <lastModified isNull="true" />
            <lastModifiedBy isNull="true" />
            <coachViewResourceId>67.9c543ba0-3312-43e1-ac5f-99d871959789</coachViewResourceId>
            <coachViewId>64.a0d20981-4b04-41ff-812e-93a7635b453c</coachViewId>
            <filePath>BPMExt-Core.js</filePath>
            <ieCondition isNull="true" />
            <mediaQuery isNull="true" />
            <scriptLoadStyle isNull="true" />
            <assetUuid>f496ca18-836b-46b7-8846-85b2ee01f7eb/61.22dc2e36-11ce-4cd6-a6e8-24201237f10d</assetUuid>
            <seq>2</seq>
            <guid>4a4c5893-9ce1-48bb-9a74-338faa193c0b</guid>
            <versionId>ee73031e-1bdf-47a1-830e-d6093053451d</versionId>
        </resource>
        <resource>
            <lastModified isNull="true" />
            <lastModifiedBy isNull="true" />
            <coachViewResourceId>67.59d6316d-5c81-4690-b3bb-2bd09cf6e273</coachViewResourceId>
            <coachViewId>64.a0d20981-4b04-41ff-812e-93a7635b453c</coachViewId>
            <filePath isNull="true" />
            <ieCondition isNull="true" />
            <mediaQuery isNull="true" />
            <scriptLoadStyle isNull="true" />
            <assetUuid>/61.76754116-cd98-436f-a69a-ca62bfd3c507</assetUuid>
            <seq>3</seq>
            <guid>6010502d-9ba6-4a1c-8549-7a4cd1cc9e37</guid>
            <versionId>0175b73e-ff3e-40d0-b7a4-24aee3b297bc</versionId>
        </resource>
        <inlineScript name="Inline CSS">
            <lastModified isNull="true" />
            <lastModifiedBy isNull="true" />
            <coachViewInlineScriptId>68.f7940126-eaf4-4c27-8215-93c721ef8982</coachViewInlineScriptId>
            <coachViewId>64.a0d20981-4b04-41ff-812e-93a7635b453c</coachViewId>
            <scriptType>CSS</scriptType>
            <scriptBlock>.SvcHolder {
    position: relative;
}

.SvcHolder &gt; .DocSvc {
    position: absolute;
    z-index: 15;
    color: white !important;
    left: 50%;
    top: 3px;
}</scriptBlock>
            <seq>0</seq>
            <description isNull="true" />
            <guid>42cd444c-c395-4269-ba21-e9a93b8c4b0d</guid>
            <versionId>e102a2e9-67ee-4f95-9dfd-1b67b5f711cb</versionId>
        </inlineScript>
        <inlineScript name="Inline Javascript">
            <lastModified isNull="true" />
            <lastModifiedBy isNull="true" />
            <coachViewInlineScriptId>68.285a23a7-6471-4e23-9b57-bbb7eec944aa</coachViewInlineScriptId>
            <coachViewId>64.a0d20981-4b04-41ff-812e-93a7635b453c</coachViewId>
            <scriptType>JS</scriptType>
            <scriptBlock>bpmext_control_InitBPMFileRevisionsList.call(this, utilities, bpmext, domClass, domAttr, domConstruct, Deferred);</scriptBlock>
            <seq>1</seq>
            <description isNull="true" />
            <guid>58d5758f-3c55-4a96-b0f0-c1406dcc3068</guid>
            <versionId>51a29c9b-59bb-4105-8b64-1dff980fa5cd</versionId>
        </inlineScript>
        <inlineScript name="Header HTML">
            <lastModified isNull="true" />
            <lastModifiedBy isNull="true" />
            <coachViewInlineScriptId>68.29fe9223-4f87-4906-bed7-7eba6738476b</coachViewInlineScriptId>
            <coachViewId>64.a0d20981-4b04-41ff-812e-93a7635b453c</coachViewId>
            <scriptType>HTML</scriptType>
            <scriptBlock isNull="true" />
            <seq>2</seq>
            <description isNull="true" />
            <guid>3cee436f-0ed5-4452-8d15-7bd9fad5dd05</guid>
            <versionId>84260012-5ba9-4407-8904-715be6f7ff34</versionId>
        </inlineScript>
        <localization>
            <lastModified isNull="true" />
            <lastModifiedBy isNull="true" />
            <coachViewLocalResId>69.58e775f2-9c40-4227-88b6-38e53a486054</coachViewLocalResId>
            <coachViewId>64.a0d20981-4b04-41ff-812e-93a7635b453c</coachViewId>
            <resourceBundleGroupId>/50.05a87f6e-92f1-49f0-9cd4-d66479a5ea46</resourceBundleGroupId>
            <seq>0</seq>
            <guid>4ad1ee7d-940e-480e-88e7-edca293fa630</guid>
            <versionId>a3c8cc77-f707-4239-8e46-e5b2353d949b</versionId>
        </localization>
        <amdDependency>
            <lastModified isNull="true" />
            <lastModifiedBy isNull="true" />
            <coachViewAmdDepId>70.34c0ffa6-92f2-4b88-9c2c-b942268faa82</coachViewAmdDepId>
            <coachViewId>64.a0d20981-4b04-41ff-812e-93a7635b453c</coachViewId>
            <moduleId>dojo/dom-class</moduleId>
            <functionArgument>domClass</functionArgument>
            <seq>0</seq>
            <guid>9209f49c-63d9-4b49-98cf-bdb6d8a69806</guid>
            <versionId>ec3db70d-134e-44e7-b32f-cfb309d5c02c</versionId>
        </amdDependency>
        <amdDependency>
            <lastModified isNull="true" />
            <lastModifiedBy isNull="true" />
            <coachViewAmdDepId>70.2d26845d-3713-4296-9daa-917aadeff6db</coachViewAmdDepId>
            <coachViewId>64.a0d20981-4b04-41ff-812e-93a7635b453c</coachViewId>
            <moduleId>dojo/dom-attr</moduleId>
            <functionArgument>domAttr</functionArgument>
            <seq>1</seq>
            <guid>555485dc-2133-49ee-be76-f75dfdfb9fc7</guid>
            <versionId>0dfd4672-45e8-4d84-b6e8-955b1a314d46</versionId>
        </amdDependency>
        <amdDependency>
            <lastModified isNull="true" />
            <lastModifiedBy isNull="true" />
            <coachViewAmdDepId>70.62714622-0f1a-4a42-a26a-7d6001403322</coachViewAmdDepId>
            <coachViewId>64.a0d20981-4b04-41ff-812e-93a7635b453c</coachViewId>
            <moduleId>dojo/dom-construct</moduleId>
            <functionArgument>domConstruct</functionArgument>
            <seq>2</seq>
            <guid>14b8dcfb-8a05-4911-8f07-910bf2f3c819</guid>
            <versionId>d8d233af-f84a-40b6-94a0-e6bb97de96f2</versionId>
        </amdDependency>
        <amdDependency>
            <lastModified isNull="true" />
            <lastModifiedBy isNull="true" />
            <coachViewAmdDepId>70.1cdd78f3-3011-40d7-8455-a57ccda54885</coachViewAmdDepId>
            <coachViewId>64.a0d20981-4b04-41ff-812e-93a7635b453c</coachViewId>
            <moduleId>com.ibm.bpm.coach.utils/utilities</moduleId>
            <functionArgument>utilities</functionArgument>
            <seq>3</seq>
            <guid>f23e060a-89b8-4538-9185-57caac351e47</guid>
            <versionId>07cad661-bff3-4965-b2fa-a47696bde617</versionId>
        </amdDependency>
        <amdDependency>
            <lastModified isNull="true" />
            <lastModifiedBy isNull="true" />
            <coachViewAmdDepId>70.a2b506c2-1c29-4413-8596-6e6413d859cc</coachViewAmdDepId>
            <coachViewId>64.a0d20981-4b04-41ff-812e-93a7635b453c</coachViewId>
            <moduleId>dojo/Deferred</moduleId>
            <functionArgument>Deferred</functionArgument>
            <seq>4</seq>
            <guid>9e07e4ac-a612-44bc-8c3e-4e7cfdf60f75</guid>
            <versionId>38741ace-d971-414b-8a0f-3ed446015901</versionId>
        </amdDependency>
    </coachView>
</teamworks>

