<?xml version="1.0" encoding="UTF-8"?>
<teamworks>
    <coachView id="64.cc9cf6af-8d77-422f-a97d-2d8f7d73be4c" name="BPM File Uploader">
        <lastModified>1496086254539</lastModified>
        <lastModifiedBy>tw_admin</lastModifiedBy>
        <coachViewId>64.cc9cf6af-8d77-422f-a97d-2d8f7d73be4c</coachViewId>
        <isTemplate>false</isTemplate>
        <layout>&lt;?xml version="1.0" encoding="UTF-8" standalone="yes"?&gt;&lt;ns2:layout xmlns:ns2="http://www.ibm.com/bpm/CoachDesignerNG" xmlns:ns3="http://www.ibm.com/bpm/coachview"/&gt;</layout>
        <paletteIcon>/61.3edb331d-2e63-40ec-b5b9-817f04b6e2ca</paletteIcon>
        <previewImage>/61.b4728164-87f1-483f-9362-37efaaf45ced</previewImage>
        <hasLabel>true</hasLabel>
        <labelPosition>4</labelPosition>
        <nineSliceX1Coord>38</nineSliceX1Coord>
        <nineSliceX2Coord>94</nineSliceX2Coord>
        <nineSliceY1Coord>5</nineSliceY1Coord>
        <nineSliceY2Coord>26</nineSliceY2Coord>
        <emitBoundary>false</emitBoundary>
        <isPrototypeFunc>true</isPrototypeFunc>
        <enableDevMode>false</enableDevMode>
        <isMobileReady>true</isMobileReady>
        <loadJsFunction isNull="true" />
        <unloadJsFunction isNull="true" />
        <viewJsFunction isNull="true" />
        <changeJsFunction isNull="true" />
        <collaborationJsFunction isNull="true" />
        <description>&lt;HTML&gt;&lt;HEAD&gt;&#xD;
&lt;STYLE type=text/css&gt; p{margin:0px;}&lt;/STYLE&gt;&#xD;
&lt;/HEAD&gt;&#xD;
&lt;BODY style="FONT-SIZE: 10pt; FONT-FAMILY: arial" bgColor=#f5f5f5&gt;The BPM File Uploader control allows the user to select a file from their computer. This control is best used with the BPM File List control, or File Viewer control.&lt;/BODY&gt;&lt;/HTML&gt;</description>
        <validateJsFunction isNull="true" />
        <previewAdvHtml isNull="true" />
        <previewAdvJs isNull="true" />
        <useUrlBinding>false</useUrlBinding>
        <guid>bcb9a12d-f210-4ca6-baab-aa7df1451c01</guid>
        <versionId>fbc37ba8-7235-4575-9e87-10d26bd01ebb</versionId>
        <field1 isNull="true" />
        <field2 isNull="true" />
        <field3>0</field3>
        <field4 isNull="true" />
        <field5>false</field5>
        <clobField1 isNull="true" />
        <configOption name="expression">
            <lastModified isNull="true" />
            <lastModifiedBy isNull="true" />
            <coachViewConfigOptionId>66.0dd019c9-f609-4ab9-b556-ebafd53a5d10</coachViewConfigOptionId>
            <coachViewId>64.cc9cf6af-8d77-422f-a97d-2d8f7d73be4c</coachViewId>
            <isList>false</isList>
            <propertyType>EVENT</propertyType>
            <label>tw.resource.DocumentList.BPMFileUploaderLBLexpression</label>
            <classId>f1e96cc6-5fd9-4002-8b04-107d4ddae78a/12.db884a3c-c533-44b7-bb2d-47bec8ad4022</classId>
            <processId isNull="true" />
            <actionflowId isNull="true" />
            <isAdaptive>false</isAdaptive>
            <seq>0</seq>
            <description>tw.resource.DocumentList.BPMFileUploaderDOCexpression</description>
            <groupName>tw.resource.DocumentList.zCommonGRPFormula</groupName>
            <guid>9f24bd68-973e-4054-9fac-56490ce50130</guid>
            <versionId>30ddf9f1-b3ac-48b5-897b-c18e646de564</versionId>
        </configOption>
        <configOption name="uploadProperties">
            <lastModified isNull="true" />
            <lastModifiedBy isNull="true" />
            <coachViewConfigOptionId>66.c482e0ce-abe4-48c3-8753-f310d88c988d</coachViewConfigOptionId>
            <coachViewId>64.cc9cf6af-8d77-422f-a97d-2d8f7d73be4c</coachViewId>
            <isList>true</isList>
            <propertyType>OBJECT</propertyType>
            <label>tw.resource.DocumentList.BPMFileUploaderLBLuploadProperties</label>
            <classId>f1e96cc6-5fd9-4002-8b04-107d4ddae78a/12.d2e5a15a-ea53-4793-9e93-29af5bd80b13</classId>
            <processId isNull="true" />
            <actionflowId isNull="true" />
            <isAdaptive>false</isAdaptive>
            <seq>1</seq>
            <description>tw.resource.DocumentList.BPMFileUploaderDOCuploadProperties</description>
            <groupName>tw.resource.DocumentList.zCommonGRPContentManagement</groupName>
            <guid>731c85f2-c2df-49f3-93ad-416f073de64d</guid>
            <versionId>5307233e-d70a-40c4-b878-467a20c0e01c</versionId>
        </configOption>
        <configOption name="hideInPortal">
            <lastModified isNull="true" />
            <lastModifiedBy isNull="true" />
            <coachViewConfigOptionId>66.efd76942-128e-4fa2-852e-76906e852849</coachViewConfigOptionId>
            <coachViewId>64.cc9cf6af-8d77-422f-a97d-2d8f7d73be4c</coachViewId>
            <isList>false</isList>
            <propertyType>OBJECT</propertyType>
            <label>tw.resource.DocumentList.BPMFileUploaderLBLhideInPortal</label>
            <classId>f1e96cc6-5fd9-4002-8b04-107d4ddae78a/12.83ff975e-8dbc-42e5-b738-fa8bc08274a2</classId>
            <processId isNull="true" />
            <actionflowId isNull="true" />
            <isAdaptive>false</isAdaptive>
            <seq>2</seq>
            <description>tw.resource.DocumentList.BPMFileUploaderDOChideInPortal</description>
            <groupName>tw.resource.DocumentList.zCommonGRPContentManagement</groupName>
            <guid>guid:0b1e227c365c8a09:323d0860:1588b8b9467:-7ff7</guid>
            <versionId>ad3658ec-e84e-4ee1-ad31-3311214fdfbb</versionId>
        </configOption>
        <configOption name="maxFileSize">
            <lastModified isNull="true" />
            <lastModifiedBy isNull="true" />
            <coachViewConfigOptionId>66.c2de4b25-a707-4311-9db8-202b431097ab</coachViewConfigOptionId>
            <coachViewId>64.cc9cf6af-8d77-422f-a97d-2d8f7d73be4c</coachViewId>
            <isList>false</isList>
            <propertyType>OBJECT</propertyType>
            <label>tw.resource.DocumentList.BPMFileUploaderLBLmaxFileSize</label>
            <classId>f1e96cc6-5fd9-4002-8b04-107d4ddae78a/12.536b2aa5-a30f-4eca-87fa-3a28066753ee</classId>
            <processId isNull="true" />
            <actionflowId isNull="true" />
            <isAdaptive>false</isAdaptive>
            <seq>3</seq>
            <description>tw.resource.DocumentList.BPMFileUploaderDOCmaxFileSize</description>
            <groupName>tw.resource.DocumentList.zCommonGRPBehavior</groupName>
            <guid>febcef7c-5d82-462e-adb3-32b64bb78445</guid>
            <versionId>db02b777-1a06-4886-9661-ffde81f0692e</versionId>
        </configOption>
        <configOption name="autoUpload">
            <lastModified isNull="true" />
            <lastModifiedBy isNull="true" />
            <coachViewConfigOptionId>66.292cb441-769b-46be-b42c-8209a4b364ac</coachViewConfigOptionId>
            <coachViewId>64.cc9cf6af-8d77-422f-a97d-2d8f7d73be4c</coachViewId>
            <isList>false</isList>
            <propertyType>OBJECT</propertyType>
            <label>tw.resource.DocumentList.BPMFileUploaderLBLautoUpload</label>
            <classId>f1e96cc6-5fd9-4002-8b04-107d4ddae78a/12.83ff975e-8dbc-42e5-b738-fa8bc08274a2</classId>
            <processId isNull="true" />
            <actionflowId isNull="true" />
            <isAdaptive>false</isAdaptive>
            <seq>4</seq>
            <description>tw.resource.DocumentList.BPMFileUploaderDOCautoUpload</description>
            <groupName>tw.resource.DocumentList.zCommonGRPBehavior</groupName>
            <guid>258fdaee-e0c5-4a02-8a75-ec181399afea</guid>
            <versionId>bdf7437e-f015-4f9c-b1a8-474130336a35</versionId>
        </configOption>
        <configOption name="allowableFileTypes">
            <lastModified isNull="true" />
            <lastModifiedBy isNull="true" />
            <coachViewConfigOptionId>66.c9513b12-87d1-46b1-b9ed-0bef392a8ca0</coachViewConfigOptionId>
            <coachViewId>64.cc9cf6af-8d77-422f-a97d-2d8f7d73be4c</coachViewId>
            <isList>true</isList>
            <propertyType>OBJECT</propertyType>
            <label>tw.resource.DocumentList.BPMFileUploaderLBLallowableFileTypes</label>
            <classId>/12.40cf4f02-436a-4056-a909-fd32603ba3df</classId>
            <processId isNull="true" />
            <actionflowId isNull="true" />
            <isAdaptive>false</isAdaptive>
            <seq>5</seq>
            <description>tw.resource.DocumentList.BPMFileUploaderDOCallowableFileTypes</description>
            <groupName>tw.resource.DocumentList.zCommonGRPBehavior</groupName>
            <guid>98714f4e-115f-48e0-9a32-ce851d69e49c</guid>
            <versionId>03741019-c7c2-4576-a98b-05181e6e04fd</versionId>
        </configOption>
        <configOption name="addToFolder">
            <lastModified isNull="true" />
            <lastModifiedBy isNull="true" />
            <coachViewConfigOptionId>66.f7ed208c-ff33-4aa0-8600-0d9319c00d50</coachViewConfigOptionId>
            <coachViewId>64.cc9cf6af-8d77-422f-a97d-2d8f7d73be4c</coachViewId>
            <isList>false</isList>
            <propertyType>OBJECT</propertyType>
            <label>tw.resource.DocumentList.BPMFileUploaderLBLaddToFolder</label>
            <classId>f1e96cc6-5fd9-4002-8b04-107d4ddae78a/12.83ff975e-8dbc-42e5-b738-fa8bc08274a2</classId>
            <processId isNull="true" />
            <actionflowId isNull="true" />
            <isAdaptive>false</isAdaptive>
            <seq>6</seq>
            <description>tw.resource.DocumentList.BPMFileUploaderDOCaddToFolder</description>
            <groupName>tw.resource.DocumentList.zCommonGRPBehavior</groupName>
            <guid>guid:6db117c3d39b5202:1a3b1804:15e9787890c:-7fff</guid>
            <versionId>719d2e9e-c1e6-42c9-8e18-2a35b014cede</versionId>
        </configOption>
        <configOption name="colorStyle">
            <lastModified isNull="true" />
            <lastModifiedBy isNull="true" />
            <coachViewConfigOptionId>66.92957b5d-c8d0-47ac-b164-5f4ba4865fa0</coachViewConfigOptionId>
            <coachViewId>64.cc9cf6af-8d77-422f-a97d-2d8f7d73be4c</coachViewId>
            <isList>false</isList>
            <propertyType>OBJECT</propertyType>
            <label>tw.resource.DocumentList.BPMFileUploaderLBLcolorStyle</label>
            <classId>f496ca18-836b-46b7-8846-85b2ee01f7eb/12.94510c84-2ee1-4487-a1df-006aac6f1918</classId>
            <processId isNull="true" />
            <actionflowId isNull="true" />
            <isAdaptive>false</isAdaptive>
            <seq>7</seq>
            <description>tw.resource.DocumentList.BPMFileUploaderDOCcolorStyle</description>
            <groupName>tw.resource.DocumentList.zCommonGRPAppearance</groupName>
            <guid>f5ede47e-b3d7-4522-bc50-ad461f7fdb5f</guid>
            <versionId>01eeb01f-bf71-4cfb-b5a0-9d718529611d</versionId>
        </configOption>
        <configOption name="shapeStyle">
            <lastModified isNull="true" />
            <lastModifiedBy isNull="true" />
            <coachViewConfigOptionId>66.ca69d3d5-6337-4416-a5f2-0a1ba987a3d3</coachViewConfigOptionId>
            <coachViewId>64.cc9cf6af-8d77-422f-a97d-2d8f7d73be4c</coachViewId>
            <isList>false</isList>
            <propertyType>OBJECT</propertyType>
            <label>tw.resource.DocumentList.BPMFileUploaderLBLshapeStyle</label>
            <classId>f496ca18-836b-46b7-8846-85b2ee01f7eb/12.203ff638-a153-4d69-8b87-d9ea008a55a3</classId>
            <processId isNull="true" />
            <actionflowId isNull="true" />
            <isAdaptive>false</isAdaptive>
            <seq>8</seq>
            <description>tw.resource.DocumentList.BPMFileUploaderDOCshapeStyle</description>
            <groupName>tw.resource.DocumentList.zCommonGRPAppearance</groupName>
            <guid>c5adfcde-4d1c-49fc-a94d-6a1057713ff1</guid>
            <versionId>b72110a7-9895-47ef-a8e7-e868449ea9c9</versionId>
        </configOption>
        <configOption name="sizeStyle">
            <lastModified isNull="true" />
            <lastModifiedBy isNull="true" />
            <coachViewConfigOptionId>66.bab4e648-66f6-4785-8445-a417b89db1d0</coachViewConfigOptionId>
            <coachViewId>64.cc9cf6af-8d77-422f-a97d-2d8f7d73be4c</coachViewId>
            <isList>false</isList>
            <propertyType>OBJECT</propertyType>
            <label>tw.resource.DocumentList.BPMFileUploaderLBLsizeStyle</label>
            <classId>f496ca18-836b-46b7-8846-85b2ee01f7eb/12.6350f376-b985-4eb6-835e-25b425fc6936</classId>
            <processId isNull="true" />
            <actionflowId isNull="true" />
            <isAdaptive>false</isAdaptive>
            <seq>9</seq>
            <description>tw.resource.DocumentList.BPMFileUploaderDOCsizeStyle</description>
            <groupName>tw.resource.DocumentList.zCommonGRPAppearance</groupName>
            <guid>b6b7af56-4ead-47b5-9117-c6d94292cdb0</guid>
            <versionId>2536af13-28cd-41b4-9ddc-df456695dfef</versionId>
        </configOption>
        <configOption name="outline">
            <lastModified isNull="true" />
            <lastModifiedBy isNull="true" />
            <coachViewConfigOptionId>66.fa2010d4-e070-4e4e-bed3-dc6e7c63d945</coachViewConfigOptionId>
            <coachViewId>64.cc9cf6af-8d77-422f-a97d-2d8f7d73be4c</coachViewId>
            <isList>false</isList>
            <propertyType>OBJECT</propertyType>
            <label>tw.resource.DocumentList.BPMFileUploaderLBLoutline</label>
            <classId>f1e96cc6-5fd9-4002-8b04-107d4ddae78a/12.83ff975e-8dbc-42e5-b738-fa8bc08274a2</classId>
            <processId isNull="true" />
            <actionflowId isNull="true" />
            <isAdaptive>false</isAdaptive>
            <seq>10</seq>
            <description>tw.resource.DocumentList.BPMFileUploaderDOCoutline</description>
            <groupName>tw.resource.DocumentList.zCommonGRPAppearance</groupName>
            <guid>63b7f1bf-7c49-4a71-999e-a64294bb9d8f</guid>
            <versionId>b98f578a-4187-4ac6-8fe1-e32e9782e417</versionId>
        </configOption>
        <configOption name="icon">
            <lastModified isNull="true" />
            <lastModifiedBy isNull="true" />
            <coachViewConfigOptionId>66.78f0431c-a64e-4510-885f-916b2aa47325</coachViewConfigOptionId>
            <coachViewId>64.cc9cf6af-8d77-422f-a97d-2d8f7d73be4c</coachViewId>
            <isList>false</isList>
            <propertyType>OBJECT</propertyType>
            <label>tw.resource.DocumentList.ECMFileUploaderLBLicon</label>
            <classId>f1e96cc6-5fd9-4002-8b04-107d4ddae78a/12.db884a3c-c533-44b7-bb2d-47bec8ad4022</classId>
            <processId isNull="true" />
            <actionflowId isNull="true" />
            <isAdaptive>false</isAdaptive>
            <seq>11</seq>
            <description>tw.resource.DocumentList.BPMFileUploaderDOCicon</description>
            <groupName>tw.resource.DocumentList.zCommonGRPAppearance</groupName>
            <guid>b146b584-8bb4-4b5a-a160-c95ba1a29072</guid>
            <versionId>23e34dfe-3472-4405-9b06-b9ea02346340</versionId>
        </configOption>
        <configOption name="hideBrowse">
            <lastModified isNull="true" />
            <lastModifiedBy isNull="true" />
            <coachViewConfigOptionId>66.3e163d4f-2b9c-4263-9244-dd9ac6560c73</coachViewConfigOptionId>
            <coachViewId>64.cc9cf6af-8d77-422f-a97d-2d8f7d73be4c</coachViewId>
            <isList>false</isList>
            <propertyType>OBJECT</propertyType>
            <label>tw.resource.DocumentList.BPMFileUploaderLBLhideBrowse</label>
            <classId>f1e96cc6-5fd9-4002-8b04-107d4ddae78a/12.83ff975e-8dbc-42e5-b738-fa8bc08274a2</classId>
            <processId isNull="true" />
            <actionflowId isNull="true" />
            <isAdaptive>false</isAdaptive>
            <seq>12</seq>
            <description>tw.resource.DocumentList.BPMFileUploaderDOChideBrowse</description>
            <groupName>tw.resource.DocumentList.zCommonGRPAppearance</groupName>
            <guid>7bc6218e-3dbc-44d3-9415-d2867b71d345</guid>
            <versionId>8987b257-378e-4060-b5d2-b8d274d43a44</versionId>
        </configOption>
        <configOption name="hideFileName">
            <lastModified isNull="true" />
            <lastModifiedBy isNull="true" />
            <coachViewConfigOptionId>66.bbe6e614-67ce-4217-b730-6c34bc3288bc</coachViewConfigOptionId>
            <coachViewId>64.cc9cf6af-8d77-422f-a97d-2d8f7d73be4c</coachViewId>
            <isList>false</isList>
            <propertyType>OBJECT</propertyType>
            <label>tw.resource.DocumentList.BPMFileUploaderLBLhideFileName</label>
            <classId>f1e96cc6-5fd9-4002-8b04-107d4ddae78a/12.83ff975e-8dbc-42e5-b738-fa8bc08274a2</classId>
            <processId isNull="true" />
            <actionflowId isNull="true" />
            <isAdaptive>false</isAdaptive>
            <seq>13</seq>
            <description>tw.resource.DocumentList.BPMFileUploaderDOChideFileName</description>
            <groupName>tw.resource.DocumentList.zCommonGRPAppearance</groupName>
            <guid>b17a2dc0-9ec9-414c-8dbb-02d28aca637b</guid>
            <versionId>a8204ad3-661b-49ed-89a8-ca093d9a3d02</versionId>
        </configOption>
        <configOption name="onloadFunctionName">
            <lastModified isNull="true" />
            <lastModifiedBy isNull="true" />
            <coachViewConfigOptionId>66.c4956a4c-cc56-4e51-9501-05db3659845f</coachViewConfigOptionId>
            <coachViewId>64.cc9cf6af-8d77-422f-a97d-2d8f7d73be4c</coachViewId>
            <isList>false</isList>
            <propertyType>EVENT</propertyType>
            <label>tw.resource.DocumentList.BPMFileUploaderLBLonloadFunctionName</label>
            <classId>f1e96cc6-5fd9-4002-8b04-107d4ddae78a/12.db884a3c-c533-44b7-bb2d-47bec8ad4022</classId>
            <processId isNull="true" />
            <actionflowId isNull="true" />
            <isAdaptive>false</isAdaptive>
            <seq>14</seq>
            <description>tw.resource.DocumentList.BPMFileUploaderDOConloadFunctionName</description>
            <groupName>tw.resource.DocumentList.zCommonGRPEvents</groupName>
            <guid>41b4bede-f510-46f5-a725-834e22a510c5</guid>
            <versionId>feeb844e-2b35-4bce-9321-11ce20879cd1</versionId>
        </configOption>
        <configOption name="onFileAddedFunctionName">
            <lastModified isNull="true" />
            <lastModifiedBy isNull="true" />
            <coachViewConfigOptionId>66.207414c5-61c5-4e21-b2b6-382105e8ca9e</coachViewConfigOptionId>
            <coachViewId>64.cc9cf6af-8d77-422f-a97d-2d8f7d73be4c</coachViewId>
            <isList>false</isList>
            <propertyType>EVENT</propertyType>
            <label>tw.resource.DocumentList.BPMFileUploaderLBLonFileAddedFuncName</label>
            <classId>f1e96cc6-5fd9-4002-8b04-107d4ddae78a/12.db884a3c-c533-44b7-bb2d-47bec8ad4022</classId>
            <processId isNull="true" />
            <actionflowId isNull="true" />
            <isAdaptive>false</isAdaptive>
            <seq>15</seq>
            <description>tw.resource.DocumentList.BPMFileUploaderDOConFileAddedFuncName</description>
            <groupName>tw.resource.DocumentList.zCommonGRPEvents</groupName>
            <guid>a9363489-824a-4e76-a7e8-c9fde2f792be</guid>
            <versionId>84e79a4f-83ec-400c-ba76-d7a13aaac41a</versionId>
        </configOption>
        <configOption name="onuploadOkFunctionName">
            <lastModified isNull="true" />
            <lastModifiedBy isNull="true" />
            <coachViewConfigOptionId>66.74b30321-860e-440b-96c2-0e43458a10ed</coachViewConfigOptionId>
            <coachViewId>64.cc9cf6af-8d77-422f-a97d-2d8f7d73be4c</coachViewId>
            <isList>false</isList>
            <propertyType>EVENT</propertyType>
            <label>tw.resource.DocumentList.BPMFileUploaderLBLonuploadOkFuncName</label>
            <classId>f1e96cc6-5fd9-4002-8b04-107d4ddae78a/12.db884a3c-c533-44b7-bb2d-47bec8ad4022</classId>
            <processId isNull="true" />
            <actionflowId isNull="true" />
            <isAdaptive>false</isAdaptive>
            <seq>16</seq>
            <description>tw.resource.DocumentList.BPMFileUploaderDOConuploadOkFuncName</description>
            <groupName>tw.resource.DocumentList.zCommonGRPEvents</groupName>
            <guid>28ad17da-9ac0-4bec-b191-fc95df478ba9</guid>
            <versionId>62c9361b-dd66-4d1c-9a5a-c8da432798de</versionId>
        </configOption>
        <configOption name="onuploadErrFunctionName">
            <lastModified isNull="true" />
            <lastModifiedBy isNull="true" />
            <coachViewConfigOptionId>66.868dfc06-8f2b-4efa-9719-beee6c0176ca</coachViewConfigOptionId>
            <coachViewId>64.cc9cf6af-8d77-422f-a97d-2d8f7d73be4c</coachViewId>
            <isList>false</isList>
            <propertyType>EVENT</propertyType>
            <label>tw.resource.DocumentList.BPMFileUploaderLBLonuploadErrFuncName</label>
            <classId>f1e96cc6-5fd9-4002-8b04-107d4ddae78a/12.db884a3c-c533-44b7-bb2d-47bec8ad4022</classId>
            <processId isNull="true" />
            <actionflowId isNull="true" />
            <isAdaptive>false</isAdaptive>
            <seq>17</seq>
            <description>tw.resource.DocumentList.BPMFileUploaderDOConuploadErrFuncName</description>
            <groupName>tw.resource.DocumentList.zCommonGRPEvents</groupName>
            <guid>bf8f6f11-c6ab-4860-b967-d97db95e5a65</guid>
            <versionId>243c3a95-c30e-4607-8fa5-2442ba5aa69d</versionId>
        </configOption>
        <dynamicStyle>
            <lastModified isNull="true" />
            <lastModifiedBy isNull="true" />
            <coachViewDynamicStyleId>73.3acf7edd-4b69-43d4-ae2a-b96fcf3fc647</coachViewDynamicStyleId>
            <coachViewId>64.cc9cf6af-8d77-422f-a97d-2d8f7d73be4c</coachViewId>
            <filePath>bpmUI.less</filePath>
            <assetUuid>f496ca18-836b-46b7-8846-85b2ee01f7eb/61.26865295-8511-4538-b8f1-4cb99c203a92</assetUuid>
            <seq>0</seq>
            <guid>8aae9bd7-d5b3-4812-8a2e-f43eee81a137</guid>
            <versionId>ce6f6956-2779-4993-b4d9-cdaad72732cd</versionId>
        </dynamicStyle>
        <resource>
            <lastModified isNull="true" />
            <lastModifiedBy isNull="true" />
            <coachViewResourceId>67.53e554ad-f285-4b24-8cd7-af85b0a0c0ed</coachViewResourceId>
            <coachViewId>64.cc9cf6af-8d77-422f-a97d-2d8f7d73be4c</coachViewId>
            <filePath>css/dropzone.css</filePath>
            <ieCondition isNull="true" />
            <mediaQuery isNull="true" />
            <scriptLoadStyle isNull="true" />
            <assetUuid>f496ca18-836b-46b7-8846-85b2ee01f7eb/61.36061282-9bd6-47da-8b6d-9531c3f5ea15</assetUuid>
            <seq>0</seq>
            <guid>b525a6e9-4be1-411c-bbb4-ae47d3896086</guid>
            <versionId>47945be6-e5e4-4ade-94ef-257c76deb9ab</versionId>
        </resource>
        <resource>
            <lastModified isNull="true" />
            <lastModifiedBy isNull="true" />
            <coachViewResourceId>67.01a9652b-f961-4369-bbb5-d7c53c342470</coachViewResourceId>
            <coachViewId>64.cc9cf6af-8d77-422f-a97d-2d8f7d73be4c</coachViewId>
            <filePath>loader.js</filePath>
            <ieCondition isNull="true" />
            <mediaQuery isNull="true" />
            <scriptLoadStyle isNull="true" />
            <assetUuid>f496ca18-836b-46b7-8846-85b2ee01f7eb/61.36061282-9bd6-47da-8b6d-9531c3f5ea15</assetUuid>
            <seq>1</seq>
            <guid>237720e9-70c3-4357-b6e5-b5538225fdb8</guid>
            <versionId>383fb853-c760-4368-8e73-ea20e9b7d327</versionId>
        </resource>
        <resource>
            <lastModified isNull="true" />
            <lastModifiedBy isNull="true" />
            <coachViewResourceId>67.35469a36-34f7-4fb4-8c4a-39594924ea18</coachViewResourceId>
            <coachViewId>64.cc9cf6af-8d77-422f-a97d-2d8f7d73be4c</coachViewId>
            <filePath>BPMExt-Core.js</filePath>
            <ieCondition isNull="true" />
            <mediaQuery isNull="true" />
            <scriptLoadStyle isNull="true" />
            <assetUuid>f496ca18-836b-46b7-8846-85b2ee01f7eb/61.22dc2e36-11ce-4cd6-a6e8-24201237f10d</assetUuid>
            <seq>2</seq>
            <guid>e045db51-83ce-4d55-89d7-cd6b3d895b50</guid>
            <versionId>5550f9de-0389-44e1-b154-22ce675d4824</versionId>
        </resource>
        <resource>
            <lastModified isNull="true" />
            <lastModifiedBy isNull="true" />
            <coachViewResourceId>67.047a3772-dbdc-4175-a6d8-dce64862c480</coachViewResourceId>
            <coachViewId>64.cc9cf6af-8d77-422f-a97d-2d8f7d73be4c</coachViewId>
            <filePath isNull="true" />
            <ieCondition isNull="true" />
            <mediaQuery isNull="true" />
            <scriptLoadStyle isNull="true" />
            <assetUuid>/61.a588e471-f244-4d2d-add4-5af5fef406aa</assetUuid>
            <seq>3</seq>
            <guid>8ff55699-1bb4-4e0d-937a-e4785e25ea0f</guid>
            <versionId>9f7c8a94-79de-41c0-a3c7-7e93a972b4f6</versionId>
        </resource>
        <resource>
            <lastModified isNull="true" />
            <lastModifiedBy isNull="true" />
            <coachViewResourceId>67.310f2852-0f42-4f70-8f40-78c028c90f06</coachViewResourceId>
            <coachViewId>64.cc9cf6af-8d77-422f-a97d-2d8f7d73be4c</coachViewId>
            <filePath isNull="true" />
            <ieCondition isNull="true" />
            <mediaQuery isNull="true" />
            <scriptLoadStyle isNull="true" />
            <assetUuid>/61.1da7388e-22ac-47ea-80ad-d7e164937240</assetUuid>
            <seq>4</seq>
            <guid>dd1161f6-07c8-41f6-9fe0-a5f4bc1856d9</guid>
            <versionId>0dde7f1c-fa13-4cd4-9e8b-46585e072639</versionId>
        </resource>
        <inlineScript name="Inline CSS">
            <lastModified isNull="true" />
            <lastModifiedBy isNull="true" />
            <coachViewInlineScriptId>68.06dc6b33-cde5-4ae2-8ed3-fbe8216aec51</coachViewInlineScriptId>
            <coachViewId>64.cc9cf6af-8d77-422f-a97d-2d8f7d73be4c</coachViewId>
            <scriptType>CSS</scriptType>
            <scriptBlock isNull="true" />
            <seq>0</seq>
            <description isNull="true" />
            <guid>9514651a-ee95-45ac-9d5a-05822f466f55</guid>
            <versionId>5287dfad-f38b-49c0-819e-4fa1852adb49</versionId>
        </inlineScript>
        <inlineScript name="Inline Javascript">
            <lastModified isNull="true" />
            <lastModifiedBy isNull="true" />
            <coachViewInlineScriptId>68.ae7674d2-4882-4a15-b7bd-ffab0caa1574</coachViewInlineScriptId>
            <coachViewId>64.cc9cf6af-8d77-422f-a97d-2d8f7d73be4c</coachViewId>
            <scriptType>JS</scriptType>
            <scriptBlock>bpmext_control_InitBPMFileDropzone.call(this, iframe, domAttr, domClass, domConstruct, utilities, bpmext, Dropzone, "Uploader");</scriptBlock>
            <seq>1</seq>
            <description isNull="true" />
            <guid>1dd2018b-ab1a-4d8e-8cd1-ccfd45618244</guid>
            <versionId>8f9fd805-a900-40db-a870-7047190179dd</versionId>
        </inlineScript>
        <inlineScript name="Header HTML">
            <lastModified isNull="true" />
            <lastModifiedBy isNull="true" />
            <coachViewInlineScriptId>68.aa751fa4-ae7d-486d-ae4e-e009151311f6</coachViewInlineScriptId>
            <coachViewId>64.cc9cf6af-8d77-422f-a97d-2d8f7d73be4c</coachViewId>
            <scriptType>HTML</scriptType>
            <scriptBlock isNull="true" />
            <seq>2</seq>
            <description isNull="true" />
            <guid>48e14426-4c01-4b48-9e3a-b713d20cf4f4</guid>
            <versionId>757f2788-a11a-4f5a-8848-baf4b788cead</versionId>
        </inlineScript>
        <localization>
            <lastModified isNull="true" />
            <lastModifiedBy isNull="true" />
            <coachViewLocalResId>69.4c877814-efad-4aa5-80a3-3d1308687e3f</coachViewLocalResId>
            <coachViewId>64.cc9cf6af-8d77-422f-a97d-2d8f7d73be4c</coachViewId>
            <resourceBundleGroupId>/50.05a87f6e-92f1-49f0-9cd4-d66479a5ea46</resourceBundleGroupId>
            <seq>0</seq>
            <guid>069cf297-7a3a-47bd-8fb9-78c637f6681f</guid>
            <versionId>21abfea8-d00e-4ed1-9c42-54bec9ad3118</versionId>
        </localization>
        <amdDependency>
            <lastModified isNull="true" />
            <lastModifiedBy isNull="true" />
            <coachViewAmdDepId>70.218c6566-d2d9-4fef-82bd-3fa2fa98a854</coachViewAmdDepId>
            <coachViewId>64.cc9cf6af-8d77-422f-a97d-2d8f7d73be4c</coachViewId>
            <moduleId>dojo/request/iframe</moduleId>
            <functionArgument>iframe</functionArgument>
            <seq>0</seq>
            <guid>47e00378-f726-4734-95c9-eb7d9c108db0</guid>
            <versionId>cb5651ca-de79-4622-a2f4-ced4867c9e5f</versionId>
        </amdDependency>
        <amdDependency>
            <lastModified isNull="true" />
            <lastModifiedBy isNull="true" />
            <coachViewAmdDepId>70.258c6c3d-7048-43ad-90cd-abb33c0a3207</coachViewAmdDepId>
            <coachViewId>64.cc9cf6af-8d77-422f-a97d-2d8f7d73be4c</coachViewId>
            <moduleId>dojo/dom-attr</moduleId>
            <functionArgument>domAttr</functionArgument>
            <seq>1</seq>
            <guid>df5fe6eb-74ac-4e15-9acf-08da4bb1d314</guid>
            <versionId>dcd77221-1e5f-4e28-b926-735d6ad7c733</versionId>
        </amdDependency>
        <amdDependency>
            <lastModified isNull="true" />
            <lastModifiedBy isNull="true" />
            <coachViewAmdDepId>70.beca5063-afea-4755-94a3-58ad4f1b97bb</coachViewAmdDepId>
            <coachViewId>64.cc9cf6af-8d77-422f-a97d-2d8f7d73be4c</coachViewId>
            <moduleId>dojo/dom-class</moduleId>
            <functionArgument>domClass</functionArgument>
            <seq>2</seq>
            <guid>bfc45050-3448-4797-b9f1-dc3a3e378f87</guid>
            <versionId>78e3946b-d331-4908-b083-a0c5b3b6ef24</versionId>
        </amdDependency>
        <amdDependency>
            <lastModified isNull="true" />
            <lastModifiedBy isNull="true" />
            <coachViewAmdDepId>70.e4d188fc-26df-4c12-84b4-b4684359d0c8</coachViewAmdDepId>
            <coachViewId>64.cc9cf6af-8d77-422f-a97d-2d8f7d73be4c</coachViewId>
            <moduleId>dojo/dom-construct</moduleId>
            <functionArgument>domConstruct</functionArgument>
            <seq>3</seq>
            <guid>49f218b4-21c1-4d27-b154-6808f31bbdfc</guid>
            <versionId>1f26045e-c619-4bb5-80cf-5718ebccc74f</versionId>
        </amdDependency>
        <amdDependency>
            <lastModified isNull="true" />
            <lastModifiedBy isNull="true" />
            <coachViewAmdDepId>70.a3f2ed12-8964-4fe0-8002-f5aa1c63cef7</coachViewAmdDepId>
            <coachViewId>64.cc9cf6af-8d77-422f-a97d-2d8f7d73be4c</coachViewId>
            <moduleId>com.ibm.bpm.coach.utils/utilities</moduleId>
            <functionArgument>utilities</functionArgument>
            <seq>4</seq>
            <guid>0a06825f-1a3a-4c0d-bb43-579daea33169</guid>
            <versionId>f2f63302-fa24-4a08-abdc-317b8d6b05a0</versionId>
        </amdDependency>
        <amdDependency>
            <lastModified isNull="true" />
            <lastModifiedBy isNull="true" />
            <coachViewAmdDepId>70.a2f2cc60-0ffe-4368-a34d-b340fe2221ca</coachViewAmdDepId>
            <coachViewId>64.cc9cf6af-8d77-422f-a97d-2d8f7d73be4c</coachViewId>
            <moduleId>com.salientprocess.bpm.views.lib.dropzone/main</moduleId>
            <functionArgument>Dropzone</functionArgument>
            <seq>5</seq>
            <guid>157cf09f-0e8a-4b06-886f-ec100831f7f7</guid>
            <versionId>dc43478a-6a6a-4fb5-8944-5e787a86ef50</versionId>
        </amdDependency>
    </coachView>
</teamworks>

