<?xml version="1.0" encoding="UTF-8"?>
<teamworks>
    <coachView id="64.e8b1453a-8a21-4dff-a0f9-1927abc6c129" name="Heritage Document List">
        <lastModified>1452282415699</lastModified>
        <lastModifiedBy>tw_admin</lastModifiedBy>
        <coachViewId>64.e8b1453a-8a21-4dff-a0f9-1927abc6c129</coachViewId>
        <isTemplate>false</isTemplate>
        <layout>&lt;?xml version="1.0" encoding="UTF-8"?&gt;&#xD;
&lt;layout xmlns:xsi="http://www.w3.org/2001/XMLSchema-instance" xmlns="http://www.ibm.com/bpm/CoachDesignerNG"&gt;&#xD;
  &lt;layoutItem xsi:type="CustomHTML"&gt;&#xD;
    &lt;layoutItemId&gt;LAYOUT_ITEM_ID_1&lt;/layoutItemId&gt;&#xD;
    &lt;configData&gt;&#xD;
      &lt;optionName&gt;@customHTML.textContent&lt;/optionName&gt;&#xD;
      &lt;value&gt;&amp;lt;h3 class=&amp;quot;documentListLegend v1blue headerBorder&amp;quot;&gt;&amp;lt;/h3&gt;&amp;#xD;&#xD;
&amp;lt;div class=&amp;quot;documentListFS&amp;quot;&gt;&amp;#xD;&#xD;
&amp;lt;div  class=&amp;quot;documentListDiv padFive&amp;quot;  style=&amp;quot;overflow-x:auto&amp;quot;&gt;&amp;#xD;&#xD;
&amp;lt;div class=&amp;quot;documentListDivMsg&amp;quot;&gt;&amp;#xD;&#xD;
&amp;lt;/div&gt;&amp;#xD;&#xD;
&amp;#xD;&#xD;
&amp;lt;table  class=&amp;quot;documentListTable&amp;quot;&gt;&amp;#xD;&#xD;
&amp;lt;/table&gt;&amp;#xD;&#xD;
&amp;#xD;&#xD;
&amp;#xD;&#xD;
&amp;lt;div class=&amp;quot;versionsDiv&amp;quot;&gt;&amp;#xD;&#xD;
&amp;lt;div class=&amp;quot;versionsFS bodyBorder&amp;quot;&gt;&amp;#xD;&#xD;
&amp;lt;h3 class=&amp;quot;versionsLegend v1blue headerBorder&amp;quot;&gt;Revisions&amp;lt;/h3&gt;&amp;#xD;&#xD;
&amp;lt;div class=&amp;quot;bodyBorder&amp;quot;&gt;&amp;#xD;&#xD;
&amp;#xD;&#xD;
&amp;lt;table class=&amp;quot;versionsTable&amp;quot;&gt;&amp;#xD;&#xD;
&amp;lt;/table&gt;&amp;#xD;&#xD;
&amp;#xD;&#xD;
&amp;lt;div class=&amp;quot;versionsDivMsg&amp;quot;&gt;&amp;#xD;&#xD;
&amp;lt;/div&gt;&amp;#xD;&#xD;
&amp;lt;button type=&amp;quot;button&amp;quot; class=&amp;quot;versionsClose&amp;quot;&gt;Close&amp;lt;/button&gt; &amp;#xD;&#xD;
&amp;lt;/div&gt;&amp;#xD;&#xD;
&amp;lt;/div&gt;&amp;#xD;&#xD;
&amp;lt;/div&gt;&amp;#xD;&#xD;
&amp;lt;/div&gt;&amp;#xD;&#xD;
&amp;lt;/div&gt;&amp;#xD;&#xD;
&lt;/value&gt;&#xD;
    &lt;/configData&gt;&#xD;
    &lt;configData&gt;&#xD;
      &lt;optionName&gt;@customHTML.contentType&lt;/optionName&gt;&#xD;
      &lt;value&gt;TEXT&lt;/value&gt;&#xD;
    &lt;/configData&gt;&#xD;
    &lt;configData&gt;&#xD;
      &lt;optionName&gt;@customHTML.variableContent&lt;/optionName&gt;&#xD;
    &lt;/configData&gt;&#xD;
    &lt;configData&gt;&#xD;
      &lt;optionName&gt;@customHTML.assetContent&lt;/optionName&gt;&#xD;
    &lt;/configData&gt;&#xD;
  &lt;/layoutItem&gt;&#xD;
&lt;/layout&gt;</layout>
        <paletteIcon>/61.0fc78575-032c-4d16-8070-bd8da1026fa9</paletteIcon>
        <previewImage>/61.b1f40b4a-2768-4428-baa3-42f23c205fab</previewImage>
        <hasLabel>true</hasLabel>
        <labelPosition>0</labelPosition>
        <nineSliceX1Coord>1</nineSliceX1Coord>
        <nineSliceX2Coord>8</nineSliceX2Coord>
        <nineSliceY1Coord>1</nineSliceY1Coord>
        <nineSliceY2Coord>8</nineSliceY2Coord>
        <emitBoundary>false</emitBoundary>
        <isPrototypeFunc>true</isPrototypeFunc>
        <enableDevMode>false</enableDevMode>
        <isMobileReady>false</isMobileReady>
        <loadJsFunction>var docListFieldSet = getElementByClass(this.context.element, "documentListFS");
var docListLegend = getElementByClass(this.context.element, "documentListLegend v1blue headerBorder");
var JsonResURL = this.context.contextRootMap.teamworks+"/jsonResBundleLoader?bundle=JavaScriptMessages";

this.createBindings();

this.docListControl = new DocumentListControl(docListLegend, docListFieldSet, iframe, this.context, domStyle);
this.docListControl.loadDocumentList();

</loadJsFunction>
        <unloadJsFunction>this.cleanupBindings();</unloadJsFunction>
        <viewJsFunction>this.docListControl.setHeaderVisibility();</viewJsFunction>
        <changeJsFunction>if(event.type == "config" &amp;&amp; event.property == "refreshTrigger") {
    this.docListControl.refreshTriggered(event.newVal);
} else {
	if(event.type == "config") {
        this.cleanupBindings();
        this.createBindings();
    }
    this.docListControl.refresh();
}
this.view();</changeJsFunction>
        <collaborationJsFunction isNull="true" />
        <description>Use the control to display a list of documents that are found by a Content Management Interoperability Services query in a document repository. You can set configuration options so that users can create new documents or update existing documents and view the revisions.</description>
        <validateJsFunction isNull="true" />
        <previewAdvHtml isNull="true" />
        <previewAdvJs isNull="true" />
        <useUrlBinding>false</useUrlBinding>
        <guid>guid:d5b59e2cf13bea07:4e41f3cf:13530095222:-7fb3</guid>
        <versionId>6b3de709-0fc2-4a86-86ed-dc33c8c03373</versionId>
        <field1 isNull="true" />
        <field2 isNull="true" />
        <field3>0</field3>
        <field4 isNull="true" />
        <field5>false</field5>
        <clobField1 isNull="true" />
        <bindingType name="documentInfos">
            <lastModified isNull="true" />
            <lastModifiedBy isNull="true" />
            <coachViewBindingTypeId>65.f6353ed8-e57c-45c5-9df2-51f1bd777ef1</coachViewBindingTypeId>
            <coachViewId>64.e8b1453a-8a21-4dff-a0f9-1927abc6c129</coachViewId>
            <isList>true</isList>
            <classId>/12.b0e1b82e-1f8e-4ef7-b5da-2e07effdf361</classId>
            <seq isNull="true" />
            <description isNull="true" />
            <guid>guid:d5b59e2cf13bea07:4e41f3cf:13530095222:-7f85</guid>
            <versionId>204ffca9-2633-40cc-b306-a4b942490f3a</versionId>
        </bindingType>
        <configOption name="allowCreate">
            <lastModified isNull="true" />
            <lastModifiedBy isNull="true" />
            <coachViewConfigOptionId>66.f9a995b0-573e-43d2-b670-fb7a9a3b16a2</coachViewConfigOptionId>
            <coachViewId>64.e8b1453a-8a21-4dff-a0f9-1927abc6c129</coachViewId>
            <isList>false</isList>
            <propertyType>OBJECT</propertyType>
            <label>tw.resource.DocumentList.allowCreate</label>
            <classId>f1e96cc6-5fd9-4002-8b04-107d4ddae78a/12.83ff975e-8dbc-42e5-b738-fa8bc08274a2</classId>
            <processId isNull="true" />
            <actionflowId isNull="true" />
            <isAdaptive>false</isAdaptive>
            <seq>1</seq>
            <description>tw.resource.DocumentList.allowCreateDesc</description>
            <groupName isNull="true" />
            <guid>guid:d5b59e2cf13bea07:4e41f3cf:13530095222:-7f81</guid>
            <versionId>699f2e87-50f1-4fb6-905f-444505671dbd</versionId>
        </configOption>
        <configOption name="allowUpdate">
            <lastModified isNull="true" />
            <lastModifiedBy isNull="true" />
            <coachViewConfigOptionId>66.0aa32430-9288-4b14-9395-682912f96b8b</coachViewConfigOptionId>
            <coachViewId>64.e8b1453a-8a21-4dff-a0f9-1927abc6c129</coachViewId>
            <isList>false</isList>
            <propertyType>OBJECT</propertyType>
            <label>tw.resource.DocumentList.allowUpdate</label>
            <classId>f1e96cc6-5fd9-4002-8b04-107d4ddae78a/12.83ff975e-8dbc-42e5-b738-fa8bc08274a2</classId>
            <processId isNull="true" />
            <actionflowId isNull="true" />
            <isAdaptive>false</isAdaptive>
            <seq>2</seq>
            <description>tw.resource.DocumentList.allowUpdateDesc</description>
            <groupName isNull="true" />
            <guid>guid:d5b59e2cf13bea07:4e41f3cf:13530095222:-7f7d</guid>
            <versionId>17d37d62-aac2-480c-8ef4-e0dcb57db41f</versionId>
        </configOption>
        <configOption name="openInNewWindow">
            <lastModified isNull="true" />
            <lastModifiedBy isNull="true" />
            <coachViewConfigOptionId>66.def0224b-667e-4f0d-913e-4ec7bde95abe</coachViewConfigOptionId>
            <coachViewId>64.e8b1453a-8a21-4dff-a0f9-1927abc6c129</coachViewId>
            <isList>false</isList>
            <propertyType>OBJECT</propertyType>
            <label>tw.resource.DocumentList.openInNewWindow</label>
            <classId>f1e96cc6-5fd9-4002-8b04-107d4ddae78a/12.83ff975e-8dbc-42e5-b738-fa8bc08274a2</classId>
            <processId isNull="true" />
            <actionflowId isNull="true" />
            <isAdaptive>false</isAdaptive>
            <seq>4</seq>
            <description>tw.resource.DocumentList.openInNewWindowDesc</description>
            <groupName isNull="true" />
            <guid>guid:d5b59e2cf13bea07:4e41f3cf:13530095222:-7f79</guid>
            <versionId>6f0a8bf1-39ce-40ff-91e7-2bb1da920c0e</versionId>
        </configOption>
        <configOption name="refreshTrigger">
            <lastModified isNull="true" />
            <lastModifiedBy isNull="true" />
            <coachViewConfigOptionId>66.2c0fc6b9-ef4d-4b21-8bdf-c6c304b04610</coachViewConfigOptionId>
            <coachViewId>64.e8b1453a-8a21-4dff-a0f9-1927abc6c129</coachViewId>
            <isList>false</isList>
            <propertyType>OBJECT</propertyType>
            <label>tw.resource.DocumentList.refreshTrigger</label>
            <classId>f1e96cc6-5fd9-4002-8b04-107d4ddae78a/12.83ff975e-8dbc-42e5-b738-fa8bc08274a2</classId>
            <processId isNull="true" />
            <actionflowId isNull="true" />
            <isAdaptive>false</isAdaptive>
            <seq>5</seq>
            <description>tw.resource.DocumentList.refreshTriggerDesc</description>
            <groupName isNull="true" />
            <guid>guid:b59f5f0e85dbdedf:3ad7a6c6:144702b80a4:-7fff</guid>
            <versionId>b8d34d71-8489-4ad2-9d12-b1dcc11b42ca</versionId>
        </configOption>
        <configOption name="numberOfResultsToShow">
            <lastModified isNull="true" />
            <lastModifiedBy isNull="true" />
            <coachViewConfigOptionId>66.3a05251d-03d7-48eb-b3b6-b18966f90488</coachViewConfigOptionId>
            <coachViewId>64.e8b1453a-8a21-4dff-a0f9-1927abc6c129</coachViewId>
            <isList>false</isList>
            <propertyType>OBJECT</propertyType>
            <label>tw.resource.DocumentList.numberOfResults</label>
            <classId>f1e96cc6-5fd9-4002-8b04-107d4ddae78a/12.3fa0d7a0-828a-4d60-99cc-db5ed143fc2d</classId>
            <processId isNull="true" />
            <actionflowId isNull="true" />
            <isAdaptive>false</isAdaptive>
            <seq>6</seq>
            <description>tw.resource.DocumentList.numberOfResultsDesc</description>
            <groupName isNull="true" />
            <guid>guid:d5b59e2cf13bea07:4e41f3cf:13530095222:-7f75</guid>
            <versionId>875c6a55-c778-49ae-ac4b-c8e01a73bca5</versionId>
        </configOption>
        <configOption name="showAllContent">
            <lastModified isNull="true" />
            <lastModifiedBy isNull="true" />
            <coachViewConfigOptionId>66.0e4d515e-f767-4118-9297-97c8c3c1cfef</coachViewConfigOptionId>
            <coachViewId>64.e8b1453a-8a21-4dff-a0f9-1927abc6c129</coachViewId>
            <isList>false</isList>
            <propertyType>OBJECT</propertyType>
            <label>tw.resource.DocumentList.showAllContent</label>
            <classId>f1e96cc6-5fd9-4002-8b04-107d4ddae78a/12.83ff975e-8dbc-42e5-b738-fa8bc08274a2</classId>
            <processId isNull="true" />
            <actionflowId isNull="true" />
            <isAdaptive>false</isAdaptive>
            <seq>7</seq>
            <description>tw.resource.DocumentList.showAllContentDesc</description>
            <groupName isNull="true" />
            <guid>guid:d5b59e2cf13bea07:4e41f3cf:13530095222:-7f71</guid>
            <versionId>985769b7-cd84-4262-a546-e491604d5a40</versionId>
        </configOption>
        <configOption name="useBPMDocuments">
            <lastModified isNull="true" />
            <lastModifiedBy isNull="true" />
            <coachViewConfigOptionId>66.27756519-ce85-4452-b3b0-e3d00e67d306</coachViewConfigOptionId>
            <coachViewId>64.e8b1453a-8a21-4dff-a0f9-1927abc6c129</coachViewId>
            <isList>false</isList>
            <propertyType>OBJECT</propertyType>
            <label>tw.resource.DocumentList.useBPMDocuments</label>
            <classId>/12.777cfaf5-13e4-4dbc-b28f-935bbfe2df1e</classId>
            <processId isNull="true" />
            <actionflowId isNull="true" />
            <isAdaptive>false</isAdaptive>
            <seq>8</seq>
            <description>tw.resource.DocumentList.useBPMDocumentsDesc</description>
            <groupName isNull="true" />
            <guid>guid:8addc4e8dc818346:4e4d3e94:13a1e097e1f:-7ff8</guid>
            <versionId>2cb37ffc-fb8c-4cc5-9ea2-06981bb0e10a</versionId>
        </configOption>
        <configOption name="bpmDocumentOptions">
            <lastModified isNull="true" />
            <lastModifiedBy isNull="true" />
            <coachViewConfigOptionId>66.598ef6ae-106c-49fb-97bc-d2873c9f39af</coachViewConfigOptionId>
            <coachViewId>64.e8b1453a-8a21-4dff-a0f9-1927abc6c129</coachViewId>
            <isList>false</isList>
            <propertyType>OBJECT</propertyType>
            <label>tw.resource.DocumentList.bpmDocumentOptions</label>
            <classId>/12.8c19ee40-d472-418b-8623-b85490249827</classId>
            <processId isNull="true" />
            <actionflowId isNull="true" />
            <isAdaptive>false</isAdaptive>
            <seq>9</seq>
            <description>tw.resource.DocumentList.bpmDocumentOptionsDesc</description>
            <groupName isNull="true" />
            <guid>guid:8addc4e8dc818346:4e4d3e94:13a1e097e1f:-7ff6</guid>
            <versionId>bb947a82-15e5-4a54-a02f-e6bd6515654a</versionId>
        </configOption>
        <configOption name="cmisDocumentOptions">
            <lastModified isNull="true" />
            <lastModifiedBy isNull="true" />
            <coachViewConfigOptionId>66.5a1511cc-c771-496f-98d5-62ec2ca78978</coachViewConfigOptionId>
            <coachViewId>64.e8b1453a-8a21-4dff-a0f9-1927abc6c129</coachViewId>
            <isList>false</isList>
            <propertyType>OBJECT</propertyType>
            <label>tw.resource.DocumentList.ecmDocumentOptions</label>
            <classId>/12.d1d51e3b-f38f-43c1-80b1-b29c44c0bb83</classId>
            <processId isNull="true" />
            <actionflowId isNull="true" />
            <isAdaptive>false</isAdaptive>
            <seq>11</seq>
            <description>tw.resource.DocumentList.ecmDocumentOptionsDesc</description>
            <groupName isNull="true" />
            <guid>guid:8addc4e8dc818346:4e4d3e94:13a1e097e1f:-7ff4</guid>
            <versionId>f483690b-3e95-496b-bd72-b01cbe9e6c46</versionId>
        </configOption>
        <configOption name="search">
            <lastModified isNull="true" />
            <lastModifiedBy isNull="true" />
            <coachViewConfigOptionId>66.6c681af4-7ded-4fd6-a5ac-f52b4b539adf</coachViewConfigOptionId>
            <coachViewId>64.e8b1453a-8a21-4dff-a0f9-1927abc6c129</coachViewId>
            <isList>false</isList>
            <propertyType>SERVICE</propertyType>
            <label>tw.resource.DocumentList.search</label>
            <classId isNull="true" />
            <processId>/1.458aa3a5-2d40-4629-b146-75cb8dcf6569</processId>
            <actionflowId isNull="true" />
            <isAdaptive>false</isAdaptive>
            <seq>12</seq>
            <description>tw.resource.DocumentList.searchDesc</description>
            <groupName isNull="true" />
            <guid>guid:d5b59e2cf13bea07:4e41f3cf:13530095222:-7f6b</guid>
            <versionId>3e1e02e8-f4d3-4bbe-b928-ccf12a1ac05a</versionId>
        </configOption>
        <configOption name="getAllDocumentVersions">
            <lastModified isNull="true" />
            <lastModifiedBy isNull="true" />
            <coachViewConfigOptionId>66.39c36c71-f5a0-46fd-be90-622b56437219</coachViewConfigOptionId>
            <coachViewId>64.e8b1453a-8a21-4dff-a0f9-1927abc6c129</coachViewId>
            <isList>false</isList>
            <propertyType>SERVICE</propertyType>
            <label>tw.resource.DocumentList.getAllVersions</label>
            <classId isNull="true" />
            <processId>/1.d6cfbe20-3203-4287-9675-9242c6f822b9</processId>
            <actionflowId isNull="true" />
            <isAdaptive>false</isAdaptive>
            <seq>13</seq>
            <description>tw.resource.DocumentList.getAllVersionsDesc</description>
            <groupName isNull="true" />
            <guid>guid:d5b59e2cf13bea07:4e41f3cf:13530095222:-7f69</guid>
            <versionId>e87a34f2-e4c2-4231-9d02-19d337d84d72</versionId>
        </configOption>
        <configOption name="getDocument">
            <lastModified isNull="true" />
            <lastModifiedBy isNull="true" />
            <coachViewConfigOptionId>66.6a5aebdf-f1f5-4e5f-a90d-a4a8a1135cd8</coachViewConfigOptionId>
            <coachViewId>64.e8b1453a-8a21-4dff-a0f9-1927abc6c129</coachViewId>
            <isList>false</isList>
            <propertyType>SERVICE</propertyType>
            <label>tw.resource.DocumentList.getDocument</label>
            <classId isNull="true" />
            <processId>/1.07f58779-01a8-4626-9ea2-c7d413bd2e62</processId>
            <actionflowId isNull="true" />
            <isAdaptive>false</isAdaptive>
            <seq>14</seq>
            <description>tw.resource.DocumentList.getDocumentDesc</description>
            <groupName isNull="true" />
            <guid>guid:d5b59e2cf13bea07:4e41f3cf:13530095222:-7f67</guid>
            <versionId>48a4272b-93b9-4af1-a928-656c1ac0dcf0</versionId>
        </configOption>
        <configOption name="getTypeDefinition">
            <lastModified isNull="true" />
            <lastModifiedBy isNull="true" />
            <coachViewConfigOptionId>66.67f44b02-d79b-4a3a-92b8-ae3b44a0c470</coachViewConfigOptionId>
            <coachViewId>64.e8b1453a-8a21-4dff-a0f9-1927abc6c129</coachViewId>
            <isList>false</isList>
            <propertyType>SERVICE</propertyType>
            <label>tw.resource.DocumentList.getTypeDefinition</label>
            <classId isNull="true" />
            <processId>/1.1f60baf5-c9af-4be7-a3e3-89c49265d9ad</processId>
            <actionflowId isNull="true" />
            <isAdaptive>false</isAdaptive>
            <seq>15</seq>
            <description>tw.resource.DocumentList.getTypeDefinitionDesc</description>
            <groupName isNull="true" />
            <guid>guid:d5b59e2cf13bea07:4e41f3cf:13530095222:-7f65</guid>
            <versionId>83f85b9b-8753-4971-abd8-39d8f125b568</versionId>
        </configOption>
        <configOption name="getTypeDescendants">
            <lastModified isNull="true" />
            <lastModifiedBy isNull="true" />
            <coachViewConfigOptionId>66.9ec1eb19-2f27-42d5-96b2-6b27ca1f891e</coachViewConfigOptionId>
            <coachViewId>64.e8b1453a-8a21-4dff-a0f9-1927abc6c129</coachViewId>
            <isList>false</isList>
            <propertyType>SERVICE</propertyType>
            <label>tw.resource.DocumentList.getTypeDescendants</label>
            <classId isNull="true" />
            <processId>/1.cb1985a2-898f-4ada-8923-d642ee0470b5</processId>
            <actionflowId isNull="true" />
            <isAdaptive>false</isAdaptive>
            <seq>16</seq>
            <description>tw.resource.DocumentList.getTypeDescendantsDesc</description>
            <groupName isNull="true" />
            <guid>guid:d5b59e2cf13bea07:4e41f3cf:13530095222:-7f63</guid>
            <versionId>8ab2d2aa-0f85-4547-a64c-6ac49473d8f4</versionId>
        </configOption>
        <resource>
            <lastModified isNull="true" />
            <lastModifiedBy isNull="true" />
            <coachViewResourceId>67.9e6f006e-8e2e-4050-84ec-ffc3272a04a0</coachViewResourceId>
            <coachViewId>64.e8b1453a-8a21-4dff-a0f9-1927abc6c129</coachViewId>
            <filePath isNull="true" />
            <ieCondition isNull="true" />
            <mediaQuery isNull="true" />
            <scriptLoadStyle isNull="true" />
            <assetUuid>/61.72c6e463-c43d-4110-a311-1448ef8dfc87</assetUuid>
            <seq>1</seq>
            <guid>guid:d5b59e2cf13bea07:4e41f3cf:13530095222:-7faf</guid>
            <versionId>71025ddc-d9f3-45e7-95b7-959823ad172e</versionId>
        </resource>
        <resource>
            <lastModified isNull="true" />
            <lastModifiedBy isNull="true" />
            <coachViewResourceId>67.a77f893a-1300-41cf-a91d-8008baea6927</coachViewResourceId>
            <coachViewId>64.e8b1453a-8a21-4dff-a0f9-1927abc6c129</coachViewId>
            <filePath isNull="true" />
            <ieCondition isNull="true" />
            <mediaQuery isNull="true" />
            <scriptLoadStyle isNull="true" />
            <assetUuid>/61.80154575-9985-4080-928c-8020db9b5575</assetUuid>
            <seq>6</seq>
            <guid>7c7913fd-3586-48d0-a8c2-ec0a802da1fd</guid>
            <versionId>52d0b693-719e-4c35-82a3-bb4aae921061</versionId>
        </resource>
        <resource>
            <lastModified isNull="true" />
            <lastModifiedBy isNull="true" />
            <coachViewResourceId>67.c36ec5eb-80a5-4637-9bbf-1ca531b30c47</coachViewResourceId>
            <coachViewId>64.e8b1453a-8a21-4dff-a0f9-1927abc6c129</coachViewId>
            <filePath isNull="true" />
            <ieCondition isNull="true" />
            <mediaQuery isNull="true" />
            <scriptLoadStyle isNull="true" />
            <assetUuid>/61.52054a0b-a3b6-4fb7-b440-eedbbcadfb2d</assetUuid>
            <seq>7</seq>
            <guid>0cccdde4-774d-43a4-8ec4-d220a28bd49b</guid>
            <versionId>2640ed32-105b-4b60-97c4-b9868faf9cde</versionId>
        </resource>
        <resource>
            <lastModified isNull="true" />
            <lastModifiedBy isNull="true" />
            <coachViewResourceId>67.e1c64ab6-d73b-46e7-b757-2e0431c76cad</coachViewResourceId>
            <coachViewId>64.e8b1453a-8a21-4dff-a0f9-1927abc6c129</coachViewId>
            <filePath isNull="true" />
            <ieCondition isNull="true" />
            <mediaQuery isNull="true" />
            <scriptLoadStyle isNull="true" />
            <assetUuid>/61.bc4aa7d1-e61f-42b5-825b-5c2b0a0277ad</assetUuid>
            <seq>8</seq>
            <guid>8f64c526-33d1-45e8-a501-9848c12f4758</guid>
            <versionId>3a7d0572-9738-484e-aa38-ca973f70e7e7</versionId>
        </resource>
        <inlineScript name="Inline CSS">
            <lastModified isNull="true" />
            <lastModifiedBy isNull="true" />
            <coachViewInlineScriptId>68.0b18d16b-4c45-4f22-90ae-0b795170f3d4</coachViewInlineScriptId>
            <coachViewId>64.e8b1453a-8a21-4dff-a0f9-1927abc6c129</coachViewId>
            <scriptType>CSS</scriptType>
            <scriptBlock isNull="true" />
            <seq>0</seq>
            <description isNull="true" />
            <guid>guid:d5b59e2cf13bea07:4e41f3cf:13530095222:-7fb2</guid>
            <versionId>3a0dd943-3dae-46c6-9f36-1d16ff856713</versionId>
        </inlineScript>
        <inlineScript name="Inline Javascript">
            <lastModified isNull="true" />
            <lastModifiedBy isNull="true" />
            <coachViewInlineScriptId>68.713142f5-b084-4631-869e-5af5d98c8390</coachViewInlineScriptId>
            <coachViewId>64.e8b1453a-8a21-4dff-a0f9-1927abc6c129</coachViewId>
            <scriptType>JS</scriptType>
            <scriptBlock>/*
@layerRequiredStart
{
  "debug": ["dijit/dijit_bpm"],
  "nonDebug": ["dijit/dijit_bpm"]
}
@layerRequiredEnd
*/

if (!this.constructor.prototype.createBindings) {
    
    //create bindings
    this.constructor.prototype.createBindings = function () {
        //bind cmisDocumentOptions
        if(this.context.options.cmisDocumentOptions) {
            var cmisDocOptions = this.context.options.cmisDocumentOptions.get("value");
            this.cmisDocOptionsHandle = cmisDocOptions.bindAll(this.change, this);
        }
        
        //bind bpmDocumentOptions
        if(this.context.options.bpmDocumentOptions) {
            var bpmDocOptions = this.context.options.bpmDocumentOptions.get("value");
            this.bpmDocOptionsHandle = bpmDocOptions.bindAll(this.change, this);
            
            var displayOptions = bpmDocOptions.get("displayOptions")
            if(displayOptions) {
                this.displayOptionsHandle = displayOptions.bindAll(this.change, this);
                
                var displayProperties = displayOptions.get("displayProperties");
                if(displayProperties) {
                    this.displayPropertiesHandle = displayProperties.bindAll(this.change, this);
                }
            }
            
            var uploadOptions = bpmDocOptions.get("uploadOptions");
            if(uploadOptions) {
                this.uploadOptionsHandle = uploadOptions.bindAll(this.change, this);
                
                var uploadProperties = uploadOptions.get("uploadProperties")
                if(uploadProperties) {
                    this.uploadPropertiesHandle = uploadProperties.bindAll(this.change, this);
                }
            }
        }
    }
    
    //cleanup bindings
    this.constructor.prototype.cleanupBindings = function() {
        if(this.cmisDocOptionsHandle) {
            this.cmisDocOptionsHandle.unbind();
        }
        
        if(this.bpmDocOptionsHandle) {
            this.bpmDocOptionsHandle.unbind();
        }
        
        if(this.displayOptionsHandle) {
            this.displayOptionsHandle.unbind();
        }
        
        if(this.displayPropertiesHandle) {
            this.displayPropertiesHandle.unbind();
        }
        
        if(this.uploadOptionsHandle) {
            this.uploadOptionsHandle.unbind();
        }
        
        if(this.uploadPropertiesHandle) {
            this.uploadPropertiesHandle.unbind();
        }
    }
}</scriptBlock>
            <seq>1</seq>
            <description isNull="true" />
            <guid>guid:d5b59e2cf13bea07:4e41f3cf:13530095222:-7fb1</guid>
            <versionId>ec9c2370-6ad7-4424-be76-1562d9234945</versionId>
        </inlineScript>
        <inlineScript name="Header HTML">
            <lastModified isNull="true" />
            <lastModifiedBy isNull="true" />
            <coachViewInlineScriptId>68.4706de29-cff4-47fd-ac13-fb85b4d925c5</coachViewInlineScriptId>
            <coachViewId>64.e8b1453a-8a21-4dff-a0f9-1927abc6c129</coachViewId>
            <scriptType>HTML</scriptType>
            <scriptBlock isNull="true" />
            <seq>2</seq>
            <description isNull="true" />
            <guid>guid:d5b59e2cf13bea07:4e41f3cf:13530095222:-7fb0</guid>
            <versionId>e2ab8d11-0994-4fda-985c-75f49f60d3c6</versionId>
        </inlineScript>
        <localization>
            <lastModified isNull="true" />
            <lastModifiedBy isNull="true" />
            <coachViewLocalResId>69.fc2671c4-f24f-4d91-92a8-40d5a92a2f99</coachViewLocalResId>
            <coachViewId>64.e8b1453a-8a21-4dff-a0f9-1927abc6c129</coachViewId>
            <resourceBundleGroupId>/50.05a87f6e-92f1-49f0-9cd4-d66479a5ea46</resourceBundleGroupId>
            <seq>1</seq>
            <guid>guid:d5b59e2cf13bea07:267f599c:135726de087:-7fdf</guid>
            <versionId>ed95f3fa-d022-4c2c-bd5e-61873b9ee3e0</versionId>
        </localization>
        <amdDependency>
            <lastModified isNull="true" />
            <lastModifiedBy isNull="true" />
            <coachViewAmdDepId>70.dab51735-1780-4aef-b855-0403b1446a97</coachViewAmdDepId>
            <coachViewId>64.e8b1453a-8a21-4dff-a0f9-1927abc6c129</coachViewId>
            <moduleId>dojo/_base/html</moduleId>
            <functionArgument>html</functionArgument>
            <seq>0</seq>
            <guid>90e935c2-fe67-4cae-8ee7-9f7cbfb85fd6</guid>
            <versionId>5fea583f-6b5f-4a2e-941d-01a3f3e465b0</versionId>
        </amdDependency>
        <amdDependency>
            <lastModified isNull="true" />
            <lastModifiedBy isNull="true" />
            <coachViewAmdDepId>70.c72883b1-2898-41cd-b7cb-5ef5663b4ead</coachViewAmdDepId>
            <coachViewId>64.e8b1453a-8a21-4dff-a0f9-1927abc6c129</coachViewId>
            <moduleId>dojo/data/ItemFileReadStore</moduleId>
            <functionArgument>ItemFileReadStore</functionArgument>
            <seq>1</seq>
            <guid>guid:66493e57dd5fc875:-4aa30641:135c008f63b:-7ff9</guid>
            <versionId>49769652-c4b8-4bc4-a05e-f517be954729</versionId>
        </amdDependency>
        <amdDependency>
            <lastModified isNull="true" />
            <lastModifiedBy isNull="true" />
            <coachViewAmdDepId>70.b074a9fa-33f7-4255-b2c4-2e1466740c18</coachViewAmdDepId>
            <coachViewId>64.e8b1453a-8a21-4dff-a0f9-1927abc6c129</coachViewId>
            <moduleId>dojo/request/iframe</moduleId>
            <functionArgument>iframe</functionArgument>
            <seq>2</seq>
            <guid>guid:d5b59e2cf13bea07:4e41f3cf:13530095222:-7fab</guid>
            <versionId>b031979e-290b-4e6d-9ee8-772a39c63984</versionId>
        </amdDependency>
        <amdDependency>
            <lastModified isNull="true" />
            <lastModifiedBy isNull="true" />
            <coachViewAmdDepId>70.ad25dfd6-6450-4136-8c54-cd238a29ec53</coachViewAmdDepId>
            <coachViewId>64.e8b1453a-8a21-4dff-a0f9-1927abc6c129</coachViewId>
            <moduleId>dijit/Dialog</moduleId>
            <functionArgument>Dialog</functionArgument>
            <seq>3</seq>
            <guid>guid:d5b59e2cf13bea07:4e41f3cf:13530095222:-7fac</guid>
            <versionId>795f250e-de44-42e8-959a-5dde85cc978c</versionId>
        </amdDependency>
        <amdDependency>
            <lastModified isNull="true" />
            <lastModifiedBy isNull="true" />
            <coachViewAmdDepId>70.82ea5780-b7b3-419e-b480-e6d94c9b999d</coachViewAmdDepId>
            <coachViewId>64.e8b1453a-8a21-4dff-a0f9-1927abc6c129</coachViewId>
            <moduleId>dijit/form/CheckBox</moduleId>
            <functionArgument>CheckBox</functionArgument>
            <seq>4</seq>
            <guid>guid:66493e57dd5fc875:-4aa30641:135c008f63b:-7ffb</guid>
            <versionId>c1386e47-8ff6-41df-a292-c2535907b732</versionId>
        </amdDependency>
        <amdDependency>
            <lastModified isNull="true" />
            <lastModifiedBy isNull="true" />
            <coachViewAmdDepId>70.e1dd6e61-d4a7-4daf-a362-cae122cc77ea</coachViewAmdDepId>
            <coachViewId>64.e8b1453a-8a21-4dff-a0f9-1927abc6c129</coachViewId>
            <moduleId>dijit/form/ComboBox</moduleId>
            <functionArgument>ComboBox</functionArgument>
            <seq>5</seq>
            <guid>guid:66493e57dd5fc875:-4aa30641:135c008f63b:-7ffa</guid>
            <versionId>643a1054-8d14-4731-aed5-d7233c1440ce</versionId>
        </amdDependency>
        <amdDependency>
            <lastModified isNull="true" />
            <lastModifiedBy isNull="true" />
            <coachViewAmdDepId>70.be4a509b-ea36-4771-89bf-a03fbfc76ef3</coachViewAmdDepId>
            <coachViewId>64.e8b1453a-8a21-4dff-a0f9-1927abc6c129</coachViewId>
            <moduleId>dijit/form/DateTextBox</moduleId>
            <functionArgument>DateTextBox</functionArgument>
            <seq>6</seq>
            <guid>guid:d5b59e2cf13bea07:4e41f3cf:13530095222:-7faa</guid>
            <versionId>1f1c4d2b-55ab-4fab-925e-64e97c3a8322</versionId>
        </amdDependency>
        <amdDependency>
            <lastModified isNull="true" />
            <lastModifiedBy isNull="true" />
            <coachViewAmdDepId>70.ebe0d3d1-4674-4ca9-b441-d1c9497aaa7c</coachViewAmdDepId>
            <coachViewId>64.e8b1453a-8a21-4dff-a0f9-1927abc6c129</coachViewId>
            <moduleId>dijit/form/FilteringSelect</moduleId>
            <functionArgument>FilteringSelect</functionArgument>
            <seq>7</seq>
            <guid>guid:66493e57dd5fc875:-4aa30641:135c008f63b:-7ffc</guid>
            <versionId>03e60186-edf6-41a4-a491-980b77c90c25</versionId>
        </amdDependency>
        <amdDependency>
            <lastModified isNull="true" />
            <lastModifiedBy isNull="true" />
            <coachViewAmdDepId>70.612397a6-95bc-42d0-a24e-ed29ddfee1ff</coachViewAmdDepId>
            <coachViewId>64.e8b1453a-8a21-4dff-a0f9-1927abc6c129</coachViewId>
            <moduleId>dijit/form/Select</moduleId>
            <functionArgument>Select</functionArgument>
            <seq>8</seq>
            <guid>guid:8addc4e8dc818346:4e4d3e94:13a1e097e1f:-7fd8</guid>
            <versionId>cb8ecaaa-8d68-489f-b21c-f66c6e2485be</versionId>
        </amdDependency>
        <amdDependency>
            <lastModified isNull="true" />
            <lastModifiedBy isNull="true" />
            <coachViewAmdDepId>70.fe2655c8-0715-44db-bb70-3a8bbdb04202</coachViewAmdDepId>
            <coachViewId>64.e8b1453a-8a21-4dff-a0f9-1927abc6c129</coachViewId>
            <moduleId>dijit/form/TimeTextBox</moduleId>
            <functionArgument>TimeTextBox</functionArgument>
            <seq>9</seq>
            <guid>2582635b-12d7-4e90-bbfb-f297222a6a0a</guid>
            <versionId>05a8a04b-7ef2-4a84-8d62-cc2d885e86c4</versionId>
        </amdDependency>
        <amdDependency>
            <lastModified isNull="true" />
            <lastModifiedBy isNull="true" />
            <coachViewAmdDepId>70.39d3b844-01a5-44dc-8f80-416e07f671d7</coachViewAmdDepId>
            <coachViewId>64.e8b1453a-8a21-4dff-a0f9-1927abc6c129</coachViewId>
            <moduleId>dojo/dom-style</moduleId>
            <functionArgument>domStyle</functionArgument>
            <seq>10</seq>
            <guid>f9f2ca6f-7fc2-480f-98af-1a17acc6f210</guid>
            <versionId>4bbf0f16-0ddf-44e8-8bb5-19839ca1dabe</versionId>
        </amdDependency>
    </coachView>
</teamworks>

