<?xml version="1.0" encoding="UTF-8"?>
<teamworks>
    <process id="1.0806f798-1e1a-4d7b-84de-7ad60a5ea79c" name="Deployment Service Flow">
        <lastModified>1543165538610</lastModified>
        <lastModifiedBy>asansanwal</lastModifiedBy>
        <processId>1.0806f798-1e1a-4d7b-84de-7ad60a5ea79c</processId>
        <image isNull="true" />
        <tabGroup isNull="true" />
        <startingProcessItemId>2025.09a08406-5841-48dd-8bae-3e6ac25a87ec</startingProcessItemId>
        <isRootProcess>false</isRootProcess>
        <processType>13</processType>
        <isErrorHandlerEnabled>false</isErrorHandlerEnabled>
        <errorHandlerItemId isNull="true" />
        <isLoggingVariables>false</isLoggingVariables>
        <isTransactional>false</isTransactional>
        <processTimingLevel isNull="true" />
        <participantRef isNull="true" />
        <exposedType>0</exposedType>
        <isTrackingEnabled>true</isTrackingEnabled>
        <xmlData isNull="true" />
        <cachingType>false</cachingType>
        <itemLabel isNull="true" />
        <cacheLength>0</cacheLength>
        <mobileReady>false</mobileReady>
        <sboSyncEnabled>true</sboSyncEnabled>
        <externalId isNull="true" />
        <isSecured>true</isSecured>
        <isAjaxExposed>false</isAjaxExposed>
        <description isNull="true" />
        <guid>guid:3180b6ffd2512c12:5af52591:16731275efc:61e1</guid>
        <versionId>cf0cede7-f159-44e5-a50d-bbbd88e837a8</versionId>
        <dependencySummary>&lt;dependencySummary id="bpdid:3180b6ffd2512c12:5af52591:16731275efc:61e4" /&gt;</dependencySummary>
        <jsonData>{"rootElement":[{"flowElement":[{"parallelMultiple":false,"outgoing":["b3ecdc55-3e88-4159-8d59-e687027bffe3"],"isInterrupting":false,"extensionElements":{"nodeVisualInfo":[{"color":"#F8F8F8","width":24,"x":25,"y":80,"declaredType":"TNodeVisualInfo","height":24}]},"name":"Start","declaredType":"startEvent","id":"be22bb95-16e2-4162-af86-51d1a12c9c47"},{"incoming":["b3ecdc55-3e88-4159-8d59-e687027bffe3"],"extensionElements":{"nodeVisualInfo":[{"color":"#F8F8F8","width":24,"x":650,"y":80,"declaredType":"TNodeVisualInfo","height":24}],"endStateId":["guid:3180b6ffd2512c12:5af52591:16731275efc:61e0"],"saveExecutionContext":[true]},"name":"End","declaredType":"endEvent","id":"09a08406-5841-48dd-8bae-3e6ac25a87ec"},{"targetRef":"09a08406-5841-48dd-8bae-3e6ac25a87ec","extensionElements":{"linkVisualInfo":[{"sourcePortLocation":"rightCenter","showCoachControlLabel":false,"labelPosition":0.0,"targetPortLocation":"leftCenter","declaredType":"TLinkVisualInfo","saveExecutionContext":false,"showLabel":false}]},"name":"To End","declaredType":"sequenceFlow","id":"b3ecdc55-3e88-4159-8d59-e687027bffe3","sourceRef":"be22bb95-16e2-4162-af86-51d1a12c9c47"}],"laneSet":[{"id":"c1905711-aac2-4f7b-b58e-19d4de9f1d62","lane":[{"flowNodeRef":["be22bb95-16e2-4162-af86-51d1a12c9c47","09a08406-5841-48dd-8bae-3e6ac25a87ec"],"extensionElements":{"nodeVisualInfo":[{"color":"#F8F8F8","width":3000,"x":0,"y":0,"declaredType":"TNodeVisualInfo","height":500}]},"name":"System","partitionElementRef":"24.6fd38d02-81cf-48ab-bd42-8ff4c0a1628b","declaredType":"lane","id":"dbc238ca-ab63-46df-b80c-a2ded8d9d364","otherAttributes":{"{http:\/\/www.ibm.com\/xmlns\/prod\/bpm\/bpmn\/ext\/process\/wle}isSystemLane":"true"}}]}],"isClosed":false,"extensionElements":{"isSecured":[true],"isAjaxExposed":[false],"sboSyncEnabled":[true]},"documentation":[{"textFormat":"text\/plain"}],"name":"Deployment Service Flow","declaredType":"process","id":"1.0806f798-1e1a-4d7b-84de-7ad60a5ea79c","processType":"None","otherAttributes":{"{http:\/\/www.ibm.com\/xmlns\/prod\/bpm\/bpmn\/ext\/process}executionMode":"microflow"},"ioSpecification":{"inputSet":[{}],"outputSet":[{}]}}],"targetNamespace":"","typeLanguage":"http:\/\/www.w3.org\/2001\/XMLSchema","expressionLanguage":"http:\/\/www.ibm.com\/xmlns\/prod\/bpm\/expression-lang\/javascript","id":"d53d170d-da5c-42ee-850a-24f79003d3c0"}</jsonData>
        <field1 isNull="true" />
        <field2 isNull="true" />
        <field3>0</field3>
        <field4 isNull="true" />
        <field5>false</field5>
        <clobField1 isNull="true" />
        <blobField1 isNull="true" />
        <item>
            <lastModified isNull="true" />
            <lastModifiedBy isNull="true" />
            <processItemId>2025.09a08406-5841-48dd-8bae-3e6ac25a87ec</processItemId>
            <processId>1.0806f798-1e1a-4d7b-84de-7ad60a5ea79c</processId>
            <name>End</name>
            <tWComponentName>ExitPoint</tWComponentName>
            <tWComponentId>3008.d8e91196-2c57-4903-965e-53803bdb4f41</tWComponentId>
            <isLogEnabled>false</isLogEnabled>
            <isTraceEnabled>false</isTraceEnabled>
            <traceCategory isNull="true" />
            <traceLevel isNull="true" />
            <traceMessage isNull="true" />
            <traceSymbolTable isNull="true" />
            <isExecutionContextTraced>false</isExecutionContextTraced>
            <saveExecutionContext>true</saveExecutionContext>
            <documentation isNull="true" />
            <isErrorHandlerEnabled>false</isErrorHandlerEnabled>
            <errorHandlerItemId isNull="true" />
            <guid>guid:3180b6ffd2512c12:5af52591:16731275efc:61e0</guid>
            <versionId>4d675b09-508c-4e0d-ad74-6ec24d50cb60</versionId>
            <externalServiceRef isNull="true" />
            <externalServiceOp isNull="true" />
            <nodeColor isNull="true" />
            <layoutData x="650" y="80">
                <errorLink>
                    <controlPoints />
                    <showEndState>false</showEndState>
                    <showName>false</showName>
                </errorLink>
            </layoutData>
            <TWComponent>
                <lastModified isNull="true" />
                <lastModifiedBy isNull="true" />
                <exitPointId>3008.d8e91196-2c57-4903-965e-53803bdb4f41</exitPointId>
                <haltProcess>false</haltProcess>
                <guid>3189060e-7a8c-4bea-8a69-78cc52859794</guid>
                <versionId>bd726995-258d-435a-8e6f-724df4ee0f65</versionId>
            </TWComponent>
        </item>
        <startingProcessItemId>2025.09a08406-5841-48dd-8bae-3e6ac25a87ec</startingProcessItemId>
        <errorHandlerItemId isNull="true" />
        <layoutData noConversion="true">
            <errorLink>
                <controlPoints />
                <showEndState>false</showEndState>
                <showName>false</showName>
            </errorLink>
        </layoutData>
        <startPoint>
            <layoutData x="25" y="80">
                <errorLink>
                    <controlPoints />
                    <showEndState>false</showEndState>
                    <showName>false</showName>
                </errorLink>
            </layoutData>
        </startPoint>
        <startLink>
            <fromPort locationId="rightCenter" portType="1" />
            <toPort locationId="leftCenter" portType="2" />
            <layoutData>
                <controlPoints />
                <showEndState>false</showEndState>
                <showName>false</showName>
            </layoutData>
        </startLink>
        <bpmn2Model>
            <ns17:definitions xmlns:ns17="http://www.omg.org/spec/BPMN/20100524/MODEL" xmlns:ns2="http://www.ibm.com/xmlns/prod/bpm/bpmn/ext/process/case" xmlns:ns3="http://www.ibm.com/xmlns/prod/bpm/bpmn/ext/process" xmlns:ns4="http://www.ibm.com/xmlns/prod/bpm/bpmn/ext/process/wle" xmlns:ns5="http://www.ibm.com/bpm/Extensions" xmlns:ns6="http://www.ibm.com/xmlns/prod/bpm/uca" xmlns:ns7="http://www.ibm.com/xmlns/prod/bpm/bpmn/ext/trackinggroup" xmlns:ns8="http://www.ibm.com/xmlns/prod/bpm/bpmn/ext/team" xmlns:ns9="http://www.ibm.com/xmlns/bpmnx/20100524/v1/BusinessVocabulary" xmlns:ns10="http://www.omg.org/spec/DD/20100524/DI" xmlns:ns11="http://www.omg.org/spec/DD/20100524/DC" xmlns:ns12="http://www.omg.org/spec/BPMN/20100524/BPMNDI" xmlns:ns13="http://www.ibm.com/xmlns/prod/bpm/graph" xmlns:ns14="http://www.ibm.com/xmlns/prod/bpm/bpmn/ext/process/auth" xmlns:ns15="http://www.ibm.com/xmlns/prod/bpm/bpmn/ext/extservice" xmlns:ns16="http://www.ibm.com/xmlns/links" xmlns:ns18="http://www.ibm.com/bpm/CoachDesignerNG" xmlns:ns19="http://www.ibm.com/xmlns/tagging" xmlns:ns20="http://www.ibm.com/bpm/uitheme" xmlns:ns21="http://www.ibm.com/bpm/coachview" id="d53d170d-da5c-42ee-850a-24f79003d3c0" targetNamespace="" expressionLanguage="http://www.ibm.com/xmlns/prod/bpm/expression-lang/javascript" typeLanguage="http://www.w3.org/2001/XMLSchema">
                
                
                
                
                
                
                <ns17:process name="Deployment Service Flow" id="1.0806f798-1e1a-4d7b-84de-7ad60a5ea79c" ns3:executionMode="microflow">
                    
                    
                    
                    
                    
                    
                    <ns17:documentation />
                    
                    
                    
                    
                    
                    
                    <ns17:extensionElements>
                        
                        
                        
                        
                        
                        
                        <ns3:isSecured>true</ns3:isSecured>
                        
                        
                        
                        
                        
                        
                        <ns3:sboSyncEnabled>true</ns3:sboSyncEnabled>
                        
                        
                        
                        
                        
                        
                        <ns3:isAjaxExposed>false</ns3:isAjaxExposed>
                        
                        
                        
                    
                    
                    
                    </ns17:extensionElements>
                    
                    
                    
                    
                    
                    
                    <ns17:ioSpecification>
                        
                        
                        
                        
                        
                        
                        <ns17:inputSet />
                        
                        
                        
                        
                        
                        
                        <ns17:outputSet />
                        
                        
                        
                    
                    
                    
                    </ns17:ioSpecification>
                    
                    
                    
                    
                    
                    
                    <ns17:laneSet id="c1905711-aac2-4f7b-b58e-19d4de9f1d62">
                        
                        
                        
                        
                        
                        
                        <ns17:lane name="System" partitionElementRef="24.6fd38d02-81cf-48ab-bd42-8ff4c0a1628b" id="dbc238ca-ab63-46df-b80c-a2ded8d9d364" ns4:isSystemLane="true">
                            
                            
                            
                            
                            
                            
                            <ns17:extensionElements>
                                
                                
                                
                                
                                
                                
                                <ns13:nodeVisualInfo x="0" y="0" width="3000" height="500" color="#F8F8F8" />
                                
                                
                                
                            
                            
                            
                            </ns17:extensionElements>
                            
                            
                            
                            
                            
                            
                            <ns17:flowNodeRef>be22bb95-16e2-4162-af86-51d1a12c9c47</ns17:flowNodeRef>
                            
                            
                            
                            
                            
                            
                            <ns17:flowNodeRef>09a08406-5841-48dd-8bae-3e6ac25a87ec</ns17:flowNodeRef>
                            
                            
                            
                        
                        
                        
                        </ns17:lane>
                        
                        
                        
                    
                    
                    
                    </ns17:laneSet>
                    
                    
                    
                    
                    
                    
                    <ns17:startEvent isInterrupting="false" parallelMultiple="false" name="Start" id="be22bb95-16e2-4162-af86-51d1a12c9c47">
                        
                        
                        
                        
                        
                        
                        <ns17:extensionElements>
                            
                            
                            
                            
                            
                            
                            <ns13:nodeVisualInfo x="25" y="80" width="24" height="24" color="#F8F8F8" />
                            
                            
                            
                        
                        
                        
                        </ns17:extensionElements>
                        
                        
                        
                        
                        
                        
                        <ns17:outgoing>b3ecdc55-3e88-4159-8d59-e687027bffe3</ns17:outgoing>
                        
                        
                        
                    
                    
                    
                    </ns17:startEvent>
                    
                    
                    
                    
                    
                    
                    <ns17:endEvent name="End" id="09a08406-5841-48dd-8bae-3e6ac25a87ec">
                        
                        
                        
                        
                        
                        
                        <ns17:extensionElements>
                            
                            
                            
                            
                            
                            
                            <ns13:nodeVisualInfo x="650" y="80" width="24" height="24" color="#F8F8F8" />
                            
                            
                            
                            
                            
                            
                            <ns3:endStateId>guid:3180b6ffd2512c12:5af52591:16731275efc:61e0</ns3:endStateId>
                            
                            
                            
                            
                            
                            
                            <ns4:saveExecutionContext>true</ns4:saveExecutionContext>
                            
                            
                            
                        
                        
                        
                        </ns17:extensionElements>
                        
                        
                        
                        
                        
                        
                        <ns17:incoming>b3ecdc55-3e88-4159-8d59-e687027bffe3</ns17:incoming>
                        
                        
                        
                    
                    
                    
                    </ns17:endEvent>
                    
                    
                    
                    
                    
                    
                    <ns17:sequenceFlow sourceRef="be22bb95-16e2-4162-af86-51d1a12c9c47" targetRef="09a08406-5841-48dd-8bae-3e6ac25a87ec" name="To End" id="b3ecdc55-3e88-4159-8d59-e687027bffe3">
                        
                        
                        
                        
                        
                        
                        <ns17:extensionElements>
                            
                            
                            
                            
                            
                            
                            <ns13:linkVisualInfo>
                                
                                
                                
                                
                                
                                
                                <ns13:sourcePortLocation>rightCenter</ns13:sourcePortLocation>
                                
                                
                                
                                
                                
                                
                                <ns13:targetPortLocation>leftCenter</ns13:targetPortLocation>
                                
                                
                                
                                
                                
                                
                                <ns13:showLabel>false</ns13:showLabel>
                                
                                
                                
                                
                                
                                
                                <ns13:showCoachControlLabel>false</ns13:showCoachControlLabel>
                                
                                
                                
                                
                                
                                
                                <ns13:labelPosition>0.0</ns13:labelPosition>
                                
                                
                                
                                
                                
                                
                                <ns13:saveExecutionContext>false</ns13:saveExecutionContext>
                                
                                
                                
                            
                            
                            
                            </ns13:linkVisualInfo>
                            
                            
                            
                        
                        
                        
                        </ns17:extensionElements>
                        
                        
                        
                    
                    
                    
                    </ns17:sequenceFlow>
                    
                    
                    
                
                
                
                </ns17:process>
                
                
                
            
            
            
            </ns17:definitions>
        </bpmn2Model>
    </process>
</teamworks>

