<?xml version="1.0" encoding="UTF-8"?>
<teamworks>
    <twClass id="12.ca031bb8-5303-46f1-83fd-b9125a6877e8" name="SkinChoices">
        <lastModified>1543103656609</lastModified>
        <lastModifiedBy>asansanwal</lastModifiedBy>
        <classId>12.ca031bb8-5303-46f1-83fd-b9125a6877e8</classId>
        <type>0</type>
        <isSystem>false</isSystem>
        <shared>false</shared>
        <isShadow>false</isShadow>
        <globalLifetime>false</globalLifetime>
        <internalName isNull="true" />
        <extensionType isNull="true" />
        <saveServiceRef isNull="true" />
        <bpmn2Data isNull="true" />
        <externalId>itm.12.ca031bb8-5303-46f1-83fd-b9125a6877e8</externalId>
        <dependencySummary isNull="true" />
        <jsonData>{"simpleType":[{"annotation":{"documentation":[{}],"appinfo":[{"advancedProperties":[{}]}]},"name":"SkinChoices","restriction":{"annotation":{"appinfo":[{"simpleBaseType":["Selection"]}]},"enumeration":[{"annotation":{"appinfo":[{"displayName":["Red and Black"]}]},"value":"skin-red"},{"annotation":{"appinfo":[{"displayName":["Blue and Black"]}]},"value":"skin-blue"},{"annotation":{"appinfo":[{"displayName":["Yellow and Black"]}]},"value":"skin-yellow"},{"annotation":{"appinfo":[{"displayName":["Purple and Black"]}]},"value":"skin-purple"},{"annotation":{"appinfo":[{"displayName":["Green and Black"]}]},"value":"skin-green"},{"annotation":{"appinfo":[{"displayName":["White and Black"]}]},"value":"skin-black"},{"annotation":{"appinfo":[{"displayName":["Red and White"]}]},"value":"skin-red-light"},{"annotation":{"appinfo":[{"displayName":["Blue and White"]}]},"value":"skin-blue-light"},{"annotation":{"appinfo":[{"displayName":["Yellow and White"]}]},"value":"skin-yellow-light"},{"annotation":{"appinfo":[{"displayName":["Purple and White"]}]},"value":"skin-purple-light"},{"annotation":{"appinfo":[{"displayName":["Green and White"]}]},"value":"skin-green-light"},{"annotation":{"appinfo":[{"displayName":["White and Light"]}]},"value":"skin-black-light"}],"base":"{http:\/\/www.w3.org\/2001\/XMLSchema}string"}}],"attributeFormDefault":"unqualified","elementFormDefault":"unqualified","targetNamespace":"http:\/\/DALTET","id":"_12.ca031bb8-5303-46f1-83fd-b9125a6877e8"}</jsonData>
        <description isNull="true" />
        <guid>guid:3180b6ffd2512c12:5af52591:16731275efc:4299</guid>
        <versionId>6c1627ac-4353-48ae-b92a-38e6efeece52</versionId>
        <definition>
            <validator>
                <className isNull="true" />
                <errorMessage isNull="true" />
                <webWidgetJavaClass isNull="true" />
                <externalType isNull="true" />
                <configData>
                    <schema>
                        <simpleType name="SkinChoices">
                            <restriction base="Selection">
                                <option value="skin-red" display="Red and Black" />
                                <option value="skin-blue" display="Blue and Black" />
                                <option value="skin-yellow" display="Yellow and Black" />
                                <option value="skin-purple" display="Purple and Black" />
                                <option value="skin-green" display="Green and Black" />
                                <option value="skin-black" display="White and Black" />
                                <option value="skin-red-light" display="Red and White" />
                                <option value="skin-blue-light" display="Blue and White" />
                                <option value="skin-yellow-light" display="Yellow and White" />
                                <option value="skin-purple-light" display="Purple and White" />
                                <option value="skin-green-light" display="Green and White" />
                                <option value="skin-black-light" display="White and Light" />
                            </restriction>
                        </simpleType>
                    </schema>
                </configData>
            </validator>
            <annotation type="com.lombardisoftware.core.xml.XMLTypeAnnotation" version="2.0">
                <exclude isNull="true" />
                <anonymous isNull="true" />
                <local isNull="true" />
                <name isNull="true" />
                <namespace isNull="true" />
                <elementName isNull="true" />
                <elementNamespace isNull="true" />
                <protoTypeName isNull="true" />
                <baseTypeName isNull="true" />
                <specialType isNull="true" />
                <contentTypeVariety isNull="true" />
                <xscRef isNull="true" />
            </annotation>
        </definition>
    </twClass>
</teamworks>

