<?xml version="1.0" encoding="UTF-8"?>
<teamworks>
    <managedAsset id="61.04bfc709-9349-4f85-95f0-0339f35a3bd7" name="fastclick.zip">
        <lastModified>1543102703394</lastModified>
        <lastModifiedBy>asansanwal</lastModifiedBy>
        <managedAssetId>61.04bfc709-9349-4f85-95f0-0339f35a3bd7</managedAssetId>
        <assetUuid>8a80a0fa-a8dc-45a9-8826-730054e723a0</assetUuid>
        <mimeType>application/zip</mimeType>
        <charEncoding isNull="true" />
        <assetTypeCode>W</assetTypeCode>
        <length>12413</length>
        <localLastModification>1542952679452</localLastModification>
        <description isNull="true" />
        <isDocumentationFile>false</isDocumentationFile>
        <guid>880c20a3-9c4e-45b2-9950-f9263056c6ec</guid>
        <versionId>8539ff8b-4825-4641-99fb-23e27908ff08</versionId>
    </managedAsset>
</teamworks>

