<?xml version="1.0" encoding="UTF-8"?>
<teamworks>
    <managedAsset id="61.01b8dcfe-cd15-4649-9874-1822ad93b665" name="jvectormap.zip">
        <lastModified>1543102703394</lastModified>
        <lastModifiedBy>asansanwal</lastModifiedBy>
        <managedAssetId>61.01b8dcfe-cd15-4649-9874-1822ad93b665</managedAssetId>
        <assetUuid>d32ce1fc-50b3-4d97-8603-f2be26c9d47b</assetUuid>
        <mimeType>application/zip</mimeType>
        <charEncoding isNull="true" />
        <assetTypeCode>W</assetTypeCode>
        <length>1847442</length>
        <localLastModification>1542946848897</localLastModification>
        <description isNull="true" />
        <isDocumentationFile>false</isDocumentationFile>
        <guid>9f94b058-650d-477d-80fc-1c424b1e8c05</guid>
        <versionId>fb618f64-0bc4-4a66-b1ef-fc22b2597773</versionId>
    </managedAsset>
</teamworks>

