<?xml version="1.0" encoding="UTF-8"?>
<teamworks>
    <managedAsset id="61.33306c25-5406-4b33-b5a9-cd79c77e535f" name="Ionicons.zip">
        <lastModified>1543102703126</lastModified>
        <lastModifiedBy>asansanwal</lastModifiedBy>
        <managedAssetId>61.33306c25-5406-4b33-b5a9-cd79c77e535f</managedAssetId>
        <assetUuid>6a2b0bbd-6d4c-4ab9-ba7e-4d2dd61a9746</assetUuid>
        <mimeType>application/zip</mimeType>
        <charEncoding isNull="true" />
        <assetTypeCode>W</assetTypeCode>
        <length>2722884</length>
        <localLastModification>1542946284039</localLastModification>
        <description isNull="true" />
        <isDocumentationFile>false</isDocumentationFile>
        <guid>bbbfdcbd-ba33-486b-95bf-f7b580282306</guid>
        <versionId>f5ca0799-6477-4293-8452-62d52ce04b3b</versionId>
    </managedAsset>
</teamworks>

