<?xml version="1.0" encoding="UTF-8"?>
<teamworks>
    <managedAsset id="61.37525b48-3a4c-49a6-8a80-70dc5172fb2c" name="font-awesome.zip">
        <lastModified>1543102703505</lastModified>
        <lastModifiedBy>asansanwal</lastModifiedBy>
        <managedAssetId>61.37525b48-3a4c-49a6-8a80-70dc5172fb2c</managedAssetId>
        <assetUuid>1de1b7a5-2294-4928-b492-ed116fe919b8</assetUuid>
        <mimeType>application/zip</mimeType>
        <charEncoding isNull="true" />
        <assetTypeCode>W</assetTypeCode>
        <length>678749</length>
        <localLastModification>1542946169497</localLastModification>
        <description isNull="true" />
        <isDocumentationFile>false</isDocumentationFile>
        <guid>baddc237-744d-4853-8fc3-8b91d2fc007e</guid>
        <versionId>5378f35b-2862-4302-88e7-6c0c78ff695c</versionId>
    </managedAsset>
</teamworks>

