<?xml version="1.0" encoding="UTF-8"?>
<teamworks>
    <managedAsset id="61.3fe3fd69-ad13-42b7-b196-ac244fd65daf" name="jquery-sparkline.zip">
        <lastModified>1543102702872</lastModified>
        <lastModifiedBy>asansanwal</lastModifiedBy>
        <managedAssetId>61.3fe3fd69-ad13-42b7-b196-ac244fd65daf</managedAssetId>
        <assetUuid>86d74058-038a-48b6-bb09-ae18e7f97b49</assetUuid>
        <mimeType>application/zip</mimeType>
        <charEncoding isNull="true" />
        <assetTypeCode>W</assetTypeCode>
        <length>80050</length>
        <localLastModification>1542953057898</localLastModification>
        <description isNull="true" />
        <isDocumentationFile>false</isDocumentationFile>
        <guid>52d83e2d-3df7-4453-91ae-f058386379c4</guid>
        <versionId>b62a9f6c-27fc-49c9-8451-31cbfa15813e</versionId>
    </managedAsset>
</teamworks>

