<?xml version="1.0" encoding="UTF-8"?>
<teamworks>
    <managedAsset id="61.42d153d1-7885-4be5-978d-8c40181cc9da" name="dvklogo1.jpg">
        <lastModified>1543107955885</lastModified>
        <lastModifiedBy>asansanwal</lastModifiedBy>
        <managedAssetId>61.42d153d1-7885-4be5-978d-8c40181cc9da</managedAssetId>
        <assetUuid>8fef06c6-6e35-432d-988f-c0bb16bed7c3</assetUuid>
        <mimeType>image/jpeg</mimeType>
        <charEncoding isNull="true" />
        <assetTypeCode>W</assetTypeCode>
        <length>7233</length>
        <localLastModification>1543107859858</localLastModification>
        <description isNull="true" />
        <isDocumentationFile>false</isDocumentationFile>
        <guid>8479f210-4f5a-45c4-b1fa-d9c1a7ec5479</guid>
        <versionId>fad8a20e-39bc-4183-95a0-468c20db5c21</versionId>
    </managedAsset>
</teamworks>

