<?xml version="1.0" encoding="UTF-8"?>
<teamworks>
    <managedAsset id="61.4cdc1493-0bc5-46e0-be5c-33a3b4d6f6ca" name="bootstrap-datepicker.zip">
        <lastModified>1543102702948</lastModified>
        <lastModifiedBy>asansanwal</lastModifiedBy>
        <managedAssetId>61.4cdc1493-0bc5-46e0-be5c-33a3b4d6f6ca</managedAssetId>
        <assetUuid>efd9620c-e0ca-4715-a27f-b694a4a531f5</assetUuid>
        <mimeType>application/zip</mimeType>
        <charEncoding isNull="true" />
        <assetTypeCode>W</assetTypeCode>
        <length>697409</length>
        <localLastModification>1542952399806</localLastModification>
        <description isNull="true" />
        <isDocumentationFile>false</isDocumentationFile>
        <guid>cce9e5bc-165c-4ed0-b776-5ec81bdfb5b2</guid>
        <versionId>aa20f28f-96d5-4f3e-b3c3-1ce298e021aa</versionId>
    </managedAsset>
</teamworks>

