<?xml version="1.0" encoding="UTF-8"?>
<teamworks>
    <managedAsset id="61.51facd24-6168-46a6-992d-421d1ff3ecfc" name="e77f2a7e-10b4-45ee-90eb-e5b1546cc743.zip">
        <lastModified>1583018931397</lastModified>
        <lastModifiedBy>asansanwal</lastModifiedBy>
        <managedAssetId>61.51facd24-6168-46a6-992d-421d1ff3ecfc</managedAssetId>
        <assetUuid>bdd86625-5961-4a36-b14b-b2a009fe0ce3</assetUuid>
        <mimeType>application/zip</mimeType>
        <charEncoding isNull="true" />
        <assetTypeCode>T</assetTypeCode>
        <length>58045</length>
        <localLastModification>0</localLastModification>
        <description isNull="true" />
        <isDocumentationFile>false</isDocumentationFile>
        <guid>207ebe61-7045-45b9-8bb7-bd215ea51850</guid>
        <versionId>ed64ffb0-7c20-4da6-ae5a-8f73aed7affb</versionId>
    </managedAsset>
</teamworks>

