<?xml version="1.0" encoding="UTF-8"?>
<teamworks>
    <managedAsset id="61.580e6057-168c-4aaf-aa3b-57894f3e3b6d" name="dosvak_elegant_preview1.html">
        <lastModified>1544281539229</lastModified>
        <lastModifiedBy>asansanwal</lastModifiedBy>
        <managedAssetId>61.580e6057-168c-4aaf-aa3b-57894f3e3b6d</managedAssetId>
        <assetUuid>c420ef14-167a-4e07-819c-e1c97cfeb94f</assetUuid>
        <mimeType>text/html</mimeType>
        <charEncoding isNull="true" />
        <assetTypeCode>W</assetTypeCode>
        <length>37042</length>
        <localLastModification>1544281389280</localLastModification>
        <description isNull="true" />
        <isDocumentationFile>false</isDocumentationFile>
        <guid>ed854b2d-b421-47a1-bbdb-0b7ff0772528</guid>
        <versionId>47736e3b-bed1-46ec-8364-73c428f2d06f</versionId>
    </managedAsset>
</teamworks>

