<?xml version="1.0" encoding="UTF-8"?>
<teamworks>
    <managedAsset id="61.9c0f23b4-100a-415a-b27e-3f0c53f71884" name="dist.zip">
        <lastModified>1543114798401</lastModified>
        <lastModifiedBy>asansanwal</lastModifiedBy>
        <managedAssetId>61.9c0f23b4-100a-415a-b27e-3f0c53f71884</managedAssetId>
        <assetUuid>e5afc402-2374-40e2-abf6-392d53c3340a</assetUuid>
        <mimeType>application/zip</mimeType>
        <charEncoding isNull="true" />
        <assetTypeCode>W</assetTypeCode>
        <length>2990305</length>
        <localLastModification>1543114702027</localLastModification>
        <description isNull="true" />
        <isDocumentationFile>false</isDocumentationFile>
        <guid>814c2dfd-a8b3-4fe4-bc40-edd38502baf1</guid>
        <versionId>0e475ce2-5a89-4d21-9f3d-6ecbea5d6704</versionId>
    </managedAsset>
</teamworks>

