<?xml version="1.0" encoding="UTF-8"?>
<teamworks>
    <managedAsset id="61.a3b57bb1-6d8b-40d3-b917-f667c336229f" name="jquery-knob.zip">
        <lastModified>1543102702815</lastModified>
        <lastModifiedBy>asansanwal</lastModifiedBy>
        <managedAssetId>61.a3b57bb1-6d8b-40d3-b917-f667c336229f</managedAssetId>
        <assetUuid>1529f3f6-8498-4b67-bf02-3f263ca335a7</assetUuid>
        <mimeType>application/zip</mimeType>
        <charEncoding isNull="true" />
        <assetTypeCode>W</assetTypeCode>
        <length>58837</length>
        <localLastModification>1542952014803</localLastModification>
        <description isNull="true" />
        <isDocumentationFile>false</isDocumentationFile>
        <guid>6129b58b-ac17-4f07-a0b4-184f56ef5886</guid>
        <versionId>f0b99bb1-4687-4e2f-8b3f-77110f6988d9</versionId>
    </managedAsset>
</teamworks>

