<?xml version="1.0" encoding="UTF-8"?>
<teamworks>
    <managedAsset id="61.a0a96eb6-fcb0-4657-a9a2-fbae818b8426" name="bootstrap.zip">
        <lastModified>1543102703005</lastModified>
        <lastModifiedBy>asansanwal</lastModifiedBy>
        <managedAssetId>61.a0a96eb6-fcb0-4657-a9a2-fbae818b8426</managedAssetId>
        <assetUuid>eb846a0a-39fa-4925-82ce-089321cdc9b1</assetUuid>
        <mimeType>application/zip</mimeType>
        <charEncoding isNull="true" />
        <assetTypeCode>W</assetTypeCode>
        <length>622965</length>
        <localLastModification>1542946119518</localLastModification>
        <description isNull="true" />
        <isDocumentationFile>false</isDocumentationFile>
        <guid>fcee083f-1d6f-4373-8fbc-fc32bf4bb539</guid>
        <versionId>bc7d0809-f7e3-46d5-88c0-d4942da53408</versionId>
    </managedAsset>
</teamworks>

