<?xml version="1.0" encoding="UTF-8"?>
<teamworks>
    <managedAsset id="61.a9b13201-456f-401d-8f33-03d7f17872db" name="moment.zip">
        <lastModified>1543102703394</lastModified>
        <lastModifiedBy>asansanwal</lastModifiedBy>
        <managedAssetId>61.a9b13201-456f-401d-8f33-03d7f17872db</managedAssetId>
        <assetUuid>9a438d86-58f9-4ed4-b7a0-55b82259d19f</assetUuid>
        <mimeType>application/zip</mimeType>
        <charEncoding isNull="true" />
        <assetTypeCode>W</assetTypeCode>
        <length>795942</length>
        <localLastModification>1542952066818</localLastModification>
        <description isNull="true" />
        <isDocumentationFile>false</isDocumentationFile>
        <guid>0471816d-dc2b-4aca-8f73-b1b480176cf8</guid>
        <versionId>303f7136-99ba-4034-a08b-5b33ee61a06c</versionId>
    </managedAsset>
</teamworks>

