<?xml version="1.0" encoding="UTF-8"?>
<teamworks>
    <managedAsset id="61.bb17a8c3-2a8d-45eb-a83a-dacb23002c44" name="plugins.zip">
        <lastModified>1543102703005</lastModified>
        <lastModifiedBy>asansanwal</lastModifiedBy>
        <managedAssetId>61.bb17a8c3-2a8d-45eb-a83a-dacb23002c44</managedAssetId>
        <assetUuid>e60525fb-e8e1-4667-920e-c95249466c8f</assetUuid>
        <mimeType>application/zip</mimeType>
        <charEncoding isNull="true" />
        <assetTypeCode>W</assetTypeCode>
        <length>752633</length>
        <localLastModification>1542946597517</localLastModification>
        <description isNull="true" />
        <isDocumentationFile>false</isDocumentationFile>
        <guid>571ac827-bdab-4d1c-b329-7cafa33a9969</guid>
        <versionId>bf65307b-8f56-4afb-b47a-b53a3a505404</versionId>
    </managedAsset>
</teamworks>

