<?xml version="1.0" encoding="UTF-8"?>
<teamworks>
    <managedAsset id="61.b1e1ab71-a6fd-43d1-8c89-6018a56216bc" name="jquery-ui.zip">
        <lastModified>1543102703126</lastModified>
        <lastModifiedBy>asansanwal</lastModifiedBy>
        <managedAssetId>61.b1e1ab71-a6fd-43d1-8c89-6018a56216bc</managedAssetId>
        <assetUuid>588bed46-0d54-4073-afff-9e2d23bd172c</assetUuid>
        <mimeType>application/zip</mimeType>
        <charEncoding isNull="true" />
        <assetTypeCode>W</assetTypeCode>
        <length>2090621</length>
        <localLastModification>1542951518378</localLastModification>
        <description isNull="true" />
        <isDocumentationFile>false</isDocumentationFile>
        <guid>977e7def-336a-4e2e-b130-8196c808a660</guid>
        <versionId>d6b2ae71-c34a-4400-9147-329835c06e66</versionId>
    </managedAsset>
</teamworks>

