<?xml version="1.0" encoding="UTF-8"?>
<teamworks>
    <managedAsset id="61.b7f3be42-e555-46a9-a809-0702b47c8038" name="jquery-slimscroll.zip">
        <lastModified>1543102703394</lastModified>
        <lastModifiedBy>asansanwal</lastModifiedBy>
        <managedAssetId>61.b7f3be42-e555-46a9-a809-0702b47c8038</managedAssetId>
        <assetUuid>adbd66e7-4013-41c2-a25b-a76c93081491</assetUuid>
        <mimeType>application/zip</mimeType>
        <charEncoding isNull="true" />
        <assetTypeCode>W</assetTypeCode>
        <length>63679</length>
        <localLastModification>1542952547086</localLastModification>
        <description isNull="true" />
        <isDocumentationFile>false</isDocumentationFile>
        <guid>0dcce9f7-6f56-4d32-9a4d-15d882d7a3f3</guid>
        <versionId>0a882426-f3ec-4c50-9cbe-7ac440c39a29</versionId>
    </managedAsset>
</teamworks>

