<?xml version="1.0" encoding="UTF-8"?>
<teamworks>
    <managedAsset id="61.b4db0b3a-5c86-4dc4-9b4a-ba7c37def801" name="googlemapcss.css">
        <lastModified>1543102703357</lastModified>
        <lastModifiedBy>asansanwal</lastModifiedBy>
        <managedAssetId>61.b4db0b3a-5c86-4dc4-9b4a-ba7c37def801</managedAssetId>
        <assetUuid>86a64e59-57e6-4f6e-8649-4c2f77f6e983</assetUuid>
        <mimeType>text/css</mimeType>
        <charEncoding isNull="true" />
        <assetTypeCode>W</assetTypeCode>
        <length>18445</length>
        <localLastModification>1542955456449</localLastModification>
        <description isNull="true" />
        <isDocumentationFile>false</isDocumentationFile>
        <guid>2044e995-69d7-4cca-9168-abbea488c103</guid>
        <versionId>3f892cd1-8650-4cfd-a65d-19874efae546</versionId>
    </managedAsset>
</teamworks>

