<?xml version="1.0" encoding="UTF-8"?>
<teamworks>
    <managedAsset id="61.cb7e5df1-e5a7-42c3-a43b-f01d240f97e5" name="raphael.zip">
        <lastModified>1543102702948</lastModified>
        <lastModifiedBy>asansanwal</lastModifiedBy>
        <managedAssetId>61.cb7e5df1-e5a7-42c3-a43b-f01d240f97e5</managedAssetId>
        <assetUuid>cdd5b240-9530-4b1b-aac7-27de9abcca85</assetUuid>
        <mimeType>application/zip</mimeType>
        <charEncoding isNull="true" />
        <assetTypeCode>W</assetTypeCode>
        <length>286878</length>
        <localLastModification>1542951663930</localLastModification>
        <description isNull="true" />
        <isDocumentationFile>false</isDocumentationFile>
        <guid>5feddf38-9723-4369-914d-bc2023fda0bc</guid>
        <versionId>c9467c0c-2889-4118-aeea-773710860e5d</versionId>
    </managedAsset>
</teamworks>

