<?xml version="1.0" encoding="UTF-8"?>
<teamworks>
    <managedAsset id="61.d0b4a638-1691-4cb3-8cff-854418107794" name="bootstrap-daterangepicker.zip">
        <lastModified>1543102703005</lastModified>
        <lastModifiedBy>asansanwal</lastModifiedBy>
        <managedAssetId>61.d0b4a638-1691-4cb3-8cff-854418107794</managedAssetId>
        <assetUuid>c1160b0e-3261-47eb-b1e0-cf1df136fab5</assetUuid>
        <mimeType>application/zip</mimeType>
        <charEncoding isNull="true" />
        <assetTypeCode>W</assetTypeCode>
        <length>258435</length>
        <localLastModification>1542952412717</localLastModification>
        <description isNull="true" />
        <isDocumentationFile>false</isDocumentationFile>
        <guid>033b459a-877a-49e8-b900-542c952d5461</guid>
        <versionId>b7958656-82e3-4f46-8945-0f426785eb81</versionId>
    </managedAsset>
</teamworks>

