<?xml version="1.0" encoding="UTF-8"?>
<teamworks>
    <managedAsset id="61.d1570e3b-e538-421b-933f-557c17e5c4e0" name="dosvak elegant preview.html">
        <lastModified>1543113031910</lastModified>
        <lastModifiedBy>asansanwal</lastModifiedBy>
        <managedAssetId>61.d1570e3b-e538-421b-933f-557c17e5c4e0</managedAssetId>
        <assetUuid>97c261cd-62e5-40f3-8873-5da5e040f273</assetUuid>
        <mimeType>text/html</mimeType>
        <charEncoding isNull="true" />
        <assetTypeCode>W</assetTypeCode>
        <length>42615</length>
        <localLastModification>1543112936228</localLastModification>
        <description isNull="true" />
        <isDocumentationFile>false</isDocumentationFile>
        <guid>08013627-e00f-49c3-9a99-8bb819513413</guid>
        <versionId>3d08b5f5-573a-42dd-8daa-92bb978c484f</versionId>
    </managedAsset>
</teamworks>

