<?xml version="1.0" encoding="UTF-8"?>
<teamworks>
    <managedAsset id="61.e14aa9e5-e095-4bc1-a1f8-d3153d5b9619" name="morris.js.zip">
        <lastModified>1543102702700</lastModified>
        <lastModifiedBy>asansanwal</lastModifiedBy>
        <managedAssetId>61.e14aa9e5-e095-4bc1-a1f8-d3153d5b9619</managedAssetId>
        <assetUuid>4a0181d4-8117-4e91-835e-c004edca3986</assetUuid>
        <mimeType>application/zip</mimeType>
        <charEncoding isNull="true" />
        <assetTypeCode>W</assetTypeCode>
        <length>131237</length>
        <localLastModification>1542946764381</localLastModification>
        <description isNull="true" />
        <isDocumentationFile>false</isDocumentationFile>
        <guid>9f68055e-54b5-4ae9-ad15-28d2a6b5a79c</guid>
        <versionId>39bed8e9-21b0-4eaf-98b9-0782615e4e6f</versionId>
    </managedAsset>
</teamworks>

