<?xml version="1.0" encoding="UTF-8"?>
<teamworks>
    <managedAsset id="61.e70e7de0-f659-4559-b6ad-da57a0a80e53" name="jquery.zip">
        <lastModified>1543102703357</lastModified>
        <lastModifiedBy>asansanwal</lastModifiedBy>
        <managedAssetId>61.e70e7de0-f659-4559-b6ad-da57a0a80e53</managedAssetId>
        <assetUuid>3d5ba9c4-70f6-4b6a-a2ea-f8a58e482baa</assetUuid>
        <mimeType>application/zip</mimeType>
        <charEncoding isNull="true" />
        <assetTypeCode>W</assetTypeCode>
        <length>457678</length>
        <localLastModification>1542951502529</localLastModification>
        <description isNull="true" />
        <isDocumentationFile>false</isDocumentationFile>
        <guid>962fbfa0-4884-40fb-a8b7-5a82ff353e02</guid>
        <versionId>1784d90e-64c0-43f8-85b7-411a8cf57e6d</versionId>
    </managedAsset>
</teamworks>

