<?xml version="1.0" encoding="UTF-8"?>
<teamworks>
    <environmentVariableSet id="62.ba5674b4-ebd6-4cec-a626-46969751bb9e" name="Environment Variables">
        <lastModified>1543165756385</lastModified>
        <lastModifiedBy>asansanwal</lastModifiedBy>
        <envVarSetId>62.ba5674b4-ebd6-4cec-a626-46969751bb9e</envVarSetId>
        <description isNull="true" />
        <guid>a754c3b5-d5d8-4435-ad29-ab1d3579e7c3</guid>
        <versionId>1875c95c-168b-42b1-ae66-8d1c5c5106ea</versionId>
    </environmentVariableSet>
</teamworks>

