<?xml version="1.0" encoding="UTF-8"?>
<teamworks>
    <projectDefaults id="63.1808dbb3-604f-4c32-82a4-225fdbe3ec9d" name="Toolkit Settings">
        <lastModified>1543165756385</lastModified>
        <lastModifiedBy>asansanwal</lastModifiedBy>
        <projectDefaultsId>63.1808dbb3-604f-4c32-82a4-225fdbe3ec9d</projectDefaultsId>
        <description isNull="true" />
        <guid>cd52fb28-dd00-400b-bb61-8f0a282df9da</guid>
        <versionId>dd66acb1-bc84-4f2f-a962-ec9849376aa5</versionId>
        <participantRef isNull="true" />
        <defaultXslRef>3ecb0548-76d7-4f0d-b12c-69d6202c33cc/61.140920b1-a53c-4d72-b6bb-60776f49f7f2</defaultXslRef>
        <defaultCssRef>3ecb0548-76d7-4f0d-b12c-69d6202c33cc/61.aabe9f91-df4b-43db-857c-41dbed4820a3</defaultCssRef>
        <defaultTheme>3ecb0548-76d7-4f0d-b12c-69d6202c33cc/72.e77f2a7e-10b4-45ee-90eb-e5b1546cc743</defaultTheme>
        <themeVersion isNull="true" />
        <defaultJsRefs isNull="true" />
        <isWbmEnabled>false</isWbmEnabled>
        <namespace>http://DETT</namespace>
        <isIidOptimized>true</isIidOptimized>
        <isQueueBypass>1</isQueueBypass>
        <templateAcronymReference isNull="true" />
        <templateSnapshotReference isNull="true" />
        <targetEnvironment>BAW_tWAS</targetEnvironment>
    </projectDefaults>
</teamworks>

