<?xml version="1.0" encoding="UTF-8"?>
<teamworks>
    <coachView id="64.1167ac61-e86a-4fb9-abe0-860d3ba7bc63" name="Elegant Template">
        <lastModified>1572368912241</lastModified>
        <lastModifiedBy>asansanwal</lastModifiedBy>
        <coachViewId>64.1167ac61-e86a-4fb9-abe0-860d3ba7bc63</coachViewId>
        <isTemplate>true</isTemplate>
        <layout>&lt;?xml version="1.0" encoding="UTF-8" standalone="yes"?&gt;&lt;ns2:layout xmlns:ns2="http://www.ibm.com/bpm/CoachDesignerNG" xmlns:ns3="http://www.ibm.com/bpm/coachview"&gt;&lt;ns2:layoutItem xsi:type="ns2:CustomHTML" version="8550" xmlns:xsi="http://www.w3.org/2001/XMLSchema-instance"&gt;&lt;ns2:id&gt;71bb76f3-241e-433c-8d22-16d7e8ff19e2&lt;/ns2:id&gt;&lt;ns2:layoutItemId&gt;CustomHTML1&lt;/ns2:layoutItemId&gt;&lt;ns2:configData&gt;&lt;ns2:id&gt;163fd5b0-2df0-468b-8160-ef11c234e891&lt;/ns2:id&gt;&lt;ns2:optionName&gt;@customHTML.contentType&lt;/ns2:optionName&gt;&lt;ns2:value&gt;TEXT&lt;/ns2:value&gt;&lt;/ns2:configData&gt;&lt;ns2:configData&gt;&lt;ns2:id&gt;1c5b03ea-9f30-465a-8ca9-45729c4da8dd&lt;/ns2:id&gt;&lt;ns2:optionName&gt;@customHTML.textContent&lt;/ns2:optionName&gt;&lt;ns2:value&gt;&amp;lt;div class="wrapper"&amp;gt; &amp;lt;header class="main-header"&amp;gt; &amp;lt;a href="#" class="logo"&amp;gt; &amp;lt;span id="apptitlemini" class="logo-mini"&amp;gt;&amp;lt;b&amp;gt;D&amp;lt;/b&amp;gt;T&amp;lt;/span&amp;gt; &amp;lt;span id="apptitle" class="logo-lg"&amp;gt;&amp;lt;b&amp;gt;Dosvak&amp;lt;/b&amp;gt;Template&amp;lt;/span&amp;gt; &amp;lt;/a&amp;gt; &amp;lt;nav class="navbar navbar-static-top"&amp;gt; &amp;lt;a href="#" class="sidebar-toggle" data-toggle="push-menu" role="button"&amp;gt; &amp;lt;span class="sr-only"&amp;gt;Toggle navigation&amp;lt;/span&amp;gt; &amp;lt;/a&amp;gt; &amp;lt;div class="navbar-custom-menu"&amp;gt; &amp;lt;ul class="nav navbar-nav"&amp;gt; 

&amp;lt;li class="dropdown user user-menu"&amp;gt; &lt;/ns2:value&gt;&lt;/ns2:configData&gt;&lt;/ns2:layoutItem&gt;&lt;ns2:layoutItem xsi:type="ns2:ContentBox" version="8550" xmlns:xsi="http://www.w3.org/2001/XMLSchema-instance"&gt;&lt;ns2:id&gt;8e1a0c47-6f87-43b3-8ad0-bac0f495e1bf&lt;/ns2:id&gt;&lt;ns2:layoutItemId&gt;ContentBox3&lt;/ns2:layoutItemId&gt;&lt;/ns2:layoutItem&gt;&lt;ns2:layoutItem xsi:type="ns2:CustomHTML" version="8550" xmlns:xsi="http://www.w3.org/2001/XMLSchema-instance"&gt;&lt;ns2:id&gt;6c16b9ba-dd06-4ec3-813d-04efcff8e3c9&lt;/ns2:id&gt;&lt;ns2:layoutItemId&gt;CustomHTML5&lt;/ns2:layoutItemId&gt;&lt;ns2:configData&gt;&lt;ns2:id&gt;857bc11b-1451-4c3b-840b-48fc199ac58c&lt;/ns2:id&gt;&lt;ns2:optionName&gt;@customHTML.contentType&lt;/ns2:optionName&gt;&lt;ns2:value&gt;TEXT&lt;/ns2:value&gt;&lt;/ns2:configData&gt;&lt;ns2:configData&gt;&lt;ns2:id&gt;5b5c2987-a62f-4e00-8004-dcda5d6e2d27&lt;/ns2:id&gt;&lt;ns2:optionName&gt;@customHTML.textContent&lt;/ns2:optionName&gt;&lt;ns2:value&gt;&amp;lt;/li&amp;gt;
 &amp;lt;li class="dropdown user user-menu"&amp;gt; &amp;lt;a href="#" class="dropdown-toggle" data-toggle="dropdown"&amp;gt; &amp;lt;span id="profileimage1"&amp;gt; &amp;lt;img src="" class="user-image" alt="User Image"&amp;gt;&amp;lt;/span&amp;gt; &amp;lt;span id="namelabel" class="hidden-xs"&amp;gt;Alexander Pierce&amp;lt;/span&amp;gt; &amp;lt;/a&amp;gt; &amp;lt;ul class="dropdown-menu"&amp;gt; &amp;lt;li class="user-header"&amp;gt; &amp;lt;span id="profileimage2"&amp;gt; &amp;lt;img id="userimage" src="" class="img-circle" alt="User Image"&amp;gt;&amp;lt;/span&amp;gt; &amp;lt;p id="namelabel"&amp;gt; Alexander Pierce - Web Developer &amp;lt;/p&amp;gt;&amp;lt;/li&amp;gt;&amp;lt;!-- &amp;lt;li class="user-body"&amp;gt; &amp;lt;div class="row"&amp;gt; &amp;lt;div class="col-xs-4 text-center"&amp;gt; &amp;lt;a href="#"&amp;gt;Followers&amp;lt;/a&amp;gt; &amp;lt;/div&amp;gt;&amp;lt;div class="col-xs-4 text-center"&amp;gt; &amp;lt;a href="#"&amp;gt;Sales&amp;lt;/a&amp;gt; &amp;lt;/div&amp;gt;&amp;lt;div class="col-xs-4 text-center"&amp;gt; &amp;lt;a href="#"&amp;gt;Friends&amp;lt;/a&amp;gt; &amp;lt;/div&amp;gt;&amp;lt;/div&amp;gt;--&amp;gt;&amp;lt;!-- &amp;lt;li class="user-footer"&amp;gt; &amp;lt;div class="pull-left"&amp;gt; &amp;lt;a href="#" class="btn btn-default btn-flat"&amp;gt;Profile&amp;lt;/a&amp;gt; &amp;lt;/div&amp;gt;&amp;lt;div class="pull-right"&amp;gt; &amp;lt;a href="#" class="btn btn-default btn-flat"&amp;gt;Sign out&amp;lt;/a&amp;gt; &amp;lt;/div&amp;gt;&amp;lt;/li&amp;gt;--&amp;gt; &amp;lt;/ul&amp;gt;&lt;/ns2:value&gt;&lt;/ns2:configData&gt;&lt;/ns2:layoutItem&gt;&lt;ns2:layoutItem xsi:type="ns2:CustomHTML" version="8550" xmlns:xsi="http://www.w3.org/2001/XMLSchema-instance"&gt;&lt;ns2:id&gt;17c9837e-6cde-4ee9-8611-477192651b51&lt;/ns2:id&gt;&lt;ns2:layoutItemId&gt;CustomHTML3&lt;/ns2:layoutItemId&gt;&lt;ns2:configData&gt;&lt;ns2:id&gt;d7d39e82-48a0-4f08-871d-75bd592327f0&lt;/ns2:id&gt;&lt;ns2:optionName&gt;@customHTML.contentType&lt;/ns2:optionName&gt;&lt;ns2:value&gt;TEXT&lt;/ns2:value&gt;&lt;/ns2:configData&gt;&lt;ns2:configData&gt;&lt;ns2:id&gt;f6c6b348-4d9a-4c9a-8d17-633361dfd414&lt;/ns2:id&gt;&lt;ns2:optionName&gt;@customHTML.textContent&lt;/ns2:optionName&gt;&lt;ns2:value&gt; &amp;lt;/li&amp;gt;&amp;lt;li&amp;gt; &amp;lt;a href="#" data-toggle="control-sidebar"&amp;gt;&amp;lt;i class="fa fa-gears"&amp;gt;&amp;lt;/i&amp;gt;&amp;lt;/a&amp;gt; &amp;lt;/li&amp;gt;&amp;lt;/ul&amp;gt; &amp;lt;/div&amp;gt;&amp;lt;/nav&amp;gt; &amp;lt;/header&amp;gt; &amp;lt;aside class="main-sidebar"&amp;gt; &amp;lt;section class="sidebar"&amp;gt; &lt;/ns2:value&gt;&lt;/ns2:configData&gt;&lt;/ns2:layoutItem&gt;&lt;ns2:layoutItem xsi:type="ns2:CustomHTML" version="8550" xmlns:xsi="http://www.w3.org/2001/XMLSchema-instance"&gt;&lt;ns2:id&gt;81c7bd66-1d5e-49eb-8f92-272bbefb29a2&lt;/ns2:id&gt;&lt;ns2:layoutItemId&gt;CustomHTML6&lt;/ns2:layoutItemId&gt;&lt;ns2:configData&gt;&lt;ns2:id&gt;68e4bf99-3509-4ef6-86d3-2bda15a9b293&lt;/ns2:id&gt;&lt;ns2:optionName&gt;@customHTML.contentType&lt;/ns2:optionName&gt;&lt;ns2:value&gt;TEXT&lt;/ns2:value&gt;&lt;/ns2:configData&gt;&lt;ns2:configData&gt;&lt;ns2:id&gt;488ffba1-ae85-4af7-841c-bdc54043ff72&lt;/ns2:id&gt;&lt;ns2:optionName&gt;@customHTML.textContent&lt;/ns2:optionName&gt;&lt;ns2:value&gt;&amp;lt;div class="user-panel"&amp;gt; &amp;lt;div id="profileimage3" class="pull-left image"&amp;gt; &amp;lt;img class="img-circle" alt="User Image"&amp;gt; &amp;lt;/div&amp;gt;&amp;lt;div class="pull-left info"&amp;gt; &amp;lt;p id="namelabel3"&amp;gt;&amp;lt;/p&amp;gt;&amp;lt;a href="#"&amp;gt;&amp;lt;i class="fa fa-circle text-success"&amp;gt;&amp;lt;/i&amp;gt; Online&amp;lt;/a&amp;gt; &amp;lt;/div&amp;gt;&amp;lt;/div&amp;gt;&lt;/ns2:value&gt;&lt;/ns2:configData&gt;&lt;/ns2:layoutItem&gt;&lt;ns2:layoutItem xsi:type="ns2:CustomHTML" version="8550" xmlns:xsi="http://www.w3.org/2001/XMLSchema-instance"&gt;&lt;ns2:id&gt;e7d467ac-2ed5-4494-82a8-04452c596797&lt;/ns2:id&gt;&lt;ns2:layoutItemId&gt;CustomHTML4&lt;/ns2:layoutItemId&gt;&lt;ns2:configData&gt;&lt;ns2:id&gt;76e31b81-2a5e-4a61-8469-669f1b5ce512&lt;/ns2:id&gt;&lt;ns2:optionName&gt;@customHTML.contentType&lt;/ns2:optionName&gt;&lt;ns2:value&gt;TEXT&lt;/ns2:value&gt;&lt;/ns2:configData&gt;&lt;ns2:configData&gt;&lt;ns2:id&gt;fa938e37-99f1-4ec9-8a81-e33045ca5f84&lt;/ns2:id&gt;&lt;ns2:optionName&gt;@customHTML.textContent&lt;/ns2:optionName&gt;&lt;ns2:value&gt; &amp;lt;div class="sidebar-form"&amp;gt; &amp;lt;div class="input-group"&amp;gt; &amp;lt;input id="searchinput1" type="text" name="q" class="form-control" placeholder="Search..."&amp;gt; &amp;lt;span class="input-group-btn"&amp;gt; &amp;lt;button type="submit" name="search1" id="search-btn1" class="btn btn-flat"&amp;gt;&amp;lt;i class="fa fa-search"&amp;gt;&amp;lt;/i&amp;gt; &amp;lt;/button&amp;gt; &amp;lt;/span&amp;gt; &amp;lt;/div&amp;gt;&amp;lt;/div&amp;gt;&amp;lt;div id="sidebarmenu"&amp;gt;&amp;lt;/div&amp;gt;&amp;lt;/section&amp;gt; &amp;lt;/aside&amp;gt; &amp;lt;div class="content-wrapper"&amp;gt; &amp;lt;section class="content-header"&amp;gt; &amp;lt;h1 id="PageHeader"&amp;gt; Dashboard &amp;lt;small&amp;gt;&amp;lt;/small&amp;gt; &amp;lt;/h1&amp;gt; &amp;lt;ol class="breadcrumb"&amp;gt;&lt;/ns2:value&gt;&lt;/ns2:configData&gt;&lt;/ns2:layoutItem&gt;&lt;ns2:layoutItem xsi:type="ns2:ContentBox" version="8550" xmlns:xsi="http://www.w3.org/2001/XMLSchema-instance"&gt;&lt;ns2:id&gt;2c3b977c-c53e-4591-8ae0-acf4209f2842&lt;/ns2:id&gt;&lt;ns2:layoutItemId&gt;ContentBox2&lt;/ns2:layoutItemId&gt;&lt;/ns2:layoutItem&gt;&lt;ns2:layoutItem xsi:type="ns2:CustomHTML" version="8550" xmlns:xsi="http://www.w3.org/2001/XMLSchema-instance"&gt;&lt;ns2:id&gt;5c738793-5352-45ef-8e1d-71f6855b20ab&lt;/ns2:id&gt;&lt;ns2:layoutItemId&gt;CustomHTML7&lt;/ns2:layoutItemId&gt;&lt;ns2:configData&gt;&lt;ns2:id&gt;9bdc6cfb-f1de-4dde-80da-8204fc68a8b1&lt;/ns2:id&gt;&lt;ns2:optionName&gt;@customHTML.contentType&lt;/ns2:optionName&gt;&lt;ns2:value&gt;TEXT&lt;/ns2:value&gt;&lt;/ns2:configData&gt;&lt;ns2:configData&gt;&lt;ns2:id&gt;687b0ee3-f767-4835-8a1d-a30630c34cfa&lt;/ns2:id&gt;&lt;ns2:optionName&gt;@customHTML.textContent&lt;/ns2:optionName&gt;&lt;ns2:value&gt; &amp;lt;/ol&amp;gt; &amp;lt;/section&amp;gt; &amp;lt;section class="content"&amp;gt; &amp;lt;div class="box"&amp;gt; &amp;lt;div class="box-header with-border"&amp;gt; &amp;lt;h3 id="mainboxtitle" class="box-title"&amp;gt;Title&amp;lt;/h3&amp;gt; &amp;lt;div class="box-tools pull-right"&amp;gt; &amp;lt;button type="button" class="btn btn-box-tool" data-widget="collapse" data-toggle="tooltip" title="Collapse"&amp;gt; &amp;lt;i class="fa fa-minus"&amp;gt;&amp;lt;/i&amp;gt;&amp;lt;/button&amp;gt; &amp;lt;button type="button" class="btn btn-box-tool" data-widget="remove" data-toggle="tooltip" title="Remove"&amp;gt; &amp;lt;i class="fa fa-times"&amp;gt;&amp;lt;/i&amp;gt;&amp;lt;/button&amp;gt; &amp;lt;/div&amp;gt;&amp;lt;/div&amp;gt;&amp;lt;div class="box-body"&amp;gt;&lt;/ns2:value&gt;&lt;/ns2:configData&gt;&lt;/ns2:layoutItem&gt;&lt;ns2:layoutItem xsi:type="ns2:ContentBox" version="8550" xmlns:xsi="http://www.w3.org/2001/XMLSchema-instance"&gt;&lt;ns2:id&gt;23f62d8b-7e0f-4abc-86cd-17114bbf4d9c&lt;/ns2:id&gt;&lt;ns2:layoutItemId&gt;ContentBox1&lt;/ns2:layoutItemId&gt;&lt;/ns2:layoutItem&gt;&lt;ns2:layoutItem xsi:type="ns2:CustomHTML" version="8550" xmlns:xsi="http://www.w3.org/2001/XMLSchema-instance"&gt;&lt;ns2:id&gt;907bccf6-f9ba-4d71-85b1-e30aad6f736b&lt;/ns2:id&gt;&lt;ns2:layoutItemId&gt;CustomHTML2&lt;/ns2:layoutItemId&gt;&lt;ns2:configData&gt;&lt;ns2:id&gt;e68a0d7f-e3ad-4e8d-8b65-0128909e694c&lt;/ns2:id&gt;&lt;ns2:optionName&gt;@customHTML.contentType&lt;/ns2:optionName&gt;&lt;ns2:value&gt;TEXT&lt;/ns2:value&gt;&lt;/ns2:configData&gt;&lt;ns2:configData&gt;&lt;ns2:id&gt;a76480f4-34f1-4458-8399-88f6786a27e9&lt;/ns2:id&gt;&lt;ns2:optionName&gt;@customHTML.textContent&lt;/ns2:optionName&gt;&lt;ns2:value&gt; &amp;lt;/div&amp;gt;&amp;lt;div id="mainboxfooter" class="box-footer"&amp;gt; Footer &amp;lt;/div&amp;gt;&amp;lt;/div&amp;gt;&amp;lt;/section&amp;gt; &amp;lt;/div&amp;gt;&amp;lt;footer id="mainfooterdvk" class="main-footer"&amp;gt; &amp;lt;div class="pull-right hidden-xs"&amp;gt; &amp;lt;b&amp;gt;Version&amp;lt;/b&amp;gt; 2.4.0 &amp;lt;/div&amp;gt;&amp;lt;strong&amp;gt;Copyright &amp;amp;copy; 2018-2022 Dosvak LLC&amp;lt;/strong&amp;gt; All rights reserved. &amp;lt;/footer&amp;gt; &amp;lt;aside class="control-sidebar control-sidebar-dark"&amp;gt; &amp;lt;ul class="nav nav-tabs nav-justified control-sidebar-tabs"&amp;gt; &amp;lt;/ul&amp;gt; &amp;lt;div class="tab-content"&amp;gt; &amp;lt;div class="tab-pane" id="control-sidebar-home-tab"&amp;gt; &amp;lt;h3 class="control-sidebar-heading"&amp;gt;Recent Activity&amp;lt;/h3&amp;gt; &amp;lt;ul class="control-sidebar-menu"&amp;gt; &amp;lt;li&amp;gt; &amp;lt;a href="javascript:void(0)"&amp;gt; &amp;lt;i class="menu-icon fa fa-birthday-cake bg-red"&amp;gt;&amp;lt;/i&amp;gt; &amp;lt;div class="menu-info"&amp;gt; &amp;lt;h4 class="control-sidebar-subheading"&amp;gt;Langdon's Birthday&amp;lt;/h4&amp;gt; &amp;lt;p&amp;gt;Will be 23 on April 24th&amp;lt;/p&amp;gt;&amp;lt;/div&amp;gt;&amp;lt;/a&amp;gt; &amp;lt;/li&amp;gt;&amp;lt;li&amp;gt; &amp;lt;a href="javascript:void(0)"&amp;gt; &amp;lt;i class="menu-icon fa fa-user bg-yellow"&amp;gt;&amp;lt;/i&amp;gt; &amp;lt;div class="menu-info"&amp;gt; &amp;lt;h4 class="control-sidebar-subheading"&amp;gt;Frodo Updated His Profile&amp;lt;/h4&amp;gt; &amp;lt;p&amp;gt;New phone +1(800)555-1234&amp;lt;/p&amp;gt;&amp;lt;/div&amp;gt;&amp;lt;/a&amp;gt; &amp;lt;/li&amp;gt;&amp;lt;li&amp;gt; &amp;lt;a href="javascript:void(0)"&amp;gt; &amp;lt;i class="menu-icon fa fa-envelope-o bg-light-blue"&amp;gt;&amp;lt;/i&amp;gt; &amp;lt;div class="menu-info"&amp;gt; &amp;lt;h4 class="control-sidebar-subheading"&amp;gt;Nora Joined Mailing List&amp;lt;/h4&amp;gt; &amp;lt;p&amp;gt;nora@example.com&amp;lt;/p&amp;gt;&amp;lt;/div&amp;gt;&amp;lt;/a&amp;gt; &amp;lt;/li&amp;gt;&amp;lt;li&amp;gt; &amp;lt;a href="javascript:void(0)"&amp;gt; &amp;lt;i class="menu-icon fa fa-file-code-o bg-green"&amp;gt;&amp;lt;/i&amp;gt; &amp;lt;div class="menu-info"&amp;gt; &amp;lt;h4 class="control-sidebar-subheading"&amp;gt;Cron Job 254 Executed&amp;lt;/h4&amp;gt; &amp;lt;p&amp;gt;Execution time 5 seconds&amp;lt;/p&amp;gt;&amp;lt;/div&amp;gt;&amp;lt;/a&amp;gt; &amp;lt;/li&amp;gt;&amp;lt;/ul&amp;gt; &amp;lt;h3 class="control-sidebar-heading"&amp;gt;Tasks Progress&amp;lt;/h3&amp;gt; &amp;lt;ul class="control-sidebar-menu"&amp;gt; &amp;lt;li&amp;gt; &amp;lt;a href="javascript:void(0)"&amp;gt; &amp;lt;h4 class="control-sidebar-subheading"&amp;gt; Custom Template Design &amp;lt;span class="label label-danger pull-right"&amp;gt;70%&amp;lt;/span&amp;gt; &amp;lt;/h4&amp;gt; &amp;lt;div class="progress progress-xxs"&amp;gt; &amp;lt;div class="progress-bar progress-bar-danger" style="width: 70%"&amp;gt;&amp;lt;/div&amp;gt;&amp;lt;/div&amp;gt;&amp;lt;/a&amp;gt; &amp;lt;/li&amp;gt;&amp;lt;li&amp;gt; &amp;lt;a href="javascript:void(0)"&amp;gt; &amp;lt;h4 class="control-sidebar-subheading"&amp;gt; Update Resume &amp;lt;span class="label label-success pull-right"&amp;gt;95%&amp;lt;/span&amp;gt; &amp;lt;/h4&amp;gt; &amp;lt;div class="progress progress-xxs"&amp;gt; &amp;lt;div class="progress-bar progress-bar-success" style="width: 95%"&amp;gt;&amp;lt;/div&amp;gt;&amp;lt;/div&amp;gt;&amp;lt;/a&amp;gt; &amp;lt;/li&amp;gt;&amp;lt;li&amp;gt; &amp;lt;a href="javascript:void(0)"&amp;gt; &amp;lt;h4 class="control-sidebar-subheading"&amp;gt; Laravel Integration &amp;lt;span class="label label-warning pull-right"&amp;gt;50%&amp;lt;/span&amp;gt; &amp;lt;/h4&amp;gt; &amp;lt;div class="progress progress-xxs"&amp;gt; &amp;lt;div class="progress-bar progress-bar-warning" style="width: 50%"&amp;gt;&amp;lt;/div&amp;gt;&amp;lt;/div&amp;gt;&amp;lt;/a&amp;gt; &amp;lt;/li&amp;gt;&amp;lt;li&amp;gt; &amp;lt;a href="javascript:void(0)"&amp;gt; &amp;lt;h4 class="control-sidebar-subheading"&amp;gt; Back End Framework &amp;lt;span class="label label-primary pull-right"&amp;gt;68%&amp;lt;/span&amp;gt; &amp;lt;/h4&amp;gt; &amp;lt;div class="progress progress-xxs"&amp;gt; &amp;lt;div class="progress-bar progress-bar-primary" style="width: 68%"&amp;gt;&amp;lt;/div&amp;gt;&amp;lt;/div&amp;gt;&amp;lt;/a&amp;gt; &amp;lt;/li&amp;gt;&amp;lt;/ul&amp;gt; &amp;lt;/div&amp;gt;&amp;lt;div class="tab-pane" id="control-sidebar-stats-tab"&amp;gt;Stats Tab Content&amp;lt;/div&amp;gt;&amp;lt;div class="tab-pane" id="control-sidebar-settings-tab"&amp;gt; &amp;lt;form method="post"&amp;gt; &amp;lt;h3 class="control-sidebar-heading"&amp;gt;General Settings&amp;lt;/h3&amp;gt; &amp;lt;div class="form-group"&amp;gt; &amp;lt;label class="control-sidebar-subheading"&amp;gt; Report panel usage &amp;lt;input type="checkbox" class="pull-right" checked&amp;gt; &amp;lt;/label&amp;gt; &amp;lt;p&amp;gt; Some information about this general settings option &amp;lt;/p&amp;gt;&amp;lt;/div&amp;gt;&amp;lt;div class="form-group"&amp;gt; &amp;lt;label class="control-sidebar-subheading"&amp;gt; Allow mail redirect &amp;lt;input type="checkbox" class="pull-right" checked&amp;gt; &amp;lt;/label&amp;gt; &amp;lt;p&amp;gt; Other sets of options are available &amp;lt;/p&amp;gt;&amp;lt;/div&amp;gt;&amp;lt;div class="form-group"&amp;gt; &amp;lt;label class="control-sidebar-subheading"&amp;gt; Expose author name in posts &amp;lt;input type="checkbox" class="pull-right" checked&amp;gt; &amp;lt;/label&amp;gt; &amp;lt;p&amp;gt; Allow the user to show his name in blog posts &amp;lt;/p&amp;gt;&amp;lt;/div&amp;gt;&amp;lt;h3 class="control-sidebar-heading"&amp;gt;Chat Settings&amp;lt;/h3&amp;gt; &amp;lt;div class="form-group"&amp;gt; &amp;lt;label class="control-sidebar-subheading"&amp;gt; Show me as online &amp;lt;input type="checkbox" class="pull-right" checked&amp;gt; &amp;lt;/label&amp;gt; &amp;lt;/div&amp;gt;&amp;lt;div class="form-group"&amp;gt; &amp;lt;label class="control-sidebar-subheading"&amp;gt; Turn off notifications &amp;lt;input type="checkbox" class="pull-right"&amp;gt; &amp;lt;/label&amp;gt; &amp;lt;/div&amp;gt;&amp;lt;div class="form-group"&amp;gt; &amp;lt;label class="control-sidebar-subheading"&amp;gt; Delete chat history &amp;lt;a href="javascript:void(0)" class="text-red pull-right"&amp;gt;&amp;lt;i class="fa fa-trash-o"&amp;gt;&amp;lt;/i&amp;gt;&amp;lt;/a&amp;gt; &amp;lt;/label&amp;gt; &amp;lt;/div&amp;gt;&amp;lt;/form&amp;gt; &amp;lt;/div&amp;gt;&amp;lt;/div&amp;gt;&amp;lt;/aside&amp;gt;&amp;lt;!-- Add the sidebar's background. This div must be placed immediately after the control sidebar --&amp;gt; &amp;lt;div class="control-sidebar-bg"&amp;gt;&amp;lt;/div&amp;gt;&amp;lt;/div&amp;gt;&lt;/ns2:value&gt;&lt;/ns2:configData&gt;&lt;/ns2:layoutItem&gt;&lt;/ns2:layout&gt;</layout>
        <paletteIcon>/61.42d153d1-7885-4be5-978d-8c40181cc9da</paletteIcon>
        <previewImage isNull="true" />
        <hasLabel>false</hasLabel>
        <labelPosition>0</labelPosition>
        <nineSliceX1Coord>0</nineSliceX1Coord>
        <nineSliceX2Coord>0</nineSliceX2Coord>
        <nineSliceY1Coord>0</nineSliceY1Coord>
        <nineSliceY2Coord>0</nineSliceY2Coord>
        <emitBoundary>true</emitBoundary>
        <isPrototypeFunc>false</isPrototypeFunc>
        <enableDevMode>false</enableDevMode>
        <isMobileReady>true</isMobileReady>
        <loadJsFunction>&#xD;
if(this.context.options.Skin&amp;&amp;this.context.options.Skin.get("value")){document.body.className="hold-transition "+this.context.options.Skin.get("value")+" sidebar-mini";}else{document.body.className="hold-transition skin-blue sidebar-mini";}&#xD;
$.widget.bridge('uibutton',$.ui.button);var _this=this;var imagehtml;var imgheight=60;var imgwidth=60;var userName="current";var searchbutton=this.context.element.querySelectorAll('button[id="search-btn1"]')[0];searchbutton.onclick=function(){var searchtext=_this.context.element.querySelectorAll('input[id="searchinput1"]')[0].value;if(_this.context.options.searchString){_this.context.options.searchString.set("value",searchtext);}&#xD;
_this.context.trigger();}&#xD;
if(this.context.options.appTitleMini){var thtml2="&lt;b&gt;"+this.context.options.appTitleMini.get("value")+"&lt;/b&gt;";var titlediv2=this.context.element.querySelectorAll('span[id="apptitlemini"]')[0];titlediv2.innerHTML=thtml2;}&#xD;
if(this.context.options.appTitleA){var thtml="&lt;b&gt;"+this.context.options.appTitleA.get("value")+" &lt;/b&gt;"+this.context.options.appTitleB.get("value");var titlediv=this.context.element.querySelectorAll('span[id="apptitle"]')[0];titlediv.innerHTML=thtml;}&#xD;
var tdiv=this.context.element.querySelectorAll('h3[id="mainboxtitle"]')[0];if(this.context.options.mainContentBoxTitle){var t1html=this.context.options.mainContentBoxTitle.get("value");tdiv.innerHTML=t1html;}else{tdiv.innerHTML="";}&#xD;
var fdiv=this.context.element.querySelectorAll('div[id="mainboxfooter"]')[0];if(this.context.options.mainContentBoxFooter){var fthtml=this.context.options.mainContentBoxFooter.get("value");fdiv.innerHTML=fthtml;}else{fdiv.innerHTML="";}&#xD;
var fhtml='';var footere=this.context.element.querySelectorAll('footer[id="mainfooterdvk"]')[0];fhtml+='&lt;div class="pull-right hidden-xs"&gt;';if(this.context.options.version&amp;&amp;this.context.options.version.get("value")){fhtml+='&lt;b&gt;Version&lt;/b&gt; '+this.context.options.version.get("value");}else{fhtml+='&lt;b&gt;Version&lt;/b&gt; 1.0';}&#xD;
fhtml+='&lt;/div&gt;';if(this.context.options.copyrightText&amp;&amp;this.context.options.copyrightText.get("value")){fhtml+='&lt;strong&gt;Copyright &amp;copy; '+this.context.options.copyrightText.get("value")+'&lt;/strong&gt; All rights reserved.';}else{fhtml+='&lt;strong&gt;Copyright &amp;copy; '+'Dosvak LLC'+'&lt;/strong&gt; All rights reserved.';}&#xD;
footere.innerHTML=fhtml;if(this.context.binding){userName=this.context.binding.get("value");}&#xD;
if(this.context.options.imageHeight){imgheight=this.context.options.imageHeight.get("value");}&#xD;
if(this.context.options.imageWidth){imgwidth=this.context.options.imageWidth.get("value");}&#xD;
var xhrArgs=function(config){return{url:"/rest/bpm/wle/v1/avatar/"+userName,content:{accept:"application/json"},load:displayImage,handleAs:"json"}};try{deferred=dojo.xhrGet(xhrArgs({inputs:{}}));}catch(error){alert(error);}&#xD;
function displayImage(json_results){imagehtml="&lt;img class='img-circle' hight=100 width=100 src='data:image/jpeg;base64,"+json_results.data.userAvatarImage+"' /&gt;";var imagehtml1="&lt;img class='user-image' src='data:image/jpeg;base64,"+json_results.data.userAvatarImage+"' /&gt;";var imagehtml2="&lt;img class='img-circle' src='data:image/jpeg;base64,"+json_results.data.userAvatarImage+"' /&gt;";var imgDiv=_this.context.element.querySelectorAll('span[id="profileimage1"]')[0];var imgDiv1=_this.context.element.querySelectorAll('span[id="profileimage2"]')[0];var imgDiv2=_this.context.element.querySelectorAll('div[id="profileimage3"]')[0];var nameDiv=_this.context.element.querySelectorAll('p[id="namelabel"]')[0];var nameDiv1=_this.context.element.querySelectorAll('span[id="namelabel"]')[0];var nameDiv2=_this.context.element.querySelectorAll('p[id="namelabel3"]')[0];imgDiv.innerHTML=imagehtml1;imgDiv1.innerHTML=imagehtml;imgDiv2.innerHTML=imagehtml2;nameDiv.innerHTML=json_results.data.userName;nameDiv1.innerHTML=json_results.data.userName;nameDiv2.innerHTML=json_results.data.userName;}&#xD;
var menuitems=this.context.options.LeftMenuItems.get("value");var menuDiv=_this.context.element.querySelectorAll('div[id="sidebarmenu"]')[0];var menuhtml='&lt;ul class="sidebar-menu" data-widget="tree"&gt;';menuhtml+='&lt;li class="header"&gt;MAIN NAVIGATION&lt;/li&gt;';for(var i=0;i&lt;menuitems.items.length;i++){if(menuitems.items[i].SubMenu&amp;&amp;menuitems.items[i].SubMenu.items.length&gt;0){menuhtml+='&lt;li class="treeview"&gt;';}else{menuhtml+='&lt;li&gt;';}&#xD;
menuhtml+='&lt;a id="'+menuitems.items[i].ID+'" onclick="return makeTabVisible(this.id);" href="#"&gt;'&#xD;
if(menuitems.items[i].icon){menuhtml+='&lt;i class="fa fa-'+menuitems.items[i].icon+'"&gt;&lt;/i&gt; &lt;span&gt; '+menuitems.items[i].name+'&lt;/span&gt;';}else{menuhtml+='&lt;i class="fa fa-circle-o"&gt;&lt;/i&gt; &lt;span&gt; '+menuitems.items[i].name+'&lt;/span&gt;';}&#xD;
if(menuitems.items[i].SubMenu&amp;&amp;menuitems.items[i].SubMenu.items.length&gt;0){menuhtml+='&lt;span class="pull-right-container"&gt;';menuhtml+='&lt;i class="fa fa-angle-left pull-right"&gt;&lt;/i&gt;';menuhtml+='&lt;/span&gt;&lt;/a&gt;';}else{if(menuitems.items[i].isNew){menuhtml+='&lt;span class="pull-right-container"&gt;';menuhtml+='&lt;small class="label pull-right bg-green"&gt;new&lt;/small&gt;';menuhtml+='&lt;/span&gt;';}&#xD;
menuhtml+='&lt;/a&gt;';}&#xD;
if(menuitems.items[i].SubMenu&amp;&amp;menuitems.items[i].SubMenu.items.length&gt;0){menuhtml+='&lt;ul class="treeview-menu"&gt;';for(var j=0;j&lt;menuitems.items[i].SubMenu.items.length;j++){if(menuitems.items[i].SubMenu.items[j].SubMenu&amp;&amp;menuitems.items[i].SubMenu.items[j].SubMenu.items.length&gt;0){menuhtml+='&lt;li class="treeview"&gt;';}else{menuhtml+='&lt;li&gt;';}&#xD;
menuhtml+='&lt;a id="'+menuitems.items[i].SubMenu.items[j].ID+'" onclick="return makeTabVisible(this.id);" href="#"&gt;'&#xD;
if(menuitems.items[i].SubMenu.items[j].icon){menuhtml+='&lt;i class="fa fa-'+menuitems.items[i].SubMenu.items[j].icon+'"&gt;&lt;/i&gt; &lt;span&gt; '+menuitems.items[i].SubMenu.items[j].name+'&lt;/span&gt;';}else{menuhtml+='&lt;i class="fa fa-circle-o"&gt;&lt;/i&gt; &lt;span&gt; '+menuitems.items[i].SubMenu.items[j].name+'&lt;/span&gt;';}&#xD;
if(menuitems.items[i].SubMenu.items[j].SubMenu&amp;&amp;menuitems.items[i].SubMenu.items[j].SubMenu.items.length&gt;0){menuhtml+='&lt;span class="pull-right-container"&gt;';menuhtml+='&lt;i class="fa fa-angle-left pull-right"&gt;&lt;/i&gt;';menuhtml+='&lt;/span&gt;&lt;/a&gt;';}else{menuhtml+='&lt;/span&gt;&lt;/a&gt;';}&#xD;
if(menuitems.items[i].SubMenu.items[j].SubMenu&amp;&amp;menuitems.items[i].SubMenu.items[j].SubMenu.items.length&gt;0){menuhtml+='&lt;ul class="treeview-menu"&gt;';for(var k=0;k&lt;menuitems.items[i].SubMenu.items[j].SubMenu.items.length;k++){if(menuitems.items[i].SubMenu.items[j].SubMenu.items[k]){menuhtml+='&lt;li&gt;&lt;a id="'+menuitems.items[i].SubMenu.items[j].SubMenu.items[k].ID+'" onclick="return makeTabVisible(this.id);" href="#"&gt;&lt;i class="fa fa-circle-o"&gt;&lt;/i&gt; '+menuitems.items[i].SubMenu.items[j].SubMenu.items[k].name+'&lt;/a&gt;&lt;/li&gt;';}}&#xD;
menuhtml+='&lt;/ul&gt;';}&#xD;
menuhtml+='&lt;/li&gt;';}&#xD;
menuhtml+='&lt;/ul&gt;';}else{;}&#xD;
menuhtml+='&lt;/li&gt;';}&#xD;
menuhtml+='&lt;/ul&gt;';menuhtml+='&lt;/ul&gt;';menuDiv.innerHTML=menuhtml;var items=this.context.element.querySelectorAll('a[onclick*="return"]');for(i=0;i&lt;items.length;i++){items[i].onclick=function(){var str=this.text;if(str.endsWith("new")){str=str.substring(0,str.length-3);}&#xD;
str=this.childNodes[0].outerHTML+str;if(this.id){_this.context.element.querySelectorAll('h1[id="PageHeader"]')[0].innerHTML=str;_this.context.options.selectTabNowIndex.set("value",Number(this.id));}&#xD;
return false;}}&#xD;
&#xD;
if (this.context.element.querySelectorAll('a[onclick*="return"]')[0]){&#xD;
this.context.element.querySelectorAll('a[onclick*="return"]')[0].click();&#xD;
}&#xD;
</loadJsFunction>
        <unloadJsFunction isNull="true" />
        <viewJsFunction isNull="true" />
        <changeJsFunction isNull="true" />
        <collaborationJsFunction isNull="true" />
        <description>&lt;div&gt;Include the Breadcrumbs control in the First Content Box and Use a Stack Control from BPM UI Toolkit in the Second Context Box.&lt;/div&gt;&lt;div&gt;&lt;br /&gt;&lt;/div&gt;&lt;div&gt;You Need to create and initialize a variable of MenuItems Type and connect it to the template for the navigation to work, You can take a look at the example implementation as a starting point.&lt;br /&gt;&lt;/div&gt;</description>
        <validateJsFunction isNull="true" />
        <previewAdvHtml>/61.580e6057-168c-4aaf-aa3b-57894f3e3b6d</previewAdvHtml>
        <previewAdvJs isNull="true" />
        <useUrlBinding>false</useUrlBinding>
        <guid>0025dd1d-f479-4837-bba3-d7f9089fa7c5</guid>
        <versionId>c907e753-81d2-45d0-8a13-d507d84a9e18</versionId>
        <field1 isNull="true" />
        <field2 isNull="true" />
        <field3>0</field3>
        <field4 isNull="true" />
        <field5>false</field5>
        <clobField1 isNull="true" />
        <configOption name="LeftMenuItems">
            <lastModified isNull="true" />
            <lastModifiedBy isNull="true" />
            <coachViewConfigOptionId>66.0533d6ce-63e1-4e9a-887c-7de1475b55d5</coachViewConfigOptionId>
            <coachViewId>64.1167ac61-e86a-4fb9-abe0-860d3ba7bc63</coachViewId>
            <isList>true</isList>
            <propertyType>OBJECT</propertyType>
            <label>Menu Items</label>
            <classId>/12.ed8171a7-1ce7-42b4-ae9b-e4d6b6316f76</classId>
            <processId isNull="true" />
            <actionflowId isNull="true" />
            <isAdaptive>false</isAdaptive>
            <seq>0</seq>
            <description isNull="true" />
            <groupName isNull="true" />
            <guid>18d4a75f-01e9-45b5-8eeb-7c897b421dc6</guid>
            <versionId>1144436b-7542-4ae0-b8f2-907279765c49</versionId>
        </configOption>
        <configOption name="selectTabNowIndex">
            <lastModified isNull="true" />
            <lastModifiedBy isNull="true" />
            <coachViewConfigOptionId>66.01ea6be5-13ba-4014-a6ec-1d1e1c3b494a</coachViewConfigOptionId>
            <coachViewId>64.1167ac61-e86a-4fb9-abe0-860d3ba7bc63</coachViewId>
            <isList>false</isList>
            <propertyType>OBJECT</propertyType>
            <label isNull="true" />
            <classId>3ecb0548-76d7-4f0d-b12c-69d6202c33cc/12.3fa0d7a0-828a-4d60-99cc-db5ed143fc2d</classId>
            <processId isNull="true" />
            <actionflowId isNull="true" />
            <isAdaptive>false</isAdaptive>
            <seq>1</seq>
            <description isNull="true" />
            <groupName isNull="true" />
            <guid>610154ce-58c7-41fa-975f-8580f86d54f4</guid>
            <versionId>5b881d91-407c-4354-991e-97dd9aef1e20</versionId>
        </configOption>
        <configOption name="appTitleA">
            <lastModified isNull="true" />
            <lastModifiedBy isNull="true" />
            <coachViewConfigOptionId>66.f600d769-866b-48c8-a29f-80e7bad29a9e</coachViewConfigOptionId>
            <coachViewId>64.1167ac61-e86a-4fb9-abe0-860d3ba7bc63</coachViewId>
            <isList>false</isList>
            <propertyType>OBJECT</propertyType>
            <label>Application Title First Part</label>
            <classId>3ecb0548-76d7-4f0d-b12c-69d6202c33cc/12.db884a3c-c533-44b7-bb2d-47bec8ad4022</classId>
            <processId isNull="true" />
            <actionflowId isNull="true" />
            <isAdaptive>false</isAdaptive>
            <seq>2</seq>
            <description isNull="true" />
            <groupName isNull="true" />
            <guid>3344688f-b8df-4659-a10d-b20b03c35c88</guid>
            <versionId>0077fc67-6a71-4956-bc56-685064163b7e</versionId>
        </configOption>
        <configOption name="appTitleB">
            <lastModified isNull="true" />
            <lastModifiedBy isNull="true" />
            <coachViewConfigOptionId>66.5842a0e0-adbd-4fb1-97c4-9712b61e6161</coachViewConfigOptionId>
            <coachViewId>64.1167ac61-e86a-4fb9-abe0-860d3ba7bc63</coachViewId>
            <isList>false</isList>
            <propertyType>OBJECT</propertyType>
            <label>Application Title Second Part</label>
            <classId>3ecb0548-76d7-4f0d-b12c-69d6202c33cc/12.db884a3c-c533-44b7-bb2d-47bec8ad4022</classId>
            <processId isNull="true" />
            <actionflowId isNull="true" />
            <isAdaptive>false</isAdaptive>
            <seq>3</seq>
            <description isNull="true" />
            <groupName isNull="true" />
            <guid>c43ad9bb-c704-415a-8e37-17e8d5fe7688</guid>
            <versionId>cd30f3a5-7f49-4d03-ab35-b91ca789cf7e</versionId>
        </configOption>
        <configOption name="version">
            <lastModified isNull="true" />
            <lastModifiedBy isNull="true" />
            <coachViewConfigOptionId>66.d956544f-85e3-4543-8df8-f28094eb0c69</coachViewConfigOptionId>
            <coachViewId>64.1167ac61-e86a-4fb9-abe0-860d3ba7bc63</coachViewId>
            <isList>false</isList>
            <propertyType>OBJECT</propertyType>
            <label isNull="true" />
            <classId>3ecb0548-76d7-4f0d-b12c-69d6202c33cc/12.db884a3c-c533-44b7-bb2d-47bec8ad4022</classId>
            <processId isNull="true" />
            <actionflowId isNull="true" />
            <isAdaptive>false</isAdaptive>
            <seq>4</seq>
            <description isNull="true" />
            <groupName isNull="true" />
            <guid>f4a169f8-0bb7-4987-bea3-c5f917f78701</guid>
            <versionId>ea5d5f92-7459-4160-96b6-506b5c4ba32c</versionId>
        </configOption>
        <configOption name="copyrightText">
            <lastModified isNull="true" />
            <lastModifiedBy isNull="true" />
            <coachViewConfigOptionId>66.b12f8647-0c75-4159-9f08-8519d99ae730</coachViewConfigOptionId>
            <coachViewId>64.1167ac61-e86a-4fb9-abe0-860d3ba7bc63</coachViewId>
            <isList>false</isList>
            <propertyType>OBJECT</propertyType>
            <label isNull="true" />
            <classId>3ecb0548-76d7-4f0d-b12c-69d6202c33cc/12.db884a3c-c533-44b7-bb2d-47bec8ad4022</classId>
            <processId isNull="true" />
            <actionflowId isNull="true" />
            <isAdaptive>false</isAdaptive>
            <seq>5</seq>
            <description isNull="true" />
            <groupName isNull="true" />
            <guid>1b4a0472-c819-4f70-be68-ad9e258d67c9</guid>
            <versionId>196b7f30-0024-4cc1-9023-1ac125ccf47c</versionId>
        </configOption>
        <configOption name="mainContentBoxFooter">
            <lastModified isNull="true" />
            <lastModifiedBy isNull="true" />
            <coachViewConfigOptionId>66.48ea9eb0-977e-4ee2-8990-bc6b255404e3</coachViewConfigOptionId>
            <coachViewId>64.1167ac61-e86a-4fb9-abe0-860d3ba7bc63</coachViewId>
            <isList>false</isList>
            <propertyType>OBJECT</propertyType>
            <label isNull="true" />
            <classId>3ecb0548-76d7-4f0d-b12c-69d6202c33cc/12.db884a3c-c533-44b7-bb2d-47bec8ad4022</classId>
            <processId isNull="true" />
            <actionflowId isNull="true" />
            <isAdaptive>false</isAdaptive>
            <seq>6</seq>
            <description isNull="true" />
            <groupName isNull="true" />
            <guid>80e13719-2c1d-4927-882e-4182161e88c3</guid>
            <versionId>432cd239-25c7-459c-9bad-a98e2d1c0279</versionId>
        </configOption>
        <configOption name="mainContentBoxTitle">
            <lastModified isNull="true" />
            <lastModifiedBy isNull="true" />
            <coachViewConfigOptionId>66.11843a25-881d-49a7-b7af-789950ce9448</coachViewConfigOptionId>
            <coachViewId>64.1167ac61-e86a-4fb9-abe0-860d3ba7bc63</coachViewId>
            <isList>false</isList>
            <propertyType>OBJECT</propertyType>
            <label isNull="true" />
            <classId>3ecb0548-76d7-4f0d-b12c-69d6202c33cc/12.db884a3c-c533-44b7-bb2d-47bec8ad4022</classId>
            <processId isNull="true" />
            <actionflowId isNull="true" />
            <isAdaptive>false</isAdaptive>
            <seq>7</seq>
            <description isNull="true" />
            <groupName isNull="true" />
            <guid>def6a6e1-9999-45ae-9881-bdce128bebf2</guid>
            <versionId>1989e380-b23d-4a82-913a-8685aa2cd09f</versionId>
        </configOption>
        <configOption name="searchString">
            <lastModified isNull="true" />
            <lastModifiedBy isNull="true" />
            <coachViewConfigOptionId>66.07759a86-4be6-4fd9-9ea3-53dd23d85a8e</coachViewConfigOptionId>
            <coachViewId>64.1167ac61-e86a-4fb9-abe0-860d3ba7bc63</coachViewId>
            <isList>false</isList>
            <propertyType>OBJECT</propertyType>
            <label isNull="true" />
            <classId>3ecb0548-76d7-4f0d-b12c-69d6202c33cc/12.db884a3c-c533-44b7-bb2d-47bec8ad4022</classId>
            <processId isNull="true" />
            <actionflowId isNull="true" />
            <isAdaptive>false</isAdaptive>
            <seq>8</seq>
            <description isNull="true" />
            <groupName isNull="true" />
            <guid>ee844795-e2e8-49f5-aa82-77030dbf3c6b</guid>
            <versionId>307536ec-da05-4018-a14c-a89b225ddf0b</versionId>
        </configOption>
        <configOption name="appTitleMini">
            <lastModified isNull="true" />
            <lastModifiedBy isNull="true" />
            <coachViewConfigOptionId>66.33ea362f-506e-43fb-aa59-774b7a99734e</coachViewConfigOptionId>
            <coachViewId>64.1167ac61-e86a-4fb9-abe0-860d3ba7bc63</coachViewId>
            <isList>false</isList>
            <propertyType>OBJECT</propertyType>
            <label isNull="true" />
            <classId>3ecb0548-76d7-4f0d-b12c-69d6202c33cc/12.db884a3c-c533-44b7-bb2d-47bec8ad4022</classId>
            <processId isNull="true" />
            <actionflowId isNull="true" />
            <isAdaptive>false</isAdaptive>
            <seq>9</seq>
            <description isNull="true" />
            <groupName isNull="true" />
            <guid>b102a123-78e4-447b-af94-d2e95e2ceeae</guid>
            <versionId>97f4090d-0dec-4ae3-a43a-a8daae76469c</versionId>
        </configOption>
        <configOption name="Skin">
            <lastModified isNull="true" />
            <lastModifiedBy isNull="true" />
            <coachViewConfigOptionId>66.e2b0f200-c895-4f6b-878e-caaf4278b79c</coachViewConfigOptionId>
            <coachViewId>64.1167ac61-e86a-4fb9-abe0-860d3ba7bc63</coachViewId>
            <isList>false</isList>
            <propertyType>OBJECT</propertyType>
            <label>Choose Skin</label>
            <classId>/12.ca031bb8-5303-46f1-83fd-b9125a6877e8</classId>
            <processId isNull="true" />
            <actionflowId isNull="true" />
            <isAdaptive>false</isAdaptive>
            <seq>10</seq>
            <description isNull="true" />
            <groupName isNull="true" />
            <guid>f08b4e98-4d44-4aef-8350-ad8063d58eae</guid>
            <versionId>00edfe4e-4ec9-482c-a20a-0b82c412f471</versionId>
        </configOption>
        <resource>
            <lastModified isNull="true" />
            <lastModifiedBy isNull="true" />
            <coachViewResourceId>67.18473b41-1f1f-4bdf-a18b-9e1a1f784ccb</coachViewResourceId>
            <coachViewId>64.1167ac61-e86a-4fb9-abe0-860d3ba7bc63</coachViewId>
            <filePath>bootstrap/dist/css/bootstrap.min.css</filePath>
            <ieCondition isNull="true" />
            <mediaQuery isNull="true" />
            <scriptLoadStyle isNull="true" />
            <assetUuid>/61.a0a96eb6-fcb0-4657-a9a2-fbae818b8426</assetUuid>
            <seq>0</seq>
            <guid>84954a28-82cc-4416-a049-6bd4365756a8</guid>
            <versionId>312b2dac-ba97-40d1-b4e9-f0da7f7529ab</versionId>
        </resource>
        <resource>
            <lastModified isNull="true" />
            <lastModifiedBy isNull="true" />
            <coachViewResourceId>67.1ca95896-a655-4176-b29c-25f80135b766</coachViewResourceId>
            <coachViewId>64.1167ac61-e86a-4fb9-abe0-860d3ba7bc63</coachViewId>
            <filePath>font-awesome/css/font-awesome.min.css</filePath>
            <ieCondition isNull="true" />
            <mediaQuery isNull="true" />
            <scriptLoadStyle isNull="true" />
            <assetUuid>/61.37525b48-3a4c-49a6-8a80-70dc5172fb2c</assetUuid>
            <seq>1</seq>
            <guid>b746a9e0-2f2f-46cd-81da-c7ad8488e4b6</guid>
            <versionId>5ed2d972-b853-4cb2-8b5c-159841a5ae10</versionId>
        </resource>
        <resource>
            <lastModified isNull="true" />
            <lastModifiedBy isNull="true" />
            <coachViewResourceId>67.2d6b3f70-d9a7-4e84-b2c0-146dff0bb5f0</coachViewResourceId>
            <coachViewId>64.1167ac61-e86a-4fb9-abe0-860d3ba7bc63</coachViewId>
            <filePath>Ionicons/css/ionicons.min.css</filePath>
            <ieCondition isNull="true" />
            <mediaQuery isNull="true" />
            <scriptLoadStyle isNull="true" />
            <assetUuid>/61.33306c25-5406-4b33-b5a9-cd79c77e535f</assetUuid>
            <seq>2</seq>
            <guid>83d6ad5a-4d2a-4d2c-a8ef-2ab3278f071f</guid>
            <versionId>e077fb55-3caa-42a7-968c-7f4cc04e51ae</versionId>
        </resource>
        <resource>
            <lastModified isNull="true" />
            <lastModifiedBy isNull="true" />
            <coachViewResourceId>67.7550b42e-cf37-423a-9259-b94d31d15731</coachViewResourceId>
            <coachViewId>64.1167ac61-e86a-4fb9-abe0-860d3ba7bc63</coachViewId>
            <filePath>dist/css/skins/_all-skins.min.css</filePath>
            <ieCondition isNull="true" />
            <mediaQuery isNull="true" />
            <scriptLoadStyle isNull="true" />
            <assetUuid>/61.9c0f23b4-100a-415a-b27e-3f0c53f71884</assetUuid>
            <seq>3</seq>
            <guid>54ce57b1-a15e-4eda-91f4-fc35f352c1b2</guid>
            <versionId>9d5126bd-2bc2-474d-9bf9-db87558c3803</versionId>
        </resource>
        <resource>
            <lastModified isNull="true" />
            <lastModifiedBy isNull="true" />
            <coachViewResourceId>67.d6d1187b-8c08-49a0-a6f4-5d8a003b100f</coachViewResourceId>
            <coachViewId>64.1167ac61-e86a-4fb9-abe0-860d3ba7bc63</coachViewId>
            <filePath>plugins/bootstrap-wysihtml5/bootstrap3-wysihtml5.min.css</filePath>
            <ieCondition isNull="true" />
            <mediaQuery isNull="true" />
            <scriptLoadStyle isNull="true" />
            <assetUuid>/61.bb17a8c3-2a8d-45eb-a83a-dacb23002c44</assetUuid>
            <seq>4</seq>
            <guid>e8bf41a0-849c-4358-b99f-3201f730a861</guid>
            <versionId>7664624f-a9ae-4a61-b2c5-1551502ff028</versionId>
        </resource>
        <resource>
            <lastModified isNull="true" />
            <lastModifiedBy isNull="true" />
            <coachViewResourceId>67.138ea85d-380b-4aca-8729-0e16b4a329c9</coachViewResourceId>
            <coachViewId>64.1167ac61-e86a-4fb9-abe0-860d3ba7bc63</coachViewId>
            <filePath>morris.js/morris.min.js</filePath>
            <ieCondition isNull="true" />
            <mediaQuery isNull="true" />
            <scriptLoadStyle isNull="true" />
            <assetUuid>/61.e14aa9e5-e095-4bc1-a1f8-d3153d5b9619</assetUuid>
            <seq>5</seq>
            <guid>7d3353cc-b0a8-498c-89d2-4fb4c21e6600</guid>
            <versionId>53920213-53a9-497c-ae38-eac36ba41e5e</versionId>
        </resource>
        <resource>
            <lastModified isNull="true" />
            <lastModifiedBy isNull="true" />
            <coachViewResourceId>67.731ec16e-3f34-4b54-9e2c-5cf77fff7938</coachViewResourceId>
            <coachViewId>64.1167ac61-e86a-4fb9-abe0-860d3ba7bc63</coachViewId>
            <filePath>jvectormap/jquery-jvectormap.css</filePath>
            <ieCondition isNull="true" />
            <mediaQuery isNull="true" />
            <scriptLoadStyle isNull="true" />
            <assetUuid>/61.01b8dcfe-cd15-4649-9874-1822ad93b665</assetUuid>
            <seq>6</seq>
            <guid>07d9bb4e-02ef-4bac-b8a2-eb781d287efb</guid>
            <versionId>055a7112-b92f-4272-8873-52f112fcdcc8</versionId>
        </resource>
        <resource>
            <lastModified isNull="true" />
            <lastModifiedBy isNull="true" />
            <coachViewResourceId>67.53667211-78da-42ba-9615-d8917e882b32</coachViewResourceId>
            <coachViewId>64.1167ac61-e86a-4fb9-abe0-860d3ba7bc63</coachViewId>
            <filePath>jquery/dist/jquery.min.js</filePath>
            <ieCondition isNull="true" />
            <mediaQuery isNull="true" />
            <scriptLoadStyle>SCRIPT_TAG_IN_HTML</scriptLoadStyle>
            <assetUuid>/61.e70e7de0-f659-4559-b6ad-da57a0a80e53</assetUuid>
            <seq>7</seq>
            <guid>8fc5f760-1c4e-42c4-955a-03e83966a970</guid>
            <versionId>9173e145-5f20-48ea-9876-ff33953e3613</versionId>
        </resource>
        <resource>
            <lastModified isNull="true" />
            <lastModifiedBy isNull="true" />
            <coachViewResourceId>67.23d60a1f-0ad7-4f73-b76f-570fa04e91aa</coachViewResourceId>
            <coachViewId>64.1167ac61-e86a-4fb9-abe0-860d3ba7bc63</coachViewId>
            <filePath>jquery-ui/jquery-ui.min.js</filePath>
            <ieCondition isNull="true" />
            <mediaQuery isNull="true" />
            <scriptLoadStyle>SCRIPT_TAG_IN_HTML</scriptLoadStyle>
            <assetUuid>/61.b1e1ab71-a6fd-43d1-8c89-6018a56216bc</assetUuid>
            <seq>8</seq>
            <guid>f640e427-fabf-4853-8383-ed4d062215c4</guid>
            <versionId>5a36bffc-d8b6-4e46-9bfb-ca02afcda27f</versionId>
        </resource>
        <resource>
            <lastModified isNull="true" />
            <lastModifiedBy isNull="true" />
            <coachViewResourceId>67.ae460a4d-5ff9-4fbc-ae0e-50128d044084</coachViewResourceId>
            <coachViewId>64.1167ac61-e86a-4fb9-abe0-860d3ba7bc63</coachViewId>
            <filePath>bootstrap/dist/js/bootstrap.min.js</filePath>
            <ieCondition isNull="true" />
            <mediaQuery isNull="true" />
            <scriptLoadStyle>SCRIPT_TAG_IN_HTML</scriptLoadStyle>
            <assetUuid>/61.a0a96eb6-fcb0-4657-a9a2-fbae818b8426</assetUuid>
            <seq>9</seq>
            <guid>b7dd8200-29db-456b-a851-88d58be27511</guid>
            <versionId>71256cd8-f3a5-4bdc-a766-14271f7eea26</versionId>
        </resource>
        <resource>
            <lastModified isNull="true" />
            <lastModifiedBy isNull="true" />
            <coachViewResourceId>67.4c161bfd-5329-4676-a8bf-0efb7b259897</coachViewResourceId>
            <coachViewId>64.1167ac61-e86a-4fb9-abe0-860d3ba7bc63</coachViewId>
            <filePath>morris.js/morris.min.js</filePath>
            <ieCondition isNull="true" />
            <mediaQuery isNull="true" />
            <scriptLoadStyle>SCRIPT_TAG_IN_HTML</scriptLoadStyle>
            <assetUuid>/61.e14aa9e5-e095-4bc1-a1f8-d3153d5b9619</assetUuid>
            <seq>10</seq>
            <guid>9b852bca-1777-4d84-9353-bdc29cc9f66e</guid>
            <versionId>a610ed82-0aec-4c3c-88e7-ff5360e034d9</versionId>
        </resource>
        <resource>
            <lastModified isNull="true" />
            <lastModifiedBy isNull="true" />
            <coachViewResourceId>67.90909bc7-32b3-451e-88c7-ad956d62cee0</coachViewResourceId>
            <coachViewId>64.1167ac61-e86a-4fb9-abe0-860d3ba7bc63</coachViewId>
            <filePath>raphael/raphael.min.js</filePath>
            <ieCondition isNull="true" />
            <mediaQuery isNull="true" />
            <scriptLoadStyle>SCRIPT_TAG_IN_HTML</scriptLoadStyle>
            <assetUuid>/61.cb7e5df1-e5a7-42c3-a43b-f01d240f97e5</assetUuid>
            <seq>11</seq>
            <guid>9f147d44-f3e7-4f50-8a1b-661c41e20094</guid>
            <versionId>fba4ede9-00f5-4265-852d-65914dc2192c</versionId>
        </resource>
        <resource>
            <lastModified isNull="true" />
            <lastModifiedBy isNull="true" />
            <coachViewResourceId>67.96cb84a3-db33-45aa-ad6a-3939ea457f47</coachViewResourceId>
            <coachViewId>64.1167ac61-e86a-4fb9-abe0-860d3ba7bc63</coachViewId>
            <filePath>dist/js/adminlte.min.js</filePath>
            <ieCondition isNull="true" />
            <mediaQuery isNull="true" />
            <scriptLoadStyle>SCRIPT_TAG_IN_HTML</scriptLoadStyle>
            <assetUuid>/61.9c0f23b4-100a-415a-b27e-3f0c53f71884</assetUuid>
            <seq>12</seq>
            <guid>3bf2f111-7c68-4ab4-aeaa-d5e2aa2340d3</guid>
            <versionId>c8fdf0dc-47bf-44b8-a811-7b40d56052b4</versionId>
        </resource>
        <resource>
            <lastModified isNull="true" />
            <lastModifiedBy isNull="true" />
            <coachViewResourceId>67.d22b1ef3-63bf-431d-ae40-eaf0408d6c8e</coachViewResourceId>
            <coachViewId>64.1167ac61-e86a-4fb9-abe0-860d3ba7bc63</coachViewId>
            <filePath>dist/js/pages/dashboard.js</filePath>
            <ieCondition isNull="true" />
            <mediaQuery isNull="true" />
            <scriptLoadStyle>SCRIPT_TAG_IN_HTML</scriptLoadStyle>
            <assetUuid>/61.9c0f23b4-100a-415a-b27e-3f0c53f71884</assetUuid>
            <seq>13</seq>
            <guid>8e0cab53-c22f-4403-a008-ba3499bbeb59</guid>
            <versionId>84d7d7fd-a116-4bbf-8380-3ab7702c238b</versionId>
        </resource>
        <resource>
            <lastModified isNull="true" />
            <lastModifiedBy isNull="true" />
            <coachViewResourceId>67.8a39cfd7-f354-4bb7-84b4-1d940b4a479c</coachViewResourceId>
            <coachViewId>64.1167ac61-e86a-4fb9-abe0-860d3ba7bc63</coachViewId>
            <filePath>jquery-knob/dist/jquery.knob.min.js</filePath>
            <ieCondition isNull="true" />
            <mediaQuery isNull="true" />
            <scriptLoadStyle>SCRIPT_TAG_IN_HTML</scriptLoadStyle>
            <assetUuid>/61.a3b57bb1-6d8b-40d3-b917-f667c336229f</assetUuid>
            <seq>14</seq>
            <guid>6c0de530-4643-424d-920c-630499e2ca8b</guid>
            <versionId>d5d4ce1b-28fa-4911-bd98-eae20a2d8ccd</versionId>
        </resource>
        <resource>
            <lastModified isNull="true" />
            <lastModifiedBy isNull="true" />
            <coachViewResourceId>67.283ee406-af2e-4342-a532-61df4994b19a</coachViewResourceId>
            <coachViewId>64.1167ac61-e86a-4fb9-abe0-860d3ba7bc63</coachViewId>
            <filePath>moment/min/moment.min.js</filePath>
            <ieCondition isNull="true" />
            <mediaQuery isNull="true" />
            <scriptLoadStyle>SCRIPT_TAG_IN_HTML</scriptLoadStyle>
            <assetUuid>/61.a9b13201-456f-401d-8f33-03d7f17872db</assetUuid>
            <seq>15</seq>
            <guid>a702d3c0-a82a-4c81-83f5-c93489977adb</guid>
            <versionId>150a8486-80f7-4774-8794-0133249f424b</versionId>
        </resource>
        <resource>
            <lastModified isNull="true" />
            <lastModifiedBy isNull="true" />
            <coachViewResourceId>67.d5e3a686-6a21-45ea-a151-46e54ca8b083</coachViewResourceId>
            <coachViewId>64.1167ac61-e86a-4fb9-abe0-860d3ba7bc63</coachViewId>
            <filePath>plugins/bootstrap-wysihtml5/bootstrap3-wysihtml5.all.min.js</filePath>
            <ieCondition isNull="true" />
            <mediaQuery isNull="true" />
            <scriptLoadStyle>SCRIPT_TAG_IN_HTML</scriptLoadStyle>
            <assetUuid>/61.bb17a8c3-2a8d-45eb-a83a-dacb23002c44</assetUuid>
            <seq>16</seq>
            <guid>fc6a7c42-67ad-4687-9ff3-65bea719e5ff</guid>
            <versionId>5045b8d0-e873-46f0-b5e6-d3f77c96f930</versionId>
        </resource>
        <resource>
            <lastModified isNull="true" />
            <lastModifiedBy isNull="true" />
            <coachViewResourceId>67.7fd0b0ea-75a9-4abc-8ef9-9b96004b36c6</coachViewResourceId>
            <coachViewId>64.1167ac61-e86a-4fb9-abe0-860d3ba7bc63</coachViewId>
            <filePath>bootstrap-datepicker/dist/js/bootstrap-datepicker.min.js</filePath>
            <ieCondition isNull="true" />
            <mediaQuery isNull="true" />
            <scriptLoadStyle>SCRIPT_TAG_IN_HTML</scriptLoadStyle>
            <assetUuid>/61.4cdc1493-0bc5-46e0-be5c-33a3b4d6f6ca</assetUuid>
            <seq>17</seq>
            <guid>4e7dcf1d-71fa-41e9-bf60-f1f73bbeb788</guid>
            <versionId>6c9a39b4-d1e3-48da-a0e7-cbb3e81e9d00</versionId>
        </resource>
        <resource>
            <lastModified isNull="true" />
            <lastModifiedBy isNull="true" />
            <coachViewResourceId>67.e365e2ce-8cf8-4230-853f-9973d610e15d</coachViewResourceId>
            <coachViewId>64.1167ac61-e86a-4fb9-abe0-860d3ba7bc63</coachViewId>
            <filePath>bootstrap-daterangepicker/daterangepicker.js</filePath>
            <ieCondition isNull="true" />
            <mediaQuery isNull="true" />
            <scriptLoadStyle>SCRIPT_TAG_IN_HTML</scriptLoadStyle>
            <assetUuid>/61.d0b4a638-1691-4cb3-8cff-854418107794</assetUuid>
            <seq>18</seq>
            <guid>56638f7f-1cdf-4d1f-a0bd-74e6be5d3843</guid>
            <versionId>ccf3aca2-ea56-4da6-9f59-f68275f3d726</versionId>
        </resource>
        <resource>
            <lastModified isNull="true" />
            <lastModifiedBy isNull="true" />
            <coachViewResourceId>67.4ccdd1c1-6f39-4a0c-b5c6-822b35974a0d</coachViewResourceId>
            <coachViewId>64.1167ac61-e86a-4fb9-abe0-860d3ba7bc63</coachViewId>
            <filePath>jquery-slimscroll/jquery.slimscroll.min.js</filePath>
            <ieCondition isNull="true" />
            <mediaQuery isNull="true" />
            <scriptLoadStyle>SCRIPT_TAG_IN_HTML</scriptLoadStyle>
            <assetUuid>/61.b7f3be42-e555-46a9-a809-0702b47c8038</assetUuid>
            <seq>19</seq>
            <guid>45ace1fa-d166-4977-aa51-655b6bec90ce</guid>
            <versionId>fdf9d024-5294-4768-b882-2b1dacd69a9d</versionId>
        </resource>
        <resource>
            <lastModified isNull="true" />
            <lastModifiedBy isNull="true" />
            <coachViewResourceId>67.1e50cf38-74a9-4832-af44-c70060df4e7a</coachViewResourceId>
            <coachViewId>64.1167ac61-e86a-4fb9-abe0-860d3ba7bc63</coachViewId>
            <filePath>fastclick/lib/fastclick.js</filePath>
            <ieCondition isNull="true" />
            <mediaQuery isNull="true" />
            <scriptLoadStyle>SCRIPT_TAG_IN_HTML</scriptLoadStyle>
            <assetUuid>/61.04bfc709-9349-4f85-95f0-0339f35a3bd7</assetUuid>
            <seq>20</seq>
            <guid>078d89aa-67b4-4519-8a04-d584e86ea7ee</guid>
            <versionId>9691291d-0760-454a-8b80-71cab6f8c957</versionId>
        </resource>
        <resource>
            <lastModified isNull="true" />
            <lastModifiedBy isNull="true" />
            <coachViewResourceId>67.44bd33bf-dfc9-4a2e-952e-102c4866f5b3</coachViewResourceId>
            <coachViewId>64.1167ac61-e86a-4fb9-abe0-860d3ba7bc63</coachViewId>
            <filePath>dist/js/adminlte.min.js</filePath>
            <ieCondition isNull="true" />
            <mediaQuery isNull="true" />
            <scriptLoadStyle>SCRIPT_TAG_IN_HTML</scriptLoadStyle>
            <assetUuid>/61.9c0f23b4-100a-415a-b27e-3f0c53f71884</assetUuid>
            <seq>21</seq>
            <guid>8f79a9b7-dfe3-4d17-a3fd-cdc9d708317e</guid>
            <versionId>eb105bb2-b0a1-4aa5-806f-cc936f1c7ad1</versionId>
        </resource>
        <resource>
            <lastModified isNull="true" />
            <lastModifiedBy isNull="true" />
            <coachViewResourceId>67.c5cf787e-4ddd-4f08-bd76-33496a26f122</coachViewResourceId>
            <coachViewId>64.1167ac61-e86a-4fb9-abe0-860d3ba7bc63</coachViewId>
            <filePath>plugins/jvectormap/jquery-jvectormap-1.2.2.min.js</filePath>
            <ieCondition isNull="true" />
            <mediaQuery isNull="true" />
            <scriptLoadStyle>SCRIPT_TAG_IN_HTML</scriptLoadStyle>
            <assetUuid>/61.bb17a8c3-2a8d-45eb-a83a-dacb23002c44</assetUuid>
            <seq>22</seq>
            <guid>29440369-5ed4-401d-bd84-366381388225</guid>
            <versionId>fc55a414-5bcc-48de-a3e4-bffbe8463c95</versionId>
        </resource>
        <resource>
            <lastModified isNull="true" />
            <lastModifiedBy isNull="true" />
            <coachViewResourceId>67.14c12f8c-e581-441a-9bee-0cd29e7cfe8b</coachViewResourceId>
            <coachViewId>64.1167ac61-e86a-4fb9-abe0-860d3ba7bc63</coachViewId>
            <filePath>plugins/jvectormap/jquery-jvectormap-world-mill-en.js</filePath>
            <ieCondition isNull="true" />
            <mediaQuery isNull="true" />
            <scriptLoadStyle>SCRIPT_TAG_IN_HTML</scriptLoadStyle>
            <assetUuid>/61.bb17a8c3-2a8d-45eb-a83a-dacb23002c44</assetUuid>
            <seq>23</seq>
            <guid>eaa426ad-6135-4c46-ab24-8a48f1cfcfae</guid>
            <versionId>afabbf2e-3db2-43c9-9d32-bd8b92acdfa1</versionId>
        </resource>
        <resource>
            <lastModified isNull="true" />
            <lastModifiedBy isNull="true" />
            <coachViewResourceId>67.cb2251a1-febd-4a72-831b-fc8df6980b05</coachViewResourceId>
            <coachViewId>64.1167ac61-e86a-4fb9-abe0-860d3ba7bc63</coachViewId>
            <filePath>jquery-sparkline/dist/jquery.sparkline.min.js</filePath>
            <ieCondition isNull="true" />
            <mediaQuery isNull="true" />
            <scriptLoadStyle>SCRIPT_TAG_IN_HTML</scriptLoadStyle>
            <assetUuid>/61.3fe3fd69-ad13-42b7-b196-ac244fd65daf</assetUuid>
            <seq>24</seq>
            <guid>e1067351-b18f-44fa-b962-d7694e078a7a</guid>
            <versionId>6b138bd1-bde4-46d7-be5b-d5bf63d800df</versionId>
        </resource>
        <resource>
            <lastModified isNull="true" />
            <lastModifiedBy isNull="true" />
            <coachViewResourceId>67.3a66cf8d-b0db-4451-accb-f0b8883e66c6</coachViewResourceId>
            <coachViewId>64.1167ac61-e86a-4fb9-abe0-860d3ba7bc63</coachViewId>
            <filePath isNull="true" />
            <ieCondition isNull="true" />
            <mediaQuery isNull="true" />
            <scriptLoadStyle isNull="true" />
            <assetUuid>/61.b4db0b3a-5c86-4dc4-9b4a-ba7c37def801</assetUuid>
            <seq>25</seq>
            <guid>b855a806-560d-45f6-b277-4ffaa31f02bf</guid>
            <versionId>5c40f72f-fb3d-4e4d-98ea-170378c79d73</versionId>
        </resource>
        <resource>
            <lastModified isNull="true" />
            <lastModifiedBy isNull="true" />
            <coachViewResourceId>67.1535da7f-9f91-426f-9be3-94f8d2ef1de0</coachViewResourceId>
            <coachViewId>64.1167ac61-e86a-4fb9-abe0-860d3ba7bc63</coachViewId>
            <filePath>morris.js/morris.css</filePath>
            <ieCondition isNull="true" />
            <mediaQuery isNull="true" />
            <scriptLoadStyle isNull="true" />
            <assetUuid>/61.e14aa9e5-e095-4bc1-a1f8-d3153d5b9619</assetUuid>
            <seq>26</seq>
            <guid>5bd2e923-fffd-4dd6-ad89-5398f15dd77d</guid>
            <versionId>3212c440-ddf8-4b2a-bf36-f9169cde045d</versionId>
        </resource>
        <resource>
            <lastModified isNull="true" />
            <lastModifiedBy isNull="true" />
            <coachViewResourceId>67.f3f62bef-7b4c-407e-9de1-3a3768719e41</coachViewResourceId>
            <coachViewId>64.1167ac61-e86a-4fb9-abe0-860d3ba7bc63</coachViewId>
            <filePath>bootstrap-datepicker/dist/css/bootstrap-datepicker.min.css</filePath>
            <ieCondition isNull="true" />
            <mediaQuery isNull="true" />
            <scriptLoadStyle isNull="true" />
            <assetUuid>/61.4cdc1493-0bc5-46e0-be5c-33a3b4d6f6ca</assetUuid>
            <seq>27</seq>
            <guid>ddc61ea6-4de6-4120-863b-93de3ceb627c</guid>
            <versionId>7e398487-5666-4612-975f-32ec2a46d851</versionId>
        </resource>
        <resource>
            <lastModified isNull="true" />
            <lastModifiedBy isNull="true" />
            <coachViewResourceId>67.23561638-7396-4f0b-9b24-4222b2482139</coachViewResourceId>
            <coachViewId>64.1167ac61-e86a-4fb9-abe0-860d3ba7bc63</coachViewId>
            <filePath>bootstrap-daterangepicker/daterangepicker.css</filePath>
            <ieCondition isNull="true" />
            <mediaQuery isNull="true" />
            <scriptLoadStyle isNull="true" />
            <assetUuid>/61.d0b4a638-1691-4cb3-8cff-854418107794</assetUuid>
            <seq>28</seq>
            <guid>91adc4fa-e3c5-46f6-bce2-d24230db273d</guid>
            <versionId>a16a31e6-ca16-4647-9277-b338e5036f2a</versionId>
        </resource>
        <resource>
            <lastModified isNull="true" />
            <lastModifiedBy isNull="true" />
            <coachViewResourceId>67.228ca946-9218-4581-ac31-0cc427d06f18</coachViewResourceId>
            <coachViewId>64.1167ac61-e86a-4fb9-abe0-860d3ba7bc63</coachViewId>
            <filePath>dist/css/AdminLTE.min.css</filePath>
            <ieCondition isNull="true" />
            <mediaQuery isNull="true" />
            <scriptLoadStyle isNull="true" />
            <assetUuid>/61.9c0f23b4-100a-415a-b27e-3f0c53f71884</assetUuid>
            <seq>29</seq>
            <guid>5d42b5db-fef7-4c93-8333-23bd5ecfdc3e</guid>
            <versionId>297a4061-cc15-4122-8d7f-8821edb87829</versionId>
        </resource>
        <resource>
            <lastModified isNull="true" />
            <lastModifiedBy isNull="true" />
            <coachViewResourceId>67.e18d2b58-c760-44b9-9852-e1a2dbbeb7c1</coachViewResourceId>
            <coachViewId>64.1167ac61-e86a-4fb9-abe0-860d3ba7bc63</coachViewId>
            <filePath>dist/js/navigation.min.js</filePath>
            <ieCondition isNull="true" />
            <mediaQuery isNull="true" />
            <scriptLoadStyle isNull="true" />
            <assetUuid>/61.9c0f23b4-100a-415a-b27e-3f0c53f71884</assetUuid>
            <seq>30</seq>
            <guid>551c4495-3eb4-4739-8ef7-b972b175b156</guid>
            <versionId>163491cb-b3e4-4e09-aa0c-c1fd73f55133</versionId>
        </resource>
        <inlineScript name="Inline CSS">
            <lastModified isNull="true" />
            <lastModifiedBy isNull="true" />
            <coachViewInlineScriptId>68.0548e176-0ee7-4ad5-943a-d785c7b57c05</coachViewInlineScriptId>
            <coachViewId>64.1167ac61-e86a-4fb9-abe0-860d3ba7bc63</coachViewId>
            <scriptType>CSS</scriptType>
            <scriptBlock>.body{height: 100% !important;}.Dosvak_Elegant_Template{height: 100% !important; margin-top: 0px; margin-bottom: 0px;}input#searchinput1.form-control{height: 35px !important;}&#xD;
&#xD;
&#xD;
.modal-content {&#xD;
background-color: white !important;&#xD;
}&#xD;
</scriptBlock>
            <seq>0</seq>
            <description isNull="true" />
            <guid>e660a027-4a38-44a0-8d7a-c284a5cecad1</guid>
            <versionId>bb218499-a8eb-4be2-b2ed-1239499dcf46</versionId>
        </inlineScript>
    </coachView>
</teamworks>

