<?xml version="1.0" encoding="UTF-8"?>
<teamworks>
    <twClass id="12.0b2df65b-a634-34b8-96f8-7da0de513dde" name="TextSizes">
        <lastModified>1618072896681</lastModified>
        <lastModifiedBy>dmgr_admin</lastModifiedBy>
        <classId>12.0b2df65b-a634-34b8-96f8-7da0de513dde</classId>
        <type>0</type>
        <isSystem>false</isSystem>
        <shared>false</shared>
        <isShadow>false</isShadow>
        <globalLifetime>false</globalLifetime>
        <internalName isNull="true" />
        <extensionType isNull="true" />
        <saveServiceRef isNull="true" />
        <bpmn2Data isNull="true" />
        <externalId isNull="true" />
        <dependencySummary isNull="true" />
        <jsonData isNull="true" />
        <description>Business object that provides theme text size options.</description>
        <guid>guid:00000000b2df65ba:63434b89:6f87da0de51:-3dde</guid>
        <versionId>a2c62325-4539-3eb1-88d6-ed3c306a622d</versionId>
        <definition>
            <validator>
                <className isNull="true" />
                <errorMessage isNull="true" />
                <webWidgetJavaClass isNull="true" />
                <externalType isNull="true" />
                <configData>
                    <schema>
                        <simpleType name="TextSizes">
                            <restriction base="Selection">
                                <option value="default" display="Medium" />
                                <option value="lg" display="Large" />
                                <option value="sm" display="Small" />
                            </restriction>
                        </simpleType>
                    </schema>
                </configData>
            </validator>
            <annotation type="com.lombardisoftware.core.xml.XMLTypeAnnotation" version="2.0">
                <exclude isNull="true" />
                <anonymous isNull="true" />
                <local isNull="true" />
                <name isNull="true" />
                <namespace isNull="true" />
                <elementName isNull="true" />
                <elementNamespace isNull="true" />
                <protoTypeName isNull="true" />
                <baseTypeName isNull="true" />
                <specialType isNull="true" />
                <contentTypeVariety isNull="true" />
                <xscRef isNull="true" />
            </annotation>
        </definition>
    </twClass>
</teamworks>

