<?xml version="1.0" encoding="UTF-8"?>
<teamworks>
    <twClass id="12.2fa3646a-8aab-3dcd-80e9-87809f422555" name="CaptionVerticalPositionSelection">
        <lastModified>1618072896681</lastModified>
        <lastModifiedBy>dmgr_admin</lastModifiedBy>
        <classId>12.2fa3646a-8aab-3dcd-80e9-87809f422555</classId>
        <type>0</type>
        <isSystem>false</isSystem>
        <shared>false</shared>
        <isShadow>false</isShadow>
        <globalLifetime>false</globalLifetime>
        <internalName isNull="true" />
        <extensionType isNull="true" />
        <saveServiceRef isNull="true" />
        <bpmn2Data isNull="true" />
        <externalId isNull="true" />
        <dependencySummary isNull="true" />
        <jsonData isNull="true" />
        <description>Business object that provides selection options for the image caption vertical position.</description>
        <guid>guid:00000002fa3646a8:aab3dcd8:0e987809f42:-2555</guid>
        <versionId>915e7e18-7f02-32ce-b54b-bf9fa01a01d5</versionId>
        <definition>
            <validator>
                <className isNull="true" />
                <errorMessage isNull="true" />
                <webWidgetJavaClass isNull="true" />
                <externalType isNull="true" />
                <configData>
                    <schema>
                        <simpleType name="CaptionVerticalPositionSelection">
                            <restriction base="Selection">
                                <option value="above" display="Above" />
                                <option value="below" display="Below" />
                            </restriction>
                        </simpleType>
                    </schema>
                </configData>
            </validator>
            <annotation type="com.lombardisoftware.core.xml.XMLTypeAnnotation" version="2.0">
                <exclude isNull="true" />
                <anonymous isNull="true" />
                <local isNull="true" />
                <name isNull="true" />
                <namespace isNull="true" />
                <elementName isNull="true" />
                <elementNamespace isNull="true" />
                <protoTypeName isNull="true" />
                <baseTypeName isNull="true" />
                <specialType isNull="true" />
                <contentTypeVariety isNull="true" />
                <xscRef isNull="true" />
            </annotation>
        </definition>
    </twClass>
</teamworks>

