<?xml version="1.0" encoding="UTF-8"?>
<teamworks>
    <twClass id="12.2f2706f0-35b2-34c3-b042-16650e46ea88" name="TextInputTypes">
        <lastModified>1618072896681</lastModified>
        <lastModifiedBy>dmgr_admin</lastModifiedBy>
        <classId>12.2f2706f0-35b2-34c3-b042-16650e46ea88</classId>
        <type>0</type>
        <isSystem>false</isSystem>
        <shared>false</shared>
        <isShadow>false</isShadow>
        <globalLifetime>false</globalLifetime>
        <internalName isNull="true" />
        <extensionType isNull="true" />
        <saveServiceRef isNull="true" />
        <bpmn2Data isNull="true" />
        <externalId isNull="true" />
        <dependencySummary isNull="true" />
        <jsonData isNull="true" />
        <description>Business object that provides selection options for text input type in the Text coach view.</description>
        <guid>guid:00000002f2706f03:5b234c3b:04216650e46:-ea88</guid>
        <versionId>fb777b71-c03a-338a-87ab-9f3f47b9dce5</versionId>
        <definition>
            <validator>
                <className isNull="true" />
                <errorMessage isNull="true" />
                <webWidgetJavaClass isNull="true" />
                <externalType isNull="true" />
                <configData>
                    <schema>
                        <simpleType name="TextInputTypes">
                            <restriction base="Selection">
                                <option value="text" display="Text" />
                                <option value="url" display="URL" />
                                <option value="email" display="E-mail" />
                                <option value="tel" display="Telephone" />
                                <option value="password" display="Password" />
                            </restriction>
                        </simpleType>
                    </schema>
                </configData>
            </validator>
            <annotation type="com.lombardisoftware.core.xml.XMLTypeAnnotation" version="2.0">
                <exclude isNull="true" />
                <anonymous isNull="true" />
                <local isNull="true" />
                <name isNull="true" />
                <namespace isNull="true" />
                <elementName isNull="true" />
                <elementNamespace isNull="true" />
                <protoTypeName isNull="true" />
                <baseTypeName isNull="true" />
                <specialType isNull="true" />
                <contentTypeVariety isNull="true" />
                <xscRef isNull="true" />
            </annotation>
        </definition>
    </twClass>
</teamworks>

