<?xml version="1.0" encoding="UTF-8"?>
<teamworks>
    <twClass id="12.31957116-b4d2-3e59-a7a0-3102368d1930" name="ThemeColors">
        <lastModified>1618072896681</lastModified>
        <lastModifiedBy>dmgr_admin</lastModifiedBy>
        <classId>12.31957116-b4d2-3e59-a7a0-3102368d1930</classId>
        <type>0</type>
        <isSystem>false</isSystem>
        <shared>false</shared>
        <isShadow>false</isShadow>
        <globalLifetime>false</globalLifetime>
        <internalName isNull="true" />
        <extensionType isNull="true" />
        <saveServiceRef isNull="true" />
        <bpmn2Data isNull="true" />
        <externalId isNull="true" />
        <dependencySummary isNull="true" />
        <jsonData isNull="true" />
        <description>Business object that provides theme color options.</description>
        <guid>guid:000000031957116b:4d23e59a:7a03102368d:-1930</guid>
        <versionId>fd0acf0a-7408-342d-94d1-10c57fdc1438</versionId>
        <definition>
            <validator>
                <className isNull="true" />
                <errorMessage isNull="true" />
                <webWidgetJavaClass isNull="true" />
                <externalType isNull="true" />
                <configData>
                    <schema>
                        <simpleType name="ThemeColors">
                            <restriction base="Selection">
                                <option value="primary" display="Primary" />
                                <option value="default" display="Alternate" />
                                <option value="success" display="Success" />
                                <option value="info" display="Info" />
                                <option value="warning" display="Warning" />
                                <option value="danger" display="Alert" />
                            </restriction>
                        </simpleType>
                    </schema>
                </configData>
            </validator>
            <annotation type="com.lombardisoftware.core.xml.XMLTypeAnnotation" version="2.0">
                <exclude isNull="true" />
                <anonymous isNull="true" />
                <local isNull="true" />
                <name isNull="true" />
                <namespace isNull="true" />
                <elementName isNull="true" />
                <elementNamespace isNull="true" />
                <protoTypeName isNull="true" />
                <baseTypeName isNull="true" />
                <specialType isNull="true" />
                <contentTypeVariety isNull="true" />
                <xscRef isNull="true" />
            </annotation>
        </definition>
    </twClass>
</teamworks>

