<?xml version="1.0" encoding="UTF-8"?>
<teamworks>
    <twClass id="12.7a925484-4087-3d92-94ef-b2f2f9d4975c" name="AlternateThemeColors">
        <lastModified>1618072896681</lastModified>
        <lastModifiedBy>dmgr_admin</lastModifiedBy>
        <classId>12.7a925484-4087-3d92-94ef-b2f2f9d4975c</classId>
        <type>0</type>
        <isSystem>false</isSystem>
        <shared>false</shared>
        <isShadow>false</isShadow>
        <globalLifetime>false</globalLifetime>
        <internalName isNull="true" />
        <extensionType isNull="true" />
        <saveServiceRef isNull="true" />
        <bpmn2Data isNull="true" />
        <externalId isNull="true" />
        <dependencySummary isNull="true" />
        <jsonData isNull="true" />
        <description>Business object that provides alternate theme color options.</description>
        <guid>guid:00000007a9254844:0873d929:4efb2f2f9d4:-975c</guid>
        <versionId>fbe33301-7f9f-3e09-9482-5f76f7405ef5</versionId>
        <definition>
            <validator>
                <className isNull="true" />
                <errorMessage isNull="true" />
                <webWidgetJavaClass isNull="true" />
                <externalType isNull="true" />
                <configData>
                    <schema>
                        <simpleType name="AlternateThemeColors">
                            <restriction base="Selection">
                                <option value="default" display="Alternate" />
                                <option value="primary" display="Primary" />
                                <option value="success" display="Success" />
                                <option value="info" display="Info" />
                                <option value="warning" display="Warning" />
                                <option value="danger" display="Alert" />
                            </restriction>
                        </simpleType>
                    </schema>
                </configData>
            </validator>
            <annotation type="com.lombardisoftware.core.xml.XMLTypeAnnotation" version="2.0">
                <exclude isNull="true" />
                <anonymous isNull="true" />
                <local isNull="true" />
                <name isNull="true" />
                <namespace isNull="true" />
                <elementName isNull="true" />
                <elementNamespace isNull="true" />
                <protoTypeName isNull="true" />
                <baseTypeName isNull="true" />
                <specialType isNull="true" />
                <contentTypeVariety isNull="true" />
                <xscRef isNull="true" />
            </annotation>
        </definition>
    </twClass>
</teamworks>

