<?xml version="1.0" encoding="UTF-8"?>
<teamworks>
    <managedAsset id="61.04883789-1bf6-3a4f-9c82-e3952045cf96" name="PrevOutputText.js">
        <lastModified>1618072897364</lastModified>
        <lastModifiedBy>dmgr_admin</lastModifiedBy>
        <managedAssetId>61.04883789-1bf6-3a4f-9c82-e3952045cf96</managedAssetId>
        <assetUuid>11f2c2f2-53bc-4f81-8bbd-e7fbf5cccd5b</assetUuid>
        <mimeType>application/javascript</mimeType>
        <charEncoding isNull="true" />
        <assetTypeCode>W</assetTypeCode>
        <length>1004</length>
        <localLastModification>1607068412124</localLastModification>
        <description isNull="true" />
        <isDocumentationFile>false</isDocumentationFile>
        <guid>guid:0000000048837891:bf63a4f9:c82e3952045:-cf96</guid>
        <versionId>976e7748-305d-3328-a640-7226c8b7fe43</versionId>
    </managedAsset>
</teamworks>

