<?xml version="1.0" encoding="UTF-8"?>
<teamworks>
    <managedAsset id="61.00c1dd4e-d8f5-340d-86a9-bef3d9bf95bb" name="camera.html">
        <lastModified>1618072897364</lastModified>
        <lastModifiedBy>dmgr_admin</lastModifiedBy>
        <managedAssetId>61.00c1dd4e-d8f5-340d-86a9-bef3d9bf95bb</managedAssetId>
        <assetUuid>f76fb032-5a60-4f6e-9c08-7dfceb37e2ce</assetUuid>
        <mimeType>text/html</mimeType>
        <charEncoding isNull="true" />
        <assetTypeCode>W</assetTypeCode>
        <length>2010</length>
        <localLastModification>1607068412109</localLastModification>
        <description isNull="true" />
        <isDocumentationFile>false</isDocumentationFile>
        <guid>guid:000000000c1dd4ed:8f5340d8:6a9bef3d9bf:-95bb</guid>
        <versionId>65a009a7-c8f8-373c-b096-6cf90a6a46b7</versionId>
    </managedAsset>
</teamworks>

