<?xml version="1.0" encoding="UTF-8"?>
<teamworks>
    <managedAsset id="61.0e3bab6a-323e-391c-8fb6-0e0dd039f385" name="ui-grid.zip">
        <lastModified>1618072897364</lastModified>
        <lastModifiedBy>dmgr_admin</lastModifiedBy>
        <managedAssetId>61.0e3bab6a-323e-391c-8fb6-0e0dd039f385</managedAssetId>
        <assetUuid>ba191764-aecc-4325-908b-8ac68044d584</assetUuid>
        <mimeType>application/zip</mimeType>
        <charEncoding isNull="true" />
        <assetTypeCode>W</assetTypeCode>
        <length>334843</length>
        <localLastModification>1607068412151</localLastModification>
        <description isNull="true" />
        <isDocumentationFile>false</isDocumentationFile>
        <guid>guid:00000000e3bab6a3:23e391c8:fb60e0dd039:-f385</guid>
        <versionId>10af85cf-37f2-3fa8-aa5f-930a9aed45b6</versionId>
    </managedAsset>
</teamworks>

