<?xml version="1.0" encoding="UTF-8"?>
<teamworks>
    <managedAsset id="61.014ae28f-cd84-36ff-a823-3d31e8e2f37a" name="tabs.html">
        <lastModified>1618072897364</lastModified>
        <lastModifiedBy>dmgr_admin</lastModifiedBy>
        <managedAssetId>61.014ae28f-cd84-36ff-a823-3d31e8e2f37a</managedAssetId>
        <assetUuid>6a4b8466-d65b-40f4-84f0-a9531f0ce809</assetUuid>
        <mimeType>text/html</mimeType>
        <charEncoding isNull="true" />
        <assetTypeCode>W</assetTypeCode>
        <length>1401</length>
        <localLastModification>1607068412117</localLastModification>
        <description isNull="true" />
        <isDocumentationFile>false</isDocumentationFile>
        <guid>guid:0000000014ae28fc:d8436ffa:8233d31e8e2:-f37a</guid>
        <versionId>f6a573b8-7f59-3d84-8d81-e87fb0d9ac90</versionId>
    </managedAsset>
</teamworks>

