<?xml version="1.0" encoding="UTF-8"?>
<teamworks>
    <managedAsset id="61.05e86c1a-1754-3bb8-8f5e-b10e42134147" name="PrevSingleSel.js">
        <lastModified>1618072897364</lastModified>
        <lastModifiedBy>dmgr_admin</lastModifiedBy>
        <managedAssetId>61.05e86c1a-1754-3bb8-8f5e-b10e42134147</managedAssetId>
        <assetUuid>f97ccb55-9910-4840-8b45-361cea23ccea</assetUuid>
        <mimeType>application/javascript</mimeType>
        <charEncoding isNull="true" />
        <assetTypeCode>W</assetTypeCode>
        <length>1657</length>
        <localLastModification>1607068412162</localLastModification>
        <description isNull="true" />
        <isDocumentationFile>false</isDocumentationFile>
        <guid>guid:000000005e86c1a1:7543bb88:f5eb10e4213:-4147</guid>
        <versionId>94226a6d-4f7b-3edf-97d2-fe95464f2de7</versionId>
    </managedAsset>
</teamworks>

