<?xml version="1.0" encoding="UTF-8"?>
<teamworks>
    <managedAsset id="61.0f824338-6cdf-3e21-b52f-1cc3bcf869af" name="PrevSection.html">
        <lastModified>1618072897364</lastModified>
        <lastModifiedBy>dmgr_admin</lastModifiedBy>
        <managedAssetId>61.0f824338-6cdf-3e21-b52f-1cc3bcf869af</managedAssetId>
        <assetUuid>170c0a8c-1382-4401-8589-4521826cc643</assetUuid>
        <mimeType>text/html</mimeType>
        <charEncoding isNull="true" />
        <assetTypeCode>W</assetTypeCode>
        <length>588</length>
        <localLastModification>1607068412116</localLastModification>
        <description isNull="true" />
        <isDocumentationFile>false</isDocumentationFile>
        <guid>guid:00000000f8243386:cdf3e21b:52f1cc3bcf8:-69af</guid>
        <versionId>374958fd-8a54-38dc-9e7b-433ac36ab5d1</versionId>
    </managedAsset>
</teamworks>

