<?xml version="1.0" encoding="UTF-8"?>
<teamworks>
    <managedAsset id="61.0d4793b8-3a6c-3a4e-af4d-c83e63ff4611" name="PrevCheckbox.js">
        <lastModified>1618072897364</lastModified>
        <lastModifiedBy>dmgr_admin</lastModifiedBy>
        <managedAssetId>61.0d4793b8-3a6c-3a4e-af4d-c83e63ff4611</managedAssetId>
        <assetUuid>1af99d94-02b6-4b1b-8c5d-74a23adda70c</assetUuid>
        <mimeType>application/javascript</mimeType>
        <charEncoding isNull="true" />
        <assetTypeCode>W</assetTypeCode>
        <length>7058</length>
        <localLastModification>1607068412124</localLastModification>
        <description isNull="true" />
        <isDocumentationFile>false</isDocumentationFile>
        <guid>guid:00000000d4793b83:a6c3a4ea:f4dc83e63ff:-4611</guid>
        <versionId>dce26776-d7fb-3cf2-83a5-c6b0598fcc30</versionId>
    </managedAsset>
</teamworks>

