<?xml version="1.0" encoding="UTF-8"?>
<teamworks>
    <managedAsset id="61.0643b376-75aa-348c-a80c-25c7052b739b" name="PrevRadio.html">
        <lastModified>1618072897364</lastModified>
        <lastModifiedBy>dmgr_admin</lastModifiedBy>
        <managedAssetId>61.0643b376-75aa-348c-a80c-25c7052b739b</managedAssetId>
        <assetUuid>c362dfd2-a76b-43a0-a82a-4383c5770b47</assetUuid>
        <mimeType>text/html</mimeType>
        <charEncoding isNull="true" />
        <assetTypeCode>W</assetTypeCode>
        <length>711</length>
        <localLastModification>1607068412139</localLastModification>
        <description isNull="true" />
        <isDocumentationFile>false</isDocumentationFile>
        <guid>guid:00000000643b3767:5aa348ca:80c25c7052b:-739b</guid>
        <versionId>3bcc9c73-29ea-3816-b744-b68c8909658d</versionId>
    </managedAsset>
</teamworks>

