<?xml version="1.0" encoding="UTF-8"?>
<teamworks>
    <managedAsset id="61.10c4d01d-239e-3684-bf1e-a18360e3e084" name="section.html">
        <lastModified>1618072897364</lastModified>
        <lastModifiedBy>dmgr_admin</lastModifiedBy>
        <managedAssetId>61.10c4d01d-239e-3684-bf1e-a18360e3e084</managedAssetId>
        <assetUuid>e3c3a303-90b0-42a5-8c02-e323f33c1975</assetUuid>
        <mimeType>text/html</mimeType>
        <charEncoding isNull="true" />
        <assetTypeCode>W</assetTypeCode>
        <length>1599</length>
        <localLastModification>1607068412122</localLastModification>
        <description isNull="true" />
        <isDocumentationFile>false</isDocumentationFile>
        <guid>guid:000000010c4d01d2:39e3684b:f1ea18360e3:-e084</guid>
        <versionId>63445d94-294d-3f6f-b19d-b05a1a62facc</versionId>
    </managedAsset>
</teamworks>

