<?xml version="1.0" encoding="UTF-8"?>
<teamworks>
    <managedAsset id="61.1b616b83-fed9-3233-a7ae-0ac0a6c225aa" name="dataGrid_palette.png">
        <lastModified>1618072897364</lastModified>
        <lastModifiedBy>dmgr_admin</lastModifiedBy>
        <managedAssetId>61.1b616b83-fed9-3233-a7ae-0ac0a6c225aa</managedAssetId>
        <assetUuid>21ddd36b-b94e-4cb3-a6e1-74a5d25c0dfd</assetUuid>
        <mimeType>image/png</mimeType>
        <charEncoding isNull="true" />
        <assetTypeCode>W</assetTypeCode>
        <length>15936</length>
        <localLastModification>1607068412135</localLastModification>
        <description isNull="true" />
        <isDocumentationFile>false</isDocumentationFile>
        <guid>guid:00000001b616b83f:ed93233a:7ae0ac0a6c2:-25aa</guid>
        <versionId>45ee6259-f45f-32d7-985b-972d077e4c9e</versionId>
    </managedAsset>
</teamworks>

