<?xml version="1.0" encoding="UTF-8"?>
<teamworks>
    <managedAsset id="61.2008e8da-087f-3be5-be1a-1fb72abf2b42" name="PrevImage.html">
        <lastModified>1618072897364</lastModified>
        <lastModifiedBy>dmgr_admin</lastModifiedBy>
        <managedAssetId>61.2008e8da-087f-3be5-be1a-1fb72abf2b42</managedAssetId>
        <assetUuid>8ee79a26-2d67-470c-b360-dcf59961213b</assetUuid>
        <mimeType>text/html</mimeType>
        <charEncoding isNull="true" />
        <assetTypeCode>W</assetTypeCode>
        <length>302</length>
        <localLastModification>1607068412119</localLastModification>
        <description isNull="true" />
        <isDocumentationFile>false</isDocumentationFile>
        <guid>guid:00000002008e8da0:87f3be5b:e1a1fb72abf:-2b42</guid>
        <versionId>496244ed-eac3-3ae6-855b-b48aa969d013</versionId>
    </managedAsset>
</teamworks>

