<?xml version="1.0" encoding="UTF-8"?>
<teamworks>
    <managedAsset id="61.2759849f-968e-3c1a-a798-2d251f6b2e03" name="PrevOutputText.html">
        <lastModified>1618072897364</lastModified>
        <lastModifiedBy>dmgr_admin</lastModifiedBy>
        <managedAssetId>61.2759849f-968e-3c1a-a798-2d251f6b2e03</managedAssetId>
        <assetUuid>438c8864-6dbc-436e-9b56-cedf0c07511b</assetUuid>
        <mimeType>text/html</mimeType>
        <charEncoding isNull="true" />
        <assetTypeCode>W</assetTypeCode>
        <length>217</length>
        <localLastModification>1607068412111</localLastModification>
        <description isNull="true" />
        <isDocumentationFile>false</isDocumentationFile>
        <guid>guid:00000002759849f9:68e3c1aa:7982d251f6b:-2e03</guid>
        <versionId>e81f9705-664c-31ca-8d4a-5fc4328788bc</versionId>
    </managedAsset>
</teamworks>

