<?xml version="1.0" encoding="UTF-8"?>
<teamworks>
    <managedAsset id="61.276e29fe-9391-3bc3-ac1b-d805f072274e" name="PrevRadio.js">
        <lastModified>1618072897364</lastModified>
        <lastModifiedBy>dmgr_admin</lastModifiedBy>
        <managedAssetId>61.276e29fe-9391-3bc3-ac1b-d805f072274e</managedAssetId>
        <assetUuid>691b063f-3700-457e-8506-c9afbb1d01a0</assetUuid>
        <mimeType>application/javascript</mimeType>
        <charEncoding isNull="true" />
        <assetTypeCode>W</assetTypeCode>
        <length>2234</length>
        <localLastModification>1607068412152</localLastModification>
        <description isNull="true" />
        <isDocumentationFile>false</isDocumentationFile>
        <guid>guid:0000000276e29fe9:3913bc3a:c1bd805f072:-274e</guid>
        <versionId>7f073674-8171-3ef8-8fdd-e80946722118</versionId>
    </managedAsset>
</teamworks>

