<?xml version="1.0" encoding="UTF-8"?>
<teamworks>
    <managedAsset id="61.27ca5a53-c4c5-3540-a002-6cf2e24f118b" name="e77f2a7e-10b4-45ee-90eb-e5b1546cc743.zip">
        <lastModified>1618072897364</lastModified>
        <lastModifiedBy>dmgr_admin</lastModifiedBy>
        <managedAssetId>61.27ca5a53-c4c5-3540-a002-6cf2e24f118b</managedAssetId>
        <assetUuid>9a58ecad-ff87-4549-aec5-1e35c9d3c47f</assetUuid>
        <mimeType>application/zip</mimeType>
        <charEncoding isNull="true" />
        <assetTypeCode>T</assetTypeCode>
        <length>28971</length>
        <localLastModification>1607068412163</localLastModification>
        <description isNull="true" />
        <isDocumentationFile>false</isDocumentationFile>
        <guid>guid:000000027ca5a53c:4c53540a:0026cf2e24f:-118b</guid>
        <versionId>13b354a4-56d5-37d6-a387-37a0bf21da74</versionId>
    </managedAsset>
</teamworks>

