<?xml version="1.0" encoding="UTF-8"?>
<teamworks>
    <managedAsset id="61.3623680d-cb30-3bb2-bda1-a0d6deb01e00" name="controls.debug.zip">
        <lastModified>1618072897364</lastModified>
        <lastModifiedBy>dmgr_admin</lastModifiedBy>
        <managedAssetId>61.3623680d-cb30-3bb2-bda1-a0d6deb01e00</managedAssetId>
        <assetUuid>4614641a-066e-427a-88eb-d242812c7e8f</assetUuid>
        <mimeType>application/zip</mimeType>
        <charEncoding isNull="true" />
        <assetTypeCode>W</assetTypeCode>
        <length>834740</length>
        <localLastModification>1607068412134</localLastModification>
        <description isNull="true" />
        <isDocumentationFile>false</isDocumentationFile>
        <guid>guid:00000003623680dc:b303bb2b:da1a0d6deb0:-1e00</guid>
        <versionId>34006b1c-ddb5-3587-93d2-e4045641b252</versionId>
    </managedAsset>
</teamworks>

