<?xml version="1.0" encoding="UTF-8"?>
<teamworks>
    <managedAsset id="61.3cd977be-0049-3328-a2b7-7c1ac0d2621e" name="PrevTabs.js">
        <lastModified>1618072897364</lastModified>
        <lastModifiedBy>dmgr_admin</lastModifiedBy>
        <managedAssetId>61.3cd977be-0049-3328-a2b7-7c1ac0d2621e</managedAssetId>
        <assetUuid>0663d5d4-619d-4d6b-bb60-3bc872e65afc</assetUuid>
        <mimeType>application/javascript</mimeType>
        <charEncoding isNull="true" />
        <assetTypeCode>W</assetTypeCode>
        <length>629</length>
        <localLastModification>1607068412135</localLastModification>
        <description isNull="true" />
        <isDocumentationFile>false</isDocumentationFile>
        <guid>guid:00000003cd977be0:0493328a:2b77c1ac0d2:-621e</guid>
        <versionId>50b62d36-7ca9-3e72-bacf-cd9bd6ea74a8</versionId>
    </managedAsset>
</teamworks>

