<?xml version="1.0" encoding="UTF-8"?>
<teamworks>
    <managedAsset id="61.3152bbff-8a33-320a-8d15-555440cdede0" name="PrevTextArea.html">
        <lastModified>1618072897364</lastModified>
        <lastModifiedBy>dmgr_admin</lastModifiedBy>
        <managedAssetId>61.3152bbff-8a33-320a-8d15-555440cdede0</managedAssetId>
        <assetUuid>8c22021a-d6ec-4d0f-ad8e-489a12c43de8</assetUuid>
        <mimeType>text/html</mimeType>
        <charEncoding isNull="true" />
        <assetTypeCode>W</assetTypeCode>
        <length>394</length>
        <localLastModification>1607068412153</localLastModification>
        <description isNull="true" />
        <isDocumentationFile>false</isDocumentationFile>
        <guid>guid:00000003152bbff8:a33320a8:d15555440cd:-ede0</guid>
        <versionId>e10ad482-7415-36e0-8f27-32ccb777fb26</versionId>
    </managedAsset>
</teamworks>

