<?xml version="1.0" encoding="UTF-8"?>
<teamworks>
    <managedAsset id="61.3147378e-d910-31b3-866b-fac0888a1618" name="PrevCheckbox.html">
        <lastModified>1618072897364</lastModified>
        <lastModifiedBy>dmgr_admin</lastModifiedBy>
        <managedAssetId>61.3147378e-d910-31b3-866b-fac0888a1618</managedAssetId>
        <assetUuid>07c28938-db67-43bc-ad9f-2104768211a9</assetUuid>
        <mimeType>text/html</mimeType>
        <charEncoding isNull="true" />
        <assetTypeCode>W</assetTypeCode>
        <length>1190</length>
        <localLastModification>1607068412153</localLastModification>
        <description isNull="true" />
        <isDocumentationFile>false</isDocumentationFile>
        <guid>guid:00000003147378ed:91031b38:66bfac0888a:-1618</guid>
        <versionId>c919b0c1-a897-378d-b17d-b5798ae03ca0</versionId>
    </managedAsset>
</teamworks>

