<?xml version="1.0" encoding="UTF-8"?>
<teamworks>
    <managedAsset id="61.307657b8-8249-37ff-9fec-0b8e3c49f860" name="PrevText.html">
        <lastModified>1618072897364</lastModified>
        <lastModifiedBy>dmgr_admin</lastModifiedBy>
        <managedAssetId>61.307657b8-8249-37ff-9fec-0b8e3c49f860</managedAssetId>
        <assetUuid>6f5c83de-cb09-4653-822d-d5e0b8e9ddb8</assetUuid>
        <mimeType>text/html</mimeType>
        <charEncoding isNull="true" />
        <assetTypeCode>W</assetTypeCode>
        <length>326</length>
        <localLastModification>1607068412127</localLastModification>
        <description isNull="true" />
        <isDocumentationFile>false</isDocumentationFile>
        <guid>guid:0000000307657b88:24937ff9:fec0b8e3c49:-f860</guid>
        <versionId>8d1636f4-25a0-3bed-a29e-90958b9ff719</versionId>
    </managedAsset>
</teamworks>

