<?xml version="1.0" encoding="UTF-8"?>
<teamworks>
    <managedAsset id="61.3b1424a2-b053-3d27-9238-554243ce8bff" name="checkbox.html">
        <lastModified>1618072897364</lastModified>
        <lastModifiedBy>dmgr_admin</lastModifiedBy>
        <managedAssetId>61.3b1424a2-b053-3d27-9238-554243ce8bff</managedAssetId>
        <assetUuid>dba909f4-3858-48a6-9dbc-c5546f497d17</assetUuid>
        <mimeType>text/html</mimeType>
        <charEncoding isNull="true" />
        <assetTypeCode>W</assetTypeCode>
        <length>3982</length>
        <localLastModification>1607068412121</localLastModification>
        <description isNull="true" />
        <isDocumentationFile>false</isDocumentationFile>
        <guid>guid:00000003b1424a2b:0533d279:238554243ce:-8bff</guid>
        <versionId>156d0aa6-be5e-3bff-9002-7b6fa1fa9a2f</versionId>
    </managedAsset>
</teamworks>

