<?xml version="1.0" encoding="UTF-8"?>
<teamworks>
    <managedAsset id="61.3a6be9c3-2b79-382a-9669-6843d87da45c" name="text_preview.png">
        <lastModified>1618072897364</lastModified>
        <lastModifiedBy>dmgr_admin</lastModifiedBy>
        <managedAssetId>61.3a6be9c3-2b79-382a-9669-6843d87da45c</managedAssetId>
        <assetUuid>13107a95-e0ac-4eee-ba97-33ccab65d9be</assetUuid>
        <mimeType>image/png</mimeType>
        <charEncoding isNull="true" />
        <assetTypeCode>W</assetTypeCode>
        <length>3125</length>
        <localLastModification>1607068412156</localLastModification>
        <description isNull="true" />
        <isDocumentationFile>false</isDocumentationFile>
        <guid>guid:00000003a6be9c32:b79382a9:6696843d87d:-a45c</guid>
        <versionId>7c11d621-a22d-31ef-a64b-aeff711107ba</versionId>
    </managedAsset>
</teamworks>

