<?xml version="1.0" encoding="UTF-8"?>
<teamworks>
    <managedAsset id="61.491541f5-0dae-3e57-90fc-84480c87d751" name="radioButton_palette.png">
        <lastModified>1618072897364</lastModified>
        <lastModifiedBy>dmgr_admin</lastModifiedBy>
        <managedAssetId>61.491541f5-0dae-3e57-90fc-84480c87d751</managedAssetId>
        <assetUuid>788b86dd-96bd-4cad-a66d-c1dd179be5ba</assetUuid>
        <mimeType>image/png</mimeType>
        <charEncoding isNull="true" />
        <assetTypeCode>W</assetTypeCode>
        <length>18078</length>
        <localLastModification>1607068412157</localLastModification>
        <description isNull="true" />
        <isDocumentationFile>false</isDocumentationFile>
        <guid>guid:0000000491541f50:dae3e579:0fc84480c87:-d751</guid>
        <versionId>97b30798-6801-3d81-b96f-d99f32fd2b58</versionId>
    </managedAsset>
</teamworks>

