<?xml version="1.0" encoding="UTF-8"?>
<teamworks>
    <managedAsset id="61.426c224b-553b-3416-ba4a-09cd00c8da97" name="radioButtons.html">
        <lastModified>1618072897364</lastModified>
        <lastModifiedBy>dmgr_admin</lastModifiedBy>
        <managedAssetId>61.426c224b-553b-3416-ba4a-09cd00c8da97</managedAssetId>
        <assetUuid>86593eda-e2f1-4cfb-8ab3-16d8f2289694</assetUuid>
        <mimeType>text/html</mimeType>
        <charEncoding isNull="true" />
        <assetTypeCode>W</assetTypeCode>
        <length>1614</length>
        <localLastModification>1607068412145</localLastModification>
        <description isNull="true" />
        <isDocumentationFile>false</isDocumentationFile>
        <guid>guid:0000000426c224b5:53b3416b:a4a09cd00c8:-da97</guid>
        <versionId>e1779d6b-ee23-34f4-b0d5-1b8fe1e08a8d</versionId>
    </managedAsset>
</teamworks>

