<?xml version="1.0" encoding="UTF-8"?>
<teamworks>
    <managedAsset id="61.40040a11-eeba-3c8b-a79d-3f3c78841563" name="bootstrap.zip">
        <lastModified>1618072897364</lastModified>
        <lastModifiedBy>dmgr_admin</lastModifiedBy>
        <managedAssetId>61.40040a11-eeba-3c8b-a79d-3f3c78841563</managedAssetId>
        <assetUuid>237ad4ff-bebd-42e9-8da3-d81f67f0222f</assetUuid>
        <mimeType>application/zip</mimeType>
        <charEncoding isNull="true" />
        <assetTypeCode>W</assetTypeCode>
        <length>324791</length>
        <localLastModification>1607068412122</localLastModification>
        <description isNull="true" />
        <isDocumentationFile>false</isDocumentationFile>
        <guid>guid:000000040040a11e:eba3c8ba:79d3f3c7884:-1563</guid>
        <versionId>2bcc3439-31a9-3872-907a-2150806121d9</versionId>
    </managedAsset>
</teamworks>

