<?xml version="1.0" encoding="UTF-8"?>
<teamworks>
    <managedAsset id="61.50104f5b-8550-3a5b-856f-439671b0ca70" name="dataGrid.html">
        <lastModified>1618072897364</lastModified>
        <lastModifiedBy>dmgr_admin</lastModifiedBy>
        <managedAssetId>61.50104f5b-8550-3a5b-856f-439671b0ca70</managedAssetId>
        <assetUuid>aa458bd5-c050-4b22-9fc9-28dc3e55beec</assetUuid>
        <mimeType>text/html</mimeType>
        <charEncoding isNull="true" />
        <assetTypeCode>W</assetTypeCode>
        <length>291</length>
        <localLastModification>1607068412158</localLastModification>
        <description isNull="true" />
        <isDocumentationFile>false</isDocumentationFile>
        <guid>guid:000000050104f5b8:5503a5b8:56f439671b0:-ca70</guid>
        <versionId>a6d97cc5-cbba-3d71-8a36-9995f517fc27</versionId>
    </managedAsset>
</teamworks>

