<?xml version="1.0" encoding="UTF-8"?>
<teamworks>
    <managedAsset id="61.591ddb96-72bf-3a81-9ed4-a42f2b68bc27" name="camera.preview.min.js">
        <lastModified>1618072897364</lastModified>
        <lastModifiedBy>dmgr_admin</lastModifiedBy>
        <managedAssetId>61.591ddb96-72bf-3a81-9ed4-a42f2b68bc27</managedAssetId>
        <assetUuid>530a67fc-fe28-4943-9cd9-e38304c23b98</assetUuid>
        <mimeType>application/javascript</mimeType>
        <charEncoding isNull="true" />
        <assetTypeCode>W</assetTypeCode>
        <length>1022</length>
        <localLastModification>1607068412158</localLastModification>
        <description isNull="true" />
        <isDocumentationFile>false</isDocumentationFile>
        <guid>guid:0000000591ddb967:2bf3a819:ed4a42f2b68:-bc27</guid>
        <versionId>48458681-0531-3308-8c5c-74f816b844af</versionId>
    </managedAsset>
</teamworks>

