<?xml version="1.0" encoding="UTF-8"?>
<teamworks>
    <managedAsset id="61.5c2cce6c-061e-30ce-be7f-206497563477" name="image.html">
        <lastModified>1618072897364</lastModified>
        <lastModifiedBy>dmgr_admin</lastModifiedBy>
        <managedAssetId>61.5c2cce6c-061e-30ce-be7f-206497563477</managedAssetId>
        <assetUuid>5a8777a4-3004-49ba-84be-5fd1bd60ef12</assetUuid>
        <mimeType>text/html</mimeType>
        <charEncoding isNull="true" />
        <assetTypeCode>W</assetTypeCode>
        <length>778</length>
        <localLastModification>1607068412156</localLastModification>
        <description isNull="true" />
        <isDocumentationFile>false</isDocumentationFile>
        <guid>guid:00000005c2cce6c0:61e30ceb:e7f20649756:-3477</guid>
        <versionId>16947836-1f4b-3610-abbd-4bd92ae45008</versionId>
    </managedAsset>
</teamworks>

