<?xml version="1.0" encoding="UTF-8"?>
<teamworks>
    <managedAsset id="61.5c2a4e4f-6924-33ae-b258-b5690aa31035" name="dateTimePicker.html">
        <lastModified>1618072897364</lastModified>
        <lastModifiedBy>dmgr_admin</lastModifiedBy>
        <managedAssetId>61.5c2a4e4f-6924-33ae-b258-b5690aa31035</managedAssetId>
        <assetUuid>7aa2b1bc-7262-4158-a5fe-91cdffb70cfc</assetUuid>
        <mimeType>text/html</mimeType>
        <charEncoding isNull="true" />
        <assetTypeCode>W</assetTypeCode>
        <length>4864</length>
        <localLastModification>1607068412110</localLastModification>
        <description isNull="true" />
        <isDocumentationFile>false</isDocumentationFile>
        <guid>guid:00000005c2a4e4f6:92433aeb:258b5690aa3:-1035</guid>
        <versionId>1683dbe0-d605-3f77-b113-adffe5490052</versionId>
    </managedAsset>
</teamworks>

