<?xml version="1.0" encoding="UTF-8"?>
<teamworks>
    <managedAsset id="61.59232915-ea8e-3e33-88ad-125713ec813b" name="tabs_palette.png">
        <lastModified>1618072897364</lastModified>
        <lastModifiedBy>dmgr_admin</lastModifiedBy>
        <managedAssetId>61.59232915-ea8e-3e33-88ad-125713ec813b</managedAssetId>
        <assetUuid>e3789caf-5445-4c49-8779-5282dddbc5a5</assetUuid>
        <mimeType>image/png</mimeType>
        <charEncoding isNull="true" />
        <assetTypeCode>W</assetTypeCode>
        <length>15328</length>
        <localLastModification>1607068412149</localLastModification>
        <description isNull="true" />
        <isDocumentationFile>false</isDocumentationFile>
        <guid>guid:000000059232915e:a8e3e338:8ad125713ec:-813b</guid>
        <versionId>0f7752ff-947f-38fc-bcf8-12ab0624ffeb</versionId>
    </managedAsset>
</teamworks>

