<?xml version="1.0" encoding="UTF-8"?>
<teamworks>
    <managedAsset id="61.63a7c611-0d56-3a21-ad24-e6e1ef50c1ec" name="table_palette.png">
        <lastModified>1618072897364</lastModified>
        <lastModifiedBy>dmgr_admin</lastModifiedBy>
        <managedAssetId>61.63a7c611-0d56-3a21-ad24-e6e1ef50c1ec</managedAssetId>
        <assetUuid>57451ea3-60fa-48f0-9fa4-1780eaf2ca32</assetUuid>
        <mimeType>image/png</mimeType>
        <charEncoding isNull="true" />
        <assetTypeCode>W</assetTypeCode>
        <length>1695</length>
        <localLastModification>1607068412137</localLastModification>
        <description isNull="true" />
        <isDocumentationFile>false</isDocumentationFile>
        <guid>guid:000000063a7c6110:d563a21a:d24e6e1ef50:-c1ec</guid>
        <versionId>0baf1ac6-9181-39df-ac6f-7eb6f2484693</versionId>
    </managedAsset>
</teamworks>

