<?xml version="1.0" encoding="UTF-8"?>
<teamworks>
    <managedAsset id="61.6e8c6901-c556-390f-af8f-94d2a92e7eea" name="dateTimePicker_preview.png">
        <lastModified>1618072897364</lastModified>
        <lastModifiedBy>dmgr_admin</lastModifiedBy>
        <managedAssetId>61.6e8c6901-c556-390f-af8f-94d2a92e7eea</managedAssetId>
        <assetUuid>8e1fedc8-3125-46c3-9ffa-5533a0269401</assetUuid>
        <mimeType>image/png</mimeType>
        <charEncoding isNull="true" />
        <assetTypeCode>W</assetTypeCode>
        <length>4578</length>
        <localLastModification>1607068412120</localLastModification>
        <description isNull="true" />
        <isDocumentationFile>false</isDocumentationFile>
        <guid>guid:00000006e8c6901c:556390fa:f8f94d2a92e:-7eea</guid>
        <versionId>ed62a1fa-1c14-36b7-8d63-015690718cb7</versionId>
    </managedAsset>
</teamworks>

