<?xml version="1.0" encoding="UTF-8"?>
<teamworks>
    <managedAsset id="61.6c5e26bb-8870-3091-a496-0aaae467ade3" name="outputText.html">
        <lastModified>1618072897364</lastModified>
        <lastModifiedBy>dmgr_admin</lastModifiedBy>
        <managedAssetId>61.6c5e26bb-8870-3091-a496-0aaae467ade3</managedAssetId>
        <assetUuid>5abb3a3c-42dc-4477-b232-15c0b7147009</assetUuid>
        <mimeType>text/html</mimeType>
        <charEncoding isNull="true" />
        <assetTypeCode>W</assetTypeCode>
        <length>487</length>
        <localLastModification>1607068412126</localLastModification>
        <description isNull="true" />
        <isDocumentationFile>false</isDocumentationFile>
        <guid>guid:00000006c5e26bb8:8703091a:4960aaae467:-ade3</guid>
        <versionId>9db51158-3427-31ed-b752-78f6056e1995</versionId>
    </managedAsset>
</teamworks>

