<?xml version="1.0" encoding="UTF-8"?>
<teamworks>
    <managedAsset id="61.6174df45-5018-33c8-a2c4-5077c8a92546" name="textArea_palette.png">
        <lastModified>1618072897364</lastModified>
        <lastModifiedBy>dmgr_admin</lastModifiedBy>
        <managedAssetId>61.6174df45-5018-33c8-a2c4-5077c8a92546</managedAssetId>
        <assetUuid>28827f21-371e-4ca8-b540-ced2ec7be1b3</assetUuid>
        <mimeType>image/png</mimeType>
        <charEncoding isNull="true" />
        <assetTypeCode>W</assetTypeCode>
        <length>17880</length>
        <localLastModification>1607068412112</localLastModification>
        <description isNull="true" />
        <isDocumentationFile>false</isDocumentationFile>
        <guid>guid:00000006174df455:01833c8a:2c45077c8a9:-2546</guid>
        <versionId>c9c8c100-c3f6-30d2-ad61-c74ba89fbaaf</versionId>
    </managedAsset>
</teamworks>

