<?xml version="1.0" encoding="UTF-8"?>
<teamworks>
    <managedAsset id="61.60b9b411-a6ce-39a6-8532-94f34a1e7e8f" name="coachview.helper.min.zip">
        <lastModified>1618072897364</lastModified>
        <lastModifiedBy>dmgr_admin</lastModifiedBy>
        <managedAssetId>61.60b9b411-a6ce-39a6-8532-94f34a1e7e8f</managedAssetId>
        <assetUuid>04baf0c6-732c-4814-bd7f-520c92565c16</assetUuid>
        <mimeType>application/zip</mimeType>
        <charEncoding isNull="true" />
        <assetTypeCode>W</assetTypeCode>
        <length>1183</length>
        <localLastModification>1607068412110</localLastModification>
        <description isNull="true" />
        <isDocumentationFile>false</isDocumentationFile>
        <guid>guid:000000060b9b411a:6ce39a68:53294f34a1e:-7e8f</guid>
        <versionId>a4624aed-a64e-3f80-bbbd-0b728131700b</versionId>
    </managedAsset>
</teamworks>

