<?xml version="1.0" encoding="UTF-8"?>
<teamworks>
    <managedAsset id="61.6bde1dc0-8cb2-3e44-b24a-289b7147d5fd" name="PrevTextArea.js">
        <lastModified>1618072897364</lastModified>
        <lastModifiedBy>dmgr_admin</lastModifiedBy>
        <managedAssetId>61.6bde1dc0-8cb2-3e44-b24a-289b7147d5fd</managedAssetId>
        <assetUuid>9410a9e6-4dd7-4526-bd69-80e4a29ea5dd</assetUuid>
        <mimeType>application/javascript</mimeType>
        <charEncoding isNull="true" />
        <assetTypeCode>W</assetTypeCode>
        <length>1488</length>
        <localLastModification>1607068412113</localLastModification>
        <description isNull="true" />
        <isDocumentationFile>false</isDocumentationFile>
        <guid>guid:00000006bde1dc08:cb23e44b:24a289b7147:-d5fd</guid>
        <versionId>1fb58109-928d-3d17-a4e9-b65b1ea389a2</versionId>
    </managedAsset>
</teamworks>

