<?xml version="1.0" encoding="UTF-8"?>
<teamworks>
    <managedAsset id="61.68027e98-95ba-3189-b84c-0ad5a537fd9a" name="PrevMultiSel.html">
        <lastModified>1618072897364</lastModified>
        <lastModifiedBy>dmgr_admin</lastModifiedBy>
        <managedAssetId>61.68027e98-95ba-3189-b84c-0ad5a537fd9a</managedAssetId>
        <assetUuid>03b4ddaa-3abf-40c8-b7c7-88d9419aa82f</assetUuid>
        <mimeType>text/html</mimeType>
        <charEncoding isNull="true" />
        <assetTypeCode>W</assetTypeCode>
        <length>526</length>
        <localLastModification>1607068412118</localLastModification>
        <description isNull="true" />
        <isDocumentationFile>false</isDocumentationFile>
        <guid>guid:000000068027e989:5ba3189b:84c0ad5a537:-fd9a</guid>
        <versionId>558e54fe-5fd5-3e85-8810-ae4bca1da667</versionId>
    </managedAsset>
</teamworks>

