<?xml version="1.0" encoding="UTF-8"?>
<teamworks>
    <managedAsset id="61.6eea3a5e-f821-3342-9632-9a6fa98a6bd7" name="coachview.helper.debug.zip">
        <lastModified>1618072897364</lastModified>
        <lastModifiedBy>dmgr_admin</lastModifiedBy>
        <managedAssetId>61.6eea3a5e-f821-3342-9632-9a6fa98a6bd7</managedAssetId>
        <assetUuid>8e48fae0-620c-474b-a973-4597b5101085</assetUuid>
        <mimeType>application/zip</mimeType>
        <charEncoding isNull="true" />
        <assetTypeCode>W</assetTypeCode>
        <length>1766</length>
        <localLastModification>1607068412147</localLastModification>
        <description isNull="true" />
        <isDocumentationFile>false</isDocumentationFile>
        <guid>guid:00000006eea3a5ef:82133429:6329a6fa98a:-6bd7</guid>
        <versionId>16da4f8b-cae5-3338-b906-3c4c2fa7508d</versionId>
    </managedAsset>
</teamworks>

