<?xml version="1.0" encoding="UTF-8"?>
<teamworks>
    <managedAsset id="61.69fbc47b-ad3f-3d20-8350-966a7170c452" name="textArea.html">
        <lastModified>1618072897364</lastModified>
        <lastModifiedBy>dmgr_admin</lastModifiedBy>
        <managedAssetId>61.69fbc47b-ad3f-3d20-8350-966a7170c452</managedAssetId>
        <assetUuid>f496422c-61ae-404c-adc2-8a2f12b9fa8a</assetUuid>
        <mimeType>text/html</mimeType>
        <charEncoding isNull="true" />
        <assetTypeCode>W</assetTypeCode>
        <length>14703</length>
        <localLastModification>1607068412123</localLastModification>
        <description isNull="true" />
        <isDocumentationFile>false</isDocumentationFile>
        <guid>guid:000000069fbc47ba:d3f3d208:350966a7170:-c452</guid>
        <versionId>e434ee97-8977-370c-ba03-88712b41b4e9</versionId>
    </managedAsset>
</teamworks>

