<?xml version="1.0" encoding="UTF-8"?>
<teamworks>
    <managedAsset id="61.7921625c-4aa7-37dd-84ba-86d4e23ecb64" name="PrevSection.js">
        <lastModified>1618072897364</lastModified>
        <lastModifiedBy>dmgr_admin</lastModifiedBy>
        <managedAssetId>61.7921625c-4aa7-37dd-84ba-86d4e23ecb64</managedAssetId>
        <assetUuid>7acbb479-360c-46b1-b90b-7d9593e501e9</assetUuid>
        <mimeType>application/javascript</mimeType>
        <charEncoding isNull="true" />
        <assetTypeCode>W</assetTypeCode>
        <length>4822</length>
        <localLastModification>1607068412142</localLastModification>
        <description isNull="true" />
        <isDocumentationFile>false</isDocumentationFile>
        <guid>guid:00000007921625c4:aa737dd8:4ba86d4e23e:-cb64</guid>
        <versionId>79c738ee-d010-34f0-b807-62eb2737d449</versionId>
    </managedAsset>
</teamworks>

