<?xml version="1.0" encoding="UTF-8"?>
<teamworks>
    <managedAsset id="61.737432dd-e78c-36ba-a455-88a550dac768" name="textArea_preview.png">
        <lastModified>1618072897364</lastModified>
        <lastModifiedBy>dmgr_admin</lastModifiedBy>
        <managedAssetId>61.737432dd-e78c-36ba-a455-88a550dac768</managedAssetId>
        <assetUuid>bf00984b-d882-42db-ab0f-822719c919aa</assetUuid>
        <mimeType>image/png</mimeType>
        <charEncoding isNull="true" />
        <assetTypeCode>W</assetTypeCode>
        <length>3922</length>
        <localLastModification>1607068412160</localLastModification>
        <description isNull="true" />
        <isDocumentationFile>false</isDocumentationFile>
        <guid>guid:0000000737432dde:78c36baa:45588a550da:-c768</guid>
        <versionId>2cbf1f52-b497-3007-a1ac-cf0550ab3de0</versionId>
    </managedAsset>
</teamworks>

