<?xml version="1.0" encoding="UTF-8"?>
<teamworks>
    <managedAsset id="61.753ec599-e014-3ac0-9251-63c6aa962a34" name="controls.min.zip">
        <lastModified>1618072897364</lastModified>
        <lastModifiedBy>dmgr_admin</lastModifiedBy>
        <managedAssetId>61.753ec599-e014-3ac0-9251-63c6aa962a34</managedAssetId>
        <assetUuid>c79634e1-9a7d-42da-a295-5a44efc9b85b</assetUuid>
        <mimeType>application/zip</mimeType>
        <charEncoding isNull="true" />
        <assetTypeCode>W</assetTypeCode>
        <length>3958229</length>
        <localLastModification>1607068412129</localLastModification>
        <description isNull="true" />
        <isDocumentationFile>false</isDocumentationFile>
        <guid>guid:0000000753ec599e:0143ac09:25163c6aa96:-2a34</guid>
        <versionId>50d18358-49d1-3519-8251-501aa28b5579</versionId>
    </managedAsset>
</teamworks>

