<?xml version="1.0" encoding="UTF-8"?>
<teamworks>
    <managedAsset id="61.79defc37-f8af-3e6f-8368-9b08df724f0f" name="table_preview.png">
        <lastModified>1618072897364</lastModified>
        <lastModifiedBy>dmgr_admin</lastModifiedBy>
        <managedAssetId>61.79defc37-f8af-3e6f-8368-9b08df724f0f</managedAssetId>
        <assetUuid>e6ce2987-684d-45c2-a6c9-3cb3b58e5ca7</assetUuid>
        <mimeType>image/png</mimeType>
        <charEncoding isNull="true" />
        <assetTypeCode>W</assetTypeCode>
        <length>107</length>
        <localLastModification>1607068412131</localLastModification>
        <description isNull="true" />
        <isDocumentationFile>false</isDocumentationFile>
        <guid>guid:000000079defc37f:8af3e6f8:3689b08df72:-4f0f</guid>
        <versionId>2e415ecc-910c-315a-a84c-7491a32eb47c</versionId>
    </managedAsset>
</teamworks>

