<?xml version="1.0" encoding="UTF-8"?>
<teamworks>
    <managedAsset id="61.8114fa6e-cefa-33b5-adc4-62f8f0d58ce5" name="PrevDate.html">
        <lastModified>1618072897364</lastModified>
        <lastModifiedBy>dmgr_admin</lastModifiedBy>
        <managedAssetId>61.8114fa6e-cefa-33b5-adc4-62f8f0d58ce5</managedAssetId>
        <assetUuid>884c4ad0-0880-4051-81ef-1e40060a7697</assetUuid>
        <mimeType>text/html</mimeType>
        <charEncoding isNull="true" />
        <assetTypeCode>W</assetTypeCode>
        <length>10514</length>
        <localLastModification>1607068412150</localLastModification>
        <description isNull="true" />
        <isDocumentationFile>false</isDocumentationFile>
        <guid>guid:00000008114fa6ec:efa33b5a:dc462f8f0d5:-8ce5</guid>
        <versionId>f9f4fe1f-b07a-3d36-8cf9-f5d12b688111</versionId>
    </managedAsset>
</teamworks>

