<?xml version="1.0" encoding="UTF-8"?>
<teamworks>
    <managedAsset id="61.88f1bb18-2ce6-3b36-a843-338d61b2ffe8" name="PrevDecimalInteger.html">
        <lastModified>1618072897364</lastModified>
        <lastModifiedBy>dmgr_admin</lastModifiedBy>
        <managedAssetId>61.88f1bb18-2ce6-3b36-a843-338d61b2ffe8</managedAssetId>
        <assetUuid>d13a5157-ca12-432e-aa2d-31b2354e47c6</assetUuid>
        <mimeType>text/html</mimeType>
        <charEncoding isNull="true" />
        <assetTypeCode>W</assetTypeCode>
        <length>1095</length>
        <localLastModification>1607068412138</localLastModification>
        <description isNull="true" />
        <isDocumentationFile>false</isDocumentationFile>
        <guid>guid:000000088f1bb182:ce63b36a:843338d61b2:-ffe8</guid>
        <versionId>f3222e17-10c6-3c82-95f5-5b4b4e5a3f16</versionId>
    </managedAsset>
</teamworks>

