<?xml version="1.0" encoding="UTF-8"?>
<teamworks>
    <managedAsset id="61.8e969004-a466-362e-8cf2-0007450f9bd8" name="PrevDecimalInteger.js">
        <lastModified>1618072897364</lastModified>
        <lastModifiedBy>dmgr_admin</lastModifiedBy>
        <managedAssetId>61.8e969004-a466-362e-8cf2-0007450f9bd8</managedAssetId>
        <assetUuid>fc87140d-c7c1-4bfe-a536-167a679af36c</assetUuid>
        <mimeType>application/javascript</mimeType>
        <charEncoding isNull="true" />
        <assetTypeCode>W</assetTypeCode>
        <length>3171</length>
        <localLastModification>1607068412144</localLastModification>
        <description isNull="true" />
        <isDocumentationFile>false</isDocumentationFile>
        <guid>guid:00000008e969004a:466362e8:cf20007450f:-9bd8</guid>
        <versionId>37d911c6-ff5a-3e5d-85b9-aab607b2b555</versionId>
    </managedAsset>
</teamworks>

