<?xml version="1.0" encoding="UTF-8"?>
<teamworks>
    <managedAsset id="61.873e817e-64a4-378c-83dc-b09fe7287191" name="dateTimePickerTemplate.html">
        <lastModified>1618072897364</lastModified>
        <lastModifiedBy>dmgr_admin</lastModifiedBy>
        <managedAssetId>61.873e817e-64a4-378c-83dc-b09fe7287191</managedAssetId>
        <assetUuid>410db5ed-89cb-4d00-9045-d4004c47239b</assetUuid>
        <mimeType>text/html</mimeType>
        <charEncoding isNull="true" />
        <assetTypeCode>W</assetTypeCode>
        <length>9519</length>
        <localLastModification>1607068412160</localLastModification>
        <description isNull="true" />
        <isDocumentationFile>false</isDocumentationFile>
        <guid>guid:0000000873e817e6:4a4378c8:3dcb09fe728:-7191</guid>
        <versionId>a1855d03-08a5-3b95-b702-f3766c64f601</versionId>
    </managedAsset>
</teamworks>

