<?xml version="1.0" encoding="UTF-8"?>
<teamworks>
    <managedAsset id="61.9ab9fa17-b05f-3bfd-9ae5-a162432fd64a" name="decimal.html">
        <lastModified>1618072897364</lastModified>
        <lastModifiedBy>dmgr_admin</lastModifiedBy>
        <managedAssetId>61.9ab9fa17-b05f-3bfd-9ae5-a162432fd64a</managedAssetId>
        <assetUuid>546b3a9b-a3cb-4dcb-9f46-fb1489305677</assetUuid>
        <mimeType>text/html</mimeType>
        <charEncoding isNull="true" />
        <assetTypeCode>W</assetTypeCode>
        <length>2017</length>
        <localLastModification>1607068412164</localLastModification>
        <description isNull="true" />
        <isDocumentationFile>false</isDocumentationFile>
        <guid>guid:00000009ab9fa17b:05f3bfd9:ae5a162432f:-d64a</guid>
        <versionId>ea2a1969-11cb-399e-ab6d-efaf5e8dd447</versionId>
    </managedAsset>
</teamworks>

