<?xml version="1.0" encoding="UTF-8"?>
<teamworks>
    <managedAsset id="61.ae01f481-0844-3f50-b8eb-af557a7edc13" name="text_palette.png">
        <lastModified>1618072897364</lastModified>
        <lastModifiedBy>dmgr_admin</lastModifiedBy>
        <managedAssetId>61.ae01f481-0844-3f50-b8eb-af557a7edc13</managedAssetId>
        <assetUuid>dee482d7-524e-49ce-b504-82d9e802d2f8</assetUuid>
        <mimeType>image/png</mimeType>
        <charEncoding isNull="true" />
        <assetTypeCode>W</assetTypeCode>
        <length>15817</length>
        <localLastModification>1607068412162</localLastModification>
        <description isNull="true" />
        <isDocumentationFile>false</isDocumentationFile>
        <guid>guid:0000000ae01f4810:8443f50b:8ebaf557a7e:-dc13</guid>
        <versionId>98a05bad-3e1b-336c-939c-77e225510cca</versionId>
    </managedAsset>
</teamworks>

