<?xml version="1.0" encoding="UTF-8"?>
<teamworks>
    <managedAsset id="61.a2c084e4-c37b-3339-925e-e46b8a5769bf" name="button.html">
        <lastModified>1618072897364</lastModified>
        <lastModifiedBy>dmgr_admin</lastModifiedBy>
        <managedAssetId>61.a2c084e4-c37b-3339-925e-e46b8a5769bf</managedAssetId>
        <assetUuid>a693f773-8f79-4620-b2e5-d3c6c55c21df</assetUuid>
        <mimeType>text/html</mimeType>
        <charEncoding isNull="true" />
        <assetTypeCode>W</assetTypeCode>
        <length>427</length>
        <localLastModification>1607068412161</localLastModification>
        <description isNull="true" />
        <isDocumentationFile>false</isDocumentationFile>
        <guid>guid:0000000a2c084e4c:37b33399:25ee46b8a57:-69bf</guid>
        <versionId>46d86563-f556-3d33-8554-bc8173750312</versionId>
    </managedAsset>
</teamworks>

