<?xml version="1.0" encoding="UTF-8"?>
<teamworks>
    <managedAsset id="61.a6e5ad7a-dc97-3f5f-9b7a-593dcfbeda1b" name="multipleSelect.html">
        <lastModified>1618072897364</lastModified>
        <lastModifiedBy>dmgr_admin</lastModifiedBy>
        <managedAssetId>61.a6e5ad7a-dc97-3f5f-9b7a-593dcfbeda1b</managedAssetId>
        <assetUuid>a5332968-eb9c-40dd-9e06-0bc839e247e2</assetUuid>
        <mimeType>text/html</mimeType>
        <charEncoding isNull="true" />
        <assetTypeCode>W</assetTypeCode>
        <length>1938</length>
        <localLastModification>1607068412131</localLastModification>
        <description isNull="true" />
        <isDocumentationFile>false</isDocumentationFile>
        <guid>guid:0000000a6e5ad7ad:c973f5f9:b7a593dcfbe:-da1b</guid>
        <versionId>8825fc7a-6b70-36c3-9235-354b1b35dc5a</versionId>
    </managedAsset>
</teamworks>

