<?xml version="1.0" encoding="UTF-8"?>
<teamworks>
    <managedAsset id="61.af6776ab-a177-3cf0-bd2c-0269badcdd4b" name="image_palette.png">
        <lastModified>1618072897364</lastModified>
        <lastModifiedBy>dmgr_admin</lastModifiedBy>
        <managedAssetId>61.af6776ab-a177-3cf0-bd2c-0269badcdd4b</managedAssetId>
        <assetUuid>28ed8f41-3c08-4906-b7c8-23c1fb158579</assetUuid>
        <mimeType>image/png</mimeType>
        <charEncoding isNull="true" />
        <assetTypeCode>W</assetTypeCode>
        <length>17990</length>
        <localLastModification>1607068412119</localLastModification>
        <description isNull="true" />
        <isDocumentationFile>false</isDocumentationFile>
        <guid>guid:0000000af6776aba:1773cf0b:d2c0269badc:-dd4b</guid>
        <versionId>b7f51366-36e6-3b05-a096-881075256093</versionId>
    </managedAsset>
</teamworks>

