<?xml version="1.0" encoding="UTF-8"?>
<teamworks>
    <managedAsset id="61.a56aa49c-0121-3a19-b84b-3b2694ff4cf1" name="PrevText.js">
        <lastModified>1618072897364</lastModified>
        <lastModifiedBy>dmgr_admin</lastModifiedBy>
        <managedAssetId>61.a56aa49c-0121-3a19-b84b-3b2694ff4cf1</managedAssetId>
        <assetUuid>d335ab73-4228-4599-acd9-e2aa80ddbe5a</assetUuid>
        <mimeType>application/javascript</mimeType>
        <charEncoding isNull="true" />
        <assetTypeCode>W</assetTypeCode>
        <length>1742</length>
        <localLastModification>1607068412140</localLastModification>
        <description isNull="true" />
        <isDocumentationFile>false</isDocumentationFile>
        <guid>guid:0000000a56aa49c0:1213a19b:84b3b2694ff:-4cf1</guid>
        <versionId>89ac9841-4990-31f6-9e2f-6729f4015c87</versionId>
    </managedAsset>
</teamworks>

