<?xml version="1.0" encoding="UTF-8"?>
<teamworks>
    <managedAsset id="61.a3ddadce-6ff9-3ab7-9544-e0fe390fe5ad" name="PrevButton.html">
        <lastModified>1618072897364</lastModified>
        <lastModifiedBy>dmgr_admin</lastModifiedBy>
        <managedAssetId>61.a3ddadce-6ff9-3ab7-9544-e0fe390fe5ad</managedAssetId>
        <assetUuid>00bd147a-23a0-4d09-bae5-1674e54e7d9b</assetUuid>
        <mimeType>text/html</mimeType>
        <charEncoding isNull="true" />
        <assetTypeCode>W</assetTypeCode>
        <length>224</length>
        <localLastModification>1607068412114</localLastModification>
        <description isNull="true" />
        <isDocumentationFile>false</isDocumentationFile>
        <guid>guid:0000000a3ddadce6:ff93ab79:544e0fe390f:-e5ad</guid>
        <versionId>7b8f89e9-59f5-3ea4-9ca3-906587577c91</versionId>
    </managedAsset>
</teamworks>

