<?xml version="1.0" encoding="UTF-8"?>
<teamworks>
    <managedAsset id="61.bf007cac-421b-3f92-b63c-23a539b98c8b" name="PrevSingleSel.html">
        <lastModified>1618072897364</lastModified>
        <lastModifiedBy>dmgr_admin</lastModifiedBy>
        <managedAssetId>61.bf007cac-421b-3f92-b63c-23a539b98c8b</managedAssetId>
        <assetUuid>7fe2220c-ae7c-417c-a49d-653b81a9c65d</assetUuid>
        <mimeType>text/html</mimeType>
        <charEncoding isNull="true" />
        <assetTypeCode>W</assetTypeCode>
        <length>860</length>
        <localLastModification>1607068412137</localLastModification>
        <description isNull="true" />
        <isDocumentationFile>false</isDocumentationFile>
        <guid>guid:0000000bf007cac4:21b3f92b:63c23a539b9:-8c8b</guid>
        <versionId>ec9c46ed-0a03-3df7-8b72-57db1621a918</versionId>
    </managedAsset>
</teamworks>

