<?xml version="1.0" encoding="UTF-8"?>
<teamworks>
    <managedAsset id="61.bf4c1b83-39f2-3c80-b069-341c9ffef5e6" name="PrevDate.js">
        <lastModified>1618072897364</lastModified>
        <lastModifiedBy>dmgr_admin</lastModifiedBy>
        <managedAssetId>61.bf4c1b83-39f2-3c80-b069-341c9ffef5e6</managedAssetId>
        <assetUuid>177269ed-aead-46d2-a593-e78da4228b12</assetUuid>
        <mimeType>application/javascript</mimeType>
        <charEncoding isNull="true" />
        <assetTypeCode>W</assetTypeCode>
        <length>4497</length>
        <localLastModification>1607068412116</localLastModification>
        <description isNull="true" />
        <isDocumentationFile>false</isDocumentationFile>
        <guid>guid:0000000bf4c1b833:9f23c80b:069341c9ffe:-f5e6</guid>
        <versionId>b64b66c1-361e-38c5-890e-f4287c06204e</versionId>
    </managedAsset>
</teamworks>

