<?xml version="1.0" encoding="UTF-8"?>
<teamworks>
    <managedAsset id="61.c039bba1-0f82-372b-b94a-bbe129311573" name="select_preview.png">
        <lastModified>1618072897364</lastModified>
        <lastModifiedBy>dmgr_admin</lastModifiedBy>
        <managedAssetId>61.c039bba1-0f82-372b-b94a-bbe129311573</managedAssetId>
        <assetUuid>0d8824b9-c31c-4201-b548-bc17fa767931</assetUuid>
        <mimeType>image/png</mimeType>
        <charEncoding isNull="true" />
        <assetTypeCode>W</assetTypeCode>
        <length>863</length>
        <localLastModification>1607068412111</localLastModification>
        <description isNull="true" />
        <isDocumentationFile>false</isDocumentationFile>
        <guid>guid:0000000c039bba10:f82372bb:94abbe12931:-1573</guid>
        <versionId>8cae83a2-9b48-30dd-b54d-fd0b8a9cc1cd</versionId>
    </managedAsset>
</teamworks>

