<?xml version="1.0" encoding="UTF-8"?>
<teamworks>
    <managedAsset id="61.d2a5295c-dd27-3e00-9391-8b4db92b95d9" name="bpm-icons.svg">
        <lastModified>1618072897364</lastModified>
        <lastModifiedBy>dmgr_admin</lastModifiedBy>
        <managedAssetId>61.d2a5295c-dd27-3e00-9391-8b4db92b95d9</managedAssetId>
        <assetUuid>27cfa06d-adb6-4b56-bce4-9982f10a3552</assetUuid>
        <mimeType isNull="true" />
        <charEncoding isNull="true" />
        <assetTypeCode>W</assetTypeCode>
        <length>104888</length>
        <localLastModification>1607068412146</localLastModification>
        <description isNull="true" />
        <isDocumentationFile>false</isDocumentationFile>
        <guid>guid:0000000d2a5295cd:d273e009:3918b4db92b:-95d9</guid>
        <versionId>d27dc450-77c2-331a-a359-ed8a5a57a22e</versionId>
    </managedAsset>
</teamworks>

