<?xml version="1.0" encoding="UTF-8"?>
<teamworks>
    <managedAsset id="61.d17c108e-8ff8-3c2f-8f2c-58da7a59e9cc" name="checkbox_palette.png">
        <lastModified>1618072897364</lastModified>
        <lastModifiedBy>dmgr_admin</lastModifiedBy>
        <managedAssetId>61.d17c108e-8ff8-3c2f-8f2c-58da7a59e9cc</managedAssetId>
        <assetUuid>4aa4782e-c9a8-4c1d-8745-6b5396e9bd9b</assetUuid>
        <mimeType>image/png</mimeType>
        <charEncoding isNull="true" />
        <assetTypeCode>W</assetTypeCode>
        <length>15384</length>
        <localLastModification>1607068412128</localLastModification>
        <description isNull="true" />
        <isDocumentationFile>false</isDocumentationFile>
        <guid>guid:0000000d17c108e8:ff83c2f8:f2c58da7a59:-e9cc</guid>
        <versionId>a97a323c-40e2-3e02-b85d-0184a887b9e1</versionId>
    </managedAsset>
</teamworks>

