<?xml version="1.0" encoding="UTF-8"?>
<teamworks>
    <managedAsset id="61.eb95a819-70ee-3493-a9bd-fcfeea2f28f7" name="PrevCommon.js">
        <lastModified>1618072897364</lastModified>
        <lastModifiedBy>dmgr_admin</lastModifiedBy>
        <managedAssetId>61.eb95a819-70ee-3493-a9bd-fcfeea2f28f7</managedAssetId>
        <assetUuid>c21cf14e-1363-4493-ab2d-43592708e928</assetUuid>
        <mimeType>application/javascript</mimeType>
        <charEncoding isNull="true" />
        <assetTypeCode>W</assetTypeCode>
        <length>4158</length>
        <localLastModification>1607068412118</localLastModification>
        <description isNull="true" />
        <isDocumentationFile>false</isDocumentationFile>
        <guid>guid:0000000eb95a8197:0ee3493a:9bdfcfeea2f:-28f7</guid>
        <versionId>ca09e86d-6097-3ee2-abb8-d4083fe09074</versionId>
    </managedAsset>
</teamworks>

