<?xml version="1.0" encoding="UTF-8"?>
<teamworks>
    <managedAsset id="61.eadd4881-713a-3049-83c5-9f5e19c1ddf2" name="bpm-icon-defs.svg">
        <lastModified>1618072897364</lastModified>
        <lastModifiedBy>dmgr_admin</lastModifiedBy>
        <managedAssetId>61.eadd4881-713a-3049-83c5-9f5e19c1ddf2</managedAssetId>
        <assetUuid>2ed75887-1e40-4409-95ed-085da5c5d60d</assetUuid>
        <mimeType isNull="true" />
        <charEncoding isNull="true" />
        <assetTypeCode>W</assetTypeCode>
        <length>24185</length>
        <localLastModification>1607068412133</localLastModification>
        <description isNull="true" />
        <isDocumentationFile>false</isDocumentationFile>
        <guid>guid:0000000eadd48817:13a30498:3c59f5e19c1:-ddf2</guid>
        <versionId>32cd2883-31e0-3321-82ed-e47deabe09b2</versionId>
    </managedAsset>
</teamworks>

