<?xml version="1.0" encoding="UTF-8"?>
<teamworks>
    <managedAsset id="61.e0a27735-410a-3b44-9a21-9a68c121a6bd" name="table.html">
        <lastModified>1618072897364</lastModified>
        <lastModifiedBy>dmgr_admin</lastModifiedBy>
        <managedAssetId>61.e0a27735-410a-3b44-9a21-9a68c121a6bd</managedAssetId>
        <assetUuid>ed69ba2d-858c-4eb2-96ff-dc6bdd5e0937</assetUuid>
        <mimeType>text/html</mimeType>
        <charEncoding isNull="true" />
        <assetTypeCode>W</assetTypeCode>
        <length>8588</length>
        <localLastModification>1607068412130</localLastModification>
        <description isNull="true" />
        <isDocumentationFile>false</isDocumentationFile>
        <guid>guid:0000000e0a277354:10a3b449:a219a68c121:-a6bd</guid>
        <versionId>a10498e4-83c0-3bc1-8517-5438c60b80f9</versionId>
    </managedAsset>
</teamworks>

