<?xml version="1.0" encoding="UTF-8"?>
<teamworks>
    <managedAsset id="61.e37c8eaa-0cd4-3b24-a7d5-c0cdcdd58eb2" name="validationAlert.html">
        <lastModified>1618072897364</lastModified>
        <lastModifiedBy>dmgr_admin</lastModifiedBy>
        <managedAssetId>61.e37c8eaa-0cd4-3b24-a7d5-c0cdcdd58eb2</managedAssetId>
        <assetUuid>ae3af86a-0007-4c85-b6f8-1a5e4dd875bf</assetUuid>
        <mimeType>text/html</mimeType>
        <charEncoding isNull="true" />
        <assetTypeCode>W</assetTypeCode>
        <length>645</length>
        <localLastModification>1607068412154</localLastModification>
        <description isNull="true" />
        <isDocumentationFile>false</isDocumentationFile>
        <guid>guid:0000000e37c8eaa0:cd43b24a:7d5c0cdcdd5:-8eb2</guid>
        <versionId>f650a2d3-9af9-382f-996c-619de4f526ee</versionId>
    </managedAsset>
</teamworks>

