<?xml version="1.0" encoding="UTF-8"?>
<teamworks>
    <managedAsset id="61.f62e4dfa-e362-3fc1-8c74-9941af2142f7" name="text.html">
        <lastModified>1618072897364</lastModified>
        <lastModifiedBy>dmgr_admin</lastModifiedBy>
        <managedAssetId>61.f62e4dfa-e362-3fc1-8c74-9941af2142f7</managedAssetId>
        <assetUuid>7518016c-26c7-41b4-8920-8ea613313fc1</assetUuid>
        <mimeType>text/html</mimeType>
        <charEncoding isNull="true" />
        <assetTypeCode>W</assetTypeCode>
        <length>1341</length>
        <localLastModification>1607068412150</localLastModification>
        <description isNull="true" />
        <isDocumentationFile>false</isDocumentationFile>
        <guid>guid:0000000f62e4dfae:3623fc18:c749941af21:-42f7</guid>
        <versionId>86d98467-6181-3c8e-b962-7fe168760471</versionId>
    </managedAsset>
</teamworks>

