<?xml version="1.0" encoding="UTF-8"?>
<teamworks>
    <managedAsset id="61.f6c8161f-b42b-3104-a716-6c72e125e1f3" name="dataGrid.preview.min.js">
        <lastModified>1618072897364</lastModified>
        <lastModifiedBy>dmgr_admin</lastModifiedBy>
        <managedAssetId>61.f6c8161f-b42b-3104-a716-6c72e125e1f3</managedAssetId>
        <assetUuid>a767b0cc-aaca-4621-bee6-1f2670518c86</assetUuid>
        <mimeType>application/javascript</mimeType>
        <charEncoding isNull="true" />
        <assetTypeCode>W</assetTypeCode>
        <length>1024</length>
        <localLastModification>1607068412136</localLastModification>
        <description isNull="true" />
        <isDocumentationFile>false</isDocumentationFile>
        <guid>guid:0000000f6c8161fb:42b3104a:7166c72e125:-e1f3</guid>
        <versionId>49b0d027-3a2c-32b5-9bf7-a3e1b65f8a76</versionId>
    </managedAsset>
</teamworks>

