<?xml version="1.0" encoding="UTF-8"?>
<teamworks>
    <environmentVariableSet id="62.b35a80f6-5f05-3e9e-9f84-8186c9c7ae89" name="Environment Variables">
        <lastModified>1618072896635</lastModified>
        <lastModifiedBy>dmgr_admin</lastModifiedBy>
        <envVarSetId>62.b35a80f6-5f05-3e9e-9f84-8186c9c7ae89</envVarSetId>
        <description isNull="true" />
        <guid>guid:0000000aa12f1cb4:6613bd0a:35145649d17:-9885</guid>
        <versionId>c7680890-5385-3f24-bbc9-20da937ac8c4</versionId>
    </environmentVariableSet>
</teamworks>

