<?xml version="1.0" encoding="UTF-8"?>
<teamworks>
    <coachView id="64.1bc347b3-2b09-3a7b-8e7e-eae75491ad63" name="Output Text">
        <lastModified>1618072899533</lastModified>
        <lastModifiedBy>dmgr_admin</lastModifiedBy>
        <coachViewId>64.1bc347b3-2b09-3a7b-8e7e-eae75491ad63</coachViewId>
        <isTemplate>false</isTemplate>
        <layout>&lt;?xml version="1.0" encoding="UTF-8"?&gt;
&lt;layout xmlns:xsi="http://www.w3.org/2001/XMLSchema-instance" xmlns="http://www.ibm.com/bpm/CoachDesignerNG"&gt;
&lt;layoutItem xsi:type="CustomHTML"&gt;
&lt;layoutItemId&gt;CustomHTML1&lt;/layoutItemId&gt;
&lt;configData&gt;
&lt;optionName&gt;@customHTML.contentType&lt;/optionName&gt;
&lt;value&gt;ASSET&lt;/value&gt;
&lt;/configData&gt;
&lt;configData&gt;
&lt;optionName&gt;@customHTML.textContent&lt;/optionName&gt;
&lt;/configData&gt;
&lt;configData&gt;
&lt;optionName&gt;@customHTML.variableContent&lt;/optionName&gt;
&lt;/configData&gt;
&lt;configData&gt;
&lt;optionName&gt;@customHTML.assetContent&lt;/optionName&gt;
&lt;value&gt;61.6c5e26bb-8870-3091-a496-0aaae467ade3&lt;/value&gt;
&lt;/configData&gt;
&lt;/layoutItem&gt;
&lt;layoutItem xsi:type="CustomHTML"&gt;
&lt;layoutItemId&gt;ValidationAlert&lt;/layoutItemId&gt;
&lt;configData&gt;
&lt;optionName&gt;@customHTML.contentType&lt;/optionName&gt;
&lt;value&gt;ASSET&lt;/value&gt;
&lt;/configData&gt;
&lt;configData&gt;
&lt;optionName&gt;@customHTML.textContent&lt;/optionName&gt;
&lt;/configData&gt;
&lt;configData&gt;
&lt;optionName&gt;@customHTML.variableContent&lt;/optionName&gt;
&lt;/configData&gt;
&lt;configData&gt;
&lt;optionName&gt;@customHTML.assetContent&lt;/optionName&gt;
&lt;value&gt;61.e37c8eaa-0cd4-3b24-a7d5-c0cdcdd58eb2&lt;/value&gt;
&lt;/configData&gt;
&lt;/layoutItem&gt;
&lt;/layout&gt;
</layout>
        <paletteIcon>/61.7a36be98-4a1f-3281-9b0b-884232b5b401</paletteIcon>
        <previewImage>/61.94fa7b75-94b1-34ba-a3f6-e36bf70bfe71</previewImage>
        <hasLabel>true</hasLabel>
        <labelPosition>4</labelPosition>
        <nineSliceX1Coord>8</nineSliceX1Coord>
        <nineSliceX2Coord>14</nineSliceX2Coord>
        <nineSliceY1Coord>0</nineSliceY1Coord>
        <nineSliceY2Coord>16</nineSliceY2Coord>
        <emitBoundary>false</emitBoundary>
        <isPrototypeFunc>true</isPrototypeFunc>
        <enableDevMode>false</enableDevMode>
        <isMobileReady>true</isMobileReady>
        <loadJsFunction>coachViewHelper.bootstrap(this, "responsive.coaches", "outputText", {Explorer: 9});</loadJsFunction>
        <unloadJsFunction isNull="true" />
        <viewJsFunction>coachViewHelper.init();</viewJsFunction>
        <changeJsFunction>coachViewHelper.notify(this);</changeJsFunction>
        <collaborationJsFunction isNull="true" />
        <description>&lt;p&gt;This control is a read-only field instance that is suitable for mobile and desktop platforms. Use this control for labels or other on-screen text.&lt;/p&gt;</description>
        <validateJsFunction>coachViewHelper.validate(this, event);</validateJsFunction>
        <previewAdvHtml>/61.2759849f-968e-3c1a-a798-2d251f6b2e03</previewAdvHtml>
        <previewAdvJs>/61.04883789-1bf6-3a4f-9c82-e3952045cf96</previewAdvJs>
        <useUrlBinding>false</useUrlBinding>
        <guid>guid:00000001bc347b32:b093a7b8:e7eeae75491:-ad63</guid>
        <versionId>040bbbff-779d-3e9b-b7fb-90ab070299be</versionId>
        <field1 isNull="true" />
        <field2 isNull="true" />
        <field3>0</field3>
        <field4 isNull="true" />
        <field5>false</field5>
        <clobField1 isNull="true" />
        <bindingType name="textValue">
            <lastModified isNull="true" />
            <lastModifiedBy isNull="true" />
            <coachViewBindingTypeId>65.4ea01c2f-8eff-3e63-94a6-9d229ab60988</coachViewBindingTypeId>
            <coachViewId>64.1bc347b3-2b09-3a7b-8e7e-eae75491ad63</coachViewId>
            <isList>false</isList>
            <classId>c6353c54-3d3a-41ac-8ca7-4d0469d35681/12.db884a3c-c533-44b7-bb2d-47bec8ad4022</classId>
            <seq isNull="true" />
            <description isNull="true" />
            <guid>guid:00000004ea01c2f8:eff3e639:4a69d229ab6:-0988</guid>
            <versionId>c5b7904f-f50e-4b14-827b-a94ffce87fae</versionId>
        </bindingType>
        <configOption name="disableEncoding">
            <lastModified isNull="true" />
            <lastModifiedBy isNull="true" />
            <coachViewConfigOptionId>66.434bdf87-4ee8-315f-88ff-5782f7f7b351</coachViewConfigOptionId>
            <coachViewId>64.1bc347b3-2b09-3a7b-8e7e-eae75491ad63</coachViewId>
            <isList>false</isList>
            <propertyType>OBJECT</propertyType>
            <label>tw.resource.messages.responsive.coaches.disableEncoding</label>
            <classId>c6353c54-3d3a-41ac-8ca7-4d0469d35681/12.83ff975e-8dbc-42e5-b738-fa8bc08274a2</classId>
            <processId isNull="true" />
            <actionflowId isNull="true" />
            <isAdaptive>false</isAdaptive>
            <seq>1</seq>
            <description>tw.resource.messages.responsive.coaches.disableEncoding.description</description>
            <groupName isNull="true" />
            <guid>guid:0000000434bdf874:ee8315f8:8ff5782f7f7:-b351</guid>
            <versionId>dec93831-fcf6-4a9d-b16e-cfd8d6cfe01f</versionId>
        </configOption>
        <configOption name="textSize">
            <lastModified isNull="true" />
            <lastModifiedBy isNull="true" />
            <coachViewConfigOptionId>66.c210f47a-2d81-3411-9ce6-d473862cc30d</coachViewConfigOptionId>
            <coachViewId>64.1bc347b3-2b09-3a7b-8e7e-eae75491ad63</coachViewId>
            <isList>false</isList>
            <propertyType>OBJECT</propertyType>
            <label>tw.resource.messages.responsive.coaches.textSize</label>
            <classId>/12.0b2df65b-a634-34b8-96f8-7da0de513dde</classId>
            <processId isNull="true" />
            <actionflowId isNull="true" />
            <isAdaptive>true</isAdaptive>
            <seq>2</seq>
            <description>tw.resource.messages.responsive.coaches.textSize.description</description>
            <groupName>tw.resource.messages.responsive.coaches.style</groupName>
            <guid>guid:0000000c210f47a2:d8134119:ce6d473862c:-c30d</guid>
            <versionId>08d12cc6-3f5c-49e8-b8d3-6d5886afa932</versionId>
        </configOption>
        <dynamicStyle>
            <lastModified isNull="true" />
            <lastModifiedBy isNull="true" />
            <coachViewDynamicStyleId>73.81ff20ee-9fbe-345e-a246-b8cb25ce6208</coachViewDynamicStyleId>
            <coachViewId>64.1bc347b3-2b09-3a7b-8e7e-eae75491ad63</coachViewId>
            <filePath>scripts/controls.less</filePath>
            <assetUuid>/61.753ec599-e014-3ac0-9251-63c6aa962a34</assetUuid>
            <seq>0</seq>
            <guid>guid:000000081ff20ee9:fbe345ea:246b8cb25ce:-6208</guid>
            <versionId>675010ab-ecfe-4098-a2c4-75f9b4895d68</versionId>
        </dynamicStyle>
        <inlineScript name="Inline CSS">
            <lastModified isNull="true" />
            <lastModifiedBy isNull="true" />
            <coachViewInlineScriptId>68.51e80118-717e-3c80-b13d-5cac78245119</coachViewInlineScriptId>
            <coachViewId>64.1bc347b3-2b09-3a7b-8e7e-eae75491ad63</coachViewId>
            <scriptType>CSS</scriptType>
            <scriptBlock isNull="true" />
            <seq>0</seq>
            <description isNull="true" />
            <guid>guid:000000051e801187:17e3c80b:13d5cac7824:-5119</guid>
            <versionId>5c0e8902-06d1-44e5-864b-5fb5e7e77ce1</versionId>
        </inlineScript>
        <inlineScript name="Inline Javascript">
            <lastModified isNull="true" />
            <lastModifiedBy isNull="true" />
            <coachViewInlineScriptId>68.2511680e-75df-3b14-ace9-c1f5b8362fba</coachViewInlineScriptId>
            <coachViewId>64.1bc347b3-2b09-3a7b-8e7e-eae75491ad63</coachViewId>
            <scriptType>JS</scriptType>
            <scriptBlock>
/*
@dojoConfigUpdateStart
dojoConfig.packages.push({
name: 'com.ibm.bpm.coach.angular',
location: dojoConfig.isDebug ?
com_ibm_bpm_coach.getManagedAssetUrl('coachview.helper.debug.zip', com_ibm_bpm_coach.assetType_WEB, 'SYSRC')
: com_ibm_bpm_coach.getManagedAssetUrl('coachview.helper.min.zip', com_ibm_bpm_coach.assetType_WEB, 'SYSRC')
});
@dojoConfigUpdateEnd
*/
</scriptBlock>
            <seq>1</seq>
            <description isNull="true" />
            <guid>guid:00000002511680e7:5df3b14a:ce9c1f5b836:-2fba</guid>
            <versionId>baf27bf3-7c2d-4f9d-918e-8f97690d3f7c</versionId>
        </inlineScript>
        <inlineScript name="Header HTML">
            <lastModified isNull="true" />
            <lastModifiedBy isNull="true" />
            <coachViewInlineScriptId>68.de8f8032-7b07-3f0a-9724-6cf0351676c5</coachViewInlineScriptId>
            <coachViewId>64.1bc347b3-2b09-3a7b-8e7e-eae75491ad63</coachViewId>
            <scriptType>HTML</scriptType>
            <scriptBlock isNull="true" />
            <seq>2</seq>
            <description isNull="true" />
            <guid>guid:0000000de8f80327:b073f0a9:7246cf03516:-76c5</guid>
            <versionId>2b0ddedc-b377-4420-8e06-637da1319a55</versionId>
        </inlineScript>
        <localization>
            <lastModified isNull="true" />
            <lastModifiedBy isNull="true" />
            <coachViewLocalResId>69.ca5d49d7-0c75-33b0-97f1-3d1c13b31f6a</coachViewLocalResId>
            <coachViewId>64.1bc347b3-2b09-3a7b-8e7e-eae75491ad63</coachViewId>
            <resourceBundleGroupId>/50.b17076cd-8a20-376f-9c7d-379adea7aabc</resourceBundleGroupId>
            <seq>1</seq>
            <guid>guid:0000000ca5d49d70:c7533b09:7f13d1c13b3:-1f6a</guid>
            <versionId>7cda82de-02bf-4342-a266-4ae09d86f21c</versionId>
        </localization>
        <amdDependency>
            <lastModified isNull="true" />
            <lastModifiedBy isNull="true" />
            <coachViewAmdDepId>70.f87deb93-fc5c-4ae7-bb4c-d01a76ab478a</coachViewAmdDepId>
            <coachViewId>64.1bc347b3-2b09-3a7b-8e7e-eae75491ad63</coachViewId>
            <moduleId>com.ibm.bpm.coach.angular/scripts/coachViewHelper</moduleId>
            <functionArgument>coachViewHelper</functionArgument>
            <seq>0</seq>
            <guid>guid:0000000da488e2d1:48f3f8fa:a6a87c77100:-a81b</guid>
            <versionId>b1bd5f7c-f8c9-4a8e-820a-9070516f3cd0</versionId>
        </amdDependency>
    </coachView>
</teamworks>

