<?xml version="1.0" encoding="UTF-8"?>
<teamworks>
    <coachView id="64.45be9342-d79a-351b-af6d-9c71de400dbf" name="Single Select">
        <lastModified>1618072899533</lastModified>
        <lastModifiedBy>dmgr_admin</lastModifiedBy>
        <coachViewId>64.45be9342-d79a-351b-af6d-9c71de400dbf</coachViewId>
        <isTemplate>false</isTemplate>
        <layout>&lt;?xml version="1.0" encoding="UTF-8"?&gt;
&lt;layout xmlns:xsi="http://www.w3.org/2001/XMLSchema-instance" xmlns="http://www.ibm.com/bpm/CoachDesignerNG"&gt;
&lt;layoutItem xsi:type="CustomHTML"&gt;
&lt;layoutItemId&gt;CustomHTML1&lt;/layoutItemId&gt;
&lt;configData&gt;
&lt;optionName&gt;@customHTML.contentType&lt;/optionName&gt;
&lt;value&gt;ASSET&lt;/value&gt;
&lt;/configData&gt;
&lt;configData&gt;
&lt;optionName&gt;@customHTML.textContent&lt;/optionName&gt;
&lt;/configData&gt;
&lt;configData&gt;
&lt;optionName&gt;@customHTML.variableContent&lt;/optionName&gt;
&lt;/configData&gt;
&lt;configData&gt;
&lt;optionName&gt;@customHTML.assetContent&lt;/optionName&gt;
&lt;value&gt;61.8bb1370b-f462-3a15-a80d-ef353d9e5d03&lt;/value&gt;
&lt;/configData&gt;
&lt;/layoutItem&gt;
&lt;layoutItem xsi:type="CustomHTML"&gt;
&lt;layoutItemId&gt;ValidationAlert&lt;/layoutItemId&gt;
&lt;configData&gt;
&lt;optionName&gt;@customHTML.contentType&lt;/optionName&gt;
&lt;value&gt;ASSET&lt;/value&gt;
&lt;/configData&gt;
&lt;configData&gt;
&lt;optionName&gt;@customHTML.textContent&lt;/optionName&gt;
&lt;/configData&gt;
&lt;configData&gt;
&lt;optionName&gt;@customHTML.variableContent&lt;/optionName&gt;
&lt;/configData&gt;
&lt;configData&gt;
&lt;optionName&gt;@customHTML.assetContent&lt;/optionName&gt;
&lt;value&gt;61.e37c8eaa-0cd4-3b24-a7d5-c0cdcdd58eb2&lt;/value&gt;
&lt;/configData&gt;
&lt;/layoutItem&gt;
&lt;/layout&gt;
</layout>
        <paletteIcon>/61.b5fb63c7-ed72-3e98-a867-9e4be9edeb19</paletteIcon>
        <previewImage>/61.c039bba1-0f82-372b-b94a-bbe129311573</previewImage>
        <hasLabel>true</hasLabel>
        <labelPosition>0</labelPosition>
        <nineSliceX1Coord isNull="true" />
        <nineSliceX2Coord isNull="true" />
        <nineSliceY1Coord isNull="true" />
        <nineSliceY2Coord isNull="true" />
        <emitBoundary>false</emitBoundary>
        <isPrototypeFunc>true</isPrototypeFunc>
        <enableDevMode>false</enableDevMode>
        <isMobileReady>true</isMobileReady>
        <loadJsFunction>coachViewHelper.bootstrap(this, "responsive.coaches", "singleSelect", {Explorer: 9});</loadJsFunction>
        <unloadJsFunction isNull="true" />
        <viewJsFunction>coachViewHelper.init();</viewJsFunction>
        <changeJsFunction>coachViewHelper.notify(this);</changeJsFunction>
        <collaborationJsFunction isNull="true" />
        <description>&lt;p&gt;This control is a drop-down list that is suitable for mobile and desktop platforms. To provide the items in the list, bind the control instance to a list object or specify a selection service as a configuration property.&lt;/p&gt;</description>
        <validateJsFunction>coachViewHelper.validate(this, event);</validateJsFunction>
        <previewAdvHtml>/61.bf007cac-421b-3f92-b63c-23a539b98c8b</previewAdvHtml>
        <previewAdvJs>/61.05e86c1a-1754-3bb8-8f5e-b10e42134147</previewAdvJs>
        <useUrlBinding>false</useUrlBinding>
        <guid>guid:000000045be9342d:79a351ba:f6d9c71de40:-0dbf</guid>
        <versionId>147753b4-0992-3857-b7c8-8b171bc2d6bb</versionId>
        <field1 isNull="true" />
        <field2 isNull="true" />
        <field3>0</field3>
        <field4 isNull="true" />
        <field5>false</field5>
        <clobField1 isNull="true" />
        <bindingType name="selectedObject">
            <lastModified isNull="true" />
            <lastModifiedBy isNull="true" />
            <coachViewBindingTypeId>65.10936be9-de5e-3716-9cd3-91d3a7f5ce36</coachViewBindingTypeId>
            <coachViewId>64.45be9342-d79a-351b-af6d-9c71de400dbf</coachViewId>
            <isList>false</isList>
            <classId>c6353c54-3d3a-41ac-8ca7-4d0469d35681/12.c09c9b6e-aabd-4897-bef2-ed61db106297</classId>
            <seq isNull="true" />
            <description isNull="true" />
            <guid>guid:000000010936be9d:e5e37169:cd391d3a7f5:-ce36</guid>
            <versionId>32efed6a-1ffd-4158-9043-460fd20e7f00</versionId>
        </bindingType>
        <configOption name="selectionList">
            <lastModified isNull="true" />
            <lastModifiedBy isNull="true" />
            <coachViewConfigOptionId>66.33732fbf-8c09-32ac-8541-115258cbb8b2</coachViewConfigOptionId>
            <coachViewId>64.45be9342-d79a-351b-af6d-9c71de400dbf</coachViewId>
            <isList>true</isList>
            <propertyType>OBJECT</propertyType>
            <label>tw.resource.messages.responsive.coaches.selectionList</label>
            <classId>c6353c54-3d3a-41ac-8ca7-4d0469d35681/12.c09c9b6e-aabd-4897-bef2-ed61db106297</classId>
            <processId isNull="true" />
            <actionflowId isNull="true" />
            <isAdaptive>false</isAdaptive>
            <seq>1</seq>
            <description>tw.resource.messages.responsive.coaches.selectSelectionList.description</description>
            <groupName isNull="true" />
            <guid>guid:000000033732fbf8:c0932ac8:541115258cb:-b8b2</guid>
            <versionId>1658805d-1c3a-4421-bb44-b1ff411740a1</versionId>
        </configOption>
        <configOption name="selectionService">
            <lastModified isNull="true" />
            <lastModifiedBy isNull="true" />
            <coachViewConfigOptionId>66.c2dd7fe6-0ad6-387c-bd78-593a3175030a</coachViewConfigOptionId>
            <coachViewId>64.45be9342-d79a-351b-af6d-9c71de400dbf</coachViewId>
            <isList>false</isList>
            <propertyType>SERVICE</propertyType>
            <label>tw.resource.messages.responsive.coaches.selectionService</label>
            <classId isNull="true" />
            <processId>/1.af91df95-3cd7-3441-93a7-15a5b764b3bf</processId>
            <actionflowId isNull="true" />
            <isAdaptive>false</isAdaptive>
            <seq>2</seq>
            <description>tw.resource.messages.responsive.coaches.selectionService.description</description>
            <groupName isNull="true" />
            <guid>guid:0000000c2dd7fe60:ad6387cb:d78593a3175:-030a</guid>
            <versionId>4345e4ab-4ed6-4e4e-bc5f-479d2fc93e5a</versionId>
        </configOption>
        <configOption name="selectionServiceInputText">
            <lastModified isNull="true" />
            <lastModifiedBy isNull="true" />
            <coachViewConfigOptionId>66.787b6a14-41aa-3d2c-b0e8-1a7176a3f175</coachViewConfigOptionId>
            <coachViewId>64.45be9342-d79a-351b-af6d-9c71de400dbf</coachViewId>
            <isList>false</isList>
            <propertyType>OBJECT</propertyType>
            <label>tw.resource.messages.responsive.coaches.serviceInputText</label>
            <classId>c6353c54-3d3a-41ac-8ca7-4d0469d35681/12.db884a3c-c533-44b7-bb2d-47bec8ad4022</classId>
            <processId isNull="true" />
            <actionflowId isNull="true" />
            <isAdaptive>false</isAdaptive>
            <seq>3</seq>
            <description>tw.resource.messages.responsive.coaches.serviceInputText.description</description>
            <groupName isNull="true" />
            <guid>guid:0000000787b6a144:1aa3d2cb:0e81a7176a3:-f175</guid>
            <versionId>81c90691-4a18-458d-952a-2d7250b627b7</versionId>
        </configOption>
        <configOption name="displayNameProperty">
            <lastModified isNull="true" />
            <lastModifiedBy isNull="true" />
            <coachViewConfigOptionId>66.a1c43c2a-ebd8-3bb2-99c2-c60dbf5d0448</coachViewConfigOptionId>
            <coachViewId>64.45be9342-d79a-351b-af6d-9c71de400dbf</coachViewId>
            <isList>false</isList>
            <propertyType>OBJECT</propertyType>
            <label>tw.resource.messages.responsive.coaches.displayNameProperty</label>
            <classId>c6353c54-3d3a-41ac-8ca7-4d0469d35681/12.db884a3c-c533-44b7-bb2d-47bec8ad4022</classId>
            <processId isNull="true" />
            <actionflowId isNull="true" />
            <isAdaptive>false</isAdaptive>
            <seq>4</seq>
            <description>tw.resource.messages.responsive.coaches.displayNameProperty.description</description>
            <groupName isNull="true" />
            <guid>guid:0000000a1c43c2ae:bd83bb29:9c2c60dbf5d:-0448</guid>
            <versionId>0a471f58-f53c-4e8c-afb1-85f0d71fb9f2</versionId>
        </configOption>
        <configOption name="valueProperty">
            <lastModified isNull="true" />
            <lastModifiedBy isNull="true" />
            <coachViewConfigOptionId>66.75075d41-f5e2-3f52-a39f-602a93f7d5a9</coachViewConfigOptionId>
            <coachViewId>64.45be9342-d79a-351b-af6d-9c71de400dbf</coachViewId>
            <isList>false</isList>
            <propertyType>OBJECT</propertyType>
            <label>tw.resource.messages.responsive.coaches.valueProperty</label>
            <classId>c6353c54-3d3a-41ac-8ca7-4d0469d35681/12.db884a3c-c533-44b7-bb2d-47bec8ad4022</classId>
            <processId isNull="true" />
            <actionflowId isNull="true" />
            <isAdaptive>false</isAdaptive>
            <seq>5</seq>
            <description>tw.resource.messages.responsive.coaches.valueProperty.description</description>
            <groupName isNull="true" />
            <guid>guid:000000075075d41f:5e23f52a:39f602a93f7:-d5a9</guid>
            <versionId>f46c29f1-1c67-4155-990a-57e99ede0fc6</versionId>
        </configOption>
        <configOption name="disableSort">
            <lastModified isNull="true" />
            <lastModifiedBy isNull="true" />
            <coachViewConfigOptionId>66.a4daa410-ab8f-3911-80ae-e2144d7f5d1d</coachViewConfigOptionId>
            <coachViewId>64.45be9342-d79a-351b-af6d-9c71de400dbf</coachViewId>
            <isList>false</isList>
            <propertyType>OBJECT</propertyType>
            <label>tw.resource.messages.responsive.coaches.disableSort</label>
            <classId>c6353c54-3d3a-41ac-8ca7-4d0469d35681/12.83ff975e-8dbc-42e5-b738-fa8bc08274a2</classId>
            <processId isNull="true" />
            <actionflowId isNull="true" />
            <isAdaptive>false</isAdaptive>
            <seq>6</seq>
            <description>tw.resource.messages.responsive.coaches.disableSort.description</description>
            <groupName isNull="true" />
            <guid>guid:0000000a4daa410a:b8f39118:0aee2144d7f:-5d1d</guid>
            <versionId>a84754cc-464d-40c9-bd87-cb835ed4d149</versionId>
        </configOption>
        <configOption name="textSize">
            <lastModified isNull="true" />
            <lastModifiedBy isNull="true" />
            <coachViewConfigOptionId>66.2fd4e51c-279c-3507-886d-3650475c582c</coachViewConfigOptionId>
            <coachViewId>64.45be9342-d79a-351b-af6d-9c71de400dbf</coachViewId>
            <isList>false</isList>
            <propertyType>OBJECT</propertyType>
            <label>tw.resource.messages.responsive.coaches.textSize</label>
            <classId>/12.0b2df65b-a634-34b8-96f8-7da0de513dde</classId>
            <processId isNull="true" />
            <actionflowId isNull="true" />
            <isAdaptive>true</isAdaptive>
            <seq>7</seq>
            <description>tw.resource.messages.responsive.coaches.textSize.description</description>
            <groupName>tw.resource.messages.responsive.coaches.style</groupName>
            <guid>guid:00000002fd4e51c2:79c35078:86d3650475c:-582c</guid>
            <versionId>627987c5-b071-4007-ba32-29364e0032f3</versionId>
        </configOption>
        <dynamicStyle>
            <lastModified isNull="true" />
            <lastModifiedBy isNull="true" />
            <coachViewDynamicStyleId>73.3ced4f14-6987-3f2f-976d-0b968f9c97d9</coachViewDynamicStyleId>
            <coachViewId>64.45be9342-d79a-351b-af6d-9c71de400dbf</coachViewId>
            <filePath>scripts/controls.less</filePath>
            <assetUuid>/61.753ec599-e014-3ac0-9251-63c6aa962a34</assetUuid>
            <seq>0</seq>
            <guid>guid:00000003ced4f146:9873f2f9:76d0b968f9c:-97d9</guid>
            <versionId>fe79b5cb-fc53-4037-864a-7efdbcdd2ed0</versionId>
        </dynamicStyle>
        <inlineScript name="Inline CSS">
            <lastModified isNull="true" />
            <lastModifiedBy isNull="true" />
            <coachViewInlineScriptId>68.8b9176d4-858c-3121-b43f-fb03650ef8af</coachViewInlineScriptId>
            <coachViewId>64.45be9342-d79a-351b-af6d-9c71de400dbf</coachViewId>
            <scriptType>CSS</scriptType>
            <scriptBlock isNull="true" />
            <seq>0</seq>
            <description isNull="true" />
            <guid>guid:00000008b9176d48:58c3121b:43ffb03650e:-f8af</guid>
            <versionId>7a419f4f-2261-4359-8416-8f0078947436</versionId>
        </inlineScript>
        <inlineScript name="Inline Javascript">
            <lastModified isNull="true" />
            <lastModifiedBy isNull="true" />
            <coachViewInlineScriptId>68.8bc2f423-7c0b-3bf8-9b87-57209507f14f</coachViewInlineScriptId>
            <coachViewId>64.45be9342-d79a-351b-af6d-9c71de400dbf</coachViewId>
            <scriptType>JS</scriptType>
            <scriptBlock>
/*
@dojoConfigUpdateStart
dojoConfig.packages.push({
name: 'com.ibm.bpm.coach.angular',
location: dojoConfig.isDebug ?
com_ibm_bpm_coach.getManagedAssetUrl('coachview.helper.debug.zip', com_ibm_bpm_coach.assetType_WEB, 'SYSRC')
: com_ibm_bpm_coach.getManagedAssetUrl('coachview.helper.min.zip', com_ibm_bpm_coach.assetType_WEB, 'SYSRC')
});
@dojoConfigUpdateEnd
*/
</scriptBlock>
            <seq>1</seq>
            <description isNull="true" />
            <guid>guid:00000008bc2f4237:c0b3bf89:b8757209507:-f14f</guid>
            <versionId>239523e7-9eb4-4298-abc3-b3b34649c51d</versionId>
        </inlineScript>
        <inlineScript name="Header HTML">
            <lastModified isNull="true" />
            <lastModifiedBy isNull="true" />
            <coachViewInlineScriptId>68.79fb9af3-e7c4-31ed-8eff-d89f362d2df1</coachViewInlineScriptId>
            <coachViewId>64.45be9342-d79a-351b-af6d-9c71de400dbf</coachViewId>
            <scriptType>HTML</scriptType>
            <scriptBlock isNull="true" />
            <seq>2</seq>
            <description isNull="true" />
            <guid>guid:000000079fb9af3e:7c431ed8:effd89f362d:-2df1</guid>
            <versionId>e4612386-02fa-4e35-b3ef-6fcf25279d06</versionId>
        </inlineScript>
        <localization>
            <lastModified isNull="true" />
            <lastModifiedBy isNull="true" />
            <coachViewLocalResId>69.a9ef7dd5-b391-3309-bca2-61333c583f89</coachViewLocalResId>
            <coachViewId>64.45be9342-d79a-351b-af6d-9c71de400dbf</coachViewId>
            <resourceBundleGroupId>/50.b17076cd-8a20-376f-9c7d-379adea7aabc</resourceBundleGroupId>
            <seq>1</seq>
            <guid>guid:0000000a9ef7dd5b:3913309b:ca261333c58:-3f89</guid>
            <versionId>c38a139f-963a-4618-8438-2eb40e5e0ee8</versionId>
        </localization>
        <amdDependency>
            <lastModified isNull="true" />
            <lastModifiedBy isNull="true" />
            <coachViewAmdDepId>70.e85ee099-8d83-48a9-aef8-2a7d274bd9a3</coachViewAmdDepId>
            <coachViewId>64.45be9342-d79a-351b-af6d-9c71de400dbf</coachViewId>
            <moduleId>com.ibm.bpm.coach.angular/scripts/coachViewHelper</moduleId>
            <functionArgument>coachViewHelper</functionArgument>
            <seq>0</seq>
            <guid>guid:00000000c12cdbc0:f5c33db8:4670e2f54e2:-ff54</guid>
            <versionId>351581f9-0fb7-4fc7-bd6f-5eadb6f4a3e5</versionId>
        </amdDependency>
    </coachView>
</teamworks>

