<?xml version="1.0" encoding="UTF-8"?>
<teamworks>
    <coachView id="64.793390a8-b833-37e0-a188-c65859a9a583" name="Date Time Picker">
        <lastModified>1618072899533</lastModified>
        <lastModifiedBy>dmgr_admin</lastModifiedBy>
        <coachViewId>64.793390a8-b833-37e0-a188-c65859a9a583</coachViewId>
        <isTemplate>false</isTemplate>
        <layout>&lt;?xml version="1.0" encoding="UTF-8"?&gt;
&lt;layout xmlns:xsi="http://www.w3.org/2001/XMLSchema-instance" xmlns="http://www.ibm.com/bpm/CoachDesignerNG"&gt;
&lt;layoutItem xsi:type="CustomHTML"&gt;
&lt;layoutItemId&gt;CustomHTML1&lt;/layoutItemId&gt;
&lt;configData&gt;
&lt;optionName&gt;@customHTML.contentType&lt;/optionName&gt;
&lt;value&gt;ASSET&lt;/value&gt;
&lt;/configData&gt;
&lt;configData&gt;
&lt;optionName&gt;@customHTML.textContent&lt;/optionName&gt;
&lt;/configData&gt;
&lt;configData&gt;
&lt;optionName&gt;@customHTML.variableContent&lt;/optionName&gt;
&lt;/configData&gt;
&lt;configData&gt;
&lt;optionName&gt;@customHTML.assetContent&lt;/optionName&gt;
&lt;value&gt;61.5c2a4e4f-6924-33ae-b258-b5690aa31035&lt;/value&gt;
&lt;/configData&gt;
&lt;/layoutItem&gt;
&lt;layoutItem xsi:type="CustomHTML"&gt;
&lt;layoutItemId&gt;ValidationAlert&lt;/layoutItemId&gt;
&lt;configData&gt;
&lt;optionName&gt;@customHTML.contentType&lt;/optionName&gt;
&lt;value&gt;ASSET&lt;/value&gt;
&lt;/configData&gt;
&lt;configData&gt;
&lt;optionName&gt;@customHTML.textContent&lt;/optionName&gt;
&lt;/configData&gt;
&lt;configData&gt;
&lt;optionName&gt;@customHTML.variableContent&lt;/optionName&gt;
&lt;/configData&gt;
&lt;configData&gt;
&lt;optionName&gt;@customHTML.assetContent&lt;/optionName&gt;
&lt;value&gt;61.e37c8eaa-0cd4-3b24-a7d5-c0cdcdd58eb2&lt;/value&gt;
&lt;/configData&gt;
&lt;/layoutItem&gt;
&lt;/layout&gt;
</layout>
        <paletteIcon>/61.c75eaf56-fcbc-3fb4-b658-fda87f75cb72</paletteIcon>
        <previewImage>/61.6e8c6901-c556-390f-af8f-94d2a92e7eea</previewImage>
        <hasLabel>true</hasLabel>
        <labelPosition>0</labelPosition>
        <nineSliceX1Coord isNull="true" />
        <nineSliceX2Coord isNull="true" />
        <nineSliceY1Coord isNull="true" />
        <nineSliceY2Coord isNull="true" />
        <emitBoundary>false</emitBoundary>
        <isPrototypeFunc>true</isPrototypeFunc>
        <enableDevMode>false</enableDevMode>
        <isMobileReady>true</isMobileReady>
        <loadJsFunction>coachViewHelper.bootstrap(this, "responsive.coaches", "dateTimePicker", {Explorer: 9});</loadJsFunction>
        <unloadJsFunction isNull="true" />
        <viewJsFunction>coachViewHelper.init();</viewJsFunction>
        <changeJsFunction>coachViewHelper.notify(this);</changeJsFunction>
        <collaborationJsFunction isNull="true" />
        <description>&lt;p&gt;This control is a user interface in which the user can view and enter dates and times. The user interface is suitable for mobile and desktop platforms.&lt;/p&gt;&lt;br&gt;&lt;p&gt;If a browser has a native date and time picker, the Date Time Picker control uses it. For this reason, users must set their language preference in both their BPM profile and in the browser for correct behavior. If a browser does not have a native date and time picker, the control uses its own date and time picker. &lt;/p&gt;</description>
        <validateJsFunction>coachViewHelper.validate(this, event);</validateJsFunction>
        <previewAdvHtml>/61.8114fa6e-cefa-33b5-adc4-62f8f0d58ce5</previewAdvHtml>
        <previewAdvJs>/61.bf4c1b83-39f2-3c80-b069-341c9ffef5e6</previewAdvJs>
        <useUrlBinding>false</useUrlBinding>
        <guid>guid:0000000793390a8b:83337e0a:188c65859a9:-a583</guid>
        <versionId>5ca45695-7ff0-3ce8-a0e4-4cbf53a45c7d</versionId>
        <field1 isNull="true" />
        <field2 isNull="true" />
        <field3>0</field3>
        <field4 isNull="true" />
        <field5>false</field5>
        <clobField1 isNull="true" />
        <bindingType name="date">
            <lastModified isNull="true" />
            <lastModifiedBy isNull="true" />
            <coachViewBindingTypeId>65.b7a1d6ce-7974-33f1-9849-1adc3ab58fd6</coachViewBindingTypeId>
            <coachViewId>64.793390a8-b833-37e0-a188-c65859a9a583</coachViewId>
            <isList>false</isList>
            <classId>c6353c54-3d3a-41ac-8ca7-4d0469d35681/12.68474ab0-d56f-47ee-b7e9-510b45a2a8be</classId>
            <seq isNull="true" />
            <description isNull="true" />
            <guid>guid:0000000b7a1d6ce7:97433f19:8491adc3ab5:-8fd6</guid>
            <versionId>7a8294d6-6ad9-4ce6-a0ff-c5b3c1944e09</versionId>
        </bindingType>
        <configOption name="dateFormat">
            <lastModified isNull="true" />
            <lastModifiedBy isNull="true" />
            <coachViewConfigOptionId>66.dc2a8cb7-2102-3c4d-8787-c87e961d2636</coachViewConfigOptionId>
            <coachViewId>64.793390a8-b833-37e0-a188-c65859a9a583</coachViewId>
            <isList>false</isList>
            <propertyType>OBJECT</propertyType>
            <label>tw.resource.messages.responsive.coaches.dateFormat</label>
            <classId>c6353c54-3d3a-41ac-8ca7-4d0469d35681/12.db884a3c-c533-44b7-bb2d-47bec8ad4022</classId>
            <processId isNull="true" />
            <actionflowId isNull="true" />
            <isAdaptive>true</isAdaptive>
            <seq>1</seq>
            <description>tw.resource.messages.responsive.coaches.dateFormat.description</description>
            <groupName isNull="true" />
            <guid>guid:0000000dc2a8cb72:1023c4d8:787c87e961d:-2636</guid>
            <versionId>53211d17-8423-492f-a911-73765913452f</versionId>
        </configOption>
        <configOption name="placeholder">
            <lastModified isNull="true" />
            <lastModifiedBy isNull="true" />
            <coachViewConfigOptionId>66.7c72c759-529b-377f-9a14-0a1ce43ec966</coachViewConfigOptionId>
            <coachViewId>64.793390a8-b833-37e0-a188-c65859a9a583</coachViewId>
            <isList>false</isList>
            <propertyType>OBJECT</propertyType>
            <label>tw.resource.messages.responsive.coaches.placeholder</label>
            <classId>c6353c54-3d3a-41ac-8ca7-4d0469d35681/12.db884a3c-c533-44b7-bb2d-47bec8ad4022</classId>
            <processId isNull="true" />
            <actionflowId isNull="true" />
            <isAdaptive>false</isAdaptive>
            <seq>2</seq>
            <description>tw.resource.messages.responsive.coaches.placeholder.description</description>
            <groupName isNull="true" />
            <guid>guid:00000007c72c7595:29b377f9:a140a1ce43e:-c966</guid>
            <versionId>778451d5-0b56-448f-b55e-bc83c11ceb3a</versionId>
        </configOption>
        <configOption name="showCalendar">
            <lastModified isNull="true" />
            <lastModifiedBy isNull="true" />
            <coachViewConfigOptionId>66.7578f8e2-fc1f-3c8d-9197-6f795302525a</coachViewConfigOptionId>
            <coachViewId>64.793390a8-b833-37e0-a188-c65859a9a583</coachViewId>
            <isList>false</isList>
            <propertyType>OBJECT</propertyType>
            <label>tw.resource.messages.responsive.coaches.showCalendar</label>
            <classId>/12.448e4be1-7d04-37cf-8f20-2fd2f89ec6df</classId>
            <processId isNull="true" />
            <actionflowId isNull="true" />
            <isAdaptive>true</isAdaptive>
            <seq>3</seq>
            <description>tw.resource.messages.responsive.coaches.showCalendar.description</description>
            <groupName isNull="true" />
            <guid>guid:00000007578f8e2f:c1f3c8d9:1976f795302:-525a</guid>
            <versionId>7eddc1db-e1bd-47ab-b4dc-98e436d65008</versionId>
        </configOption>
        <configOption name="calendarType">
            <lastModified isNull="true" />
            <lastModifiedBy isNull="true" />
            <coachViewConfigOptionId>66.29b0b01f-c53c-3f43-8d9d-71a5475440d2</coachViewConfigOptionId>
            <coachViewId>64.793390a8-b833-37e0-a188-c65859a9a583</coachViewId>
            <isList>false</isList>
            <propertyType>OBJECT</propertyType>
            <label>tw.resource.messages.responsive.coaches.calendarType</label>
            <classId>/12.167a89d8-583b-39d0-a900-725722605273</classId>
            <processId isNull="true" />
            <actionflowId isNull="true" />
            <isAdaptive>false</isAdaptive>
            <seq>4</seq>
            <description>tw.resource.messages.responsive.coaches.calendarType.description</description>
            <groupName isNull="true" />
            <guid>guid:000000029b0b01fc:53c3f438:d9d71a54754:-40d2</guid>
            <versionId>3b64caea-aede-42c1-a308-c4160faf77c9</versionId>
        </configOption>
        <configOption name="includeTimePicker">
            <lastModified isNull="true" />
            <lastModifiedBy isNull="true" />
            <coachViewConfigOptionId>66.32d45751-df54-393a-9f3c-db11a9a30df7</coachViewConfigOptionId>
            <coachViewId>64.793390a8-b833-37e0-a188-c65859a9a583</coachViewId>
            <isList>false</isList>
            <propertyType>OBJECT</propertyType>
            <label>tw.resource.messages.responsive.coaches.includeTimePicker</label>
            <classId>c6353c54-3d3a-41ac-8ca7-4d0469d35681/12.83ff975e-8dbc-42e5-b738-fa8bc08274a2</classId>
            <processId isNull="true" />
            <actionflowId isNull="true" />
            <isAdaptive>true</isAdaptive>
            <seq>5</seq>
            <description isNull="true" />
            <groupName isNull="true" />
            <guid>guid:000000032d45751d:f54393a9:f3cdb11a9a3:-0df7</guid>
            <versionId>d77402cd-daeb-42ce-94b0-972cf48abcee</versionId>
        </configOption>
        <configOption name="blackoutDates">
            <lastModified isNull="true" />
            <lastModifiedBy isNull="true" />
            <coachViewConfigOptionId>66.902d8925-17fb-3654-90ad-c93de7d933ec</coachViewConfigOptionId>
            <coachViewId>64.793390a8-b833-37e0-a188-c65859a9a583</coachViewId>
            <isList>true</isList>
            <propertyType>OBJECT</propertyType>
            <label>tw.resource.messages.responsive.coaches.blackoutDates</label>
            <classId>c6353c54-3d3a-41ac-8ca7-4d0469d35681/12.68474ab0-d56f-47ee-b7e9-510b45a2a8be</classId>
            <processId isNull="true" />
            <actionflowId isNull="true" />
            <isAdaptive>false</isAdaptive>
            <seq>6</seq>
            <description>tw.resource.messages.responsive.coaches.blackoutDates.description</description>
            <groupName isNull="true" />
            <guid>guid:0000000902d89251:7fb36549:0adc93de7d9:-33ec</guid>
            <versionId>b91f4f4a-57cf-483a-a2c0-64e54b334669</versionId>
        </configOption>
        <configOption name="textSize">
            <lastModified isNull="true" />
            <lastModifiedBy isNull="true" />
            <coachViewConfigOptionId>66.86a93f32-ab62-345a-9fd6-af8bfd0b09c4</coachViewConfigOptionId>
            <coachViewId>64.793390a8-b833-37e0-a188-c65859a9a583</coachViewId>
            <isList>false</isList>
            <propertyType>OBJECT</propertyType>
            <label>tw.resource.messages.responsive.coaches.textSize</label>
            <classId>/12.0b2df65b-a634-34b8-96f8-7da0de513dde</classId>
            <processId isNull="true" />
            <actionflowId isNull="true" />
            <isAdaptive>true</isAdaptive>
            <seq>7</seq>
            <description>tw.resource.messages.responsive.coaches.textSize.description</description>
            <groupName>tw.resource.messages.responsive.coaches.style</groupName>
            <guid>guid:000000086a93f32a:b62345a9:fd6af8bfd0b:-09c4</guid>
            <versionId>1f6fb9eb-24ce-43dc-ae39-54c2a78548ba</versionId>
        </configOption>
        <dynamicStyle>
            <lastModified isNull="true" />
            <lastModifiedBy isNull="true" />
            <coachViewDynamicStyleId>73.747c23f7-af2a-3c15-b90e-3dd6a783e626</coachViewDynamicStyleId>
            <coachViewId>64.793390a8-b833-37e0-a188-c65859a9a583</coachViewId>
            <filePath>scripts/controls.less</filePath>
            <assetUuid>/61.753ec599-e014-3ac0-9251-63c6aa962a34</assetUuid>
            <seq>0</seq>
            <guid>guid:0000000747c23f7a:f2a3c15b:90e3dd6a783:-e626</guid>
            <versionId>d962a8ad-daf3-4333-a837-3b20557bd7cd</versionId>
        </dynamicStyle>
        <inlineScript name="Inline CSS">
            <lastModified isNull="true" />
            <lastModifiedBy isNull="true" />
            <coachViewInlineScriptId>68.59dbb14e-a0ed-3f6c-a3c1-b2a9eb023983</coachViewInlineScriptId>
            <coachViewId>64.793390a8-b833-37e0-a188-c65859a9a583</coachViewId>
            <scriptType>CSS</scriptType>
            <scriptBlock isNull="true" />
            <seq>0</seq>
            <description isNull="true" />
            <guid>guid:000000059dbb14ea:0ed3f6ca:3c1b2a9eb02:-3983</guid>
            <versionId>71a3a425-aa24-48e6-a330-1ace26e8a33d</versionId>
        </inlineScript>
        <inlineScript name="Inline Javascript">
            <lastModified isNull="true" />
            <lastModifiedBy isNull="true" />
            <coachViewInlineScriptId>68.c9535e2a-8bea-3f22-9d6a-52630a25d8f7</coachViewInlineScriptId>
            <coachViewId>64.793390a8-b833-37e0-a188-c65859a9a583</coachViewId>
            <scriptType>JS</scriptType>
            <scriptBlock>
/*
@dojoConfigUpdateStart
dojoConfig.packages.push({
name: 'com.ibm.bpm.coach.angular',
location: dojoConfig.isDebug ?
com_ibm_bpm_coach.getManagedAssetUrl('coachview.helper.debug.zip', com_ibm_bpm_coach.assetType_WEB, 'SYSRC')
: com_ibm_bpm_coach.getManagedAssetUrl('coachview.helper.min.zip', com_ibm_bpm_coach.assetType_WEB, 'SYSRC')
});
@dojoConfigUpdateEnd
*/
</scriptBlock>
            <seq>1</seq>
            <description isNull="true" />
            <guid>guid:0000000c9535e2a8:bea3f229:d6a52630a25:-d8f7</guid>
            <versionId>491e5d45-7c42-45af-aab7-f639cc29be8d</versionId>
        </inlineScript>
        <inlineScript name="Header HTML">
            <lastModified isNull="true" />
            <lastModifiedBy isNull="true" />
            <coachViewInlineScriptId>68.67fc2d86-4171-37ed-b99f-1026f2057671</coachViewInlineScriptId>
            <coachViewId>64.793390a8-b833-37e0-a188-c65859a9a583</coachViewId>
            <scriptType>HTML</scriptType>
            <scriptBlock isNull="true" />
            <seq>2</seq>
            <description isNull="true" />
            <guid>guid:000000067fc2d864:17137edb:99f1026f205:-7671</guid>
            <versionId>aef54a8d-bf7d-4431-a865-03e3b9eedd8e</versionId>
        </inlineScript>
        <localization>
            <lastModified isNull="true" />
            <lastModifiedBy isNull="true" />
            <coachViewLocalResId>69.a18bc9eb-d8e6-39fe-a5ab-0b297477ee37</coachViewLocalResId>
            <coachViewId>64.793390a8-b833-37e0-a188-c65859a9a583</coachViewId>
            <resourceBundleGroupId>/50.b17076cd-8a20-376f-9c7d-379adea7aabc</resourceBundleGroupId>
            <seq>1</seq>
            <guid>guid:0000000a18bc9ebd:8e639fea:5ab0b297477:-ee37</guid>
            <versionId>26784dd1-726e-49f9-bb9e-beda9c86028e</versionId>
        </localization>
        <amdDependency>
            <lastModified isNull="true" />
            <lastModifiedBy isNull="true" />
            <coachViewAmdDepId>70.1f648475-cbbe-40c6-a117-388a4287dc58</coachViewAmdDepId>
            <coachViewId>64.793390a8-b833-37e0-a188-c65859a9a583</coachViewId>
            <moduleId>com.ibm.bpm.coach.angular/scripts/coachViewHelper</moduleId>
            <functionArgument>coachViewHelper</functionArgument>
            <seq>0</seq>
            <guid>guid:00000002af5b4c18:e3238bbb:3a664702b52:-b2d9</guid>
            <versionId>41806349-8935-4d3f-af2c-0d156a342fc8</versionId>
        </amdDependency>
        <amdDependency>
            <lastModified isNull="true" />
            <lastModifiedBy isNull="true" />
            <coachViewAmdDepId>70.01b9d79b-e3e1-4252-9f8e-807b032d468c</coachViewAmdDepId>
            <coachViewId>64.793390a8-b833-37e0-a188-c65859a9a583</coachViewId>
            <moduleId>dojo/date/locale</moduleId>
            <functionArgument>dateLocale</functionArgument>
            <seq>1</seq>
            <guid>guid:0000000d164ca9b6:55c3a0da:7981789dd2a:-d9c6</guid>
            <versionId>d66d9c33-0d96-4aa9-90ad-c087c4be4b51</versionId>
        </amdDependency>
        <amdDependency>
            <lastModified isNull="true" />
            <lastModifiedBy isNull="true" />
            <coachViewAmdDepId>70.059b8632-f379-4044-a080-bf5dc2eb9b92</coachViewAmdDepId>
            <coachViewId>64.793390a8-b833-37e0-a188-c65859a9a583</coachViewId>
            <moduleId>dojox/date/hebrew</moduleId>
            <functionArgument>hebrew</functionArgument>
            <seq>2</seq>
            <guid>guid:000000083401659a:2e332af9:bace70d3715:-722e</guid>
            <versionId>a2065a6d-d65a-4d1a-b562-dbf211c99186</versionId>
        </amdDependency>
        <amdDependency>
            <lastModified isNull="true" />
            <lastModifiedBy isNull="true" />
            <coachViewAmdDepId>70.40740214-e0c7-40ca-b412-7a388bc7344a</coachViewAmdDepId>
            <coachViewId>64.793390a8-b833-37e0-a188-c65859a9a583</coachViewId>
            <moduleId>dojox/date/hebrew/Date</moduleId>
            <functionArgument>hebrewDate</functionArgument>
            <seq>3</seq>
            <guid>guid:0000000fcdfe776a:62134adb:2182b951a43:-11b9</guid>
            <versionId>e7ef1699-6d4e-44ce-9bc9-03cc61dc1566</versionId>
        </amdDependency>
        <amdDependency>
            <lastModified isNull="true" />
            <lastModifiedBy isNull="true" />
            <coachViewAmdDepId>70.3298ded3-3d47-4a21-8876-de6665223d35</coachViewAmdDepId>
            <coachViewId>64.793390a8-b833-37e0-a188-c65859a9a583</coachViewId>
            <moduleId>dojox/date/hebrew/locale</moduleId>
            <functionArgument>hebrewLocale</functionArgument>
            <seq>4</seq>
            <guid>guid:0000000dce7c685f:80d34b69:f2f4b1cc26e:-9117</guid>
            <versionId>1fa2d20b-ce1d-47ac-b16b-4defb7dd49b6</versionId>
        </amdDependency>
        <amdDependency>
            <lastModified isNull="true" />
            <lastModifiedBy isNull="true" />
            <coachViewAmdDepId>70.6b3b59f2-5a74-47ed-894c-fd37ff716465</coachViewAmdDepId>
            <coachViewId>64.793390a8-b833-37e0-a188-c65859a9a583</coachViewId>
            <moduleId>dojox/date/islamic</moduleId>
            <functionArgument>islamic</functionArgument>
            <seq>5</seq>
            <guid>guid:000000055e3bf001:0033d44b:8926dc9e210:-b455</guid>
            <versionId>4dce5f03-e653-4a00-8a7a-682c7fa408ad</versionId>
        </amdDependency>
        <amdDependency>
            <lastModified isNull="true" />
            <lastModifiedBy isNull="true" />
            <coachViewAmdDepId>70.64768eb1-d643-4f42-8f28-f459eebb7160</coachViewAmdDepId>
            <coachViewId>64.793390a8-b833-37e0-a188-c65859a9a583</coachViewId>
            <moduleId>dojox/date/islamic/Date</moduleId>
            <functionArgument>islamicDate</functionArgument>
            <seq>6</seq>
            <guid>guid:0000000de10fc6e5:4c23ca09:19fb96c3879:-21b7</guid>
            <versionId>00df762d-6560-4613-ae30-8ab20e1af4db</versionId>
        </amdDependency>
        <amdDependency>
            <lastModified isNull="true" />
            <lastModifiedBy isNull="true" />
            <coachViewAmdDepId>70.8f25b0be-111b-4fd4-b99e-d7f4ff744c18</coachViewAmdDepId>
            <coachViewId>64.793390a8-b833-37e0-a188-c65859a9a583</coachViewId>
            <moduleId>dojox/date/islamic/locale</moduleId>
            <functionArgument>islamicLocale</functionArgument>
            <seq>7</seq>
            <guid>guid:000000013d83d201:e13345db:acebfae941d:-bbd4</guid>
            <versionId>8742528e-aad9-4a36-89de-3bea8f473abc</versionId>
        </amdDependency>
    </coachView>
</teamworks>

