<?xml version="1.0" encoding="UTF-8"?>
<teamworks>
    <coachView id="64.7d87b78a-a67b-3084-ad5f-edf42439ef26" name="Button">
        <lastModified>1618072899533</lastModified>
        <lastModifiedBy>dmgr_admin</lastModifiedBy>
        <coachViewId>64.7d87b78a-a67b-3084-ad5f-edf42439ef26</coachViewId>
        <isTemplate>false</isTemplate>
        <layout>&lt;?xml version="1.0" encoding="UTF-8"?&gt;
&lt;layout xmlns:xsi="http://www.w3.org/2001/XMLSchema-instance" xmlns="http://www.ibm.com/bpm/CoachDesignerNG"&gt;
&lt;layoutItem xsi:type="CustomHTML"&gt;
&lt;layoutItemId&gt;CustomHTML1&lt;/layoutItemId&gt;
&lt;configData&gt;
&lt;optionName&gt;@customHTML.contentType&lt;/optionName&gt;
&lt;value&gt;ASSET&lt;/value&gt;
&lt;/configData&gt;
&lt;configData&gt;
&lt;optionName&gt;@customHTML.textContent&lt;/optionName&gt;
&lt;/configData&gt;
&lt;configData&gt;
&lt;optionName&gt;@customHTML.variableContent&lt;/optionName&gt;
&lt;/configData&gt;
&lt;configData&gt;
&lt;optionName&gt;@customHTML.assetContent&lt;/optionName&gt;
&lt;value&gt;61.a2c084e4-c37b-3339-925e-e46b8a5769bf&lt;/value&gt;
&lt;/configData&gt;
&lt;/layoutItem&gt;
&lt;layoutItem xsi:type="CustomHTML"&gt;
&lt;layoutItemId&gt;ValidationAlert&lt;/layoutItemId&gt;
&lt;configData&gt;
&lt;optionName&gt;@customHTML.contentType&lt;/optionName&gt;
&lt;value&gt;ASSET&lt;/value&gt;
&lt;/configData&gt;
&lt;configData&gt;
&lt;optionName&gt;@customHTML.textContent&lt;/optionName&gt;
&lt;/configData&gt;
&lt;configData&gt;
&lt;optionName&gt;@customHTML.variableContent&lt;/optionName&gt;
&lt;/configData&gt;
&lt;configData&gt;
&lt;optionName&gt;@customHTML.assetContent&lt;/optionName&gt;
&lt;value&gt;61.e37c8eaa-0cd4-3b24-a7d5-c0cdcdd58eb2&lt;/value&gt;
&lt;/configData&gt;
&lt;/layoutItem&gt;
&lt;/layout&gt;
</layout>
        <paletteIcon>/61.27722576-fa62-3112-8023-8014700ab409</paletteIcon>
        <previewImage>/61.5ea2a700-201f-3247-9bcc-bea7075f5630</previewImage>
        <hasLabel>true</hasLabel>
        <labelPosition>4</labelPosition>
        <nineSliceX1Coord>8</nineSliceX1Coord>
        <nineSliceX2Coord>37</nineSliceX2Coord>
        <nineSliceY1Coord>8</nineSliceY1Coord>
        <nineSliceY2Coord>26</nineSliceY2Coord>
        <emitBoundary>true</emitBoundary>
        <isPrototypeFunc>true</isPrototypeFunc>
        <enableDevMode>false</enableDevMode>
        <isMobileReady>true</isMobileReady>
        <loadJsFunction>coachViewHelper.bootstrap(this, "responsive.coaches", "button", {Explorer: 9});</loadJsFunction>
        <unloadJsFunction isNull="true" />
        <viewJsFunction>coachViewHelper.init();</viewJsFunction>
        <changeJsFunction>coachViewHelper.notify(this);</changeJsFunction>
        <collaborationJsFunction isNull="true" />
        <description>&lt;p&gt;This control is a button instance that is suitable for mobile and desktop platforms. The button instance can broadcast a boundary event when a user clicks it. The button also includes an icon if one has been specified using the &lt;b&gt;Icon URL&lt;/b&gt; configuration property.&lt;/p&gt;</description>
        <validateJsFunction isNull="true" />
        <previewAdvHtml>/61.a3ddadce-6ff9-3ab7-9544-e0fe390fe5ad</previewAdvHtml>
        <previewAdvJs>/61.0b1317fc-7741-320e-9f21-0758a3c8a7c7</previewAdvJs>
        <useUrlBinding>false</useUrlBinding>
        <guid>guid:00000007d87b78aa:67b3084a:d5fedf42439:-ef26</guid>
        <versionId>5226894f-5b8b-35ff-a6a1-b35811805a02</versionId>
        <field1 isNull="true" />
        <field2 isNull="true" />
        <field3>0</field3>
        <field4 isNull="true" />
        <field5>false</field5>
        <clobField1 isNull="true" />
        <bindingType name="isClicked">
            <lastModified isNull="true" />
            <lastModifiedBy isNull="true" />
            <coachViewBindingTypeId>65.8d4402d7-a0d1-3f8f-bcdd-c6478af24755</coachViewBindingTypeId>
            <coachViewId>64.7d87b78a-a67b-3084-ad5f-edf42439ef26</coachViewId>
            <isList>false</isList>
            <classId>c6353c54-3d3a-41ac-8ca7-4d0469d35681/12.83ff975e-8dbc-42e5-b738-fa8bc08274a2</classId>
            <seq isNull="true" />
            <description isNull="true" />
            <guid>guid:00000008d4402d7a:0d13f8fb:cddc6478af2:-4755</guid>
            <versionId>574297b4-9f55-4c7e-a8eb-7f4112323d50</versionId>
        </bindingType>
        <configOption name="iconUrl">
            <lastModified isNull="true" />
            <lastModifiedBy isNull="true" />
            <coachViewConfigOptionId>66.e4490b1b-a671-3508-810e-81b2b6dfa6f6</coachViewConfigOptionId>
            <coachViewId>64.7d87b78a-a67b-3084-ad5f-edf42439ef26</coachViewId>
            <isList>false</isList>
            <propertyType>OBJECT</propertyType>
            <label>tw.resource.messages.responsive.coaches.icon</label>
            <classId>c6353c54-3d3a-41ac-8ca7-4d0469d35681/12.010f99b3-dd03-4f3d-938f-55f109a8bbb7</classId>
            <processId isNull="true" />
            <actionflowId isNull="true" />
            <isAdaptive>true</isAdaptive>
            <seq>1</seq>
            <description>tw.resource.messages.responsive.coaches.icon.description</description>
            <groupName isNull="true" />
            <guid>guid:0000000e4490b1ba:67135088:10e81b2b6df:-a6f6</guid>
            <versionId>28a8330d-78f4-47e5-b1f7-a82d041e1b46</versionId>
        </configOption>
        <configOption name="iconDescription">
            <lastModified isNull="true" />
            <lastModifiedBy isNull="true" />
            <coachViewConfigOptionId>66.97291121-63b5-3d24-a655-c9e2364901ba</coachViewConfigOptionId>
            <coachViewId>64.7d87b78a-a67b-3084-ad5f-edf42439ef26</coachViewId>
            <isList>false</isList>
            <propertyType>OBJECT</propertyType>
            <label>tw.resource.messages.responsive.coaches.iconDescription</label>
            <classId>c6353c54-3d3a-41ac-8ca7-4d0469d35681/12.db884a3c-c533-44b7-bb2d-47bec8ad4022</classId>
            <processId isNull="true" />
            <actionflowId isNull="true" />
            <isAdaptive>false</isAdaptive>
            <seq>2</seq>
            <description>tw.resource.messages.responsive.coaches.iconDescription.description</description>
            <groupName isNull="true" />
            <guid>guid:0000000972911216:3b53d24a:655c9e23649:-01ba</guid>
            <versionId>fef6ba48-5ad9-4f32-857a-96ba136fec27</versionId>
        </configOption>
        <configOption name="allowMultipleClicks">
            <lastModified isNull="true" />
            <lastModifiedBy isNull="true" />
            <coachViewConfigOptionId>66.1082e385-342d-3101-9767-d540330915f4</coachViewConfigOptionId>
            <coachViewId>64.7d87b78a-a67b-3084-ad5f-edf42439ef26</coachViewId>
            <isList>false</isList>
            <propertyType>OBJECT</propertyType>
            <label>tw.resource.messages.responsive.coaches.allowMultipleClicks</label>
            <classId>c6353c54-3d3a-41ac-8ca7-4d0469d35681/12.83ff975e-8dbc-42e5-b738-fa8bc08274a2</classId>
            <processId isNull="true" />
            <actionflowId isNull="true" />
            <isAdaptive>false</isAdaptive>
            <seq>3</seq>
            <description>tw.resource.messages.responsive.coaches.allowMultipleClicks.description</description>
            <groupName isNull="true" />
            <guid>guid:00000001082e3853:42d31019:767d5403309:-15f4</guid>
            <versionId>9f5e6b1f-a272-4bc5-9ed5-fd441ce714af</versionId>
        </configOption>
        <configOption name="buttonColor">
            <lastModified isNull="true" />
            <lastModifiedBy isNull="true" />
            <coachViewConfigOptionId>66.db807813-c667-3abf-b8b4-826140fa6774</coachViewConfigOptionId>
            <coachViewId>64.7d87b78a-a67b-3084-ad5f-edf42439ef26</coachViewId>
            <isList>false</isList>
            <propertyType>OBJECT</propertyType>
            <label>tw.resource.messages.responsive.coaches.buttonColors</label>
            <classId>/12.31957116-b4d2-3e59-a7a0-3102368d1930</classId>
            <processId isNull="true" />
            <actionflowId isNull="true" />
            <isAdaptive>false</isAdaptive>
            <seq>4</seq>
            <description>tw.resource.messages.responsive.coaches.buttonColors.description</description>
            <groupName>tw.resource.messages.responsive.coaches.style</groupName>
            <guid>guid:0000000db807813c:6673abfb:8b4826140fa:-6774</guid>
            <versionId>8a4f51ca-ad06-44f2-959d-d93d9b4eef82</versionId>
        </configOption>
        <configOption name="buttonSize">
            <lastModified isNull="true" />
            <lastModifiedBy isNull="true" />
            <coachViewConfigOptionId>66.327f37c7-08de-3165-be60-40b0a1420a93</coachViewConfigOptionId>
            <coachViewId>64.7d87b78a-a67b-3084-ad5f-edf42439ef26</coachViewId>
            <isList>false</isList>
            <propertyType>OBJECT</propertyType>
            <label>tw.resource.messages.responsive.coaches.textSize</label>
            <classId>/12.0b2df65b-a634-34b8-96f8-7da0de513dde</classId>
            <processId isNull="true" />
            <actionflowId isNull="true" />
            <isAdaptive>true</isAdaptive>
            <seq>5</seq>
            <description>tw.resource.messages.responsive.coaches.textSize.description</description>
            <groupName>tw.resource.messages.responsive.coaches.style</groupName>
            <guid>guid:0000000327f37c70:8de3165b:e6040b0a142:-0a93</guid>
            <versionId>e60bfee5-4d47-41eb-af9d-5a4cbccd6bdb</versionId>
        </configOption>
        <dynamicStyle>
            <lastModified isNull="true" />
            <lastModifiedBy isNull="true" />
            <coachViewDynamicStyleId>73.b17c49ac-1a51-33d7-979a-f14e0bc1ea30</coachViewDynamicStyleId>
            <coachViewId>64.7d87b78a-a67b-3084-ad5f-edf42439ef26</coachViewId>
            <filePath>scripts/controls.less</filePath>
            <assetUuid>/61.753ec599-e014-3ac0-9251-63c6aa962a34</assetUuid>
            <seq>0</seq>
            <guid>guid:0000000b17c49ac1:a5133d79:79af14e0bc1:-ea30</guid>
            <versionId>2ccf2b48-340a-4040-a1cb-de28fc327656</versionId>
        </dynamicStyle>
        <inlineScript name="Inline CSS">
            <lastModified isNull="true" />
            <lastModifiedBy isNull="true" />
            <coachViewInlineScriptId>68.c330d692-d7cd-3a3b-9f2a-b9729550d89f</coachViewInlineScriptId>
            <coachViewId>64.7d87b78a-a67b-3084-ad5f-edf42439ef26</coachViewId>
            <scriptType>CSS</scriptType>
            <scriptBlock isNull="true" />
            <seq>0</seq>
            <description isNull="true" />
            <guid>guid:0000000c330d692d:7cd3a3b9:f2ab9729550:-d89f</guid>
            <versionId>beddd61c-50df-465e-80ff-a7eb78b5fbb2</versionId>
        </inlineScript>
        <inlineScript name="Inline Javascript">
            <lastModified isNull="true" />
            <lastModifiedBy isNull="true" />
            <coachViewInlineScriptId>68.145bd808-5e79-356b-8033-42637b670bcf</coachViewInlineScriptId>
            <coachViewId>64.7d87b78a-a67b-3084-ad5f-edf42439ef26</coachViewId>
            <scriptType>JS</scriptType>
            <scriptBlock>
/*
@dojoConfigUpdateStart
dojoConfig.packages.push({
name: 'com.ibm.bpm.coach.angular',
location: dojoConfig.isDebug ?
com_ibm_bpm_coach.getManagedAssetUrl('coachview.helper.debug.zip', com_ibm_bpm_coach.assetType_WEB, 'SYSRC')
: com_ibm_bpm_coach.getManagedAssetUrl('coachview.helper.min.zip', com_ibm_bpm_coach.assetType_WEB, 'SYSRC')
});
@dojoConfigUpdateEnd
*/
</scriptBlock>
            <seq>1</seq>
            <description isNull="true" />
            <guid>guid:0000000145bd8085:e79356b8:03342637b67:-0bcf</guid>
            <versionId>942085cf-a4b7-43e3-bc5d-1c72138a6537</versionId>
        </inlineScript>
        <inlineScript name="Header HTML">
            <lastModified isNull="true" />
            <lastModifiedBy isNull="true" />
            <coachViewInlineScriptId>68.2bd4d57a-2aa9-316e-8e46-85c4122fddd9</coachViewInlineScriptId>
            <coachViewId>64.7d87b78a-a67b-3084-ad5f-edf42439ef26</coachViewId>
            <scriptType>HTML</scriptType>
            <scriptBlock isNull="true" />
            <seq>2</seq>
            <description isNull="true" />
            <guid>guid:00000002bd4d57a2:aa9316e8:e4685c4122f:-ddd9</guid>
            <versionId>7567fdcb-782c-4f09-b37d-2b0d108fac09</versionId>
        </inlineScript>
        <localization>
            <lastModified isNull="true" />
            <lastModifiedBy isNull="true" />
            <coachViewLocalResId>69.a74bce0a-9d1b-3321-a51c-a64a784537d9</coachViewLocalResId>
            <coachViewId>64.7d87b78a-a67b-3084-ad5f-edf42439ef26</coachViewId>
            <resourceBundleGroupId>/50.b17076cd-8a20-376f-9c7d-379adea7aabc</resourceBundleGroupId>
            <seq>1</seq>
            <guid>guid:0000000a74bce0a9:d1b3321a:51ca64a7845:-37d9</guid>
            <versionId>af300f93-a9f2-46ad-868b-ebd080ed9950</versionId>
        </localization>
        <amdDependency>
            <lastModified isNull="true" />
            <lastModifiedBy isNull="true" />
            <coachViewAmdDepId>70.955cbe1c-a2d8-44be-910d-bfad75ab21c2</coachViewAmdDepId>
            <coachViewId>64.7d87b78a-a67b-3084-ad5f-edf42439ef26</coachViewId>
            <moduleId>com.ibm.bpm.coach.angular/scripts/coachViewHelper</moduleId>
            <functionArgument>coachViewHelper</functionArgument>
            <seq>0</seq>
            <guid>guid:0000000310d50c77:60b31968:add90779e0e:-4fd5</guid>
            <versionId>58eac503-ed6a-4106-9b2d-930b46653c6b</versionId>
        </amdDependency>
    </coachView>
</teamworks>

