<?xml version="1.0" encoding="UTF-8"?>
<teamworks>
    <coachView id="64.d109fc11-3729-396e-bf94-d748d1967596" name="Text">
        <lastModified>1618072899533</lastModified>
        <lastModifiedBy>dmgr_admin</lastModifiedBy>
        <coachViewId>64.d109fc11-3729-396e-bf94-d748d1967596</coachViewId>
        <isTemplate>false</isTemplate>
        <layout>&lt;?xml version="1.0" encoding="UTF-8"?&gt;
&lt;layout xmlns:xsi="http://www.w3.org/2001/XMLSchema-instance" xmlns="http://www.ibm.com/bpm/CoachDesignerNG"&gt;
&lt;layoutItem xsi:type="CustomHTML"&gt;
&lt;layoutItemId&gt;CustomHTML1&lt;/layoutItemId&gt;
&lt;configData&gt;
&lt;optionName&gt;@customHTML.contentType&lt;/optionName&gt;
&lt;value&gt;ASSET&lt;/value&gt;
&lt;/configData&gt;
&lt;configData&gt;
&lt;optionName&gt;@customHTML.textContent&lt;/optionName&gt;
&lt;/configData&gt;
&lt;configData&gt;
&lt;optionName&gt;@customHTML.variableContent&lt;/optionName&gt;
&lt;/configData&gt;
&lt;configData&gt;
&lt;optionName&gt;@customHTML.assetContent&lt;/optionName&gt;
&lt;value&gt;61.f62e4dfa-e362-3fc1-8c74-9941af2142f7&lt;/value&gt;
&lt;/configData&gt;
&lt;/layoutItem&gt;
&lt;layoutItem xsi:type="CustomHTML"&gt;
&lt;layoutItemId&gt;ValidationAlert&lt;/layoutItemId&gt;
&lt;configData&gt;
&lt;optionName&gt;@customHTML.contentType&lt;/optionName&gt;
&lt;value&gt;ASSET&lt;/value&gt;
&lt;/configData&gt;
&lt;configData&gt;
&lt;optionName&gt;@customHTML.textContent&lt;/optionName&gt;
&lt;/configData&gt;
&lt;configData&gt;
&lt;optionName&gt;@customHTML.variableContent&lt;/optionName&gt;
&lt;/configData&gt;
&lt;configData&gt;
&lt;optionName&gt;@customHTML.assetContent&lt;/optionName&gt;
&lt;value&gt;61.e37c8eaa-0cd4-3b24-a7d5-c0cdcdd58eb2&lt;/value&gt;
&lt;/configData&gt;
&lt;/layoutItem&gt;
&lt;/layout&gt;
</layout>
        <paletteIcon>/61.ae01f481-0844-3f50-b8eb-af557a7edc13</paletteIcon>
        <previewImage>/61.3a6be9c3-2b79-382a-9669-6843d87da45c</previewImage>
        <hasLabel>true</hasLabel>
        <labelPosition>0</labelPosition>
        <nineSliceX1Coord isNull="true" />
        <nineSliceX2Coord isNull="true" />
        <nineSliceY1Coord isNull="true" />
        <nineSliceY2Coord isNull="true" />
        <emitBoundary>false</emitBoundary>
        <isPrototypeFunc>true</isPrototypeFunc>
        <enableDevMode>false</enableDevMode>
        <isMobileReady>true</isMobileReady>
        <loadJsFunction>coachViewHelper.bootstrap(this, "responsive.coaches", "text", {Explorer: 9});</loadJsFunction>
        <unloadJsFunction isNull="true" />
        <viewJsFunction>coachViewHelper.init();</viewJsFunction>
        <changeJsFunction>coachViewHelper.notify(this);</changeJsFunction>
        <collaborationJsFunction isNull="true" />
        <description>&lt;p&gt;This control is a field instance in which users can view or enter text. The field is suitable for mobile and desktop platforms.&lt;/p&gt;</description>
        <validateJsFunction>coachViewHelper.validate(this, event);</validateJsFunction>
        <previewAdvHtml>/61.307657b8-8249-37ff-9fec-0b8e3c49f860</previewAdvHtml>
        <previewAdvJs>/61.a56aa49c-0121-3a19-b84b-3b2694ff4cf1</previewAdvJs>
        <useUrlBinding>false</useUrlBinding>
        <guid>guid:0000000d109fc113:729396eb:f94d748d196:-7596</guid>
        <versionId>99a4104c-c417-380f-ac86-471e172b1845</versionId>
        <field1 isNull="true" />
        <field2 isNull="true" />
        <field3>0</field3>
        <field4 isNull="true" />
        <field5>false</field5>
        <clobField1 isNull="true" />
        <bindingType name="textValue">
            <lastModified isNull="true" />
            <lastModifiedBy isNull="true" />
            <coachViewBindingTypeId>65.ecad1e0a-638a-3856-aa0f-44e773833e02</coachViewBindingTypeId>
            <coachViewId>64.d109fc11-3729-396e-bf94-d748d1967596</coachViewId>
            <isList>false</isList>
            <classId>c6353c54-3d3a-41ac-8ca7-4d0469d35681/12.db884a3c-c533-44b7-bb2d-47bec8ad4022</classId>
            <seq isNull="true" />
            <description isNull="true" />
            <guid>guid:0000000ecad1e0a6:38a3856a:a0f44e77383:-3e02</guid>
            <versionId>85cada15-2176-4899-b19e-1ee9e94cda8d</versionId>
        </bindingType>
        <configOption name="placeholder">
            <lastModified isNull="true" />
            <lastModifiedBy isNull="true" />
            <coachViewConfigOptionId>66.7089e004-aba0-3c3e-a400-23f94dcec48c</coachViewConfigOptionId>
            <coachViewId>64.d109fc11-3729-396e-bf94-d748d1967596</coachViewId>
            <isList>false</isList>
            <propertyType>OBJECT</propertyType>
            <label>tw.resource.messages.responsive.coaches.placeholder</label>
            <classId>c6353c54-3d3a-41ac-8ca7-4d0469d35681/12.db884a3c-c533-44b7-bb2d-47bec8ad4022</classId>
            <processId isNull="true" />
            <actionflowId isNull="true" />
            <isAdaptive>false</isAdaptive>
            <seq>1</seq>
            <description>tw.resource.messages.responsive.coaches.placeholder.description</description>
            <groupName isNull="true" />
            <guid>guid:00000007089e004a:ba03c3ea:40023f94dce:-c48c</guid>
            <versionId>fa27c734-c1b9-4f9c-8422-dc492c6ba634</versionId>
        </configOption>
        <configOption name="autocompletionEnabled">
            <lastModified isNull="true" />
            <lastModifiedBy isNull="true" />
            <coachViewConfigOptionId>66.bbdad734-1491-3657-b208-c768f03f76ed</coachViewConfigOptionId>
            <coachViewId>64.d109fc11-3729-396e-bf94-d748d1967596</coachViewId>
            <isList>false</isList>
            <propertyType>OBJECT</propertyType>
            <label>tw.resource.messages.responsive.coaches.enableAutocompletion</label>
            <classId>c6353c54-3d3a-41ac-8ca7-4d0469d35681/12.83ff975e-8dbc-42e5-b738-fa8bc08274a2</classId>
            <processId isNull="true" />
            <actionflowId isNull="true" />
            <isAdaptive>false</isAdaptive>
            <seq>2</seq>
            <description>tw.resource.messages.responsive.coaches.enableAutocompletion.description</description>
            <groupName>tw.resource.messages.responsive.coaches.autocompletion</groupName>
            <guid>guid:0000000bbdad7341:4913657b:208c768f03f:-76ed</guid>
            <versionId>94fc2b70-3c7a-4ded-9779-3d6c2cdc26cf</versionId>
        </configOption>
        <configOption name="autocompletionService">
            <lastModified isNull="true" />
            <lastModifiedBy isNull="true" />
            <coachViewConfigOptionId>66.32e389c8-b686-3de1-9c61-bb1e4ee15d41</coachViewConfigOptionId>
            <coachViewId>64.d109fc11-3729-396e-bf94-d748d1967596</coachViewId>
            <isList>false</isList>
            <propertyType>SERVICE</propertyType>
            <label>tw.resource.messages.responsive.coaches.autocompletionService</label>
            <classId isNull="true" />
            <processId>/1.f6fcf143-357b-3864-a48b-856e0c52b516</processId>
            <actionflowId isNull="true" />
            <isAdaptive>false</isAdaptive>
            <seq>3</seq>
            <description>tw.resource.messages.responsive.coaches.autocompletionService.description</description>
            <groupName>tw.resource.messages.responsive.coaches.autocompletion</groupName>
            <guid>guid:000000032e389c8b:6863de19:c61bb1e4ee1:-5d41</guid>
            <versionId>fe39f6f3-0f2a-4ca8-8308-fb94f4e923c3</versionId>
        </configOption>
        <configOption name="autocompletionDelay">
            <lastModified isNull="true" />
            <lastModifiedBy isNull="true" />
            <coachViewConfigOptionId>66.406602ee-827b-3307-854d-94a7982999f7</coachViewConfigOptionId>
            <coachViewId>64.d109fc11-3729-396e-bf94-d748d1967596</coachViewId>
            <isList>false</isList>
            <propertyType>OBJECT</propertyType>
            <label>tw.resource.messages.responsive.coaches.autocompletionDelay</label>
            <classId>c6353c54-3d3a-41ac-8ca7-4d0469d35681/12.3fa0d7a0-828a-4d60-99cc-db5ed143fc2d</classId>
            <processId isNull="true" />
            <actionflowId isNull="true" />
            <isAdaptive>false</isAdaptive>
            <seq>4</seq>
            <description>tw.resource.messages.responsive.coaches.autocompletionDelay.description</description>
            <groupName>tw.resource.messages.responsive.coaches.autocompletion</groupName>
            <guid>guid:0000000406602ee8:27b33078:54d94a79829:-99f7</guid>
            <versionId>099dbfce-a70d-457b-9182-0f40d83846ea</versionId>
        </configOption>
        <configOption name="validationRegEx">
            <lastModified isNull="true" />
            <lastModifiedBy isNull="true" />
            <coachViewConfigOptionId>66.c1efd0bd-479e-3920-9ef3-a3f530ee6fe5</coachViewConfigOptionId>
            <coachViewId>64.d109fc11-3729-396e-bf94-d748d1967596</coachViewId>
            <isList>false</isList>
            <propertyType>OBJECT</propertyType>
            <label>tw.resource.messages.responsive.coaches.validation</label>
            <classId>c6353c54-3d3a-41ac-8ca7-4d0469d35681/12.db884a3c-c533-44b7-bb2d-47bec8ad4022</classId>
            <processId isNull="true" />
            <actionflowId isNull="true" />
            <isAdaptive>false</isAdaptive>
            <seq>5</seq>
            <description>tw.resource.messages.responsive.coaches.validation.description</description>
            <groupName isNull="true" />
            <guid>guid:0000000c1efd0bd4:79e39209:ef3a3f530ee:-6fe5</guid>
            <versionId>642b82fe-eb09-44e6-a553-69fedb1d2f48</versionId>
        </configOption>
        <configOption name="textInputType">
            <lastModified isNull="true" />
            <lastModifiedBy isNull="true" />
            <coachViewConfigOptionId>66.432135e4-9195-3af0-a5c3-c7dc74ee2ccb</coachViewConfigOptionId>
            <coachViewId>64.d109fc11-3729-396e-bf94-d748d1967596</coachViewId>
            <isList>false</isList>
            <propertyType>OBJECT</propertyType>
            <label>tw.resource.messages.responsive.coaches.textInputType</label>
            <classId>/12.2f2706f0-35b2-34c3-b042-16650e46ea88</classId>
            <processId isNull="true" />
            <actionflowId isNull="true" />
            <isAdaptive>false</isAdaptive>
            <seq>6</seq>
            <description>tw.resource.messages.responsive.coaches.textInputType.description</description>
            <groupName isNull="true" />
            <guid>guid:0000000432135e49:1953af0a:5c3c7dc74ee:-2ccb</guid>
            <versionId>445376a6-15d9-483a-a162-161e1018eff2</versionId>
        </configOption>
        <configOption name="maxLength">
            <lastModified isNull="true" />
            <lastModifiedBy isNull="true" />
            <coachViewConfigOptionId>66.d3f6de87-5adc-3975-9703-e6c28492bb66</coachViewConfigOptionId>
            <coachViewId>64.d109fc11-3729-396e-bf94-d748d1967596</coachViewId>
            <isList>false</isList>
            <propertyType>OBJECT</propertyType>
            <label>tw.resource.messages.responsive.coaches.maxLength</label>
            <classId>c6353c54-3d3a-41ac-8ca7-4d0469d35681/12.3fa0d7a0-828a-4d60-99cc-db5ed143fc2d</classId>
            <processId isNull="true" />
            <actionflowId isNull="true" />
            <isAdaptive>false</isAdaptive>
            <seq>7</seq>
            <description>tw.resource.messages.responsive.coaches.maxLength.description</description>
            <groupName isNull="true" />
            <guid>guid:0000000d3f6de875:adc39759:703e6c28492:-bb66</guid>
            <versionId>583dffcf-6204-45a9-a9ee-a12995ec44f9</versionId>
        </configOption>
        <configOption name="textSize">
            <lastModified isNull="true" />
            <lastModifiedBy isNull="true" />
            <coachViewConfigOptionId>66.6f5d933b-565d-3270-a561-82283bfdb0f4</coachViewConfigOptionId>
            <coachViewId>64.d109fc11-3729-396e-bf94-d748d1967596</coachViewId>
            <isList>false</isList>
            <propertyType>OBJECT</propertyType>
            <label>tw.resource.messages.responsive.coaches.textSize</label>
            <classId>/12.0b2df65b-a634-34b8-96f8-7da0de513dde</classId>
            <processId isNull="true" />
            <actionflowId isNull="true" />
            <isAdaptive>true</isAdaptive>
            <seq>8</seq>
            <description>tw.resource.messages.responsive.coaches.textSize.description</description>
            <groupName>tw.resource.messages.responsive.coaches.style</groupName>
            <guid>guid:00000006f5d933b5:65d3270a:56182283bfd:-b0f4</guid>
            <versionId>15d98aea-4764-41cf-89c8-d6e403c57671</versionId>
        </configOption>
        <dynamicStyle>
            <lastModified isNull="true" />
            <lastModifiedBy isNull="true" />
            <coachViewDynamicStyleId>73.c020d22e-cb4e-3c8d-863d-acf76f97894b</coachViewDynamicStyleId>
            <coachViewId>64.d109fc11-3729-396e-bf94-d748d1967596</coachViewId>
            <filePath>scripts/controls.less</filePath>
            <assetUuid>/61.753ec599-e014-3ac0-9251-63c6aa962a34</assetUuid>
            <seq>0</seq>
            <guid>guid:0000000c020d22ec:b4e3c8d8:63dacf76f97:-894b</guid>
            <versionId>f5c2f897-60f9-4ca4-b683-6c5ecf72992d</versionId>
        </dynamicStyle>
        <inlineScript name="Inline CSS">
            <lastModified isNull="true" />
            <lastModifiedBy isNull="true" />
            <coachViewInlineScriptId>68.4fb4e8df-d203-36bf-8946-2c0829d6da92</coachViewInlineScriptId>
            <coachViewId>64.d109fc11-3729-396e-bf94-d748d1967596</coachViewId>
            <scriptType>CSS</scriptType>
            <scriptBlock isNull="true" />
            <seq>0</seq>
            <description isNull="true" />
            <guid>guid:00000004fb4e8dfd:20336bf8:9462c0829d6:-da92</guid>
            <versionId>770a4b86-5700-416a-be4c-3870adac95f2</versionId>
        </inlineScript>
        <inlineScript name="Inline Javascript">
            <lastModified isNull="true" />
            <lastModifiedBy isNull="true" />
            <coachViewInlineScriptId>68.e891a76d-4709-3d48-a4c6-1404e67bf8f8</coachViewInlineScriptId>
            <coachViewId>64.d109fc11-3729-396e-bf94-d748d1967596</coachViewId>
            <scriptType>JS</scriptType>
            <scriptBlock>
/*
@dojoConfigUpdateStart
dojoConfig.packages.push({
name: 'com.ibm.bpm.coach.angular',
location: dojoConfig.isDebug ?
com_ibm_bpm_coach.getManagedAssetUrl('coachview.helper.debug.zip', com_ibm_bpm_coach.assetType_WEB, 'SYSRC')
: com_ibm_bpm_coach.getManagedAssetUrl('coachview.helper.min.zip', com_ibm_bpm_coach.assetType_WEB, 'SYSRC')
});
@dojoConfigUpdateEnd
*/
</scriptBlock>
            <seq>1</seq>
            <description isNull="true" />
            <guid>guid:0000000e891a76d4:7093d48a:4c61404e67b:-f8f8</guid>
            <versionId>a361a7f8-54dd-4ed9-b36a-1d81d3572839</versionId>
        </inlineScript>
        <inlineScript name="Header HTML">
            <lastModified isNull="true" />
            <lastModifiedBy isNull="true" />
            <coachViewInlineScriptId>68.73a05e99-7d17-3dc3-b8c2-ef1cb32c8723</coachViewInlineScriptId>
            <coachViewId>64.d109fc11-3729-396e-bf94-d748d1967596</coachViewId>
            <scriptType>HTML</scriptType>
            <scriptBlock isNull="true" />
            <seq>2</seq>
            <description isNull="true" />
            <guid>guid:000000073a05e997:d173dc3b:8c2ef1cb32c:-8723</guid>
            <versionId>7ac4890e-8ef5-4bb3-8323-f11220d7a41e</versionId>
        </inlineScript>
        <localization>
            <lastModified isNull="true" />
            <lastModifiedBy isNull="true" />
            <coachViewLocalResId>69.311ff561-c350-31b5-bed6-ad7f0a9ab30e</coachViewLocalResId>
            <coachViewId>64.d109fc11-3729-396e-bf94-d748d1967596</coachViewId>
            <resourceBundleGroupId>/50.b17076cd-8a20-376f-9c7d-379adea7aabc</resourceBundleGroupId>
            <seq>1</seq>
            <guid>guid:0000000311ff561c:35031b5b:ed6ad7f0a9a:-b30e</guid>
            <versionId>ecc00ba5-464c-4e5c-9f35-596b4ec9d7c4</versionId>
        </localization>
        <amdDependency>
            <lastModified isNull="true" />
            <lastModifiedBy isNull="true" />
            <coachViewAmdDepId>70.e655e5d5-c8f3-4567-8d08-fc6600a9d4c1</coachViewAmdDepId>
            <coachViewId>64.d109fc11-3729-396e-bf94-d748d1967596</coachViewId>
            <moduleId>com.ibm.bpm.coach.angular/scripts/coachViewHelper</moduleId>
            <functionArgument>coachViewHelper</functionArgument>
            <seq>0</seq>
            <guid>guid:00000002a29fcf78:ec8360a8:45482812c4b:-ddfb</guid>
            <versionId>d593f3a4-5c9b-4a5f-9afe-6a29bde46832</versionId>
        </amdDependency>
    </coachView>
</teamworks>

