<?xml version="1.0" encoding="UTF-8"?>
<teamworks>
    <process id="1.02ed94e2-adaf-4acc-94bb-ceaf266fac6a" name="Retrieve Task Details">
        <lastModified>1501162054255</lastModified>
        <lastModifiedBy>tw_admin</lastModifiedBy>
        <processId>1.02ed94e2-adaf-4acc-94bb-ceaf266fac6a</processId>
        <image isNull="true" />
        <tabGroup isNull="true" />
        <startingProcessItemId>2025.a11e1756-cee3-4c53-ac62-3b4f8fdcd0f9</startingProcessItemId>
        <isRootProcess>false</isRootProcess>
        <processType>12</processType>
        <isErrorHandlerEnabled>false</isErrorHandlerEnabled>
        <errorHandlerItemId isNull="true" />
        <isLoggingVariables>false</isLoggingVariables>
        <isTransactional>false</isTransactional>
        <processTimingLevel isNull="true" />
        <participantRef isNull="true" />
        <exposedType>0</exposedType>
        <isTrackingEnabled>true</isTrackingEnabled>
        <xmlData isNull="true" />
        <cachingType>false</cachingType>
        <itemLabel isNull="true" />
        <cacheLength>0</cacheLength>
        <mobileReady>false</mobileReady>
        <sboSyncEnabled>true</sboSyncEnabled>
        <externalId isNull="true" />
        <isSecured>false</isSecured>
        <isAjaxExposed>true</isAjaxExposed>
        <description isNull="true" />
        <guid>994da805-f1bc-487d-8aa1-db9b97947e5b</guid>
        <versionId>11c1c545-c102-4908-862f-0b2b6ca09e83</versionId>
        <dependencySummary>&lt;dependencySummary id="da4a53cb-3cf5-45d4-ae35-333f99d40e99" /&gt;</dependencySummary>
        <jsonData isNull="true" />
        <field1 isNull="true" />
        <field2 isNull="true" />
        <field3>0</field3>
        <field4 isNull="true" />
        <field5>false</field5>
        <clobField1 isNull="true" />
        <blobField1 isNull="true" />
        <processParameter name="data">
            <lastModified isNull="true" />
            <lastModifiedBy isNull="true" />
            <processParameterId>2055.a15e5348-181e-442b-9e40-4ebd18ba3105</processParameterId>
            <processId>1.02ed94e2-adaf-4acc-94bb-ceaf266fac6a</processId>
            <parameterType>1</parameterType>
            <isArrayOf>false</isArrayOf>
            <classId>556939fc-1d6d-4204-9546-c095a59cca29/12.c09c9b6e-aabd-4897-bef2-ed61db106297</classId>
            <seq>1</seq>
            <hasDefault>false</hasDefault>
            <defaultValue isNull="true" />
            <isLocked>false</isLocked>
            <description isNull="true" />
            <guid>ec41654d-3410-4fbf-879c-c0b55218ca63</guid>
            <versionId>5548a8fa-13cb-405d-9f99-cbcf0dd44340</versionId>
        </processParameter>
        <processParameter name="results">
            <lastModified isNull="true" />
            <lastModifiedBy isNull="true" />
            <processParameterId>2055.e767c26c-b869-4d28-aa54-2d7fd83d0e68</processParameterId>
            <processId>1.02ed94e2-adaf-4acc-94bb-ceaf266fac6a</processId>
            <parameterType>2</parameterType>
            <isArrayOf>false</isArrayOf>
            <classId>556939fc-1d6d-4204-9546-c095a59cca29/12.c09c9b6e-aabd-4897-bef2-ed61db106297</classId>
            <seq>2</seq>
            <hasDefault>false</hasDefault>
            <defaultValue isNull="true" />
            <isLocked>false</isLocked>
            <description isNull="true" />
            <guid>861a3d75-66b7-4882-b283-875eb9580141</guid>
            <versionId>33d5b282-cdd4-4682-b177-bef9f85ca2f5</versionId>
        </processParameter>
        <processParameter name="error">
            <lastModified isNull="true" />
            <lastModifiedBy isNull="true" />
            <processParameterId>2055.cdbf67ca-4adc-4540-a6a1-d090a11e304b</processParameterId>
            <processId>1.02ed94e2-adaf-4acc-94bb-ceaf266fac6a</processId>
            <parameterType>2</parameterType>
            <isArrayOf>false</isArrayOf>
            <classId>/12.5551644c-3dc6-4161-a939-4e7f27f8ce45</classId>
            <seq>3</seq>
            <hasDefault>false</hasDefault>
            <defaultValue isNull="true" />
            <isLocked>false</isLocked>
            <description isNull="true" />
            <guid>caec7f8c-ad1a-46d0-a1e7-7c959e758bcc</guid>
            <versionId>5ab731e7-2abf-40db-b7ff-f23c6f0f87b4</versionId>
        </processParameter>
        <item>
            <lastModified isNull="true" />
            <lastModifiedBy isNull="true" />
            <processItemId>2025.a11e1756-cee3-4c53-ac62-3b4f8fdcd0f9</processItemId>
            <processId>1.02ed94e2-adaf-4acc-94bb-ceaf266fac6a</processId>
            <name>Script Task</name>
            <tWComponentName>Script</tWComponentName>
            <tWComponentId>3011.f99b277e-ef79-4eaa-8c69-5b1de8be22b5</tWComponentId>
            <isLogEnabled>false</isLogEnabled>
            <isTraceEnabled>false</isTraceEnabled>
            <traceCategory isNull="true" />
            <traceLevel isNull="true" />
            <traceMessage isNull="true" />
            <traceSymbolTable isNull="true" />
            <isExecutionContextTraced>false</isExecutionContextTraced>
            <saveExecutionContext>false</saveExecutionContext>
            <documentation isNull="true" />
            <isErrorHandlerEnabled>false</isErrorHandlerEnabled>
            <errorHandlerItemId isNull="true" />
            <guid>guid:a0fe9d48deb45939:-369dbc73:15d808bd031:-6df5</guid>
            <versionId>3091c92e-3fa3-48ac-8931-7cf61c78085b</versionId>
            <externalServiceRef isNull="true" />
            <externalServiceOp isNull="true" />
            <nodeColor isNull="true" />
            <layoutData x="268" y="57">
                <errorLink>
                    <controlPoints />
                    <showEndState>false</showEndState>
                    <showName>false</showName>
                </errorLink>
            </layoutData>
            <TWComponent>
                <lastModified isNull="true" />
                <lastModifiedBy isNull="true" />
                <scriptId>3011.f99b277e-ef79-4eaa-8c69-5b1de8be22b5</scriptId>
                <scriptTypeId>2</scriptTypeId>
                <isActive>true</isActive>
                <script>tw.local.results  = new tw.object.Record();&#xD;
&#xD;
var t = tw.local.results;&#xD;
&#xD;
var task = tw.system.findTaskByID(tw.local.data);&#xD;
log.info("Task: " + task);&#xD;
if (!!task) {&#xD;
	t.taskId = task.id;&#xD;
	t.subject = task.subject;&#xD;
	t.userName = task.owner;&#xD;
	t.taskNarrative = task.narrative;&#xD;
	if (!!task.processActivityName)&#xD;
		t.activityName = task.processActivityName;&#xD;
	if (!!task.processActivityDescription){&#xD;
		t.activityDescription = task.processActivityDescription;&#xD;
	}&#xD;
&#xD;
	var procInstance = task.processInstance;&#xD;
	if(!!procInstance){&#xD;
		var process = procInstance.process;&#xD;
		t.bpdInstanceId = procInstance.id;&#xD;
		t.bpdInstanceName = procInstance.name;&#xD;
		t.bpdName = process.name;&#xD;
		t.bpdDescription = process.description;&#xD;
	}&#xD;
	&#xD;
}</script>
                <isRule>false</isRule>
                <guid>c378924f-2929-417c-8995-a2295d299892</guid>
                <versionId>8681b77e-106b-43b4-a0cb-92c06a454236</versionId>
            </TWComponent>
        </item>
        <item>
            <lastModified isNull="true" />
            <lastModifiedBy isNull="true" />
            <processItemId>2025.54163e0a-8008-40a0-9913-da0f24804071</processItemId>
            <processId>1.02ed94e2-adaf-4acc-94bb-ceaf266fac6a</processId>
            <name>End</name>
            <tWComponentName>ExitPoint</tWComponentName>
            <tWComponentId>3008.ecd9e4af-6aa1-48a0-8e99-03d3f7ef8378</tWComponentId>
            <isLogEnabled>false</isLogEnabled>
            <isTraceEnabled>false</isTraceEnabled>
            <traceCategory isNull="true" />
            <traceLevel isNull="true" />
            <traceMessage isNull="true" />
            <traceSymbolTable isNull="true" />
            <isExecutionContextTraced>false</isExecutionContextTraced>
            <saveExecutionContext>true</saveExecutionContext>
            <documentation isNull="true" />
            <isErrorHandlerEnabled>false</isErrorHandlerEnabled>
            <errorHandlerItemId isNull="true" />
            <guid>guid:a0fe9d48deb45939:-369dbc73:15d808bd031:-6df6</guid>
            <versionId>75860818-81fd-4b73-8f68-27dbdf4e18f2</versionId>
            <externalServiceRef isNull="true" />
            <externalServiceOp isNull="true" />
            <nodeColor isNull="true" />
            <layoutData x="650" y="80">
                <errorLink>
                    <controlPoints />
                    <showEndState>false</showEndState>
                    <showName>false</showName>
                </errorLink>
            </layoutData>
            <TWComponent>
                <lastModified isNull="true" />
                <lastModifiedBy isNull="true" />
                <exitPointId>3008.ecd9e4af-6aa1-48a0-8e99-03d3f7ef8378</exitPointId>
                <haltProcess>false</haltProcess>
                <guid>847b7808-7f51-4b58-9a9f-6907f9f3860a</guid>
                <versionId>46650a42-e624-4f58-b0e5-cf26141b3887</versionId>
            </TWComponent>
        </item>
        <startingProcessItemId>2025.a11e1756-cee3-4c53-ac62-3b4f8fdcd0f9</startingProcessItemId>
        <errorHandlerItemId isNull="true" />
        <layoutData noConversion="true">
            <errorLink>
                <controlPoints />
                <showEndState>false</showEndState>
                <showName>false</showName>
            </errorLink>
        </layoutData>
        <startPoint>
            <layoutData x="25" y="80">
                <errorLink>
                    <controlPoints />
                    <showEndState>false</showEndState>
                    <showName>false</showName>
                </errorLink>
            </layoutData>
        </startPoint>
        <startLink>
            <fromPort locationId="rightCenter" portType="1" />
            <toPort locationId="leftCenter" portType="2" />
            <layoutData>
                <controlPoints />
                <showEndState>false</showEndState>
                <showName>false</showName>
            </layoutData>
        </startLink>
        <bpmn2Model>
            <ns17:definitions xmlns:ns17="http://www.omg.org/spec/BPMN/20100524/MODEL" xmlns:ns2="http://www.ibm.com/xmlns/prod/bpm/bpmn/ext/process" xmlns:ns3="http://www.ibm.com/xmlns/prod/bpm/bpmn/ext/process/wle" xmlns:ns4="http://www.ibm.com/xmlns/prod/bpm/bpmn/ext/process/case" xmlns:ns5="http://www.ibm.com/bpm/Extensions" xmlns:ns6="http://www.ibm.com/xmlns/prod/bpm/uca" xmlns:ns7="http://www.ibm.com/xmlns/prod/bpm/bpmn/ext/trackinggroup" xmlns:ns8="http://www.ibm.com/xmlns/prod/bpm/bpmn/ext/team" xmlns:ns9="http://www.ibm.com/xmlns/bpmnx/20100524/v1/BusinessVocabulary" xmlns:ns10="http://www.omg.org/spec/DD/20100524/DI" xmlns:ns11="http://www.omg.org/spec/DD/20100524/DC" xmlns:ns12="http://www.omg.org/spec/BPMN/20100524/BPMNDI" xmlns:ns13="http://www.ibm.com/xmlns/prod/bpm/graph" xmlns:ns14="http://www.ibm.com/xmlns/prod/bpm/bpmn/ext/process/auth" xmlns:ns15="http://www.ibm.com/xmlns/prod/bpm/bpmn/ext/extservice" xmlns:ns16="http://www.ibm.com/xmlns/links" xmlns:ns18="http://www.ibm.com/bpm/CoachDesignerNG" xmlns:ns19="http://www.ibm.com/xmlns/tagging" xmlns:ns20="http://www.ibm.com/bpm/uitheme" xmlns:ns21="http://www.ibm.com/bpm/coachview" targetNamespace="" expressionLanguage="http://www.ibm.com/xmlns/prod/bpm/expression-lang/javascript" typeLanguage="http://www.w3.org/2001/XMLSchema">
                
                
                
                
                
                
                <ns17:process name="Retrieve Task Details" id="1.02ed94e2-adaf-4acc-94bb-ceaf266fac6a" ns2:executionMode="microflow">
                    
                    
                    
                    
                    
                    
                    <ns17:documentation textFormat="text/plain" />
                    
                    
                    
                    
                    
                    
                    <ns17:extensionElements>
                        
                        
                        
                        
                        
                        
                        <ns2:sboSyncEnabled>true</ns2:sboSyncEnabled>
                        
                        
                        
                        
                        
                        
                        <ns2:isAjaxExposed>true</ns2:isAjaxExposed>
                        
                        
                        
                        
                        
                        
                        <ns2:isSecured>false</ns2:isSecured>
                        
                        
                        
                    
                    
                    
                    </ns17:extensionElements>
                    
                    
                    
                    
                    
                    
                    <ns17:ioSpecification>
                        
                        
                        
                        
                        
                        
                        <ns17:dataInput name="data" itemSubjectRef="itm.12.c09c9b6e-aabd-4897-bef2-ed61db106297" isCollection="false" id="2055.a15e5348-181e-442b-9e40-4ebd18ba3105" />
                        
                        
                        
                        
                        
                        
                        <ns17:dataOutput name="results" itemSubjectRef="itm.12.c09c9b6e-aabd-4897-bef2-ed61db106297" isCollection="false" id="2055.e767c26c-b869-4d28-aa54-2d7fd83d0e68" />
                        
                        
                        
                        
                        
                        
                        <ns17:dataOutput name="error" itemSubjectRef="itm.12.5551644c-3dc6-4161-a939-4e7f27f8ce45" isCollection="false" id="2055.cdbf67ca-4adc-4540-a6a1-d090a11e304b" />
                        
                        
                        
                        
                        
                        
                        <ns17:inputSet>
                            
                            
                            
                            
                            
                            
                            <ns17:dataInputRefs>2055.a15e5348-181e-442b-9e40-4ebd18ba3105</ns17:dataInputRefs>
                            
                            
                            
                        
                        
                        
                        </ns17:inputSet>
                        
                        
                        
                        
                        
                        
                        <ns17:outputSet>
                            
                            
                            
                            
                            
                            
                            <ns17:dataOutputRefs>2055.e767c26c-b869-4d28-aa54-2d7fd83d0e68</ns17:dataOutputRefs>
                            
                            
                            
                            
                            
                            
                            <ns17:dataOutputRefs>2055.cdbf67ca-4adc-4540-a6a1-d090a11e304b</ns17:dataOutputRefs>
                            
                            
                            
                        
                        
                        
                        </ns17:outputSet>
                        
                        
                        
                    
                    
                    
                    </ns17:ioSpecification>
                    
                    
                    
                    
                    
                    
                    <ns17:laneSet id="b441a4bf-7347-4825-a73b-d240e8374cd7">
                        
                        
                        
                        
                        
                        
                        <ns17:lane name="System" partitionElementRef="24.6fd38d02-81cf-48ab-bd42-8ff4c0a1628b" id="98295f95-83b5-4d5d-a66a-6e07814c5623" ns3:isSystemLane="true">
                            
                            
                            
                            
                            
                            
                            <ns17:extensionElements>
                                
                                
                                
                                
                                
                                
                                <ns13:nodeVisualInfo x="0" y="0" width="3000" height="500" color="#F8F8F8" />
                                
                                
                                
                            
                            
                            
                            </ns17:extensionElements>
                            
                            
                            
                            
                            
                            
                            <ns17:flowNodeRef>fde4ae17-9dfe-457e-8b29-5e1bce2a8a66</ns17:flowNodeRef>
                            
                            
                            
                            
                            
                            
                            <ns17:flowNodeRef>54163e0a-8008-40a0-9913-da0f24804071</ns17:flowNodeRef>
                            
                            
                            
                            
                            
                            
                            <ns17:flowNodeRef>a11e1756-cee3-4c53-ac62-3b4f8fdcd0f9</ns17:flowNodeRef>
                            
                            
                            
                        
                        
                        
                        </ns17:lane>
                        
                        
                        
                    
                    
                    
                    </ns17:laneSet>
                    
                    
                    
                    
                    
                    
                    <ns17:startEvent isInterrupting="false" parallelMultiple="false" name="Start" id="fde4ae17-9dfe-457e-8b29-5e1bce2a8a66">
                        
                        
                        
                        
                        
                        
                        <ns17:extensionElements>
                            
                            
                            
                            
                            
                            
                            <ns13:nodeVisualInfo x="25" y="80" width="24" height="24" color="#F8F8F8" />
                            
                            
                            
                        
                        
                        
                        </ns17:extensionElements>
                        
                        
                        
                        
                        
                        
                        <ns17:outgoing>2027.69b3ecdf-8ee9-41fd-a52c-1c69678b3981</ns17:outgoing>
                        
                        
                        
                    
                    
                    
                    </ns17:startEvent>
                    
                    
                    
                    
                    
                    
                    <ns17:endEvent name="End" id="54163e0a-8008-40a0-9913-da0f24804071">
                        
                        
                        
                        
                        
                        
                        <ns17:extensionElements>
                            
                            
                            
                            
                            
                            
                            <ns13:nodeVisualInfo x="650" y="80" width="24" height="24" color="#F8F8F8" />
                            
                            
                            
                            
                            
                            
                            <ns3:saveExecutionContext>true</ns3:saveExecutionContext>
                            
                            
                            
                            
                            
                            
                            <ns2:endStateId>guid:a0fe9d48deb45939:-369dbc73:15d808bd031:-6df6</ns2:endStateId>
                            
                            
                            
                        
                        
                        
                        </ns17:extensionElements>
                        
                        
                        
                        
                        
                        
                        <ns17:incoming>f5af8e2f-ead2-4c77-bbb5-f82c82a6f5dc</ns17:incoming>
                        
                        
                        
                    
                    
                    
                    </ns17:endEvent>
                    
                    
                    
                    
                    
                    
                    <ns17:sequenceFlow sourceRef="fde4ae17-9dfe-457e-8b29-5e1bce2a8a66" targetRef="a11e1756-cee3-4c53-ac62-3b4f8fdcd0f9" name="To End" id="2027.69b3ecdf-8ee9-41fd-a52c-1c69678b3981">
                        
                        
                        
                        
                        
                        
                        <ns17:extensionElements>
                            
                            
                            
                            
                            
                            
                            <ns13:linkVisualInfo>
                                
                                
                                
                                
                                
                                
                                <ns13:sourcePortLocation>rightCenter</ns13:sourcePortLocation>
                                
                                
                                
                                
                                
                                
                                <ns13:targetPortLocation>leftCenter</ns13:targetPortLocation>
                                
                                
                                
                                
                                
                                
                                <ns13:showLabel>false</ns13:showLabel>
                                
                                
                                
                                
                                
                                
                                <ns13:showCoachControlLabel>false</ns13:showCoachControlLabel>
                                
                                
                                
                                
                                
                                
                                <ns13:labelPosition>0.0</ns13:labelPosition>
                                
                                
                                
                                
                                
                                
                                <ns13:saveExecutionContext>false</ns13:saveExecutionContext>
                                
                                
                                
                            
                            
                            
                            </ns13:linkVisualInfo>
                            
                            
                            
                        
                        
                        
                        </ns17:extensionElements>
                        
                        
                        
                    
                    
                    
                    </ns17:sequenceFlow>
                    
                    
                    
                    
                    
                    
                    <ns17:scriptTask scriptFormat="text/x-javascript" name="Script Task" id="a11e1756-cee3-4c53-ac62-3b4f8fdcd0f9">
                        
                        
                        
                        
                        
                        
                        <ns17:extensionElements>
                            
                            
                            
                            
                            
                            
                            <ns13:nodeVisualInfo x="268" y="57" width="95" height="70" />
                            
                            
                            
                        
                        
                        
                        </ns17:extensionElements>
                        
                        
                        
                        
                        
                        
                        <ns17:incoming>2027.69b3ecdf-8ee9-41fd-a52c-1c69678b3981</ns17:incoming>
                        
                        
                        
                        
                        
                        
                        <ns17:outgoing>f5af8e2f-ead2-4c77-bbb5-f82c82a6f5dc</ns17:outgoing>
                        
                        
                        
                        
                        
                        
                        <ns17:script>tw.local.results  = new tw.object.Record();&#xD;
&#xD;
var t = tw.local.results;&#xD;
&#xD;
var task = tw.system.findTaskByID(tw.local.data);&#xD;
log.info("Task: " + task);&#xD;
if (!!task) {&#xD;
	t.taskId = task.id;&#xD;
	t.subject = task.subject;&#xD;
	t.userName = task.owner;&#xD;
	t.taskNarrative = task.narrative;&#xD;
	if (!!task.processActivityName)&#xD;
		t.activityName = task.processActivityName;&#xD;
	if (!!task.processActivityDescription){&#xD;
		t.activityDescription = task.processActivityDescription;&#xD;
	}&#xD;
&#xD;
	var procInstance = task.processInstance;&#xD;
	if(!!procInstance){&#xD;
		var process = procInstance.process;&#xD;
		t.bpdInstanceId = procInstance.id;&#xD;
		t.bpdInstanceName = procInstance.name;&#xD;
		t.bpdName = process.name;&#xD;
		t.bpdDescription = process.description;&#xD;
	}&#xD;
	&#xD;
}</ns17:script>
                        
                        
                        
                    
                    
                    
                    </ns17:scriptTask>
                    
                    
                    
                    
                    
                    
                    <ns17:sequenceFlow sourceRef="a11e1756-cee3-4c53-ac62-3b4f8fdcd0f9" targetRef="54163e0a-8008-40a0-9913-da0f24804071" name="To End" id="f5af8e2f-ead2-4c77-bbb5-f82c82a6f5dc">
                        
                        
                        
                        
                        
                        
                        <ns17:extensionElements>
                            
                            
                            
                            
                            
                            
                            <ns2:sequenceFlowImplementation sboSyncEnabled="true" />
                            
                            
                            
                            
                            
                            
                            <ns13:linkVisualInfo>
                                
                                
                                
                                
                                
                                
                                <ns13:sourcePortLocation>rightCenter</ns13:sourcePortLocation>
                                
                                
                                
                                
                                
                                
                                <ns13:targetPortLocation>leftCenter</ns13:targetPortLocation>
                                
                                
                                
                                
                                
                                
                                <ns13:showLabel>false</ns13:showLabel>
                                
                                
                                
                                
                                
                                
                                <ns13:showCoachControlLabel>false</ns13:showCoachControlLabel>
                                
                                
                                
                                
                                
                                
                                <ns13:labelPosition>0.0</ns13:labelPosition>
                                
                                
                                
                                
                                
                                
                                <ns13:saveExecutionContext>true</ns13:saveExecutionContext>
                                
                                
                                
                            
                            
                            
                            </ns13:linkVisualInfo>
                            
                            
                            
                        
                        
                        
                        </ns17:extensionElements>
                        
                        
                        
                    
                    
                    
                    </ns17:sequenceFlow>
                    
                    
                    
                
                
                
                </ns17:process>
                
                
                
            
            
            
            </ns17:definitions>
        </bpmn2Model>
        <link name="To End">
            <lastModified isNull="true" />
            <lastModifiedBy isNull="true" />
            <processLinkId>2027.90f41a7a-bdfa-4320-a675-a18a563f4852</processLinkId>
            <processId>1.02ed94e2-adaf-4acc-94bb-ceaf266fac6a</processId>
            <description isNull="true" />
            <fromProcessItemId>2025.a11e1756-cee3-4c53-ac62-3b4f8fdcd0f9</fromProcessItemId>
            <endStateId>Out</endStateId>
            <toProcessItemId>2025.54163e0a-8008-40a0-9913-da0f24804071</toProcessItemId>
            <guid>b7e5b5ed-4e09-43f7-8bf4-534d77d0d4a2</guid>
            <versionId>9b3be0c3-c6e5-4f72-86e4-144bff7e8b65</versionId>
            <layoutData>
                <controlPoints />
                <showEndState>false</showEndState>
                <showName>false</showName>
            </layoutData>
            <fromItemPort locationId="rightCenter" portType="1" />
            <toItemPort locationId="leftCenter" portType="2" />
            <fromProcessItemId>2025.a11e1756-cee3-4c53-ac62-3b4f8fdcd0f9</fromProcessItemId>
            <toProcessItemId>2025.54163e0a-8008-40a0-9913-da0f24804071</toProcessItemId>
        </link>
    </process>
</teamworks>

