<?xml version="1.0" encoding="UTF-8"?>
<teamworks>
    <process id="1.05810ac9-d0df-4933-ad90-ec9093aa6d31" name="Drill Down Query Service Template">
        <lastModified>1536179738895</lastModified>
        <lastModifiedBy>tw_admin</lastModifiedBy>
        <processId>1.05810ac9-d0df-4933-ad90-ec9093aa6d31</processId>
        <image isNull="true" />
        <tabGroup isNull="true" />
        <startingProcessItemId>2025.ef8735bd-c02b-4bde-a968-d5519c6144e3</startingProcessItemId>
        <isRootProcess>false</isRootProcess>
        <processType>12</processType>
        <isErrorHandlerEnabled>false</isErrorHandlerEnabled>
        <errorHandlerItemId isNull="true" />
        <isLoggingVariables>false</isLoggingVariables>
        <isTransactional>false</isTransactional>
        <processTimingLevel isNull="true" />
        <participantRef isNull="true" />
        <exposedType>0</exposedType>
        <isTrackingEnabled>true</isTrackingEnabled>
        <xmlData isNull="true" />
        <cachingType>false</cachingType>
        <itemLabel isNull="true" />
        <cacheLength>43200</cacheLength>
        <mobileReady>false</mobileReady>
        <sboSyncEnabled>false</sboSyncEnabled>
        <externalId isNull="true" />
        <isSecured>false</isSecured>
        <isAjaxExposed>true</isAjaxExposed>
        <description isNull="true" />
        <guid>831171c3-089b-4702-b868-dfb749ae0de7</guid>
        <versionId>a8d3faca-b520-464c-a994-ddcd5bc27edf</versionId>
        <dependencySummary>&lt;dependencySummary id="bpdid:daa1490d48ed741c:-252326b8:165ab673b17:-7faa" /&gt;</dependencySummary>
        <jsonData isNull="true" />
        <field1 isNull="true" />
        <field2 isNull="true" />
        <field3>0</field3>
        <field4 isNull="true" />
        <field5>false</field5>
        <clobField1 isNull="true" />
        <blobField1 isNull="true" />
        <processParameter name="input">
            <lastModified isNull="true" />
            <lastModifiedBy isNull="true" />
            <processParameterId>2055.300f72b6-2f6a-48f3-b307-f55e817dca2a</processParameterId>
            <processId>1.05810ac9-d0df-4933-ad90-ec9093aa6d31</processId>
            <parameterType>1</parameterType>
            <isArrayOf>false</isArrayOf>
            <classId>556939fc-1d6d-4204-9546-c095a59cca29/12.c09c9b6e-aabd-4897-bef2-ed61db106297</classId>
            <seq>1</seq>
            <hasDefault>true</hasDefault>
            <defaultValue>"TEST"</defaultValue>
            <isLocked>false</isLocked>
            <description isNull="true" />
            <guid>57571a70-c95a-4002-a2d7-21deeaa38d5f</guid>
            <versionId>9a9e5db7-1007-4690-ba3e-a988ae6e79fb</versionId>
        </processParameter>
        <processParameter name="drillDownStack">
            <lastModified isNull="true" />
            <lastModifiedBy isNull="true" />
            <processParameterId>2055.d489edd1-f8af-49c8-b4e5-f0c2d97ae469</processParameterId>
            <processId>1.05810ac9-d0df-4933-ad90-ec9093aa6d31</processId>
            <parameterType>1</parameterType>
            <isArrayOf>true</isArrayOf>
            <classId>/12.a2c20ada-cdaa-4883-bc96-3ca7a3a27e6b</classId>
            <seq>2</seq>
            <hasDefault>true</hasDefault>
            <defaultValue>var autoObject = new tw.object.listOf.DataDimension();
autoObject[0] = new tw.object.DataDimension();
autoObject[0].name = "Type";
autoObject[0].value = "CLOTHING";
autoObject[1] = new tw.object.DataDimension();
autoObject[1].name = "Brand";
autoObject[1].value = "Brand2";

autoObject
</defaultValue>
            <isLocked>false</isLocked>
            <description isNull="true" />
            <guid>4ac8e8e6-2096-4ddf-97f0-3264fc5b52c2</guid>
            <versionId>dd1fb7f3-0d11-47fe-ab7a-12dcff5c7abf</versionId>
        </processParameter>
        <processParameter name="dataSeries">
            <lastModified isNull="true" />
            <lastModifiedBy isNull="true" />
            <processParameterId>2055.af8f408d-893f-4231-9c15-715cfbc4966f</processParameterId>
            <processId>1.05810ac9-d0df-4933-ad90-ec9093aa6d31</processId>
            <parameterType>2</parameterType>
            <isArrayOf>false</isArrayOf>
            <classId>/12.63a604e8-e026-4605-aae1-272b67822cc7</classId>
            <seq>3</seq>
            <hasDefault>false</hasDefault>
            <defaultValue isNull="true" />
            <isLocked>false</isLocked>
            <description isNull="true" />
            <guid>be18ce56-d5df-4fd4-948c-528d5d3fa4df</guid>
            <versionId>1d5c270c-8ee2-440d-93f4-a12b0b75815a</versionId>
        </processParameter>
        <processParameter name="drillDownStack">
            <lastModified isNull="true" />
            <lastModifiedBy isNull="true" />
            <processParameterId>2055.0138c146-e32b-4b72-a003-0c6112da5fca</processParameterId>
            <processId>1.05810ac9-d0df-4933-ad90-ec9093aa6d31</processId>
            <parameterType>2</parameterType>
            <isArrayOf>true</isArrayOf>
            <classId>/12.a2c20ada-cdaa-4883-bc96-3ca7a3a27e6b</classId>
            <seq>4</seq>
            <hasDefault>false</hasDefault>
            <defaultValue isNull="true" />
            <isLocked>false</isLocked>
            <description isNull="true" />
            <guid>10715bdf-2ace-4c41-a993-4c08e71e0542</guid>
            <versionId>dab91f7c-0dbe-4e1a-8318-f3e3c5497577</versionId>
        </processParameter>
        <processParameter name="availableForDrillDown">
            <lastModified isNull="true" />
            <lastModifiedBy isNull="true" />
            <processParameterId>2055.bebfc5d0-11f6-45df-a14c-63bdeb7e9d29</processParameterId>
            <processId>1.05810ac9-d0df-4933-ad90-ec9093aa6d31</processId>
            <parameterType>2</parameterType>
            <isArrayOf>true</isArrayOf>
            <classId>/12.a2c20ada-cdaa-4883-bc96-3ca7a3a27e6b</classId>
            <seq>5</seq>
            <hasDefault>false</hasDefault>
            <defaultValue isNull="true" />
            <isLocked>false</isLocked>
            <description isNull="true" />
            <guid>6416598e-2d98-43c3-8e39-9a3d38b18889</guid>
            <versionId>b9ab7a47-ebf6-4456-8137-ecdde26d01ba</versionId>
        </processParameter>
        <processVariable name="xml">
            <lastModified isNull="true" />
            <lastModifiedBy isNull="true" />
            <processVariableId>2056.67dec2c5-ea76-452c-bd15-aa77736569c6</processVariableId>
            <description isNull="true" />
            <processId>1.05810ac9-d0df-4933-ad90-ec9093aa6d31</processId>
            <namespace>2</namespace>
            <seq>1</seq>
            <isArrayOf>false</isArrayOf>
            <isTransient>false</isTransient>
            <classId>556939fc-1d6d-4204-9546-c095a59cca29/12.db884a3c-c533-44b7-bb2d-47bec8ad4022</classId>
            <hasDefault>false</hasDefault>
            <defaultValue isNull="true" />
            <guid>d0870d27-eca0-4726-b60f-6f5505192fe2</guid>
            <versionId>c350103b-b8f5-4ed9-a436-a723f3909ab9</versionId>
        </processVariable>
        <note>
            <lastModified isNull="true" />
            <lastModifiedBy isNull="true" />
            <processLabelId>2028.40eeb649-6cdb-4243-8c1e-73103c00d79c</processLabelId>
            <processId>1.05810ac9-d0df-4933-ad90-ec9093aa6d31</processId>
            <description>This service - although runnable - is only meant as a convenience/template to be copied from this toolkit into another toolkit or process application.</description>
            <data isNull="true" />
            <guid>c57ab093-cf65-42eb-8ce7-b2edbd2c6fdf</guid>
            <versionId>6efe1695-dc85-4eea-a22e-beea15d731bb</versionId>
            <layoutData x="155" y="34" width="285" height="55" />
        </note>
        <note>
            <lastModified isNull="true" />
            <lastModifiedBy isNull="true" />
            <processLabelId>2028.4c07ad96-e2a1-4539-974f-1de8e1bb98f1</processLabelId>
            <processId>1.05810ac9-d0df-4933-ad90-ec9093aa6d31</processId>
            <description>Two drill-down tree examples are provided. Only keep one and customize the content of the XML drill-down tree to fulfill your particular requirements.</description>
            <data isNull="true" />
            <guid>e24244c5-c823-4d91-a0cb-2a605c34ef86</guid>
            <versionId>90fcdbda-f11a-4441-a78d-dcb5184dd4a8</versionId>
            <layoutData x="269" y="191" width="379" height="121" />
        </note>
        <item>
            <lastModified isNull="true" />
            <lastModifiedBy isNull="true" />
            <processItemId>2025.ef8735bd-c02b-4bde-a968-d5519c6144e3</processItemId>
            <processId>1.05810ac9-d0df-4933-ad90-ec9093aa6d31</processId>
            <name>SQL-Only Drill Down Tree</name>
            <tWComponentName>Script</tWComponentName>
            <tWComponentId>3011.fde2dadb-d836-4bd7-bb7b-c5ccff5a48ca</tWComponentId>
            <isLogEnabled>false</isLogEnabled>
            <isTraceEnabled>false</isTraceEnabled>
            <traceCategory isNull="true" />
            <traceLevel isNull="true" />
            <traceMessage isNull="true" />
            <traceSymbolTable isNull="true" />
            <isExecutionContextTraced>false</isExecutionContextTraced>
            <saveExecutionContext>false</saveExecutionContext>
            <documentation isNull="true" />
            <isErrorHandlerEnabled>false</isErrorHandlerEnabled>
            <errorHandlerItemId isNull="true" />
            <guid>guid:daa1490d48ed741c:-252326b8:165ab673b17:-7fc3</guid>
            <versionId>0546c22e-c7b1-4ffb-9922-9ad056ad6963</versionId>
            <externalServiceRef isNull="true" />
            <externalServiceOp isNull="true" />
            <nodeColor isNull="true" />
            <layoutData x="155" y="197">
                <errorLink>
                    <controlPoints />
                    <showEndState>false</showEndState>
                    <showName>false</showName>
                </errorLink>
            </layoutData>
            <TWComponent>
                <lastModified isNull="true" />
                <lastModifiedBy isNull="true" />
                <scriptId>3011.fde2dadb-d836-4bd7-bb7b-c5ccff5a48ca</scriptId>
                <scriptTypeId>128</scriptTypeId>
                <isActive>true</isActive>
                <script>tw.local.xml
&lt;drilldown-spec&gt;
	&lt;drilldown name="Type"&gt;
		&lt;sql-query description="Qty sold by Product Type (Clothing/Appliance/Garden)"&gt;
			&lt;sql&gt;
				&lt;![CDATA[
				SELECT 
				  P2.NAME, 
				  S2.QTY 
				FROM 
				  TMP_PROD_TYPES AS P2, 
				  (
					SELECT 
					  S1.TYPE AS TYPE, 
					  SUM(S1.QTY) AS QTY 
					FROM 
					  TMP_SALES S1 
					GROUP BY 
					  S1.TYPE
				  ) AS S2
				WHERE 
				  P2.TYPE = S2.TYPE
				]]&gt;
			&lt;/sql&gt;
			&lt;out&gt;
				&lt;label field="NAME"/&gt;
				&lt;value field="QTY"/&gt;
			&lt;/out&gt;
		&lt;/sql-query&gt;
		&lt;drilldown name="Brand" cond-field="../@name" cond-operator="eq" cond-value="CLOTHING"&gt;
			&lt;sql-query description="Qty sold of Clothing products by Brand"&gt;
				&lt;sql&gt;
					&lt;![CDATA[
					SELECT 
					  SUM(S1.QTY) AS QTY, 
					  C1.BRAND AS BRAND
					FROM 
					  TMP_SALES AS S1, 
					  TMP_SALES_CLOTHING AS C1
					WHERE
					  C1.ITEM_ID = S1.ITEM_ID
					GROUP BY
					  BRAND
					ORDER BY
					  QTY
					]]&gt;
				&lt;/sql&gt;
				&lt;out&gt;
					&lt;label field="BRAND"/&gt;
					&lt;value field="QTY"/&gt;
				&lt;/out&gt;
			&lt;/sql-query&gt;
			&lt;drilldown name="Gender"&gt;
				&lt;sql-query description="Qty sold of Clothing products by Gender and for specific Brand"&gt;
					&lt;in&gt;
						&lt;field ref="../@value" type="VARCHAR"/&gt;
						&lt;!--
						&lt;field ref="javascript:tw.local.input" type="VARCHAR"/&gt;
                        --&gt;
					&lt;/in&gt;
					&lt;sql&gt;
						&lt;![CDATA[
						SELECT
						  SUM(S1.QTY) AS QTY, C1.GENDER AS GENDER
						FROM
						  TMP_SALES_CLOTHING AS C1,
						  TMP_SALES AS S1
						WHERE
						  S1.ITEM_ID = C1.ITEM_ID
						  AND C1.BRAND = ?
						GROUP BY
						  GENDER
						]]&gt;
					&lt;/sql&gt;
					&lt;out&gt;
						&lt;label field="GENDER"/&gt;
						&lt;value field="QTY"/&gt;
					&lt;/out&gt;
				&lt;/sql-query&gt;
				&lt;drilldown name="Kind"&gt;
					&lt;sql-query description="Qty sold of Clothing products by Gender, Brand and for specific Kind"&gt;
						&lt;in&gt;
							&lt;field ref="../../@value"/&gt;
							&lt;field ref="../@value"/&gt;
						&lt;/in&gt;
						&lt;sql&gt;
							&lt;![CDATA[
							SELECT
							  SUM(S1.QTY) AS QTY, C1.KIND AS KIND
							FROM
							  TMP_SALES_CLOTHING AS C1,
							  TMP_SALES AS S1
							WHERE
							  S1.ITEM_ID = C1.ITEM_ID
							  AND C1.BRAND = ?
							  AND C1.GENDER = ?
							GROUP BY
							  KIND
							]]&gt;
						&lt;/sql&gt;
						&lt;out&gt;
							&lt;label field="KIND"/&gt;
							&lt;value field="QTY"/&gt;
						&lt;/out&gt;
					&lt;/sql-query&gt;
				&lt;/drilldown&gt;
			&lt;/drilldown&gt;
			&lt;drilldown name="Kind"&gt;
				&lt;sql-query description="Qty sold of Clothing products by Kind and for specific Brand"&gt;
					&lt;in&gt;
						&lt;field ref="../@value" type="VARCHAR"/&gt;
					&lt;/in&gt;
					&lt;sql&gt;
						&lt;![CDATA[
						SELECT
						  SUM(S1.QTY) AS QTY, C1.KIND AS KIND
						FROM
						  TMP_SALES_CLOTHING AS C1,
						  TMP_SALES AS S1
						WHERE
						  S1.ITEM_ID = C1.ITEM_ID
						  AND C1.BRAND = ?
						GROUP BY
						  KIND
						]]&gt;
					&lt;/sql&gt;
					&lt;out&gt;
						&lt;label field="KIND"/&gt;
						&lt;value field="QTY"/&gt;
					&lt;/out&gt;
				&lt;/sql-query&gt;
			&lt;/drilldown&gt;
		&lt;/drilldown&gt;
		&lt;drilldown name="Brand" cond-field="../@name" cond-operator="eq" cond-value="APPLIANCES"&gt;
			&lt;sql-query description="Qty sold of Appliance products by Brand"&gt;
				&lt;sql&gt;
					&lt;![CDATA[
					SELECT 
					  SUM(S1.QTY) AS QTY, 
					  A1.BRAND AS BRAND
					FROM 
					  TMP_SALES AS S1, 
					  TMP_SALES_APPLIANCES AS A1
					WHERE
					  A1.ITEM_ID = S1.ITEM_ID
					GROUP BY
					  BRAND
					ORDER BY
					  QTY
					]]&gt;
				&lt;/sql&gt;
				&lt;out&gt;
					&lt;label field="BRAND"/&gt;
					&lt;value field="QTY"/&gt;
				&lt;/out&gt;
			&lt;/sql-query&gt;
		&lt;/drilldown&gt;
	&lt;/drilldown&gt;
&lt;/drilldown-spec&gt;</script>
                <isRule>false</isRule>
                <guid>3df89d13-6d09-4da0-930d-9e864d7043ed</guid>
                <versionId>ad136901-8b53-445e-a131-04da7e3f9aba</versionId>
            </TWComponent>
        </item>
        <item>
            <lastModified isNull="true" />
            <lastModifiedBy isNull="true" />
            <processItemId>2025.b9a9180e-214c-4483-ae62-2a1bb050e475</processItemId>
            <processId>1.05810ac9-d0df-4933-ad90-ec9093aa6d31</processId>
            <name>JS-Only Drill Down Tree</name>
            <tWComponentName>Script</tWComponentName>
            <tWComponentId>3011.9ea1f5f1-9cca-4595-90d1-4bc1ba74a31e</tWComponentId>
            <isLogEnabled>false</isLogEnabled>
            <isTraceEnabled>false</isTraceEnabled>
            <traceCategory isNull="true" />
            <traceLevel isNull="true" />
            <traceMessage isNull="true" />
            <traceSymbolTable isNull="true" />
            <isExecutionContextTraced>false</isExecutionContextTraced>
            <saveExecutionContext>false</saveExecutionContext>
            <documentation isNull="true" />
            <isErrorHandlerEnabled>false</isErrorHandlerEnabled>
            <errorHandlerItemId isNull="true" />
            <guid>guid:daa1490d48ed741c:-252326b8:165ab673b17:-7fc1</guid>
            <versionId>2b787eed-631b-4c90-be0c-2bb9f38d1ce3</versionId>
            <externalServiceRef isNull="true" />
            <externalServiceOp isNull="true" />
            <nodeColor isNull="true" />
            <layoutData x="155" y="103">
                <errorLink>
                    <controlPoints />
                    <showEndState>false</showEndState>
                    <showName>false</showName>
                </errorLink>
            </layoutData>
            <TWComponent>
                <lastModified isNull="true" />
                <lastModifiedBy isNull="true" />
                <scriptId>3011.9ea1f5f1-9cca-4595-90d1-4bc1ba74a31e</scriptId>
                <scriptTypeId>128</scriptTypeId>
                <isActive>true</isActive>
                <script>tw.local.xml
&lt;drilldown-spec&gt;
	&lt;drilldown name="Type"&gt;
		&lt;js-query description="Qty sold by Product Type (Clothing/Appliance/Garden)"&gt;
			&lt;script&gt;
				&lt;![CDATA[
				var data = [["CLOTHING", 1093], ["APPLIANCES", 174]];
				
				//Example of accessing local variables instead of using the "populateDataSeries" convenience method
				tw.local.dataSeries.dataPoints = new tw.object.listOf.DataPoint();
				for(var i = 0; i &lt; data.length; i++)
				{
					tw.local.dataSeries.dataPoints[i] = new tw.object.DataPoint();
					tw.local.dataSeries.dataPoints[i].label = data[i][0];
					tw.local.dataSeries.dataPoints[i].value = data[i][1];
				}
				]]&gt;
			&lt;/script&gt;
		&lt;/js-query&gt;
		&lt;drilldown name="Brand" cond-field="../@name" cond-operator="eq" cond-value="CLOTHING"&gt;
			&lt;js-query description="Qty sold of Clothing products by Brand"&gt;
				&lt;script&gt;
					&lt;![CDATA[
					var data = [["Brand1", 363], ["Brand2", 556], ["Brand3", 174]];
					populateDataSeries(data);
					]]&gt;
				&lt;/script&gt;
			&lt;/js-query&gt;
			&lt;drilldown name="Gender"&gt;
				&lt;js-query&gt;
					&lt;in&gt;
						&lt;field var="brand" ref="../@value"/&gt;
					&lt;/in&gt;
					&lt;script&gt;
						&lt;![CDATA[
						var data = [];
						if(brand == "Brand1")
						{
							data = [["M", 363]];
						}
						else if(brand == "Brand2")
						{
							data = [["M", 382], ["F", 174]];
						}
						else if(brand == "Brand3")
						{
							data = [["M", 174]];
						}
						
						populateDataSeries(data);
						]]&gt;
					&lt;/script&gt;
				&lt;/js-query&gt;
				&lt;drilldown name="Kind"&gt;
					&lt;js-query description="Qty sold of Clothing products by Gender, Brand and for specific Kind"&gt;
						&lt;in&gt;
							&lt;field var="brand" ref="../../@value"/&gt;
							&lt;field var="gender" ref="../@value"/&gt;
						&lt;/in&gt;
						&lt;script&gt;
							&lt;![CDATA[
							var data = [];
							if(gender == "M")
							{
								if(brand == "Brand1")
								{
									data = [["SHIRT", 251], ["PANTS", 112]];
								}
								else if(brand == "Brand2")
								{
									data = [["SOCKS", 168], ["SHIRT", 214]];
								}
								else if(brand == "Brand3")
								{
									data = [["TIE", 174]];
								}
							}
							else if(gender == "F")
							{
								if(brand == "Brand2")
								{
									data = [["SHIRT", 86], ["PANTS", 65], ["DRESS", 23]];
								}
							}
							
							populateDataSeries(data);
							]]&gt;
						&lt;/script&gt;
					&lt;/js-query&gt;
				&lt;/drilldown&gt;
			&lt;/drilldown&gt;
			&lt;drilldown name="Kind"&gt;
				&lt;js-query description="Qty sold of Clothing products by Kind and for specific Brand"&gt;
					&lt;in&gt;
						&lt;field var="brand" ref="../@value"/&gt;
					&lt;/in&gt;
					&lt;script&gt;
						&lt;![CDATA[
						var data = [];
						if(brand == "Brand1")
						{
							data = [["SHIRT", 251], ["PANTS", 112]];
						}
						else if(brand == "Brand2")
						{
							data = [["SOCKS", 168], ["SHIRT", 300], ["PANTS", 65], ["DRESS", 23]];
						}
						else if(brand == "Brand3")
						{
							data = [["TIE", 174]];
						}
						
						populateDataSeries(data);
						]]&gt;
					&lt;/script&gt;
				&lt;/js-query&gt;
			&lt;/drilldown&gt;
		&lt;/drilldown&gt;
		&lt;drilldown name="Brand" cond-field="../@name" cond-operator="eq" cond-value="APPLIANCES"&gt;
			&lt;js-query description="Qty sold of Appliances by Brand"&gt;
				&lt;script&gt;
					&lt;![CDATA[
					var data = [["Brand6", 35], ["Brand5", 49], ["Brand7", 17], ["Brand8", 22], ["Brand9", 22], ["Brand4", 29]];
					populateDataSeries(data);
					]]&gt;
				&lt;/script&gt;
			&lt;/js-query&gt;
		&lt;/drilldown&gt;
	&lt;/drilldown&gt;
&lt;/drilldown-spec&gt;</script>
                <isRule>false</isRule>
                <guid>b7b05ce4-4c35-4077-90ee-97647c7235b1</guid>
                <versionId>254902fe-4760-400b-993d-7baa65812589</versionId>
            </TWComponent>
        </item>
        <item>
            <lastModified isNull="true" />
            <lastModifiedBy isNull="true" />
            <processItemId>2025.06090ef5-7a2d-4b32-8e9e-b4049a3d1df5</processItemId>
            <processId>1.05810ac9-d0df-4933-ad90-ec9093aa6d31</processId>
            <name>End</name>
            <tWComponentName>ExitPoint</tWComponentName>
            <tWComponentId>3008.d7b90836-837a-458a-bbff-24492290cb5e</tWComponentId>
            <isLogEnabled>false</isLogEnabled>
            <isTraceEnabled>false</isTraceEnabled>
            <traceCategory isNull="true" />
            <traceLevel isNull="true" />
            <traceMessage isNull="true" />
            <traceSymbolTable isNull="true" />
            <isExecutionContextTraced>false</isExecutionContextTraced>
            <saveExecutionContext>true</saveExecutionContext>
            <documentation isNull="true" />
            <isErrorHandlerEnabled>false</isErrorHandlerEnabled>
            <errorHandlerItemId isNull="true" />
            <guid>guid:daa1490d48ed741c:-252326b8:165ab673b17:-7fc2</guid>
            <versionId>ade4ffcd-c12b-425e-b9e2-3553b63a59a0</versionId>
            <externalServiceRef isNull="true" />
            <externalServiceOp isNull="true" />
            <nodeColor isNull="true" />
            <processPrePosts>
                <lastModified isNull="true" />
                <lastModifiedBy isNull="true" />
                <processItemPrePostId>2029.d8427d4e-9daf-4b07-9735-378382e56853</processItemPrePostId>
                <processItemId>2025.06090ef5-7a2d-4b32-8e9e-b4049a3d1df5</processItemId>
                <location>1</location>
                <script isNull="true" />
                <guid>49835392-6a98-43f6-81ad-ee8d3e0b0ed6</guid>
                <versionId>455e1f49-aa74-49da-bbe4-f40f57c769b1</versionId>
            </processPrePosts>
            <layoutData x="508" y="118">
                <errorLink>
                    <controlPoints />
                    <showEndState>false</showEndState>
                    <showName>false</showName>
                </errorLink>
            </layoutData>
            <TWComponent>
                <lastModified isNull="true" />
                <lastModifiedBy isNull="true" />
                <exitPointId>3008.d7b90836-837a-458a-bbff-24492290cb5e</exitPointId>
                <haltProcess>false</haltProcess>
                <guid>8680ffbc-23a0-4670-b701-fbe0f5b480ca</guid>
                <versionId>80190a64-0dea-4a4a-ab59-c8517f4948e0</versionId>
            </TWComponent>
        </item>
        <item>
            <lastModified isNull="true" />
            <lastModifiedBy isNull="true" />
            <processItemId>2025.fec84aac-2009-4d8c-b0ef-50648e9b732e</processItemId>
            <processId>1.05810ac9-d0df-4933-ad90-ec9093aa6d31</processId>
            <name>Execute Drill-down Query</name>
            <tWComponentName>SubProcess</tWComponentName>
            <tWComponentId>3012.56129377-c547-4a74-9601-6e4710212ceb</tWComponentId>
            <isLogEnabled>false</isLogEnabled>
            <isTraceEnabled>false</isTraceEnabled>
            <traceCategory isNull="true" />
            <traceLevel isNull="true" />
            <traceMessage isNull="true" />
            <traceSymbolTable isNull="true" />
            <isExecutionContextTraced>false</isExecutionContextTraced>
            <saveExecutionContext>false</saveExecutionContext>
            <documentation isNull="true" />
            <isErrorHandlerEnabled>false</isErrorHandlerEnabled>
            <errorHandlerItemId isNull="true" />
            <guid>guid:daa1490d48ed741c:-252326b8:165ab673b17:-7fc0</guid>
            <versionId>fe7c3553-027d-48d8-84d9-fb3b00f14a2b</versionId>
            <externalServiceRef isNull="true" />
            <externalServiceOp isNull="true" />
            <nodeColor isNull="true" />
            <layoutData x="346" y="103">
                <errorLink>
                    <controlPoints />
                    <showEndState>false</showEndState>
                    <showName>false</showName>
                </errorLink>
            </layoutData>
            <TWComponent>
                <lastModified isNull="true" />
                <lastModifiedBy isNull="true" />
                <subProcessId>3012.56129377-c547-4a74-9601-6e4710212ceb</subProcessId>
                <attachedProcessRef>/1.35d4724d-69a2-44ce-b480-671373481a0a</attachedProcessRef>
                <guid>5dbe9de4-6b58-4683-8e92-8524f283f08d</guid>
                <versionId>bcd2ffbf-7950-4c1a-a3cb-9cde4fe598db</versionId>
                <parameterMapping name="availableForDrillDown">
                    <lastModified isNull="true" />
                    <lastModifiedBy isNull="true" />
                    <parameterMappingId>2054.631635ec-300f-4abe-b0f2-a9cd07371f7f</parameterMappingId>
                    <processParameterId>2055.5b3ddf88-64ac-4fca-8ea6-47dc196c6c44</processParameterId>
                    <parameterMappingParentId>3012.56129377-c547-4a74-9601-6e4710212ceb</parameterMappingParentId>
                    <useDefault>false</useDefault>
                    <value>tw.local.availableForDrillDown</value>
                    <classRef>/12.a2c20ada-cdaa-4883-bc96-3ca7a3a27e6b</classRef>
                    <isList>true</isList>
                    <isInput>false</isInput>
                    <guid>18b340e3-39fe-44ec-9e7c-8c502b354c69</guid>
                    <versionId>1761b986-1b0d-4f87-8b4a-009b332eb570</versionId>
                    <description isNull="true" />
                </parameterMapping>
                <parameterMapping name="dataSeries">
                    <lastModified isNull="true" />
                    <lastModifiedBy isNull="true" />
                    <parameterMappingId>2054.91f7241c-6212-415f-9e31-5645b106350b</parameterMappingId>
                    <processParameterId>2055.a017c601-8dde-4c12-8b9b-d2b60124d836</processParameterId>
                    <parameterMappingParentId>3012.56129377-c547-4a74-9601-6e4710212ceb</parameterMappingParentId>
                    <useDefault>false</useDefault>
                    <value>tw.local.dataSeries</value>
                    <classRef>/12.63a604e8-e026-4605-aae1-272b67822cc7</classRef>
                    <isList>false</isList>
                    <isInput>false</isInput>
                    <guid>2ed5aaba-91a8-459c-ab4b-5ee64c866ea4</guid>
                    <versionId>38391ec7-4373-4655-8466-d1ec7860340b</versionId>
                    <description isNull="true" />
                </parameterMapping>
                <parameterMapping name="drillDownStack">
                    <lastModified isNull="true" />
                    <lastModifiedBy isNull="true" />
                    <parameterMappingId>2054.7aec20fd-b9fd-496b-a682-174f71e6d1b7</parameterMappingId>
                    <processParameterId>2055.a0622cec-7082-4267-960e-d9b0e9a2a224</processParameterId>
                    <parameterMappingParentId>3012.56129377-c547-4a74-9601-6e4710212ceb</parameterMappingParentId>
                    <useDefault>false</useDefault>
                    <value>tw.local.drillDownStack</value>
                    <classRef>/12.a2c20ada-cdaa-4883-bc96-3ca7a3a27e6b</classRef>
                    <isList>true</isList>
                    <isInput>false</isInput>
                    <guid>a1414689-505a-4ab4-8553-b1b17c35f2fb</guid>
                    <versionId>5883257c-a5b6-4df3-897b-c2874f99407a</versionId>
                    <description isNull="true" />
                </parameterMapping>
                <parameterMapping name="input">
                    <lastModified isNull="true" />
                    <lastModifiedBy isNull="true" />
                    <parameterMappingId>2054.c39ca5ac-5bd9-454a-a146-7247e9bd4c0e</parameterMappingId>
                    <processParameterId>2055.21d2b029-c717-4d3b-9d9a-6a857aecf3e5</processParameterId>
                    <parameterMappingParentId>3012.56129377-c547-4a74-9601-6e4710212ceb</parameterMappingParentId>
                    <useDefault>false</useDefault>
                    <value>tw.local.input</value>
                    <classRef>556939fc-1d6d-4204-9546-c095a59cca29/12.c09c9b6e-aabd-4897-bef2-ed61db106297</classRef>
                    <isList>false</isList>
                    <isInput>true</isInput>
                    <guid>3da2a741-3032-4d47-b093-edebda1181b8</guid>
                    <versionId>875a435d-8269-47bb-9b2f-4dbb1dbe2ae3</versionId>
                    <description isNull="true" />
                </parameterMapping>
                <parameterMapping name="drillDownStack">
                    <lastModified isNull="true" />
                    <lastModifiedBy isNull="true" />
                    <parameterMappingId>2054.c5231f46-540c-4316-93f5-c51c3db9d96a</parameterMappingId>
                    <processParameterId>2055.6fc16fc6-e41e-42af-b334-b69e689525b2</processParameterId>
                    <parameterMappingParentId>3012.56129377-c547-4a74-9601-6e4710212ceb</parameterMappingParentId>
                    <useDefault>false</useDefault>
                    <value>tw.local.drillDownStack</value>
                    <classRef>/12.a2c20ada-cdaa-4883-bc96-3ca7a3a27e6b</classRef>
                    <isList>true</isList>
                    <isInput>true</isInput>
                    <guid>67edd053-7127-4caa-b6b9-59a95a05f414</guid>
                    <versionId>b8820290-03bf-47b3-8ce0-3c48d555b3b1</versionId>
                    <description isNull="true" />
                </parameterMapping>
                <parameterMapping name="xml">
                    <lastModified isNull="true" />
                    <lastModifiedBy isNull="true" />
                    <parameterMappingId>2054.41278636-271b-4c8b-b4c1-adfeeb8752bb</parameterMappingId>
                    <processParameterId>2055.cc3928ad-2908-4d4e-a0c1-39e91cae5ac1</processParameterId>
                    <parameterMappingParentId>3012.56129377-c547-4a74-9601-6e4710212ceb</parameterMappingParentId>
                    <useDefault>false</useDefault>
                    <value>tw.local.xml</value>
                    <classRef>556939fc-1d6d-4204-9546-c095a59cca29/12.db884a3c-c533-44b7-bb2d-47bec8ad4022</classRef>
                    <isList>false</isList>
                    <isInput>true</isInput>
                    <guid>5908fe81-bf90-4402-bd51-c6e012bbe8a9</guid>
                    <versionId>e1cb9a32-8ce1-4d59-8420-9ca9eed0757b</versionId>
                    <description isNull="true" />
                </parameterMapping>
            </TWComponent>
        </item>
        <startingProcessItemId>2025.ef8735bd-c02b-4bde-a968-d5519c6144e3</startingProcessItemId>
        <errorHandlerItemId isNull="true" />
        <layoutData noConversion="true">
            <errorLink>
                <controlPoints />
                <showEndState>false</showEndState>
                <showName>false</showName>
            </errorLink>
        </layoutData>
        <startPoint>
            <layoutData x="30" y="213">
                <errorLink>
                    <controlPoints />
                    <showEndState>false</showEndState>
                    <showName>false</showName>
                </errorLink>
            </layoutData>
        </startPoint>
        <startLink>
            <fromPort locationId="rightCenter" portType="1" />
            <toPort locationId="leftCenter" portType="2" />
            <layoutData>
                <controlPoints />
                <showEndState>false</showEndState>
                <showName>false</showName>
            </layoutData>
        </startLink>
        <bpmn2Model>
            <ns17:definitions xmlns:ns17="http://www.omg.org/spec/BPMN/20100524/MODEL" xmlns:ns2="http://www.ibm.com/xmlns/prod/bpm/bpmn/ext/process" xmlns:ns3="http://www.ibm.com/xmlns/prod/bpm/bpmn/ext/process/wle" xmlns:ns4="http://www.ibm.com/xmlns/prod/bpm/bpmn/ext/process/case" xmlns:ns5="http://www.ibm.com/bpm/Extensions" xmlns:ns6="http://www.ibm.com/xmlns/prod/bpm/uca" xmlns:ns7="http://www.ibm.com/xmlns/prod/bpm/bpmn/ext/trackinggroup" xmlns:ns8="http://www.ibm.com/xmlns/prod/bpm/bpmn/ext/team" xmlns:ns9="http://www.ibm.com/xmlns/bpmnx/20100524/v1/BusinessVocabulary" xmlns:ns10="http://www.omg.org/spec/DD/20100524/DI" xmlns:ns11="http://www.omg.org/spec/DD/20100524/DC" xmlns:ns12="http://www.omg.org/spec/BPMN/20100524/BPMNDI" xmlns:ns13="http://www.ibm.com/xmlns/prod/bpm/graph" xmlns:ns14="http://www.ibm.com/xmlns/prod/bpm/bpmn/ext/process/auth" xmlns:ns15="http://www.ibm.com/xmlns/prod/bpm/bpmn/ext/extservice" xmlns:ns16="http://www.ibm.com/xmlns/links" xmlns:ns18="http://www.ibm.com/bpm/CoachDesignerNG" xmlns:ns19="http://www.ibm.com/xmlns/tagging" xmlns:ns20="http://www.ibm.com/bpm/uitheme" xmlns:ns21="http://www.ibm.com/bpm/coachview" id="1.05810ac9-d0df-4933-ad90-ec9093aa6d31" targetNamespace="" expressionLanguage="http://www.ibm.com/xmlns/prod/bpm/expression-lang/javascript">
                
                
                <ns17:process name="Drill Down Query Service Template 2" id="1.05810ac9-d0df-4933-ad90-ec9093aa6d31">
                    
                    
                    <ns17:documentation />
                    
                    
                    <ns17:extensionElements>
                        
                        
                        <ns2:isConvertedServiceFlow>true</ns2:isConvertedServiceFlow>
                        
                        
                        <ns2:isSecured>false</ns2:isSecured>
                        
                        
                        <ns2:isAjaxExposed>true</ns2:isAjaxExposed>
                        
                        
                        <ns3:cacheResults>false</ns3:cacheResults>
                        
                        
                        <ns2:cachingType>false</ns2:cachingType>
                        
                        
                        <ns2:cacheLength>43200</ns2:cacheLength>
                        
                        
                        <ns2:sboSyncEnabled>false</ns2:sboSyncEnabled>
                        
                    
                    </ns17:extensionElements>
                    
                    
                    <ns17:ioSpecification>
                        
                        
                        <ns17:dataInput name="input" itemSubjectRef="itm.12.c09c9b6e-aabd-4897-bef2-ed61db106297" isCollection="false" id="2055.300f72b6-2f6a-48f3-b307-f55e817dca2a">
                            
                            
                            <ns17:extensionElements>
                                
                                
                                <ns2:defaultValue useDefault="true">"TEST"</ns2:defaultValue>
                                
                            
                            </ns17:extensionElements>
                            
                        
                        </ns17:dataInput>
                        
                        
                        <ns17:dataInput name="drillDownStack" itemSubjectRef="itm.12.a2c20ada-cdaa-4883-bc96-3ca7a3a27e6b" isCollection="true" id="2055.d489edd1-f8af-49c8-b4e5-f0c2d97ae469">
                            
                            
                            <ns17:extensionElements>
                                
                                
                                <ns2:defaultValue useDefault="true">var autoObject = new tw.object.listOf.DataDimension();
autoObject[0] = new tw.object.DataDimension();
autoObject[0].name = "Type";
autoObject[0].value = "CLOTHING";
autoObject[1] = new tw.object.DataDimension();
autoObject[1].name = "Brand";
autoObject[1].value = "Brand2";

autoObject
</ns2:defaultValue>
                                
                            
                            </ns17:extensionElements>
                            
                        
                        </ns17:dataInput>
                        
                        
                        <ns17:dataOutput name="dataSeries" itemSubjectRef="itm.12.63a604e8-e026-4605-aae1-272b67822cc7" isCollection="false" id="2055.af8f408d-893f-4231-9c15-715cfbc4966f" />
                        
                        
                        <ns17:dataOutput name="drillDownStack" itemSubjectRef="itm.12.a2c20ada-cdaa-4883-bc96-3ca7a3a27e6b" isCollection="true" id="2055.0138c146-e32b-4b72-a003-0c6112da5fca" />
                        
                        
                        <ns17:dataOutput name="availableForDrillDown" itemSubjectRef="itm.12.a2c20ada-cdaa-4883-bc96-3ca7a3a27e6b" isCollection="true" id="2055.bebfc5d0-11f6-45df-a14c-63bdeb7e9d29" />
                        
                        
                        <ns17:inputSet>
                            
                            
                            <ns17:dataInputRefs>2055.300f72b6-2f6a-48f3-b307-f55e817dca2a</ns17:dataInputRefs>
                            
                            
                            <ns17:dataInputRefs>2055.d489edd1-f8af-49c8-b4e5-f0c2d97ae469</ns17:dataInputRefs>
                            
                        
                        </ns17:inputSet>
                        
                        
                        <ns17:outputSet>
                            
                            
                            <ns17:dataOutputRefs>2055.af8f408d-893f-4231-9c15-715cfbc4966f</ns17:dataOutputRefs>
                            
                            
                            <ns17:dataOutputRefs>2055.0138c146-e32b-4b72-a003-0c6112da5fca</ns17:dataOutputRefs>
                            
                            
                            <ns17:dataOutputRefs>2055.bebfc5d0-11f6-45df-a14c-63bdeb7e9d29</ns17:dataOutputRefs>
                            
                        
                        </ns17:outputSet>
                        
                    
                    </ns17:ioSpecification>
                    
                    
                    <ns17:laneSet id="176d064a-d92b-4c6a-ae17-929745e865fb">
                        
                        
                        <ns17:lane name="System" partitionElementRef="24.6fd38d02-81cf-48ab-bd42-8ff4c0a1628b" id="3c839f4a-2030-4efb-a277-bf0b3772d043" ns3:isSystemLane="true">
                            
                            
                            <ns17:extensionElements>
                                
                                
                                <ns13:nodeVisualInfo x="0" y="0" width="3000" height="500" color="#F8F8F8" />
                                
                            
                            </ns17:extensionElements>
                            
                            
                            <ns17:flowNodeRef>Start_1.05810ac9-d0df-4933-ad90-ec9093aa6d31</ns17:flowNodeRef>
                            
                            
                            <ns17:flowNodeRef>2025.06090ef5-7a2d-4b32-8e9e-b4049a3d1df5</ns17:flowNodeRef>
                            
                            
                            <ns17:flowNodeRef>2025.b9a9180e-214c-4483-ae62-2a1bb050e475</ns17:flowNodeRef>
                            
                            
                            <ns17:flowNodeRef>2025.ef8735bd-c02b-4bde-a968-d5519c6144e3</ns17:flowNodeRef>
                            
                            
                            <ns17:flowNodeRef>2025.fec84aac-2009-4d8c-b0ef-50648e9b732e</ns17:flowNodeRef>
                            
                            
                            <ns17:flowNodeRef>2028.40eeb649-6cdb-4243-8c1e-73103c00d79c</ns17:flowNodeRef>
                            
                            
                            <ns17:flowNodeRef>2028.4c07ad96-e2a1-4539-974f-1de8e1bb98f1</ns17:flowNodeRef>
                            
                        
                        </ns17:lane>
                        
                    
                    </ns17:laneSet>
                    
                    
                    <ns17:startEvent name="Start" id="Start_1.05810ac9-d0df-4933-ad90-ec9093aa6d31">
                        
                        
                        <ns17:extensionElements>
                            
                            
                            <ns13:nodeVisualInfo x="30" y="213" width="24" height="24" />
                            
                        
                        </ns17:extensionElements>
                        
                        
                        <ns17:outgoing>StartLink_1.05810ac9-d0df-4933-ad90-ec9093aa6d31</ns17:outgoing>
                        
                    
                    </ns17:startEvent>
                    
                    
                    <ns17:endEvent name="End" id="2025.06090ef5-7a2d-4b32-8e9e-b4049a3d1df5">
                        
                        
                        <ns17:documentation />
                        
                        
                        <ns17:extensionElements>
                            
                            
                            <ns2:endStateId>guid:daa1490d48ed741c:-252326b8:165ab673b17:-7fc2</ns2:endStateId>
                            
                            
                            <ns3:saveExecutionContext>true</ns3:saveExecutionContext>
                            
                            
                            <ns2:preAssignmentScript xmlns:xsi="http://www.w3.org/2001/XMLSchema-instance" xsi:nil="true" />
                            
                            
                            <ns2:postAssignmentScript xmlns:xsi="http://www.w3.org/2001/XMLSchema-instance" xsi:nil="true" />
                            
                            
                            <ns13:nodeVisualInfo x="508" y="118" width="24" height="24" />
                            
                        
                        </ns17:extensionElements>
                        
                        
                        <ns17:incoming>2027.2cb6848b-748d-4218-a635-8cf704863d50</ns17:incoming>
                        
                        
                        <ns17:incoming>2027.4da1709b-efab-45da-a2c4-4ff1904fc106</ns17:incoming>
                        
                    
                    </ns17:endEvent>
                    
                    
                    <ns17:scriptTask scriptFormat="text/plain" name="JS-Only Drill Down Tree" id="2025.b9a9180e-214c-4483-ae62-2a1bb050e475">
                        
                        
                        <ns17:documentation />
                        
                        
                        <ns17:extensionElements>
                            
                            
                            <ns2:preAssignmentScript xmlns:xsi="http://www.w3.org/2001/XMLSchema-instance" xsi:nil="true" />
                            
                            
                            <ns2:postAssignmentScript xmlns:xsi="http://www.w3.org/2001/XMLSchema-instance" xsi:nil="true" />
                            
                            
                            <ns13:nodeVisualInfo x="155" y="103" width="95" height="70" />
                            
                        
                        </ns17:extensionElements>
                        
                        
                        <ns17:outgoing>2027.5396364f-5f7c-4dc4-87bd-aa97564d796e</ns17:outgoing>
                        
                        
                        <ns17:script>tw.local.xml
&lt;drilldown-spec&gt;
	&lt;drilldown name="Type"&gt;
		&lt;js-query description="Qty sold by Product Type (Clothing/Appliance/Garden)"&gt;
			&lt;script&gt;
				&lt;![CDATA[
				var data = [["CLOTHING", 1093], ["APPLIANCES", 174]];
				
				//Example of accessing local variables instead of using the "populateDataSeries" convenience method
				tw.local.dataSeries.dataPoints = new tw.object.listOf.DataPoint();
				for(var i = 0; i &lt; data.length; i++)
				{
					tw.local.dataSeries.dataPoints[i] = new tw.object.DataPoint();
					tw.local.dataSeries.dataPoints[i].label = data[i][0];
					tw.local.dataSeries.dataPoints[i].value = data[i][1];
				}
				]]&gt;
			&lt;/script&gt;
		&lt;/js-query&gt;
		&lt;drilldown name="Brand" cond-field="../@name" cond-operator="eq" cond-value="CLOTHING"&gt;
			&lt;js-query description="Qty sold of Clothing products by Brand"&gt;
				&lt;script&gt;
					&lt;![CDATA[
					var data = [["Brand1", 363], ["Brand2", 556], ["Brand3", 174]];
					populateDataSeries(data);
					]]&gt;
				&lt;/script&gt;
			&lt;/js-query&gt;
			&lt;drilldown name="Gender"&gt;
				&lt;js-query&gt;
					&lt;in&gt;
						&lt;field var="brand" ref="../@value"/&gt;
					&lt;/in&gt;
					&lt;script&gt;
						&lt;![CDATA[
						var data = [];
						if(brand == "Brand1")
						{
							data = [["M", 363]];
						}
						else if(brand == "Brand2")
						{
							data = [["M", 382], ["F", 174]];
						}
						else if(brand == "Brand3")
						{
							data = [["M", 174]];
						}
						
						populateDataSeries(data);
						]]&gt;
					&lt;/script&gt;
				&lt;/js-query&gt;
				&lt;drilldown name="Kind"&gt;
					&lt;js-query description="Qty sold of Clothing products by Gender, Brand and for specific Kind"&gt;
						&lt;in&gt;
							&lt;field var="brand" ref="../../@value"/&gt;
							&lt;field var="gender" ref="../@value"/&gt;
						&lt;/in&gt;
						&lt;script&gt;
							&lt;![CDATA[
							var data = [];
							if(gender == "M")
							{
								if(brand == "Brand1")
								{
									data = [["SHIRT", 251], ["PANTS", 112]];
								}
								else if(brand == "Brand2")
								{
									data = [["SOCKS", 168], ["SHIRT", 214]];
								}
								else if(brand == "Brand3")
								{
									data = [["TIE", 174]];
								}
							}
							else if(gender == "F")
							{
								if(brand == "Brand2")
								{
									data = [["SHIRT", 86], ["PANTS", 65], ["DRESS", 23]];
								}
							}
							
							populateDataSeries(data);
							]]&gt;
						&lt;/script&gt;
					&lt;/js-query&gt;
				&lt;/drilldown&gt;
			&lt;/drilldown&gt;
			&lt;drilldown name="Kind"&gt;
				&lt;js-query description="Qty sold of Clothing products by Kind and for specific Brand"&gt;
					&lt;in&gt;
						&lt;field var="brand" ref="../@value"/&gt;
					&lt;/in&gt;
					&lt;script&gt;
						&lt;![CDATA[
						var data = [];
						if(brand == "Brand1")
						{
							data = [["SHIRT", 251], ["PANTS", 112]];
						}
						else if(brand == "Brand2")
						{
							data = [["SOCKS", 168], ["SHIRT", 300], ["PANTS", 65], ["DRESS", 23]];
						}
						else if(brand == "Brand3")
						{
							data = [["TIE", 174]];
						}
						
						populateDataSeries(data);
						]]&gt;
					&lt;/script&gt;
				&lt;/js-query&gt;
			&lt;/drilldown&gt;
		&lt;/drilldown&gt;
		&lt;drilldown name="Brand" cond-field="../@name" cond-operator="eq" cond-value="APPLIANCES"&gt;
			&lt;js-query description="Qty sold of Appliances by Brand"&gt;
				&lt;script&gt;
					&lt;![CDATA[
					var data = [["Brand6", 35], ["Brand5", 49], ["Brand7", 17], ["Brand8", 22], ["Brand9", 22], ["Brand4", 29]];
					populateDataSeries(data);
					]]&gt;
				&lt;/script&gt;
			&lt;/js-query&gt;
		&lt;/drilldown&gt;
	&lt;/drilldown&gt;
&lt;/drilldown-spec&gt;</ns17:script>
                        
                    
                    </ns17:scriptTask>
                    
                    
                    <ns17:scriptTask scriptFormat="text/plain" name="SQL-Only Drill Down Tree" id="2025.ef8735bd-c02b-4bde-a968-d5519c6144e3">
                        
                        
                        <ns17:documentation />
                        
                        
                        <ns17:extensionElements>
                            
                            
                            <ns2:preAssignmentScript xmlns:xsi="http://www.w3.org/2001/XMLSchema-instance" xsi:nil="true" />
                            
                            
                            <ns2:postAssignmentScript xmlns:xsi="http://www.w3.org/2001/XMLSchema-instance" xsi:nil="true" />
                            
                            
                            <ns13:nodeVisualInfo x="155" y="197" width="95" height="70" />
                            
                        
                        </ns17:extensionElements>
                        
                        
                        <ns17:incoming>StartLink_1.05810ac9-d0df-4933-ad90-ec9093aa6d31</ns17:incoming>
                        
                        
                        <ns17:outgoing>2027.2cb6848b-748d-4218-a635-8cf704863d50</ns17:outgoing>
                        
                        
                        <ns17:script>tw.local.xml
&lt;drilldown-spec&gt;
	&lt;drilldown name="Type"&gt;
		&lt;sql-query description="Qty sold by Product Type (Clothing/Appliance/Garden)"&gt;
			&lt;sql&gt;
				&lt;![CDATA[
				SELECT 
				  P2.NAME, 
				  S2.QTY 
				FROM 
				  TMP_PROD_TYPES AS P2, 
				  (
					SELECT 
					  S1.TYPE AS TYPE, 
					  SUM(S1.QTY) AS QTY 
					FROM 
					  TMP_SALES S1 
					GROUP BY 
					  S1.TYPE
				  ) AS S2
				WHERE 
				  P2.TYPE = S2.TYPE
				]]&gt;
			&lt;/sql&gt;
			&lt;out&gt;
				&lt;label field="NAME"/&gt;
				&lt;value field="QTY"/&gt;
			&lt;/out&gt;
		&lt;/sql-query&gt;
		&lt;drilldown name="Brand" cond-field="../@name" cond-operator="eq" cond-value="CLOTHING"&gt;
			&lt;sql-query description="Qty sold of Clothing products by Brand"&gt;
				&lt;sql&gt;
					&lt;![CDATA[
					SELECT 
					  SUM(S1.QTY) AS QTY, 
					  C1.BRAND AS BRAND
					FROM 
					  TMP_SALES AS S1, 
					  TMP_SALES_CLOTHING AS C1
					WHERE
					  C1.ITEM_ID = S1.ITEM_ID
					GROUP BY
					  BRAND
					ORDER BY
					  QTY
					]]&gt;
				&lt;/sql&gt;
				&lt;out&gt;
					&lt;label field="BRAND"/&gt;
					&lt;value field="QTY"/&gt;
				&lt;/out&gt;
			&lt;/sql-query&gt;
			&lt;drilldown name="Gender"&gt;
				&lt;sql-query description="Qty sold of Clothing products by Gender and for specific Brand"&gt;
					&lt;in&gt;
						&lt;field ref="../@value" type="VARCHAR"/&gt;
						&lt;!--
						&lt;field ref="javascript:tw.local.input" type="VARCHAR"/&gt;
                        --&gt;
					&lt;/in&gt;
					&lt;sql&gt;
						&lt;![CDATA[
						SELECT
						  SUM(S1.QTY) AS QTY, C1.GENDER AS GENDER
						FROM
						  TMP_SALES_CLOTHING AS C1,
						  TMP_SALES AS S1
						WHERE
						  S1.ITEM_ID = C1.ITEM_ID
						  AND C1.BRAND = ?
						GROUP BY
						  GENDER
						]]&gt;
					&lt;/sql&gt;
					&lt;out&gt;
						&lt;label field="GENDER"/&gt;
						&lt;value field="QTY"/&gt;
					&lt;/out&gt;
				&lt;/sql-query&gt;
				&lt;drilldown name="Kind"&gt;
					&lt;sql-query description="Qty sold of Clothing products by Gender, Brand and for specific Kind"&gt;
						&lt;in&gt;
							&lt;field ref="../../@value"/&gt;
							&lt;field ref="../@value"/&gt;
						&lt;/in&gt;
						&lt;sql&gt;
							&lt;![CDATA[
							SELECT
							  SUM(S1.QTY) AS QTY, C1.KIND AS KIND
							FROM
							  TMP_SALES_CLOTHING AS C1,
							  TMP_SALES AS S1
							WHERE
							  S1.ITEM_ID = C1.ITEM_ID
							  AND C1.BRAND = ?
							  AND C1.GENDER = ?
							GROUP BY
							  KIND
							]]&gt;
						&lt;/sql&gt;
						&lt;out&gt;
							&lt;label field="KIND"/&gt;
							&lt;value field="QTY"/&gt;
						&lt;/out&gt;
					&lt;/sql-query&gt;
				&lt;/drilldown&gt;
			&lt;/drilldown&gt;
			&lt;drilldown name="Kind"&gt;
				&lt;sql-query description="Qty sold of Clothing products by Kind and for specific Brand"&gt;
					&lt;in&gt;
						&lt;field ref="../@value" type="VARCHAR"/&gt;
					&lt;/in&gt;
					&lt;sql&gt;
						&lt;![CDATA[
						SELECT
						  SUM(S1.QTY) AS QTY, C1.KIND AS KIND
						FROM
						  TMP_SALES_CLOTHING AS C1,
						  TMP_SALES AS S1
						WHERE
						  S1.ITEM_ID = C1.ITEM_ID
						  AND C1.BRAND = ?
						GROUP BY
						  KIND
						]]&gt;
					&lt;/sql&gt;
					&lt;out&gt;
						&lt;label field="KIND"/&gt;
						&lt;value field="QTY"/&gt;
					&lt;/out&gt;
				&lt;/sql-query&gt;
			&lt;/drilldown&gt;
		&lt;/drilldown&gt;
		&lt;drilldown name="Brand" cond-field="../@name" cond-operator="eq" cond-value="APPLIANCES"&gt;
			&lt;sql-query description="Qty sold of Appliance products by Brand"&gt;
				&lt;sql&gt;
					&lt;![CDATA[
					SELECT 
					  SUM(S1.QTY) AS QTY, 
					  A1.BRAND AS BRAND
					FROM 
					  TMP_SALES AS S1, 
					  TMP_SALES_APPLIANCES AS A1
					WHERE
					  A1.ITEM_ID = S1.ITEM_ID
					GROUP BY
					  BRAND
					ORDER BY
					  QTY
					]]&gt;
				&lt;/sql&gt;
				&lt;out&gt;
					&lt;label field="BRAND"/&gt;
					&lt;value field="QTY"/&gt;
				&lt;/out&gt;
			&lt;/sql-query&gt;
		&lt;/drilldown&gt;
	&lt;/drilldown&gt;
&lt;/drilldown-spec&gt;</ns17:script>
                        
                    
                    </ns17:scriptTask>
                    
                    
                    <ns17:callActivity calledElement="1.35d4724d-69a2-44ce-b480-671373481a0a" name="Execute Drill-down Query" id="2025.fec84aac-2009-4d8c-b0ef-50648e9b732e">
                        
                        
                        <ns17:documentation />
                        
                        
                        <ns17:extensionElements>
                            
                            
                            <ns3:activityType>CalledProcess</ns3:activityType>
                            
                            
                            <ns2:preAssignmentScript xmlns:xsi="http://www.w3.org/2001/XMLSchema-instance" xsi:nil="true" />
                            
                            
                            <ns2:postAssignmentScript xmlns:xsi="http://www.w3.org/2001/XMLSchema-instance" xsi:nil="true" />
                            
                            
                            <ns13:nodeVisualInfo x="346" y="103" width="95" height="70" />
                            
                        
                        </ns17:extensionElements>
                        
                        
                        <ns17:incoming>2027.5396364f-5f7c-4dc4-87bd-aa97564d796e</ns17:incoming>
                        
                        
                        <ns17:outgoing>2027.4da1709b-efab-45da-a2c4-4ff1904fc106</ns17:outgoing>
                        
                        
                        <ns17:dataInputAssociation>
                            
                            
                            <ns17:targetRef>2055.202a49af-42bd-4c94-9943-095bd21bcaa5</ns17:targetRef>
                            
                            
                            <ns17:assignment>
                                
                                
                                <ns17:from xmlns:xsi="http://www.w3.org/2001/XMLSchema-instance" xsi:type="ns17:tFormalExpression" evaluatesToTypeRef="itm.12.db884a3c-c533-44b7-bb2d-47bec8ad4022">tw.local.xml</ns17:from>
                                
                            
                            </ns17:assignment>
                            
                        
                        </ns17:dataInputAssociation>
                        
                        
                        <ns17:dataInputAssociation>
                            
                            
                            <ns17:targetRef>2055.cc39915e-8c2f-488d-8489-97c51044e102</ns17:targetRef>
                            
                            
                            <ns17:assignment>
                                
                                
                                <ns17:from xmlns:xsi="http://www.w3.org/2001/XMLSchema-instance" xsi:type="ns17:tFormalExpression" evaluatesToTypeRef="itm.12.c09c9b6e-aabd-4897-bef2-ed61db106297">tw.local.input</ns17:from>
                                
                            
                            </ns17:assignment>
                            
                        
                        </ns17:dataInputAssociation>
                        
                        
                        <ns17:dataInputAssociation>
                            
                            
                            <ns17:targetRef>2055.7a1a5810-887e-4dfd-b2ff-9a0b83f1c360</ns17:targetRef>
                            
                            
                            <ns17:assignment>
                                
                                
                                <ns17:from xmlns:xsi="http://www.w3.org/2001/XMLSchema-instance" xsi:type="ns17:tFormalExpression" evaluatesToTypeRef="itm.12.a2c20ada-cdaa-4883-bc96-3ca7a3a27e6b">tw.local.drillDownStack</ns17:from>
                                
                            
                            </ns17:assignment>
                            
                        
                        </ns17:dataInputAssociation>
                        
                        
                        <ns17:dataOutputAssociation>
                            
                            
                            <ns17:sourceRef>2055.0fab506b-b8a8-4a4a-9ad7-ff5170a17061</ns17:sourceRef>
                            
                            
                            <ns17:assignment>
                                
                                
                                <ns17:to xmlns:xsi="http://www.w3.org/2001/XMLSchema-instance" xsi:type="ns17:tFormalExpression" evaluatesToTypeRef="itm.12.a2c20ada-cdaa-4883-bc96-3ca7a3a27e6b">tw.local.drillDownStack</ns17:to>
                                
                            
                            </ns17:assignment>
                            
                        
                        </ns17:dataOutputAssociation>
                        
                        
                        <ns17:dataOutputAssociation>
                            
                            
                            <ns17:sourceRef>2055.f63af78c-c178-4f16-950f-2b8909101601</ns17:sourceRef>
                            
                            
                            <ns17:assignment>
                                
                                
                                <ns17:to xmlns:xsi="http://www.w3.org/2001/XMLSchema-instance" xsi:type="ns17:tFormalExpression" evaluatesToTypeRef="itm.12.63a604e8-e026-4605-aae1-272b67822cc7">tw.local.dataSeries</ns17:to>
                                
                            
                            </ns17:assignment>
                            
                        
                        </ns17:dataOutputAssociation>
                        
                        
                        <ns17:dataOutputAssociation>
                            
                            
                            <ns17:sourceRef>2055.46df551d-77ed-4378-936e-0e521350c99d</ns17:sourceRef>
                            
                            
                            <ns17:assignment>
                                
                                
                                <ns17:to xmlns:xsi="http://www.w3.org/2001/XMLSchema-instance" xsi:type="ns17:tFormalExpression" evaluatesToTypeRef="itm.12.a2c20ada-cdaa-4883-bc96-3ca7a3a27e6b">tw.local.availableForDrillDown</ns17:to>
                                
                            
                            </ns17:assignment>
                            
                        
                        </ns17:dataOutputAssociation>
                        
                    
                    </ns17:callActivity>
                    
                    
                    <ns17:sequenceFlow sourceRef="Start_1.05810ac9-d0df-4933-ad90-ec9093aa6d31" targetRef="2025.ef8735bd-c02b-4bde-a968-d5519c6144e3" name="" id="StartLink_1.05810ac9-d0df-4933-ad90-ec9093aa6d31">
                        
                        
                        <ns17:extensionElements>
                            
                            
                            <ns13:linkVisualInfo>
                                
                                
                                <ns13:sourcePortLocation>rightCenter</ns13:sourcePortLocation>
                                
                                
                                <ns13:targetPortLocation>leftCenter</ns13:targetPortLocation>
                                
                                
                                <ns13:showLabel>false</ns13:showLabel>
                                
                                
                                <ns13:showCoachControlLabel>false</ns13:showCoachControlLabel>
                                
                                
                                <ns13:labelPosition>0.0</ns13:labelPosition>
                                
                                
                                <ns13:saveExecutionContext>false</ns13:saveExecutionContext>
                                
                            
                            </ns13:linkVisualInfo>
                            
                        
                        </ns17:extensionElements>
                        
                    
                    </ns17:sequenceFlow>
                    
                    
                    <ns17:sequenceFlow sourceRef="2025.ef8735bd-c02b-4bde-a968-d5519c6144e3" targetRef="2025.06090ef5-7a2d-4b32-8e9e-b4049a3d1df5" name="Untitled" id="2027.2cb6848b-748d-4218-a635-8cf704863d50">
                        
                        
                        <ns17:extensionElements>
                            
                            
                            <ns13:linkVisualInfo>
                                
                                
                                <ns13:sourcePortLocation>rightBottom</ns13:sourcePortLocation>
                                
                                
                                <ns13:targetPortLocation>bottomCenter</ns13:targetPortLocation>
                                
                                
                                <ns13:showLabel>false</ns13:showLabel>
                                
                                
                                <ns13:showCoachControlLabel>false</ns13:showCoachControlLabel>
                                
                                
                                <ns13:labelPosition>0.0</ns13:labelPosition>
                                
                                
                                <ns13:saveExecutionContext>false</ns13:saveExecutionContext>
                                
                            
                            </ns13:linkVisualInfo>
                            
                        
                        </ns17:extensionElements>
                        
                    
                    </ns17:sequenceFlow>
                    
                    
                    <ns17:sequenceFlow sourceRef="2025.fec84aac-2009-4d8c-b0ef-50648e9b732e" targetRef="2025.06090ef5-7a2d-4b32-8e9e-b4049a3d1df5" name="Untitled" id="2027.4da1709b-efab-45da-a2c4-4ff1904fc106">
                        
                        
                        <ns17:extensionElements>
                            
                            
                            <ns13:linkVisualInfo>
                                
                                
                                <ns13:sourcePortLocation>rightCenter</ns13:sourcePortLocation>
                                
                                
                                <ns13:targetPortLocation>leftCenter</ns13:targetPortLocation>
                                
                                
                                <ns13:showLabel>false</ns13:showLabel>
                                
                                
                                <ns13:showCoachControlLabel>true</ns13:showCoachControlLabel>
                                
                                
                                <ns13:labelPosition>0.0</ns13:labelPosition>
                                
                                
                                <ns13:saveExecutionContext>false</ns13:saveExecutionContext>
                                
                            
                            </ns13:linkVisualInfo>
                            
                            
                            <ns2:endStateId>guid:a68ed9f9e6a1e37c:-54e2e430:14af2fbf9ce:-7d9e</ns2:endStateId>
                            
                        
                        </ns17:extensionElements>
                        
                    
                    </ns17:sequenceFlow>
                    
                    
                    <ns17:sequenceFlow sourceRef="2025.b9a9180e-214c-4483-ae62-2a1bb050e475" targetRef="2025.fec84aac-2009-4d8c-b0ef-50648e9b732e" name="Untitled" id="2027.5396364f-5f7c-4dc4-87bd-aa97564d796e">
                        
                        
                        <ns17:extensionElements>
                            
                            
                            <ns13:linkVisualInfo>
                                
                                
                                <ns13:sourcePortLocation>rightCenter</ns13:sourcePortLocation>
                                
                                
                                <ns13:targetPortLocation>leftCenter</ns13:targetPortLocation>
                                
                                
                                <ns13:showLabel>false</ns13:showLabel>
                                
                                
                                <ns13:showCoachControlLabel>false</ns13:showCoachControlLabel>
                                
                                
                                <ns13:labelPosition>0.0</ns13:labelPosition>
                                
                                
                                <ns13:saveExecutionContext>false</ns13:saveExecutionContext>
                                
                            
                            </ns13:linkVisualInfo>
                            
                        
                        </ns17:extensionElements>
                        
                    
                    </ns17:sequenceFlow>
                    
                    
                    <ns17:dataObject itemSubjectRef="itm.12.db884a3c-c533-44b7-bb2d-47bec8ad4022" isCollection="false" name="xml" id="2056.67dec2c5-ea76-452c-bd15-aa77736569c6">
                        
                        
                        <ns17:extensionElements>
                            
                            
                            <ns2:defaultValue useDefault="false" />
                            
                        
                        </ns17:extensionElements>
                        
                    
                    </ns17:dataObject>
                    
                    
                    <ns17:textAnnotation textFormat="text/plain" id="2028.40eeb649-6cdb-4243-8c1e-73103c00d79c">
                        
                        
                        <ns17:extensionElements>
                            
                            
                            <ns13:nodeVisualInfo x="155" y="34" width="285" height="55" color="#FFFDD3" />
                            
                        
                        </ns17:extensionElements>
                        
                        
                        <ns17:text>This service - although runnable - is only meant as a convenience/template to be copied from this toolkit into another toolkit or process application.</ns17:text>
                        
                    
                    </ns17:textAnnotation>
                    
                    
                    <ns17:textAnnotation textFormat="text/plain" id="2028.4c07ad96-e2a1-4539-974f-1de8e1bb98f1">
                        
                        
                        <ns17:extensionElements>
                            
                            
                            <ns13:nodeVisualInfo x="269" y="191" width="379" height="121" color="#FFFDD3" />
                            
                        
                        </ns17:extensionElements>
                        
                        
                        <ns17:text>Two drill-down tree examples are provided. Only keep one and customize the content of the XML drill-down tree to fulfill your particular requirements.</ns17:text>
                        
                    
                    </ns17:textAnnotation>
                    
                
                </ns17:process>
                
            
            </ns17:definitions>
        </bpmn2Model>
        <link name="Untitled">
            <lastModified isNull="true" />
            <lastModifiedBy isNull="true" />
            <processLinkId>2027.5396364f-5f7c-4dc4-87bd-aa97564d796e</processLinkId>
            <processId>1.05810ac9-d0df-4933-ad90-ec9093aa6d31</processId>
            <description isNull="true" />
            <fromProcessItemId>2025.b9a9180e-214c-4483-ae62-2a1bb050e475</fromProcessItemId>
            <endStateId>Out</endStateId>
            <toProcessItemId>2025.fec84aac-2009-4d8c-b0ef-50648e9b732e</toProcessItemId>
            <guid>17b6e8d1-16a7-48db-bb0d-10b990a21aa4</guid>
            <versionId>7d20a20b-289c-48e3-9198-8c2e52e296ce</versionId>
            <layoutData>
                <controlPoints />
                <showEndState>false</showEndState>
                <showName>false</showName>
            </layoutData>
            <fromItemPort locationId="rightCenter" portType="1" />
            <toItemPort locationId="leftCenter" portType="2" />
            <fromProcessItemId>2025.b9a9180e-214c-4483-ae62-2a1bb050e475</fromProcessItemId>
            <toProcessItemId>2025.fec84aac-2009-4d8c-b0ef-50648e9b732e</toProcessItemId>
        </link>
        <link name="Untitled">
            <lastModified isNull="true" />
            <lastModifiedBy isNull="true" />
            <processLinkId>2027.4da1709b-efab-45da-a2c4-4ff1904fc106</processLinkId>
            <processId>1.05810ac9-d0df-4933-ad90-ec9093aa6d31</processId>
            <description isNull="true" />
            <fromProcessItemId>2025.fec84aac-2009-4d8c-b0ef-50648e9b732e</fromProcessItemId>
            <endStateId>guid:a68ed9f9e6a1e37c:-54e2e430:14af2fbf9ce:-7d9e</endStateId>
            <toProcessItemId>2025.06090ef5-7a2d-4b32-8e9e-b4049a3d1df5</toProcessItemId>
            <guid>025d7e5d-310e-4637-8c3c-dfa38b299841</guid>
            <versionId>8d66fe36-7b8c-4a23-bc63-37cf2c4c26c4</versionId>
            <layoutData>
                <controlPoints />
                <showEndState>true</showEndState>
                <showName>false</showName>
            </layoutData>
            <fromItemPort locationId="rightCenter" portType="1" />
            <toItemPort locationId="leftCenter" portType="2" />
            <fromProcessItemId>2025.fec84aac-2009-4d8c-b0ef-50648e9b732e</fromProcessItemId>
            <toProcessItemId>2025.06090ef5-7a2d-4b32-8e9e-b4049a3d1df5</toProcessItemId>
        </link>
        <link name="Untitled">
            <lastModified isNull="true" />
            <lastModifiedBy isNull="true" />
            <processLinkId>2027.2cb6848b-748d-4218-a635-8cf704863d50</processLinkId>
            <processId>1.05810ac9-d0df-4933-ad90-ec9093aa6d31</processId>
            <description isNull="true" />
            <fromProcessItemId>2025.ef8735bd-c02b-4bde-a968-d5519c6144e3</fromProcessItemId>
            <endStateId>Out</endStateId>
            <toProcessItemId>2025.06090ef5-7a2d-4b32-8e9e-b4049a3d1df5</toProcessItemId>
            <guid>e010822b-ff57-4bc9-8811-7537e035c5a6</guid>
            <versionId>c4717dec-6154-44e0-b8c2-d3a686dded6d</versionId>
            <layoutData>
                <controlPoints />
                <showEndState>false</showEndState>
                <showName>false</showName>
            </layoutData>
            <fromItemPort locationId="rightBottom" portType="1" />
            <toItemPort locationId="bottomCenter" portType="2" />
            <fromProcessItemId>2025.ef8735bd-c02b-4bde-a968-d5519c6144e3</fromProcessItemId>
            <toProcessItemId>2025.06090ef5-7a2d-4b32-8e9e-b4049a3d1df5</toProcessItemId>
        </link>
    </process>
</teamworks>

