<?xml version="1.0" encoding="UTF-8"?>
<teamworks>
    <process id="1.2a5b4e31-2388-4b79-abdd-d3b2010d6e25" name="Default Chart Multi Data Series Service">
        <lastModified>1536179732625</lastModified>
        <lastModifiedBy>tw_admin</lastModifiedBy>
        <processId>1.2a5b4e31-2388-4b79-abdd-d3b2010d6e25</processId>
        <image isNull="true" />
        <tabGroup isNull="true" />
        <startingProcessItemId>2025.4e906a8a-9fd9-452b-9db0-ac3bde22f088</startingProcessItemId>
        <isRootProcess>false</isRootProcess>
        <processType>12</processType>
        <isErrorHandlerEnabled>false</isErrorHandlerEnabled>
        <errorHandlerItemId isNull="true" />
        <isLoggingVariables>false</isLoggingVariables>
        <isTransactional>false</isTransactional>
        <processTimingLevel isNull="true" />
        <participantRef isNull="true" />
        <exposedType>0</exposedType>
        <isTrackingEnabled>true</isTrackingEnabled>
        <xmlData isNull="true" />
        <cachingType>false</cachingType>
        <itemLabel isNull="true" />
        <cacheLength>43200</cacheLength>
        <mobileReady>false</mobileReady>
        <sboSyncEnabled>false</sboSyncEnabled>
        <externalId isNull="true" />
        <isSecured>false</isSecured>
        <isAjaxExposed>true</isAjaxExposed>
        <description isNull="true" />
        <guid>0eacf3b4-b12b-4831-b10b-f6da466f9b80</guid>
        <versionId>521d6cf3-6932-4653-843b-f67846adf58e</versionId>
        <dependencySummary>&lt;dependencySummary id="bpdid:daa1490d48ed741c:-252326b8:165ab673b17:-7fb5" /&gt;</dependencySummary>
        <jsonData isNull="true" />
        <field1 isNull="true" />
        <field2 isNull="true" />
        <field3>0</field3>
        <field4 isNull="true" />
        <field5>false</field5>
        <clobField1 isNull="true" />
        <blobField1 isNull="true" />
        <processParameter name="input">
            <lastModified isNull="true" />
            <lastModifiedBy isNull="true" />
            <processParameterId>2055.76f2e69e-26a0-472c-ad11-0e93fc3ccc08</processParameterId>
            <processId>1.2a5b4e31-2388-4b79-abdd-d3b2010d6e25</processId>
            <parameterType>1</parameterType>
            <isArrayOf>false</isArrayOf>
            <classId>556939fc-1d6d-4204-9546-c095a59cca29/12.c09c9b6e-aabd-4897-bef2-ed61db106297</classId>
            <seq>1</seq>
            <hasDefault>false</hasDefault>
            <defaultValue isNull="true" />
            <isLocked>false</isLocked>
            <description isNull="true" />
            <guid>2542cd7d-3f47-4470-a8f9-f60bb82fec66</guid>
            <versionId>601fb32d-cee6-4e7a-8b9c-af8f624c9e93</versionId>
        </processParameter>
        <processParameter name="multiDataSeries">
            <lastModified isNull="true" />
            <lastModifiedBy isNull="true" />
            <processParameterId>2055.f1a8049d-5354-4f44-bd5a-3cab54ad537d</processParameterId>
            <processId>1.2a5b4e31-2388-4b79-abdd-d3b2010d6e25</processId>
            <parameterType>2</parameterType>
            <isArrayOf>true</isArrayOf>
            <classId>/12.63a604e8-e026-4605-aae1-272b67822cc7</classId>
            <seq>2</seq>
            <hasDefault>false</hasDefault>
            <defaultValue isNull="true" />
            <isLocked>false</isLocked>
            <description isNull="true" />
            <guid>0f2e6010-107b-47cc-8cdf-c7d2da541854</guid>
            <versionId>11c9c2f5-7476-447f-95d7-35ccbae1d844</versionId>
        </processParameter>
        <processParameter name="simulatedErrorCode">
            <lastModified isNull="true" />
            <lastModifiedBy isNull="true" />
            <processParameterId>2055.064a5efd-b434-4418-a2b1-9bb003517585</processParameterId>
            <processId>1.2a5b4e31-2388-4b79-abdd-d3b2010d6e25</processId>
            <parameterType>3</parameterType>
            <isArrayOf>false</isArrayOf>
            <classId>556939fc-1d6d-4204-9546-c095a59cca29/12.db884a3c-c533-44b7-bb2d-47bec8ad4022</classId>
            <seq>6</seq>
            <hasDefault>false</hasDefault>
            <defaultValue isNull="true" />
            <isLocked>false</isLocked>
            <description isNull="true" />
            <guid>0a810a94-51d2-4c99-9ba6-2a3ecb09ba65</guid>
            <versionId>8288c20b-c485-4346-a818-546ca26e4f02</versionId>
        </processParameter>
        <processVariable name="simulatedError">
            <lastModified isNull="true" />
            <lastModifiedBy isNull="true" />
            <processVariableId>2056.76a0f72b-9d72-465f-8725-ce2042c29a8c</processVariableId>
            <description isNull="true" />
            <processId>1.2a5b4e31-2388-4b79-abdd-d3b2010d6e25</processId>
            <namespace>2</namespace>
            <seq>1</seq>
            <isArrayOf>false</isArrayOf>
            <isTransient>false</isTransient>
            <classId>556939fc-1d6d-4204-9546-c095a59cca29/12.db884a3c-c533-44b7-bb2d-47bec8ad4022</classId>
            <hasDefault>true</hasDefault>
            <defaultValue>"Simulated Error..."</defaultValue>
            <guid>a8d75005-689a-46ae-9a4e-8287e916fdd4</guid>
            <versionId>7c147e4c-340f-41b9-873b-66b5dae9c0a5</versionId>
        </processVariable>
        <item>
            <lastModified isNull="true" />
            <lastModifiedBy isNull="true" />
            <processItemId>2025.c253a59e-b3e8-40ae-b889-ea3b77026dfc</processItemId>
            <processId>1.2a5b4e31-2388-4b79-abdd-d3b2010d6e25</processId>
            <name>Error</name>
            <tWComponentName>Exception</tWComponentName>
            <tWComponentId>3007.b540a083-9c3b-4591-b097-bb9b8edfd9e1</tWComponentId>
            <isLogEnabled>false</isLogEnabled>
            <isTraceEnabled>false</isTraceEnabled>
            <traceCategory isNull="true" />
            <traceLevel isNull="true" />
            <traceMessage isNull="true" />
            <traceSymbolTable isNull="true" />
            <isExecutionContextTraced>false</isExecutionContextTraced>
            <saveExecutionContext>false</saveExecutionContext>
            <documentation isNull="true" />
            <isErrorHandlerEnabled>false</isErrorHandlerEnabled>
            <errorHandlerItemId isNull="true" />
            <guid>guid:48239dc106dcc492:-b22ea1a:165ab3b2634:-7fbe</guid>
            <versionId>6acd6814-7ca8-46d8-915a-e93083d61745</versionId>
            <externalServiceRef isNull="true" />
            <externalServiceOp isNull="true" />
            <nodeColor isNull="true" />
            <layoutData x="332" y="53">
                <errorLink>
                    <controlPoints />
                    <showEndState>false</showEndState>
                    <showName>false</showName>
                </errorLink>
            </layoutData>
            <TWComponent>
                <lastModified isNull="true" />
                <lastModifiedBy isNull="true" />
                <exceptionId>3007.b540a083-9c3b-4591-b097-bb9b8edfd9e1</exceptionId>
                <message isNull="true" />
                <faultStyle>1</faultStyle>
                <guid>94bbcf4f-fe7b-4ee8-8fe9-26006985152e</guid>
                <versionId>c22c7e9d-ede6-44e9-b8cf-1edcc18f19a8</versionId>
                <parameterMapping name="simulatedErrorCode">
                    <lastModified isNull="true" />
                    <lastModifiedBy isNull="true" />
                    <parameterMappingId>2054.92f014fd-00e7-47ec-8073-4d87d3c59f10</parameterMappingId>
                    <processParameterId>2055.064a5efd-b434-4418-a2b1-9bb003517585</processParameterId>
                    <parameterMappingParentId>3007.b540a083-9c3b-4591-b097-bb9b8edfd9e1</parameterMappingParentId>
                    <useDefault>false</useDefault>
                    <value>tw.local.simulatedError</value>
                    <classRef>556939fc-1d6d-4204-9546-c095a59cca29/12.db884a3c-c533-44b7-bb2d-47bec8ad4022</classRef>
                    <isList>false</isList>
                    <isInput>true</isInput>
                    <guid>e236cbe0-19de-45c8-8c63-38aa6a27f847</guid>
                    <versionId>a359abcb-1371-477d-8d26-7135aa20ffdd</versionId>
                    <description isNull="true" />
                </parameterMapping>
            </TWComponent>
        </item>
        <item>
            <lastModified isNull="true" />
            <lastModifiedBy isNull="true" />
            <processItemId>2025.4d311f1b-6c6a-4afc-91c7-026cac5f0f41</processItemId>
            <processId>1.2a5b4e31-2388-4b79-abdd-d3b2010d6e25</processId>
            <name>End</name>
            <tWComponentName>ExitPoint</tWComponentName>
            <tWComponentId>3008.6e2313d2-d2c0-4093-9fc8-c3cad652eb8a</tWComponentId>
            <isLogEnabled>false</isLogEnabled>
            <isTraceEnabled>false</isTraceEnabled>
            <traceCategory isNull="true" />
            <traceLevel isNull="true" />
            <traceMessage isNull="true" />
            <traceSymbolTable isNull="true" />
            <isExecutionContextTraced>false</isExecutionContextTraced>
            <saveExecutionContext>true</saveExecutionContext>
            <documentation isNull="true" />
            <isErrorHandlerEnabled>false</isErrorHandlerEnabled>
            <errorHandlerItemId isNull="true" />
            <guid>guid:48239dc106dcc492:-b22ea1a:165ab3b2634:-7fbc</guid>
            <versionId>93b3904b-a489-412f-8e7d-a58e75a67b45</versionId>
            <externalServiceRef isNull="true" />
            <externalServiceOp isNull="true" />
            <nodeColor isNull="true" />
            <layoutData x="489" y="278">
                <errorLink>
                    <controlPoints />
                    <showEndState>false</showEndState>
                    <showName>false</showName>
                </errorLink>
            </layoutData>
            <TWComponent>
                <lastModified isNull="true" />
                <lastModifiedBy isNull="true" />
                <exitPointId>3008.6e2313d2-d2c0-4093-9fc8-c3cad652eb8a</exitPointId>
                <haltProcess>false</haltProcess>
                <guid>d080351c-7ba3-417d-b939-c507fbbf1b0c</guid>
                <versionId>28470190-0655-42be-9177-a72e10efbdce</versionId>
            </TWComponent>
        </item>
        <item>
            <lastModified isNull="true" />
            <lastModifiedBy isNull="true" />
            <processItemId>2025.76eb6722-048a-4bbf-be58-79a435bdf1e6</processItemId>
            <processId>1.2a5b4e31-2388-4b79-abdd-d3b2010d6e25</processId>
            <name>Empty Data Logic</name>
            <tWComponentName>Script</tWComponentName>
            <tWComponentId>3011.d2b7a4e1-269f-4d9b-9a4c-1c1fac110182</tWComponentId>
            <isLogEnabled>false</isLogEnabled>
            <isTraceEnabled>false</isTraceEnabled>
            <traceCategory isNull="true" />
            <traceLevel isNull="true" />
            <traceMessage isNull="true" />
            <traceSymbolTable isNull="true" />
            <isExecutionContextTraced>false</isExecutionContextTraced>
            <saveExecutionContext>false</saveExecutionContext>
            <documentation isNull="true" />
            <isErrorHandlerEnabled>false</isErrorHandlerEnabled>
            <errorHandlerItemId isNull="true" />
            <guid>guid:48239dc106dcc492:-b22ea1a:165ab3b2634:-7fbf</guid>
            <versionId>9d46472a-0ee5-472c-bf50-a5931ddf7e51</versionId>
            <externalServiceRef isNull="true" />
            <externalServiceOp isNull="true" />
            <nodeColor isNull="true" />
            <layoutData x="319" y="138">
                <errorLink>
                    <controlPoints />
                    <showEndState>false</showEndState>
                    <showName>false</showName>
                </errorLink>
            </layoutData>
            <TWComponent>
                <lastModified isNull="true" />
                <lastModifiedBy isNull="true" />
                <scriptId>3011.d2b7a4e1-269f-4d9b-9a4c-1c1fac110182</scriptId>
                <scriptTypeId>2</scriptTypeId>
                <isActive>true</isActive>
                <script>tw.local.multiDataSeries = new tw.object.listOf.DataSeries();</script>
                <isRule>false</isRule>
                <guid>6fb7d45c-2153-4386-b3a4-3f3a9f8f94e2</guid>
                <versionId>cb59e9e1-87d0-4d54-ab3b-011047c3dfe3</versionId>
            </TWComponent>
        </item>
        <item>
            <lastModified isNull="true" />
            <lastModifiedBy isNull="true" />
            <processItemId>2025.f7b14627-2c52-4c7b-bc64-26d1e1ac56e1</processItemId>
            <processId>1.2a5b4e31-2388-4b79-abdd-d3b2010d6e25</processId>
            <name>Logic</name>
            <tWComponentName>Script</tWComponentName>
            <tWComponentId>3011.7649de5b-854e-4fc4-b399-22dc8ae2f460</tWComponentId>
            <isLogEnabled>false</isLogEnabled>
            <isTraceEnabled>false</isTraceEnabled>
            <traceCategory isNull="true" />
            <traceLevel isNull="true" />
            <traceMessage isNull="true" />
            <traceSymbolTable isNull="true" />
            <isExecutionContextTraced>false</isExecutionContextTraced>
            <saveExecutionContext>false</saveExecutionContext>
            <documentation isNull="true" />
            <isErrorHandlerEnabled>false</isErrorHandlerEnabled>
            <errorHandlerItemId isNull="true" />
            <guid>guid:48239dc106dcc492:-b22ea1a:165ab3b2634:-7fbd</guid>
            <versionId>c42a4b31-9060-4bb7-b904-17bf0e17fae5</versionId>
            <externalServiceRef isNull="true" />
            <externalServiceOp isNull="true" />
            <nodeColor isNull="true" />
            <layoutData x="320" y="263">
                <errorLink>
                    <controlPoints />
                    <showEndState>false</showEndState>
                    <showName>false</showName>
                </errorLink>
            </layoutData>
            <TWComponent>
                <lastModified isNull="true" />
                <lastModifiedBy isNull="true" />
                <scriptId>3011.7649de5b-854e-4fc4-b399-22dc8ae2f460</scriptId>
                <scriptTypeId>2</scriptTypeId>
                <isActive>true</isActive>
                <script>//java.lang.Thread.sleep(500); //Simulate latency

tw.local.multiDataSeries = new tw.object.listOf.DataSeries();

for(var j = 0; j &lt; 5; j++)
{
    var dataSeries = new tw.object.DataSeries();
    
    dataSeries.seriesName = "Sample " + j;
    dataSeries.dataPoints = new tw.object.listOf.DataPoint();
    
    var i = 0;
    
    dataSeries.dataPoints[i] = new tw.object.DataPoint();
    dataSeries.dataPoints[i].value = Math.floor(100 * Math.random()) + j;
    dataSeries.dataPoints[i].label = "Category " + i;
    i++;
    dataSeries.dataPoints[i] = new tw.object.DataPoint();
    dataSeries.dataPoints[i].value = Math.floor(100 * Math.random()) + j;
    dataSeries.dataPoints[i].label = "Category " + i;
    i++;
    dataSeries.dataPoints[i] = new tw.object.DataPoint();
    dataSeries.dataPoints[i].value = Math.floor(100 * Math.random()) + j;
    dataSeries.dataPoints[i].label = "Category " + i;
    i++;
    dataSeries.dataPoints[i] = new tw.object.DataPoint();
    dataSeries.dataPoints[i].value = Math.floor(100 * Math.random()) + j;
    dataSeries.dataPoints[i].label = "Category " + i;
    i++;
    dataSeries.dataPoints[i] = new tw.object.DataPoint();
    dataSeries.dataPoints[i].value = Math.floor(100 * Math.random()) + j;
    dataSeries.dataPoints[i].label = "Category " + i;
    i++;

    tw.local.multiDataSeries[tw.local.multiDataSeries.listLength] = dataSeries;
}</script>
                <isRule>false</isRule>
                <guid>c020fc43-2925-41fd-93d8-36258d8ca71c</guid>
                <versionId>878def86-f0ae-4614-8f8e-5cb596837b56</versionId>
            </TWComponent>
        </item>
        <item>
            <lastModified isNull="true" />
            <lastModifiedBy isNull="true" />
            <processItemId>2025.4e906a8a-9fd9-452b-9db0-ac3bde22f088</processItemId>
            <processId>1.2a5b4e31-2388-4b79-abdd-d3b2010d6e25</processId>
            <name>Behavior</name>
            <tWComponentName>Switch</tWComponentName>
            <tWComponentId>3013.61e91902-bf73-4e15-a8bd-0f9b3c77aec6</tWComponentId>
            <isLogEnabled>false</isLogEnabled>
            <isTraceEnabled>false</isTraceEnabled>
            <traceCategory isNull="true" />
            <traceLevel isNull="true" />
            <traceMessage isNull="true" />
            <traceSymbolTable isNull="true" />
            <isExecutionContextTraced>false</isExecutionContextTraced>
            <saveExecutionContext>false</saveExecutionContext>
            <documentation isNull="true" />
            <isErrorHandlerEnabled>false</isErrorHandlerEnabled>
            <errorHandlerItemId isNull="true" />
            <guid>guid:48239dc106dcc492:-b22ea1a:165ab3b2634:-7fbb</guid>
            <versionId>db8f0dc0-ed2d-4f93-abe0-4ce29f01e7c5</versionId>
            <externalServiceRef isNull="true" />
            <externalServiceOp isNull="true" />
            <nodeColor isNull="true" />
            <layoutData x="166" y="152">
                <errorLink>
                    <controlPoints />
                    <showEndState>false</showEndState>
                    <showName>false</showName>
                </errorLink>
            </layoutData>
            <TWComponent>
                <lastModified isNull="true" />
                <lastModifiedBy isNull="true" />
                <switchId>3013.61e91902-bf73-4e15-a8bd-0f9b3c77aec6</switchId>
                <guid>39bac8fb-cecd-4a54-8679-5b7797b4a2d3</guid>
                <versionId>14f71e0a-af76-479c-85d6-f6f1c9233589</versionId>
                <SwitchCondition>
                    <lastModified isNull="true" />
                    <lastModifiedBy isNull="true" />
                    <switchConditionId>3014.2b18fac5-6ea3-47cc-bdb8-3a6cecc9c0ca</switchConditionId>
                    <switchId>3013.61e91902-bf73-4e15-a8bd-0f9b3c77aec6</switchId>
                    <seq>1</seq>
                    <endStateId>guid:daa1490d48ed741c:-252326b8:165ab673b17:-7fb7</endStateId>
                    <condition>tw.local.input == "ERROR"</condition>
                    <guid>e9d42f8c-fcd1-4d58-a626-b4718910aea7</guid>
                    <versionId>314caf27-a6a2-470b-a654-26f446a9d4ea</versionId>
                </SwitchCondition>
                <SwitchCondition>
                    <lastModified isNull="true" />
                    <lastModifiedBy isNull="true" />
                    <switchConditionId>3014.ad9b7815-78e4-4e0e-a171-79875cb160fc</switchConditionId>
                    <switchId>3013.61e91902-bf73-4e15-a8bd-0f9b3c77aec6</switchId>
                    <seq>2</seq>
                    <endStateId>guid:daa1490d48ed741c:-252326b8:165ab673b17:-7fb6</endStateId>
                    <condition>tw.local.input == "EMPTY"</condition>
                    <guid>7d7190fe-98c5-4b12-a333-542b21869126</guid>
                    <versionId>06c28fca-d70a-4412-9c7c-3f832a434ab1</versionId>
                </SwitchCondition>
            </TWComponent>
        </item>
        <startingProcessItemId>2025.4e906a8a-9fd9-452b-9db0-ac3bde22f088</startingProcessItemId>
        <errorHandlerItemId isNull="true" />
        <layoutData noConversion="true">
            <errorLink>
                <controlPoints />
                <showEndState>false</showEndState>
                <showName>false</showName>
            </errorLink>
        </layoutData>
        <startPoint>
            <layoutData x="43" y="155">
                <errorLink>
                    <controlPoints />
                    <showEndState>false</showEndState>
                    <showName>false</showName>
                </errorLink>
            </layoutData>
        </startPoint>
        <startLink>
            <fromPort locationId="rightCenter" portType="1" />
            <toPort locationId="leftCenter" portType="2" />
            <layoutData>
                <controlPoints />
                <showEndState>false</showEndState>
                <showName>false</showName>
            </layoutData>
        </startLink>
        <bpmn2Model>
            <ns17:definitions xmlns:ns17="http://www.omg.org/spec/BPMN/20100524/MODEL" xmlns:ns2="http://www.ibm.com/xmlns/prod/bpm/bpmn/ext/process" xmlns:ns3="http://www.ibm.com/xmlns/prod/bpm/bpmn/ext/process/wle" xmlns:ns4="http://www.ibm.com/xmlns/prod/bpm/bpmn/ext/process/case" xmlns:ns5="http://www.ibm.com/bpm/Extensions" xmlns:ns6="http://www.ibm.com/xmlns/prod/bpm/uca" xmlns:ns7="http://www.ibm.com/xmlns/prod/bpm/bpmn/ext/trackinggroup" xmlns:ns8="http://www.ibm.com/xmlns/prod/bpm/bpmn/ext/team" xmlns:ns9="http://www.ibm.com/xmlns/bpmnx/20100524/v1/BusinessVocabulary" xmlns:ns10="http://www.omg.org/spec/DD/20100524/DI" xmlns:ns11="http://www.omg.org/spec/DD/20100524/DC" xmlns:ns12="http://www.omg.org/spec/BPMN/20100524/BPMNDI" xmlns:ns13="http://www.ibm.com/xmlns/prod/bpm/graph" xmlns:ns14="http://www.ibm.com/xmlns/prod/bpm/bpmn/ext/process/auth" xmlns:ns15="http://www.ibm.com/xmlns/prod/bpm/bpmn/ext/extservice" xmlns:ns16="http://www.ibm.com/xmlns/links" xmlns:ns18="http://www.ibm.com/bpm/CoachDesignerNG" xmlns:ns19="http://www.ibm.com/xmlns/tagging" xmlns:ns20="http://www.ibm.com/bpm/uitheme" xmlns:ns21="http://www.ibm.com/bpm/coachview" id="1.2a5b4e31-2388-4b79-abdd-d3b2010d6e25" targetNamespace="" expressionLanguage="http://www.ibm.com/xmlns/prod/bpm/expression-lang/javascript">
                
                
                <ns17:process name="Default Chart Multi Data Series Service 2" id="1.2a5b4e31-2388-4b79-abdd-d3b2010d6e25">
                    
                    
                    <ns17:documentation />
                    
                    
                    <ns17:extensionElements>
                        
                        
                        <ns2:isConvertedServiceFlow>true</ns2:isConvertedServiceFlow>
                        
                        
                        <ns2:isSecured>false</ns2:isSecured>
                        
                        
                        <ns2:isAjaxExposed>true</ns2:isAjaxExposed>
                        
                        
                        <ns3:cacheResults>false</ns3:cacheResults>
                        
                        
                        <ns2:cachingType>false</ns2:cachingType>
                        
                        
                        <ns2:cacheLength>43200</ns2:cacheLength>
                        
                        
                        <ns2:sboSyncEnabled>false</ns2:sboSyncEnabled>
                        
                    
                    </ns17:extensionElements>
                    
                    
                    <ns17:ioSpecification>
                        
                        
                        <ns17:extensionElements>
                            
                            
                            <ns17:error name="simulatedErrorCode" errorCode="simulatedErrorCode" structureRef="itm.12.db884a3c-c533-44b7-bb2d-47bec8ad4022" id="2055.064a5efd-b434-4418-a2b1-9bb003517585" />
                            
                        
                        </ns17:extensionElements>
                        
                        
                        <ns17:dataInput name="input" itemSubjectRef="itm.12.c09c9b6e-aabd-4897-bef2-ed61db106297" isCollection="false" id="2055.76f2e69e-26a0-472c-ad11-0e93fc3ccc08">
                            
                            
                            <ns17:extensionElements>
                                
                                
                                <ns2:defaultValue useDefault="false" />
                                
                            
                            </ns17:extensionElements>
                            
                        
                        </ns17:dataInput>
                        
                        
                        <ns17:dataOutput name="multiDataSeries" itemSubjectRef="itm.12.63a604e8-e026-4605-aae1-272b67822cc7" isCollection="true" id="2055.f1a8049d-5354-4f44-bd5a-3cab54ad537d" />
                        
                        
                        <ns17:inputSet>
                            
                            
                            <ns17:dataInputRefs>2055.76f2e69e-26a0-472c-ad11-0e93fc3ccc08</ns17:dataInputRefs>
                            
                        
                        </ns17:inputSet>
                        
                        
                        <ns17:outputSet>
                            
                            
                            <ns17:dataOutputRefs>2055.f1a8049d-5354-4f44-bd5a-3cab54ad537d</ns17:dataOutputRefs>
                            
                        
                        </ns17:outputSet>
                        
                    
                    </ns17:ioSpecification>
                    
                    
                    <ns17:laneSet id="c6e4ea08-4568-4854-adda-ec25604a1240">
                        
                        
                        <ns17:lane name="System" partitionElementRef="24.6fd38d02-81cf-48ab-bd42-8ff4c0a1628b" id="32642b20-1465-4a48-87eb-39a6d15ad411" ns3:isSystemLane="true">
                            
                            
                            <ns17:extensionElements>
                                
                                
                                <ns13:nodeVisualInfo x="0" y="0" width="3000" height="500" color="#F8F8F8" />
                                
                            
                            </ns17:extensionElements>
                            
                            
                            <ns17:flowNodeRef>Start_1.2a5b4e31-2388-4b79-abdd-d3b2010d6e25</ns17:flowNodeRef>
                            
                            
                            <ns17:flowNodeRef>2025.4d311f1b-6c6a-4afc-91c7-026cac5f0f41</ns17:flowNodeRef>
                            
                            
                            <ns17:flowNodeRef>2025.4e906a8a-9fd9-452b-9db0-ac3bde22f088</ns17:flowNodeRef>
                            
                            
                            <ns17:flowNodeRef>2025.76eb6722-048a-4bbf-be58-79a435bdf1e6</ns17:flowNodeRef>
                            
                            
                            <ns17:flowNodeRef>2025.c253a59e-b3e8-40ae-b889-ea3b77026dfc</ns17:flowNodeRef>
                            
                            
                            <ns17:flowNodeRef>2025.f7b14627-2c52-4c7b-bc64-26d1e1ac56e1</ns17:flowNodeRef>
                            
                        
                        </ns17:lane>
                        
                    
                    </ns17:laneSet>
                    
                    
                    <ns17:startEvent name="Start" id="Start_1.2a5b4e31-2388-4b79-abdd-d3b2010d6e25">
                        
                        
                        <ns17:extensionElements>
                            
                            
                            <ns13:nodeVisualInfo x="43" y="155" width="24" height="24" />
                            
                        
                        </ns17:extensionElements>
                        
                        
                        <ns17:outgoing>StartLink_1.2a5b4e31-2388-4b79-abdd-d3b2010d6e25</ns17:outgoing>
                        
                    
                    </ns17:startEvent>
                    
                    
                    <ns17:endEvent name="End" id="2025.4d311f1b-6c6a-4afc-91c7-026cac5f0f41">
                        
                        
                        <ns17:documentation />
                        
                        
                        <ns17:extensionElements>
                            
                            
                            <ns2:endStateId>guid:48239dc106dcc492:-b22ea1a:165ab3b2634:-7fbc</ns2:endStateId>
                            
                            
                            <ns3:saveExecutionContext>true</ns3:saveExecutionContext>
                            
                            
                            <ns2:preAssignmentScript xmlns:xsi="http://www.w3.org/2001/XMLSchema-instance" xsi:nil="true" />
                            
                            
                            <ns2:postAssignmentScript xmlns:xsi="http://www.w3.org/2001/XMLSchema-instance" xsi:nil="true" />
                            
                            
                            <ns13:nodeVisualInfo x="489" y="278" width="24" height="24" />
                            
                        
                        </ns17:extensionElements>
                        
                        
                        <ns17:incoming>2027.1f6735fb-d0d2-4a33-bcea-9c879144d950</ns17:incoming>
                        
                        
                        <ns17:incoming>2027.f164a9ad-4cd8-4bdd-9ebb-d866172badd3</ns17:incoming>
                        
                    
                    </ns17:endEvent>
                    
                    
                    <ns17:exclusiveGateway default="2027.a28454c5-d6cd-483f-a9f3-dc59e3f1f785" name="Behavior" id="2025.4e906a8a-9fd9-452b-9db0-ac3bde22f088">
                        
                        
                        <ns17:documentation />
                        
                        
                        <ns17:extensionElements>
                            
                            
                            <ns2:preAssignmentScript xmlns:xsi="http://www.w3.org/2001/XMLSchema-instance" xsi:nil="true" />
                            
                            
                            <ns2:postAssignmentScript xmlns:xsi="http://www.w3.org/2001/XMLSchema-instance" xsi:nil="true" />
                            
                            
                            <ns13:nodeVisualInfo x="166" y="152" width="32" height="32" />
                            
                        
                        </ns17:extensionElements>
                        
                        
                        <ns17:incoming>StartLink_1.2a5b4e31-2388-4b79-abdd-d3b2010d6e25</ns17:incoming>
                        
                        
                        <ns17:outgoing>2027.a28454c5-d6cd-483f-a9f3-dc59e3f1f785</ns17:outgoing>
                        
                        
                        <ns17:outgoing>2027.a0707329-d7d1-4f17-aa14-ac267c8090d0</ns17:outgoing>
                        
                        
                        <ns17:outgoing>2027.70f1fa4f-d5fd-4fe9-96ac-71d68e85d4ee</ns17:outgoing>
                        
                    
                    </ns17:exclusiveGateway>
                    
                    
                    <ns17:scriptTask scriptFormat="text/x-javascript" name="Empty Data Logic" id="2025.76eb6722-048a-4bbf-be58-79a435bdf1e6">
                        
                        
                        <ns17:documentation />
                        
                        
                        <ns17:extensionElements>
                            
                            
                            <ns2:preAssignmentScript xmlns:xsi="http://www.w3.org/2001/XMLSchema-instance" xsi:nil="true" />
                            
                            
                            <ns2:postAssignmentScript xmlns:xsi="http://www.w3.org/2001/XMLSchema-instance" xsi:nil="true" />
                            
                            
                            <ns13:nodeVisualInfo x="319" y="138" width="95" height="70" />
                            
                        
                        </ns17:extensionElements>
                        
                        
                        <ns17:incoming>2027.70f1fa4f-d5fd-4fe9-96ac-71d68e85d4ee</ns17:incoming>
                        
                        
                        <ns17:outgoing>2027.1f6735fb-d0d2-4a33-bcea-9c879144d950</ns17:outgoing>
                        
                        
                        <ns17:script>tw.local.multiDataSeries = new tw.object.listOf.DataSeries();</ns17:script>
                        
                    
                    </ns17:scriptTask>
                    
                    
                    <ns17:endEvent name="Error" id="2025.c253a59e-b3e8-40ae-b889-ea3b77026dfc">
                        
                        
                        <ns17:documentation />
                        
                        
                        <ns17:extensionElements>
                            
                            
                            <ns2:preAssignmentScript xmlns:xsi="http://www.w3.org/2001/XMLSchema-instance" xsi:nil="true" />
                            
                            
                            <ns2:postAssignmentScript xmlns:xsi="http://www.w3.org/2001/XMLSchema-instance" xsi:nil="true" />
                            
                            
                            <ns13:nodeVisualInfo x="332" y="53" width="24" height="24" />
                            
                        
                        </ns17:extensionElements>
                        
                        
                        <ns17:incoming>2027.a0707329-d7d1-4f17-aa14-ac267c8090d0</ns17:incoming>
                        
                        
                        <ns17:dataInputAssociation>
                            
                            
                            <ns17:assignment>
                                
                                
                                <ns17:from xmlns:xsi="http://www.w3.org/2001/XMLSchema-instance" xsi:type="ns17:tFormalExpression" evaluatesToTypeRef="itm.12.db884a3c-c533-44b7-bb2d-47bec8ad4022">tw.local.simulatedError</ns17:from>
                                
                            
                            </ns17:assignment>
                            
                        
                        </ns17:dataInputAssociation>
                        
                        
                        <ns17:errorEventDefinition id="b6a7cff0-e6a0-4e85-b7b1-85725fabfbc7">
                            
                            
                            <ns17:extensionElements>
                                
                                
                                <ns3:errorEventSettings>
                                    
                                    
                                    <ns3:catchAll>true</ns3:catchAll>
                                    
                                    
                                    <ns3:errorCode>simulatedErrorCode</ns3:errorCode>
                                    
                                
                                </ns3:errorEventSettings>
                                
                            
                            </ns17:extensionElements>
                            
                        
                        </ns17:errorEventDefinition>
                        
                    
                    </ns17:endEvent>
                    
                    
                    <ns17:scriptTask scriptFormat="text/x-javascript" name="Logic" id="2025.f7b14627-2c52-4c7b-bc64-26d1e1ac56e1">
                        
                        
                        <ns17:documentation />
                        
                        
                        <ns17:extensionElements>
                            
                            
                            <ns2:preAssignmentScript xmlns:xsi="http://www.w3.org/2001/XMLSchema-instance" xsi:nil="true" />
                            
                            
                            <ns2:postAssignmentScript xmlns:xsi="http://www.w3.org/2001/XMLSchema-instance" xsi:nil="true" />
                            
                            
                            <ns13:nodeVisualInfo x="320" y="263" width="95" height="70" />
                            
                        
                        </ns17:extensionElements>
                        
                        
                        <ns17:incoming>2027.a28454c5-d6cd-483f-a9f3-dc59e3f1f785</ns17:incoming>
                        
                        
                        <ns17:outgoing>2027.f164a9ad-4cd8-4bdd-9ebb-d866172badd3</ns17:outgoing>
                        
                        
                        <ns17:script>//java.lang.Thread.sleep(500); //Simulate latency

tw.local.multiDataSeries = new tw.object.listOf.DataSeries();

for(var j = 0; j &lt; 5; j++)
{
    var dataSeries = new tw.object.DataSeries();
    
    dataSeries.seriesName = "Sample " + j;
    dataSeries.dataPoints = new tw.object.listOf.DataPoint();
    
    var i = 0;
    
    dataSeries.dataPoints[i] = new tw.object.DataPoint();
    dataSeries.dataPoints[i].value = Math.floor(100 * Math.random()) + j;
    dataSeries.dataPoints[i].label = "Category " + i;
    i++;
    dataSeries.dataPoints[i] = new tw.object.DataPoint();
    dataSeries.dataPoints[i].value = Math.floor(100 * Math.random()) + j;
    dataSeries.dataPoints[i].label = "Category " + i;
    i++;
    dataSeries.dataPoints[i] = new tw.object.DataPoint();
    dataSeries.dataPoints[i].value = Math.floor(100 * Math.random()) + j;
    dataSeries.dataPoints[i].label = "Category " + i;
    i++;
    dataSeries.dataPoints[i] = new tw.object.DataPoint();
    dataSeries.dataPoints[i].value = Math.floor(100 * Math.random()) + j;
    dataSeries.dataPoints[i].label = "Category " + i;
    i++;
    dataSeries.dataPoints[i] = new tw.object.DataPoint();
    dataSeries.dataPoints[i].value = Math.floor(100 * Math.random()) + j;
    dataSeries.dataPoints[i].label = "Category " + i;
    i++;

    tw.local.multiDataSeries[tw.local.multiDataSeries.listLength] = dataSeries;
}</ns17:script>
                        
                    
                    </ns17:scriptTask>
                    
                    
                    <ns17:sequenceFlow sourceRef="Start_1.2a5b4e31-2388-4b79-abdd-d3b2010d6e25" targetRef="2025.4e906a8a-9fd9-452b-9db0-ac3bde22f088" name="" id="StartLink_1.2a5b4e31-2388-4b79-abdd-d3b2010d6e25">
                        
                        
                        <ns17:extensionElements>
                            
                            
                            <ns13:linkVisualInfo>
                                
                                
                                <ns13:sourcePortLocation>rightCenter</ns13:sourcePortLocation>
                                
                                
                                <ns13:targetPortLocation>leftCenter</ns13:targetPortLocation>
                                
                                
                                <ns13:showLabel>false</ns13:showLabel>
                                
                                
                                <ns13:showCoachControlLabel>false</ns13:showCoachControlLabel>
                                
                                
                                <ns13:labelPosition>0.0</ns13:labelPosition>
                                
                                
                                <ns13:saveExecutionContext>false</ns13:saveExecutionContext>
                                
                            
                            </ns13:linkVisualInfo>
                            
                        
                        </ns17:extensionElements>
                        
                    
                    </ns17:sequenceFlow>
                    
                    
                    <ns17:sequenceFlow sourceRef="2025.76eb6722-048a-4bbf-be58-79a435bdf1e6" targetRef="2025.4d311f1b-6c6a-4afc-91c7-026cac5f0f41" name="Untitled" id="2027.1f6735fb-d0d2-4a33-bcea-9c879144d950">
                        
                        
                        <ns17:extensionElements>
                            
                            
                            <ns13:linkVisualInfo>
                                
                                
                                <ns13:sourcePortLocation>rightCenter</ns13:sourcePortLocation>
                                
                                
                                <ns13:targetPortLocation>topCenter</ns13:targetPortLocation>
                                
                                
                                <ns13:showLabel>false</ns13:showLabel>
                                
                                
                                <ns13:showCoachControlLabel>false</ns13:showCoachControlLabel>
                                
                                
                                <ns13:labelPosition>0.0</ns13:labelPosition>
                                
                                
                                <ns13:saveExecutionContext>false</ns13:saveExecutionContext>
                                
                            
                            </ns13:linkVisualInfo>
                            
                        
                        </ns17:extensionElements>
                        
                    
                    </ns17:sequenceFlow>
                    
                    
                    <ns17:sequenceFlow sourceRef="2025.4e906a8a-9fd9-452b-9db0-ac3bde22f088" targetRef="2025.76eb6722-048a-4bbf-be58-79a435bdf1e6" name="Empty Data" id="2027.70f1fa4f-d5fd-4fe9-96ac-71d68e85d4ee">
                        
                        
                        <ns17:extensionElements>
                            
                            
                            <ns13:linkVisualInfo>
                                
                                
                                <ns13:sourcePortLocation>rightCenter</ns13:sourcePortLocation>
                                
                                
                                <ns13:targetPortLocation>leftCenter</ns13:targetPortLocation>
                                
                                
                                <ns13:showLabel>true</ns13:showLabel>
                                
                                
                                <ns13:showCoachControlLabel>false</ns13:showCoachControlLabel>
                                
                                
                                <ns13:labelPosition>0.0</ns13:labelPosition>
                                
                                
                                <ns13:saveExecutionContext>false</ns13:saveExecutionContext>
                                
                            
                            </ns13:linkVisualInfo>
                            
                        
                        </ns17:extensionElements>
                        
                        
                        <ns17:conditionExpression xmlns:xsi="http://www.w3.org/2001/XMLSchema-instance" xsi:type="ns17:tFormalExpression">tw.local.input == "EMPTY"</ns17:conditionExpression>
                        
                    
                    </ns17:sequenceFlow>
                    
                    
                    <ns17:sequenceFlow sourceRef="2025.4e906a8a-9fd9-452b-9db0-ac3bde22f088" targetRef="2025.c253a59e-b3e8-40ae-b889-ea3b77026dfc" name="Simulate Error" id="2027.a0707329-d7d1-4f17-aa14-ac267c8090d0">
                        
                        
                        <ns17:extensionElements>
                            
                            
                            <ns13:linkVisualInfo>
                                
                                
                                <ns13:sourcePortLocation>topCenter</ns13:sourcePortLocation>
                                
                                
                                <ns13:targetPortLocation>leftCenter</ns13:targetPortLocation>
                                
                                
                                <ns13:showLabel>true</ns13:showLabel>
                                
                                
                                <ns13:showCoachControlLabel>false</ns13:showCoachControlLabel>
                                
                                
                                <ns13:labelPosition>0.0</ns13:labelPosition>
                                
                                
                                <ns13:saveExecutionContext>false</ns13:saveExecutionContext>
                                
                            
                            </ns13:linkVisualInfo>
                            
                        
                        </ns17:extensionElements>
                        
                        
                        <ns17:conditionExpression xmlns:xsi="http://www.w3.org/2001/XMLSchema-instance" xsi:type="ns17:tFormalExpression">tw.local.input == "ERROR"</ns17:conditionExpression>
                        
                    
                    </ns17:sequenceFlow>
                    
                    
                    <ns17:sequenceFlow sourceRef="2025.4e906a8a-9fd9-452b-9db0-ac3bde22f088" targetRef="2025.f7b14627-2c52-4c7b-bc64-26d1e1ac56e1" name="Otherwise" id="2027.a28454c5-d6cd-483f-a9f3-dc59e3f1f785">
                        
                        
                        <ns17:extensionElements>
                            
                            
                            <ns13:linkVisualInfo>
                                
                                
                                <ns13:sourcePortLocation>bottomCenter</ns13:sourcePortLocation>
                                
                                
                                <ns13:targetPortLocation>leftCenter</ns13:targetPortLocation>
                                
                                
                                <ns13:showLabel>true</ns13:showLabel>
                                
                                
                                <ns13:showCoachControlLabel>false</ns13:showCoachControlLabel>
                                
                                
                                <ns13:labelPosition>0.0</ns13:labelPosition>
                                
                                
                                <ns13:saveExecutionContext>false</ns13:saveExecutionContext>
                                
                            
                            </ns13:linkVisualInfo>
                            
                        
                        </ns17:extensionElements>
                        
                    
                    </ns17:sequenceFlow>
                    
                    
                    <ns17:sequenceFlow sourceRef="2025.f7b14627-2c52-4c7b-bc64-26d1e1ac56e1" targetRef="2025.4d311f1b-6c6a-4afc-91c7-026cac5f0f41" name="Untitled" id="2027.f164a9ad-4cd8-4bdd-9ebb-d866172badd3">
                        
                        
                        <ns17:extensionElements>
                            
                            
                            <ns13:linkVisualInfo>
                                
                                
                                <ns13:sourcePortLocation>rightCenter</ns13:sourcePortLocation>
                                
                                
                                <ns13:targetPortLocation>leftCenter</ns13:targetPortLocation>
                                
                                
                                <ns13:showLabel>false</ns13:showLabel>
                                
                                
                                <ns13:showCoachControlLabel>false</ns13:showCoachControlLabel>
                                
                                
                                <ns13:labelPosition>0.0</ns13:labelPosition>
                                
                                
                                <ns13:saveExecutionContext>false</ns13:saveExecutionContext>
                                
                            
                            </ns13:linkVisualInfo>
                            
                        
                        </ns17:extensionElements>
                        
                    
                    </ns17:sequenceFlow>
                    
                
                </ns17:process>
                
            
            </ns17:definitions>
        </bpmn2Model>
        <link name="Empty Data">
            <lastModified isNull="true" />
            <lastModifiedBy isNull="true" />
            <processLinkId>2027.70f1fa4f-d5fd-4fe9-96ac-71d68e85d4ee</processLinkId>
            <processId>1.2a5b4e31-2388-4b79-abdd-d3b2010d6e25</processId>
            <description isNull="true" />
            <fromProcessItemId>2025.4e906a8a-9fd9-452b-9db0-ac3bde22f088</fromProcessItemId>
            <endStateId>guid:daa1490d48ed741c:-252326b8:165ab673b17:-7fb6</endStateId>
            <toProcessItemId>2025.76eb6722-048a-4bbf-be58-79a435bdf1e6</toProcessItemId>
            <guid>4a7a8985-6183-4d1e-8715-cdc71712c56b</guid>
            <versionId>08f32d7b-3f6c-4e98-9a72-0ceac1e6a552</versionId>
            <layoutData>
                <controlPoints />
                <showEndState>false</showEndState>
                <showName>true</showName>
            </layoutData>
            <fromItemPort locationId="rightCenter" portType="1" />
            <toItemPort locationId="leftCenter" portType="2" />
            <fromProcessItemId>2025.4e906a8a-9fd9-452b-9db0-ac3bde22f088</fromProcessItemId>
            <toProcessItemId>2025.76eb6722-048a-4bbf-be58-79a435bdf1e6</toProcessItemId>
        </link>
        <link name="Simulate Error">
            <lastModified isNull="true" />
            <lastModifiedBy isNull="true" />
            <processLinkId>2027.a0707329-d7d1-4f17-aa14-ac267c8090d0</processLinkId>
            <processId>1.2a5b4e31-2388-4b79-abdd-d3b2010d6e25</processId>
            <description isNull="true" />
            <fromProcessItemId>2025.4e906a8a-9fd9-452b-9db0-ac3bde22f088</fromProcessItemId>
            <endStateId>guid:daa1490d48ed741c:-252326b8:165ab673b17:-7fb7</endStateId>
            <toProcessItemId>2025.c253a59e-b3e8-40ae-b889-ea3b77026dfc</toProcessItemId>
            <guid>d441c1df-2ff6-4c10-aa4a-11b4338f8fdb</guid>
            <versionId>0aa7b50e-3e49-41a4-8263-edab012597f1</versionId>
            <layoutData>
                <controlPoints />
                <showEndState>false</showEndState>
                <showName>true</showName>
            </layoutData>
            <fromItemPort locationId="topCenter" portType="1" />
            <toItemPort locationId="leftCenter" portType="2" />
            <fromProcessItemId>2025.4e906a8a-9fd9-452b-9db0-ac3bde22f088</fromProcessItemId>
            <toProcessItemId>2025.c253a59e-b3e8-40ae-b889-ea3b77026dfc</toProcessItemId>
        </link>
        <link name="Otherwise">
            <lastModified isNull="true" />
            <lastModifiedBy isNull="true" />
            <processLinkId>2027.a28454c5-d6cd-483f-a9f3-dc59e3f1f785</processLinkId>
            <processId>1.2a5b4e31-2388-4b79-abdd-d3b2010d6e25</processId>
            <description isNull="true" />
            <fromProcessItemId>2025.4e906a8a-9fd9-452b-9db0-ac3bde22f088</fromProcessItemId>
            <endStateId>DEFAULT</endStateId>
            <toProcessItemId>2025.f7b14627-2c52-4c7b-bc64-26d1e1ac56e1</toProcessItemId>
            <guid>7914e36d-e51e-4454-82f6-f3ba5a5d3b3c</guid>
            <versionId>30a4571e-85c4-43bb-b09d-bf8ecf9ecb36</versionId>
            <layoutData>
                <controlPoints />
                <showEndState>false</showEndState>
                <showName>true</showName>
            </layoutData>
            <fromItemPort locationId="bottomCenter" portType="1" />
            <toItemPort locationId="leftCenter" portType="2" />
            <fromProcessItemId>2025.4e906a8a-9fd9-452b-9db0-ac3bde22f088</fromProcessItemId>
            <toProcessItemId>2025.f7b14627-2c52-4c7b-bc64-26d1e1ac56e1</toProcessItemId>
        </link>
        <link name="Untitled">
            <lastModified isNull="true" />
            <lastModifiedBy isNull="true" />
            <processLinkId>2027.f164a9ad-4cd8-4bdd-9ebb-d866172badd3</processLinkId>
            <processId>1.2a5b4e31-2388-4b79-abdd-d3b2010d6e25</processId>
            <description isNull="true" />
            <fromProcessItemId>2025.f7b14627-2c52-4c7b-bc64-26d1e1ac56e1</fromProcessItemId>
            <endStateId>Out</endStateId>
            <toProcessItemId>2025.4d311f1b-6c6a-4afc-91c7-026cac5f0f41</toProcessItemId>
            <guid>bbc36a05-d9be-4aee-b30a-f84229d96797</guid>
            <versionId>3bf6f8a1-6d6d-476f-9a68-c079b9cd895f</versionId>
            <layoutData>
                <controlPoints />
                <showEndState>false</showEndState>
                <showName>false</showName>
            </layoutData>
            <fromItemPort locationId="rightCenter" portType="1" />
            <toItemPort locationId="leftCenter" portType="2" />
            <fromProcessItemId>2025.f7b14627-2c52-4c7b-bc64-26d1e1ac56e1</fromProcessItemId>
            <toProcessItemId>2025.4d311f1b-6c6a-4afc-91c7-026cac5f0f41</toProcessItemId>
        </link>
        <link name="Untitled">
            <lastModified isNull="true" />
            <lastModifiedBy isNull="true" />
            <processLinkId>2027.1f6735fb-d0d2-4a33-bcea-9c879144d950</processLinkId>
            <processId>1.2a5b4e31-2388-4b79-abdd-d3b2010d6e25</processId>
            <description isNull="true" />
            <fromProcessItemId>2025.76eb6722-048a-4bbf-be58-79a435bdf1e6</fromProcessItemId>
            <endStateId>Out</endStateId>
            <toProcessItemId>2025.4d311f1b-6c6a-4afc-91c7-026cac5f0f41</toProcessItemId>
            <guid>697d9ba8-4660-4595-bc4b-9256ef052d92</guid>
            <versionId>9b4e4e07-3c79-4a16-9cb4-4d7157a142b8</versionId>
            <layoutData>
                <controlPoints />
                <showEndState>false</showEndState>
                <showName>false</showName>
            </layoutData>
            <fromItemPort locationId="rightCenter" portType="1" />
            <toItemPort locationId="topCenter" portType="2" />
            <fromProcessItemId>2025.76eb6722-048a-4bbf-be58-79a435bdf1e6</fromProcessItemId>
            <toProcessItemId>2025.4d311f1b-6c6a-4afc-91c7-026cac5f0f41</toProcessItemId>
        </link>
    </process>
</teamworks>

