<?xml version="1.0" encoding="UTF-8"?>
<teamworks>
    <process id="1.2f3e8337-2a78-4c49-829d-71020f016012" name="Default I18N Service">
        <lastModified>1536179734675</lastModified>
        <lastModifiedBy>tw_admin</lastModifiedBy>
        <processId>1.2f3e8337-2a78-4c49-829d-71020f016012</processId>
        <image isNull="true" />
        <tabGroup isNull="true" />
        <startingProcessItemId>2025.24137a7f-3ef4-4885-aabd-42c1e1cf6a56</startingProcessItemId>
        <isRootProcess>false</isRootProcess>
        <processType>12</processType>
        <isErrorHandlerEnabled>false</isErrorHandlerEnabled>
        <errorHandlerItemId isNull="true" />
        <isLoggingVariables>false</isLoggingVariables>
        <isTransactional>false</isTransactional>
        <processTimingLevel isNull="true" />
        <participantRef isNull="true" />
        <exposedType>0</exposedType>
        <isTrackingEnabled>true</isTrackingEnabled>
        <xmlData isNull="true" />
        <cachingType>false</cachingType>
        <itemLabel isNull="true" />
        <cacheLength>43200</cacheLength>
        <mobileReady>false</mobileReady>
        <sboSyncEnabled>false</sboSyncEnabled>
        <externalId isNull="true" />
        <isSecured>false</isSecured>
        <isAjaxExposed>true</isAjaxExposed>
        <description isNull="true" />
        <guid>ff28232f-4e9e-4d32-ba1c-cb118be45c37</guid>
        <versionId>44fd87af-9d64-4705-856a-99993e5a81a0</versionId>
        <dependencySummary>&lt;dependencySummary id="bpdid:daa1490d48ed741c:-252326b8:165ab673b17:-7fb1" /&gt;</dependencySummary>
        <jsonData isNull="true" />
        <field1 isNull="true" />
        <field2 isNull="true" />
        <field3>0</field3>
        <field4 isNull="true" />
        <field5>false</field5>
        <clobField1 isNull="true" />
        <blobField1 isNull="true" />
        <processParameter name="locale">
            <lastModified isNull="true" />
            <lastModifiedBy isNull="true" />
            <processParameterId>2055.7ac44805-de07-4112-a620-dfbead70d7c4</processParameterId>
            <processId>1.2f3e8337-2a78-4c49-829d-71020f016012</processId>
            <parameterType>1</parameterType>
            <isArrayOf>false</isArrayOf>
            <classId>556939fc-1d6d-4204-9546-c095a59cca29/12.db884a3c-c533-44b7-bb2d-47bec8ad4022</classId>
            <seq>1</seq>
            <hasDefault>false</hasDefault>
            <defaultValue isNull="true" />
            <isLocked>false</isLocked>
            <description isNull="true" />
            <guid>de0ee342-747a-4335-962e-108d3755fd66</guid>
            <versionId>1117764f-9e77-4c0c-8cf2-ba430002b923</versionId>
        </processParameter>
        <processParameter name="result">
            <lastModified isNull="true" />
            <lastModifiedBy isNull="true" />
            <processParameterId>2055.ee2d18b2-07af-4c97-b331-76fa6fc99b33</processParameterId>
            <processId>1.2f3e8337-2a78-4c49-829d-71020f016012</processId>
            <parameterType>2</parameterType>
            <isArrayOf>false</isArrayOf>
            <classId>/12.26ad4047-b4b2-446a-98c4-c47051be4f41</classId>
            <seq>2</seq>
            <hasDefault>false</hasDefault>
            <defaultValue isNull="true" />
            <isLocked>false</isLocked>
            <description isNull="true" />
            <guid>8c87999e-0150-45b9-af3c-ea6560a058c5</guid>
            <versionId>42b02033-a97e-46e7-aacd-105a82aa2020</versionId>
        </processParameter>
        <item>
            <lastModified isNull="true" />
            <lastModifiedBy isNull="true" />
            <processItemId>2025.a1c6c02b-437a-4157-9f43-b0e1ac25cab8</processItemId>
            <processId>1.2f3e8337-2a78-4c49-829d-71020f016012</processId>
            <name>End</name>
            <tWComponentName>ExitPoint</tWComponentName>
            <tWComponentId>3008.c707fd43-dd3f-49f4-9337-600746c5b610</tWComponentId>
            <isLogEnabled>false</isLogEnabled>
            <isTraceEnabled>false</isTraceEnabled>
            <traceCategory isNull="true" />
            <traceLevel isNull="true" />
            <traceMessage isNull="true" />
            <traceSymbolTable isNull="true" />
            <isExecutionContextTraced>false</isExecutionContextTraced>
            <saveExecutionContext>true</saveExecutionContext>
            <documentation isNull="true" />
            <isErrorHandlerEnabled>false</isErrorHandlerEnabled>
            <errorHandlerItemId isNull="true" />
            <guid>guid:48239dc106dcc492:-b22ea1a:165ab3b2634:-7fac</guid>
            <versionId>1e0e0ba8-3e07-4b6d-a6fc-849986841991</versionId>
            <externalServiceRef isNull="true" />
            <externalServiceOp isNull="true" />
            <nodeColor isNull="true" />
            <layoutData x="700" y="100">
                <errorLink>
                    <controlPoints />
                    <showEndState>false</showEndState>
                    <showName>false</showName>
                </errorLink>
            </layoutData>
            <TWComponent>
                <lastModified isNull="true" />
                <lastModifiedBy isNull="true" />
                <exitPointId>3008.c707fd43-dd3f-49f4-9337-600746c5b610</exitPointId>
                <haltProcess>false</haltProcess>
                <guid>85baee6c-9664-4599-931b-53d482e6b194</guid>
                <versionId>564b73e9-feab-4fbf-87b8-5149ee329f28</versionId>
            </TWComponent>
        </item>
        <item>
            <lastModified isNull="true" />
            <lastModifiedBy isNull="true" />
            <processItemId>2025.24137a7f-3ef4-4885-aabd-42c1e1cf6a56</processItemId>
            <processId>1.2f3e8337-2a78-4c49-829d-71020f016012</processId>
            <name>Logic</name>
            <tWComponentName>Script</tWComponentName>
            <tWComponentId>3011.aa788f63-6391-412e-9b4f-5eee4425dd7c</tWComponentId>
            <isLogEnabled>false</isLogEnabled>
            <isTraceEnabled>false</isTraceEnabled>
            <traceCategory isNull="true" />
            <traceLevel isNull="true" />
            <traceMessage isNull="true" />
            <traceSymbolTable isNull="true" />
            <isExecutionContextTraced>false</isExecutionContextTraced>
            <saveExecutionContext>false</saveExecutionContext>
            <documentation isNull="true" />
            <isErrorHandlerEnabled>false</isErrorHandlerEnabled>
            <errorHandlerItemId isNull="true" />
            <guid>guid:48239dc106dcc492:-b22ea1a:165ab3b2634:-7fab</guid>
            <versionId>e30d9c42-a0fb-4de5-8f47-e45a7d81fadf</versionId>
            <externalServiceRef isNull="true" />
            <externalServiceOp isNull="true" />
            <nodeColor isNull="true" />
            <layoutData x="349" y="84">
                <errorLink>
                    <controlPoints />
                    <showEndState>false</showEndState>
                    <showName>false</showName>
                </errorLink>
            </layoutData>
            <TWComponent>
                <lastModified isNull="true" />
                <lastModifiedBy isNull="true" />
                <scriptId>3011.aa788f63-6391-412e-9b4f-5eee4425dd7c</scriptId>
                <scriptTypeId>2</scriptTypeId>
                <isActive>true</isActive>
                <script>var res = new tw.object.I18NData();
res.gregorianCalendar = new tw.object.I18NGregorianCalendar();
res.gregorianCalendar.days = new tw.object.I18NGregorianCalendarDays();
res.gregorianCalendar.daysMin = new tw.object.I18NGregorianCalendarDays();
res.gregorianCalendar.daysShort = new tw.object.I18NGregorianCalendarDays();
res.gregorianCalendar.months = new tw.object.I18NGregorianCalendarMonths();
res.gregorianCalendar.monthsShort = new tw.object.I18NGregorianCalendarMonths();

res.gregorianCalendar.days.monday = tw.resource.CONTROLS.gregorianCalendarDayMonday;
res.gregorianCalendar.days.tuesday = tw.resource.CONTROLS.gregorianCalendarDayTuesday;
res.gregorianCalendar.days.wednesday = tw.resource.CONTROLS.gregorianCalendarDayWednesday;
res.gregorianCalendar.days.thursday = tw.resource.CONTROLS.gregorianCalendarDayThursday;
res.gregorianCalendar.days.friday = tw.resource.CONTROLS.gregorianCalendarDayFriday;
res.gregorianCalendar.days.saturday = tw.resource.CONTROLS.gregorianCalendarDaySaturday;
res.gregorianCalendar.days.sunday = tw.resource.CONTROLS.gregorianCalendarDaySunday;

res.gregorianCalendar.daysMin.monday = tw.resource.CONTROLS.gregorianCalendarDaysMinMonday;
res.gregorianCalendar.daysMin.tuesday = tw.resource.CONTROLS.gregorianCalendarDaysMinTuesday;
res.gregorianCalendar.daysMin.wednesday = tw.resource.CONTROLS.gregorianCalendarDaysMinWednesday;
res.gregorianCalendar.daysMin.thursday = tw.resource.CONTROLS.gregorianCalendarDaysMinThursday;
res.gregorianCalendar.daysMin.friday = tw.resource.CONTROLS.gregorianCalendarDaysMinFriday;
res.gregorianCalendar.daysMin.saturday = tw.resource.CONTROLS.gregorianCalendarDaysMinSaturday;
res.gregorianCalendar.daysMin.sunday = tw.resource.CONTROLS.gregorianCalendarDaysMinSunday;

res.gregorianCalendar.daysShort.monday = tw.resource.CONTROLS.gregorianCalendarDaysShortMonday;
res.gregorianCalendar.daysShort.tuesday = tw.resource.CONTROLS.gregorianCalendarDaysShortTuesday;
res.gregorianCalendar.daysShort.wednesday = tw.resource.CONTROLS.gregorianCalendarDaysShortWednesday;
res.gregorianCalendar.daysShort.thursday = tw.resource.CONTROLS.gregorianCalendarDaysShortThursday;
res.gregorianCalendar.daysShort.friday = tw.resource.CONTROLS.gregorianCalendarDaysShortFriday;
res.gregorianCalendar.daysShort.saturday = tw.resource.CONTROLS.gregorianCalendarDaysShortSaturday;
res.gregorianCalendar.daysShort.sunday = tw.resource.CONTROLS.gregorianCalendarDaysShortSunday;

res.gregorianCalendar.months.january = tw.resource.CONTROLS.gregorianCalendarMonthsJanuary;
res.gregorianCalendar.months.february = tw.resource.CONTROLS.gregorianCalendarMonthsFebruary;
res.gregorianCalendar.months.march = tw.resource.CONTROLS.gregorianCalendarMonthsMarch;
res.gregorianCalendar.months.april = tw.resource.CONTROLS.gregorianCalendarMonthsApril;
res.gregorianCalendar.months.may = tw.resource.CONTROLS.gregorianCalendarMonthsMay;
res.gregorianCalendar.months.june = tw.resource.CONTROLS.gregorianCalendarMonthsJune;
res.gregorianCalendar.months.july = tw.resource.CONTROLS.gregorianCalendarMonthsJuly;
res.gregorianCalendar.months.august = tw.resource.CONTROLS.gregorianCalendarMonthsAugust;
res.gregorianCalendar.months.september = tw.resource.CONTROLS.gregorianCalendarMonthsSeptember;
res.gregorianCalendar.months.october = tw.resource.CONTROLS.gregorianCalendarMonthsOctober;
res.gregorianCalendar.months.november = tw.resource.CONTROLS.gregorianCalendarMonthsNovember;
res.gregorianCalendar.months.december = tw.resource.CONTROLS.gregorianCalendarMonthsDecember;

res.gregorianCalendar.monthsShort.january = tw.resource.CONTROLS.gregorianCalendarMonthsShortJanuary;
res.gregorianCalendar.monthsShort.february = tw.resource.CONTROLS.gregorianCalendarMonthsShortFebruary;
res.gregorianCalendar.monthsShort.march = tw.resource.CONTROLS.gregorianCalendarMonthsShortMarch;
res.gregorianCalendar.monthsShort.april = tw.resource.CONTROLS.gregorianCalendarMonthsShortApril;
res.gregorianCalendar.monthsShort.may = tw.resource.CONTROLS.gregorianCalendarMonthsShortMay;
res.gregorianCalendar.monthsShort.june = tw.resource.CONTROLS.gregorianCalendarMonthsShortJune;
res.gregorianCalendar.monthsShort.july = tw.resource.CONTROLS.gregorianCalendarMonthsShortJuly;
res.gregorianCalendar.monthsShort.august = tw.resource.CONTROLS.gregorianCalendarMonthsShortAugust;
res.gregorianCalendar.monthsShort.september = tw.resource.CONTROLS.gregorianCalendarMonthsShortSeptember;
res.gregorianCalendar.monthsShort.october = tw.resource.CONTROLS.gregorianCalendarMonthsShortOctober;
res.gregorianCalendar.monthsShort.november = tw.resource.CONTROLS.gregorianCalendarMonthsShortNovember;
res.gregorianCalendar.monthsShort.december = tw.resource.CONTROLS.gregorianCalendarMonthsShortDecember;

res.gregorianCalendar.clear = tw.resource.CONTROLS.clear;
res.gregorianCalendar.today = tw.resource.CONTROLS.today;

tw.local.result = res;</script>
                <isRule>false</isRule>
                <guid>7de5f131-3aa6-4636-b6a7-91e50be647a7</guid>
                <versionId>11b391e1-b707-4ff9-8f03-0ee9fad5671e</versionId>
            </TWComponent>
        </item>
        <RESOURCE_PROCESS_LINK>
            <lastModified isNull="true" />
            <lastModifiedBy isNull="true" />
            <resourceProcessLinkId>2059.cd63a6c2-e67b-4ec8-b05f-1c36a755e3b8</resourceProcessLinkId>
            <resourceBundleGroupId>/50.5388176b-d2e0-4850-8e72-5076c31cfef0</resourceBundleGroupId>
            <processId>1.2f3e8337-2a78-4c49-829d-71020f016012</processId>
            <guid>6efad3fe-7df6-4969-93e5-2bda8fa1f11a</guid>
            <versionId>5db9a858-7d1b-4e38-98fa-c98fae646975</versionId>
        </RESOURCE_PROCESS_LINK>
        <startingProcessItemId>2025.24137a7f-3ef4-4885-aabd-42c1e1cf6a56</startingProcessItemId>
        <errorHandlerItemId isNull="true" />
        <layoutData noConversion="true">
            <errorLink>
                <controlPoints />
                <showEndState>false</showEndState>
                <showName>false</showName>
            </errorLink>
        </layoutData>
        <startPoint>
            <layoutData x="20" y="100">
                <errorLink>
                    <controlPoints />
                    <showEndState>false</showEndState>
                    <showName>false</showName>
                </errorLink>
            </layoutData>
        </startPoint>
        <startLink>
            <fromPort locationId="rightCenter" portType="1" />
            <toPort locationId="leftCenter" portType="2" />
            <layoutData>
                <controlPoints />
                <showEndState>false</showEndState>
                <showName>false</showName>
            </layoutData>
        </startLink>
        <bpmn2Model>
            <ns17:definitions xmlns:ns17="http://www.omg.org/spec/BPMN/20100524/MODEL" xmlns:ns2="http://www.ibm.com/xmlns/prod/bpm/bpmn/ext/process" xmlns:ns3="http://www.ibm.com/xmlns/prod/bpm/bpmn/ext/process/wle" xmlns:ns4="http://www.ibm.com/xmlns/prod/bpm/bpmn/ext/process/case" xmlns:ns5="http://www.ibm.com/bpm/Extensions" xmlns:ns6="http://www.ibm.com/xmlns/prod/bpm/uca" xmlns:ns7="http://www.ibm.com/xmlns/prod/bpm/bpmn/ext/trackinggroup" xmlns:ns8="http://www.ibm.com/xmlns/prod/bpm/bpmn/ext/team" xmlns:ns9="http://www.ibm.com/xmlns/bpmnx/20100524/v1/BusinessVocabulary" xmlns:ns10="http://www.omg.org/spec/DD/20100524/DI" xmlns:ns11="http://www.omg.org/spec/DD/20100524/DC" xmlns:ns12="http://www.omg.org/spec/BPMN/20100524/BPMNDI" xmlns:ns13="http://www.ibm.com/xmlns/prod/bpm/graph" xmlns:ns14="http://www.ibm.com/xmlns/prod/bpm/bpmn/ext/process/auth" xmlns:ns15="http://www.ibm.com/xmlns/prod/bpm/bpmn/ext/extservice" xmlns:ns16="http://www.ibm.com/xmlns/links" xmlns:ns18="http://www.ibm.com/bpm/CoachDesignerNG" xmlns:ns19="http://www.ibm.com/xmlns/tagging" xmlns:ns20="http://www.ibm.com/bpm/uitheme" xmlns:ns21="http://www.ibm.com/bpm/coachview" id="1.2f3e8337-2a78-4c49-829d-71020f016012" targetNamespace="" expressionLanguage="http://www.ibm.com/xmlns/prod/bpm/expression-lang/javascript">
                
                
                <ns17:process name="Default I18N Service 2" id="1.2f3e8337-2a78-4c49-829d-71020f016012">
                    
                    
                    <ns17:documentation />
                    
                    
                    <ns17:extensionElements>
                        
                        
                        <ns2:isConvertedServiceFlow>true</ns2:isConvertedServiceFlow>
                        
                        
                        <ns2:isSecured>false</ns2:isSecured>
                        
                        
                        <ns2:isAjaxExposed>true</ns2:isAjaxExposed>
                        
                        
                        <ns3:cacheResults>false</ns3:cacheResults>
                        
                        
                        <ns2:cachingType>false</ns2:cachingType>
                        
                        
                        <ns2:cacheLength>43200</ns2:cacheLength>
                        
                        
                        <ns2:sboSyncEnabled>false</ns2:sboSyncEnabled>
                        
                    
                    </ns17:extensionElements>
                    
                    
                    <ns17:ioSpecification>
                        
                        
                        <ns17:extensionElements>
                            
                            
                            <ns2:localizationResourceLinks>
                                
                                
                                <ns2:resourceRef>
                                    
                                    
                                    <ns2:resourceBundleGroupID>50.5388176b-d2e0-4850-8e72-5076c31cfef0</ns2:resourceBundleGroupID>
                                    
                                    
                                    <ns2:id>2059.7e0a1b4d-0212-452f-89af-c24c00193f4f</ns2:id>
                                    
                                
                                </ns2:resourceRef>
                                
                            
                            </ns2:localizationResourceLinks>
                            
                        
                        </ns17:extensionElements>
                        
                        
                        <ns17:dataInput name="locale" itemSubjectRef="itm.12.db884a3c-c533-44b7-bb2d-47bec8ad4022" isCollection="false" id="2055.7ac44805-de07-4112-a620-dfbead70d7c4">
                            
                            
                            <ns17:extensionElements>
                                
                                
                                <ns2:defaultValue useDefault="false" />
                                
                            
                            </ns17:extensionElements>
                            
                        
                        </ns17:dataInput>
                        
                        
                        <ns17:dataOutput name="result" itemSubjectRef="itm.12.26ad4047-b4b2-446a-98c4-c47051be4f41" isCollection="false" id="2055.ee2d18b2-07af-4c97-b331-76fa6fc99b33" />
                        
                        
                        <ns17:inputSet>
                            
                            
                            <ns17:dataInputRefs>2055.7ac44805-de07-4112-a620-dfbead70d7c4</ns17:dataInputRefs>
                            
                        
                        </ns17:inputSet>
                        
                        
                        <ns17:outputSet>
                            
                            
                            <ns17:dataOutputRefs>2055.ee2d18b2-07af-4c97-b331-76fa6fc99b33</ns17:dataOutputRefs>
                            
                        
                        </ns17:outputSet>
                        
                    
                    </ns17:ioSpecification>
                    
                    
                    <ns17:laneSet id="d9e4b462-1052-4da9-ab11-7ba345de66c9">
                        
                        
                        <ns17:lane name="System" partitionElementRef="24.6fd38d02-81cf-48ab-bd42-8ff4c0a1628b" id="6f9eb33f-2549-4ee2-91ef-2e0687b27728" ns3:isSystemLane="true">
                            
                            
                            <ns17:extensionElements>
                                
                                
                                <ns13:nodeVisualInfo x="0" y="0" width="3000" height="500" color="#F8F8F8" />
                                
                            
                            </ns17:extensionElements>
                            
                            
                            <ns17:flowNodeRef>Start_1.2f3e8337-2a78-4c49-829d-71020f016012</ns17:flowNodeRef>
                            
                            
                            <ns17:flowNodeRef>2025.24137a7f-3ef4-4885-aabd-42c1e1cf6a56</ns17:flowNodeRef>
                            
                            
                            <ns17:flowNodeRef>2025.a1c6c02b-437a-4157-9f43-b0e1ac25cab8</ns17:flowNodeRef>
                            
                        
                        </ns17:lane>
                        
                    
                    </ns17:laneSet>
                    
                    
                    <ns17:startEvent name="Start" id="Start_1.2f3e8337-2a78-4c49-829d-71020f016012">
                        
                        
                        <ns17:extensionElements>
                            
                            
                            <ns13:nodeVisualInfo x="20" y="100" width="24" height="24" />
                            
                        
                        </ns17:extensionElements>
                        
                        
                        <ns17:outgoing>StartLink_1.2f3e8337-2a78-4c49-829d-71020f016012</ns17:outgoing>
                        
                    
                    </ns17:startEvent>
                    
                    
                    <ns17:scriptTask scriptFormat="text/x-javascript" name="Logic" id="2025.24137a7f-3ef4-4885-aabd-42c1e1cf6a56">
                        
                        
                        <ns17:documentation />
                        
                        
                        <ns17:extensionElements>
                            
                            
                            <ns2:preAssignmentScript xmlns:xsi="http://www.w3.org/2001/XMLSchema-instance" xsi:nil="true" />
                            
                            
                            <ns2:postAssignmentScript xmlns:xsi="http://www.w3.org/2001/XMLSchema-instance" xsi:nil="true" />
                            
                            
                            <ns13:nodeVisualInfo x="349" y="84" width="95" height="70" />
                            
                        
                        </ns17:extensionElements>
                        
                        
                        <ns17:incoming>StartLink_1.2f3e8337-2a78-4c49-829d-71020f016012</ns17:incoming>
                        
                        
                        <ns17:outgoing>2027.18774f34-d18b-46d4-83a3-bbaae24c2987</ns17:outgoing>
                        
                        
                        <ns17:script>var res = new tw.object.I18NData();
res.gregorianCalendar = new tw.object.I18NGregorianCalendar();
res.gregorianCalendar.days = new tw.object.I18NGregorianCalendarDays();
res.gregorianCalendar.daysMin = new tw.object.I18NGregorianCalendarDays();
res.gregorianCalendar.daysShort = new tw.object.I18NGregorianCalendarDays();
res.gregorianCalendar.months = new tw.object.I18NGregorianCalendarMonths();
res.gregorianCalendar.monthsShort = new tw.object.I18NGregorianCalendarMonths();

res.gregorianCalendar.days.monday = tw.resource.CONTROLS.gregorianCalendarDayMonday;
res.gregorianCalendar.days.tuesday = tw.resource.CONTROLS.gregorianCalendarDayTuesday;
res.gregorianCalendar.days.wednesday = tw.resource.CONTROLS.gregorianCalendarDayWednesday;
res.gregorianCalendar.days.thursday = tw.resource.CONTROLS.gregorianCalendarDayThursday;
res.gregorianCalendar.days.friday = tw.resource.CONTROLS.gregorianCalendarDayFriday;
res.gregorianCalendar.days.saturday = tw.resource.CONTROLS.gregorianCalendarDaySaturday;
res.gregorianCalendar.days.sunday = tw.resource.CONTROLS.gregorianCalendarDaySunday;

res.gregorianCalendar.daysMin.monday = tw.resource.CONTROLS.gregorianCalendarDaysMinMonday;
res.gregorianCalendar.daysMin.tuesday = tw.resource.CONTROLS.gregorianCalendarDaysMinTuesday;
res.gregorianCalendar.daysMin.wednesday = tw.resource.CONTROLS.gregorianCalendarDaysMinWednesday;
res.gregorianCalendar.daysMin.thursday = tw.resource.CONTROLS.gregorianCalendarDaysMinThursday;
res.gregorianCalendar.daysMin.friday = tw.resource.CONTROLS.gregorianCalendarDaysMinFriday;
res.gregorianCalendar.daysMin.saturday = tw.resource.CONTROLS.gregorianCalendarDaysMinSaturday;
res.gregorianCalendar.daysMin.sunday = tw.resource.CONTROLS.gregorianCalendarDaysMinSunday;

res.gregorianCalendar.daysShort.monday = tw.resource.CONTROLS.gregorianCalendarDaysShortMonday;
res.gregorianCalendar.daysShort.tuesday = tw.resource.CONTROLS.gregorianCalendarDaysShortTuesday;
res.gregorianCalendar.daysShort.wednesday = tw.resource.CONTROLS.gregorianCalendarDaysShortWednesday;
res.gregorianCalendar.daysShort.thursday = tw.resource.CONTROLS.gregorianCalendarDaysShortThursday;
res.gregorianCalendar.daysShort.friday = tw.resource.CONTROLS.gregorianCalendarDaysShortFriday;
res.gregorianCalendar.daysShort.saturday = tw.resource.CONTROLS.gregorianCalendarDaysShortSaturday;
res.gregorianCalendar.daysShort.sunday = tw.resource.CONTROLS.gregorianCalendarDaysShortSunday;

res.gregorianCalendar.months.january = tw.resource.CONTROLS.gregorianCalendarMonthsJanuary;
res.gregorianCalendar.months.february = tw.resource.CONTROLS.gregorianCalendarMonthsFebruary;
res.gregorianCalendar.months.march = tw.resource.CONTROLS.gregorianCalendarMonthsMarch;
res.gregorianCalendar.months.april = tw.resource.CONTROLS.gregorianCalendarMonthsApril;
res.gregorianCalendar.months.may = tw.resource.CONTROLS.gregorianCalendarMonthsMay;
res.gregorianCalendar.months.june = tw.resource.CONTROLS.gregorianCalendarMonthsJune;
res.gregorianCalendar.months.july = tw.resource.CONTROLS.gregorianCalendarMonthsJuly;
res.gregorianCalendar.months.august = tw.resource.CONTROLS.gregorianCalendarMonthsAugust;
res.gregorianCalendar.months.september = tw.resource.CONTROLS.gregorianCalendarMonthsSeptember;
res.gregorianCalendar.months.october = tw.resource.CONTROLS.gregorianCalendarMonthsOctober;
res.gregorianCalendar.months.november = tw.resource.CONTROLS.gregorianCalendarMonthsNovember;
res.gregorianCalendar.months.december = tw.resource.CONTROLS.gregorianCalendarMonthsDecember;

res.gregorianCalendar.monthsShort.january = tw.resource.CONTROLS.gregorianCalendarMonthsShortJanuary;
res.gregorianCalendar.monthsShort.february = tw.resource.CONTROLS.gregorianCalendarMonthsShortFebruary;
res.gregorianCalendar.monthsShort.march = tw.resource.CONTROLS.gregorianCalendarMonthsShortMarch;
res.gregorianCalendar.monthsShort.april = tw.resource.CONTROLS.gregorianCalendarMonthsShortApril;
res.gregorianCalendar.monthsShort.may = tw.resource.CONTROLS.gregorianCalendarMonthsShortMay;
res.gregorianCalendar.monthsShort.june = tw.resource.CONTROLS.gregorianCalendarMonthsShortJune;
res.gregorianCalendar.monthsShort.july = tw.resource.CONTROLS.gregorianCalendarMonthsShortJuly;
res.gregorianCalendar.monthsShort.august = tw.resource.CONTROLS.gregorianCalendarMonthsShortAugust;
res.gregorianCalendar.monthsShort.september = tw.resource.CONTROLS.gregorianCalendarMonthsShortSeptember;
res.gregorianCalendar.monthsShort.october = tw.resource.CONTROLS.gregorianCalendarMonthsShortOctober;
res.gregorianCalendar.monthsShort.november = tw.resource.CONTROLS.gregorianCalendarMonthsShortNovember;
res.gregorianCalendar.monthsShort.december = tw.resource.CONTROLS.gregorianCalendarMonthsShortDecember;

res.gregorianCalendar.clear = tw.resource.CONTROLS.clear;
res.gregorianCalendar.today = tw.resource.CONTROLS.today;

tw.local.result = res;</ns17:script>
                        
                    
                    </ns17:scriptTask>
                    
                    
                    <ns17:endEvent name="End" id="2025.a1c6c02b-437a-4157-9f43-b0e1ac25cab8">
                        
                        
                        <ns17:documentation />
                        
                        
                        <ns17:extensionElements>
                            
                            
                            <ns2:endStateId>guid:48239dc106dcc492:-b22ea1a:165ab3b2634:-7fac</ns2:endStateId>
                            
                            
                            <ns3:saveExecutionContext>true</ns3:saveExecutionContext>
                            
                            
                            <ns2:preAssignmentScript xmlns:xsi="http://www.w3.org/2001/XMLSchema-instance" xsi:nil="true" />
                            
                            
                            <ns2:postAssignmentScript xmlns:xsi="http://www.w3.org/2001/XMLSchema-instance" xsi:nil="true" />
                            
                            
                            <ns13:nodeVisualInfo x="700" y="100" width="24" height="24" />
                            
                        
                        </ns17:extensionElements>
                        
                        
                        <ns17:incoming>2027.18774f34-d18b-46d4-83a3-bbaae24c2987</ns17:incoming>
                        
                    
                    </ns17:endEvent>
                    
                    
                    <ns17:sequenceFlow sourceRef="Start_1.2f3e8337-2a78-4c49-829d-71020f016012" targetRef="2025.24137a7f-3ef4-4885-aabd-42c1e1cf6a56" name="" id="StartLink_1.2f3e8337-2a78-4c49-829d-71020f016012">
                        
                        
                        <ns17:extensionElements>
                            
                            
                            <ns13:linkVisualInfo>
                                
                                
                                <ns13:sourcePortLocation>rightCenter</ns13:sourcePortLocation>
                                
                                
                                <ns13:targetPortLocation>leftCenter</ns13:targetPortLocation>
                                
                                
                                <ns13:showLabel>false</ns13:showLabel>
                                
                                
                                <ns13:showCoachControlLabel>false</ns13:showCoachControlLabel>
                                
                                
                                <ns13:labelPosition>0.0</ns13:labelPosition>
                                
                                
                                <ns13:saveExecutionContext>false</ns13:saveExecutionContext>
                                
                            
                            </ns13:linkVisualInfo>
                            
                        
                        </ns17:extensionElements>
                        
                    
                    </ns17:sequenceFlow>
                    
                    
                    <ns17:sequenceFlow sourceRef="2025.24137a7f-3ef4-4885-aabd-42c1e1cf6a56" targetRef="2025.a1c6c02b-437a-4157-9f43-b0e1ac25cab8" name="Untitled" id="2027.18774f34-d18b-46d4-83a3-bbaae24c2987">
                        
                        
                        <ns17:extensionElements>
                            
                            
                            <ns13:linkVisualInfo>
                                
                                
                                <ns13:sourcePortLocation>rightCenter</ns13:sourcePortLocation>
                                
                                
                                <ns13:targetPortLocation>leftCenter</ns13:targetPortLocation>
                                
                                
                                <ns13:showLabel>false</ns13:showLabel>
                                
                                
                                <ns13:showCoachControlLabel>false</ns13:showCoachControlLabel>
                                
                                
                                <ns13:labelPosition>0.0</ns13:labelPosition>
                                
                                
                                <ns13:saveExecutionContext>false</ns13:saveExecutionContext>
                                
                            
                            </ns13:linkVisualInfo>
                            
                        
                        </ns17:extensionElements>
                        
                    
                    </ns17:sequenceFlow>
                    
                
                </ns17:process>
                
            
            </ns17:definitions>
        </bpmn2Model>
        <link name="Untitled">
            <lastModified isNull="true" />
            <lastModifiedBy isNull="true" />
            <processLinkId>2027.18774f34-d18b-46d4-83a3-bbaae24c2987</processLinkId>
            <processId>1.2f3e8337-2a78-4c49-829d-71020f016012</processId>
            <description isNull="true" />
            <fromProcessItemId>2025.24137a7f-3ef4-4885-aabd-42c1e1cf6a56</fromProcessItemId>
            <endStateId>Out</endStateId>
            <toProcessItemId>2025.a1c6c02b-437a-4157-9f43-b0e1ac25cab8</toProcessItemId>
            <guid>4eb6b2d1-544b-45ba-ac90-b6bc5a3205fe</guid>
            <versionId>0f80573e-db29-402a-b30b-15731522804a</versionId>
            <layoutData>
                <controlPoints />
                <showEndState>false</showEndState>
                <showName>false</showName>
            </layoutData>
            <fromItemPort locationId="rightCenter" portType="1" />
            <toItemPort locationId="leftCenter" portType="2" />
            <fromProcessItemId>2025.24137a7f-3ef4-4885-aabd-42c1e1cf6a56</fromProcessItemId>
            <toProcessItemId>2025.a1c6c02b-437a-4157-9f43-b0e1ac25cab8</toProcessItemId>
        </link>
    </process>
</teamworks>

