<?xml version="1.0" encoding="UTF-8"?>
<teamworks>
    <process id="1.35d4724d-69a2-44ce-b480-671373481a0a" name="Execute Drill-down Query">
        <lastModified>1421424266647</lastModified>
        <lastModifiedBy>admin</lastModifiedBy>
        <processId>1.35d4724d-69a2-44ce-b480-671373481a0a</processId>
        <image isNull="true" />
        <tabGroup isNull="true" />
        <startingProcessItemId>2025.cc1a433d-1d24-4934-bf73-967c911e534f</startingProcessItemId>
        <isRootProcess>false</isRootProcess>
        <processType>6</processType>
        <isErrorHandlerEnabled>false</isErrorHandlerEnabled>
        <errorHandlerItemId isNull="true" />
        <isLoggingVariables>false</isLoggingVariables>
        <isTransactional>false</isTransactional>
        <processTimingLevel isNull="true" />
        <participantRef isNull="true" />
        <exposedType isNull="true" />
        <isTrackingEnabled>true</isTrackingEnabled>
        <xmlData isNull="true" />
        <cachingType>false</cachingType>
        <itemLabel isNull="true" />
        <cacheLength>43200</cacheLength>
        <mobileReady>false</mobileReady>
        <sboSyncEnabled>true</sboSyncEnabled>
        <externalId isNull="true" />
        <isSecured>false</isSecured>
        <isAjaxExposed>false</isAjaxExposed>
        <description isNull="true" />
        <guid>14c93271-fe43-493b-af87-fb0bc24c49f2</guid>
        <versionId>595e95bf-58d6-443e-bb2d-4a3eb8b045af</versionId>
        <dependencySummary isNull="true" />
        <jsonData isNull="true" />
        <field1 isNull="true" />
        <field2 isNull="true" />
        <field3>0</field3>
        <field4 isNull="true" />
        <field5>false</field5>
        <clobField1 isNull="true" />
        <blobField1 isNull="true" />
        <processParameter name="input">
            <lastModified isNull="true" />
            <lastModifiedBy isNull="true" />
            <processParameterId>2055.21d2b029-c717-4d3b-9d9a-6a857aecf3e5</processParameterId>
            <processId>1.35d4724d-69a2-44ce-b480-671373481a0a</processId>
            <parameterType>1</parameterType>
            <isArrayOf>false</isArrayOf>
            <classId>556939fc-1d6d-4204-9546-c095a59cca29/12.c09c9b6e-aabd-4897-bef2-ed61db106297</classId>
            <seq>1</seq>
            <hasDefault>false</hasDefault>
            <defaultValue isNull="true" />
            <isLocked>false</isLocked>
            <description isNull="true" />
            <guid>67468aa7-4d97-4c89-b74f-e89eb039df86</guid>
            <versionId>34dc1025-726d-43ec-8162-395e891f2a45</versionId>
        </processParameter>
        <processParameter name="drillDownStack">
            <lastModified isNull="true" />
            <lastModifiedBy isNull="true" />
            <processParameterId>2055.6fc16fc6-e41e-42af-b334-b69e689525b2</processParameterId>
            <processId>1.35d4724d-69a2-44ce-b480-671373481a0a</processId>
            <parameterType>1</parameterType>
            <isArrayOf>true</isArrayOf>
            <classId>/12.a2c20ada-cdaa-4883-bc96-3ca7a3a27e6b</classId>
            <seq>2</seq>
            <hasDefault>false</hasDefault>
            <defaultValue isNull="true" />
            <isLocked>false</isLocked>
            <description isNull="true" />
            <guid>1853e1d7-5491-4e31-8371-0f19c29d60ad</guid>
            <versionId>4491fdb6-b594-4575-a85b-5fa53689afda</versionId>
        </processParameter>
        <processParameter name="xml">
            <lastModified isNull="true" />
            <lastModifiedBy isNull="true" />
            <processParameterId>2055.cc3928ad-2908-4d4e-a0c1-39e91cae5ac1</processParameterId>
            <processId>1.35d4724d-69a2-44ce-b480-671373481a0a</processId>
            <parameterType>1</parameterType>
            <isArrayOf>false</isArrayOf>
            <classId>556939fc-1d6d-4204-9546-c095a59cca29/12.db884a3c-c533-44b7-bb2d-47bec8ad4022</classId>
            <seq>3</seq>
            <hasDefault>false</hasDefault>
            <defaultValue isNull="true" />
            <isLocked>false</isLocked>
            <description isNull="true" />
            <guid>09049b8d-1554-47ff-bd78-9499524599ac</guid>
            <versionId>aa5b3cfe-a82a-4e47-ada2-e6de1232d9af</versionId>
        </processParameter>
        <processParameter name="dataSeries">
            <lastModified isNull="true" />
            <lastModifiedBy isNull="true" />
            <processParameterId>2055.a017c601-8dde-4c12-8b9b-d2b60124d836</processParameterId>
            <processId>1.35d4724d-69a2-44ce-b480-671373481a0a</processId>
            <parameterType>2</parameterType>
            <isArrayOf>false</isArrayOf>
            <classId>/12.63a604e8-e026-4605-aae1-272b67822cc7</classId>
            <seq>4</seq>
            <hasDefault>false</hasDefault>
            <defaultValue isNull="true" />
            <isLocked>false</isLocked>
            <description isNull="true" />
            <guid>a6e16b0d-6a74-429c-abec-bcf4d8e5d838</guid>
            <versionId>2afad09e-426c-42c9-99b3-622045763e07</versionId>
        </processParameter>
        <processParameter name="drillDownStack">
            <lastModified isNull="true" />
            <lastModifiedBy isNull="true" />
            <processParameterId>2055.a0622cec-7082-4267-960e-d9b0e9a2a224</processParameterId>
            <processId>1.35d4724d-69a2-44ce-b480-671373481a0a</processId>
            <parameterType>2</parameterType>
            <isArrayOf>true</isArrayOf>
            <classId>/12.a2c20ada-cdaa-4883-bc96-3ca7a3a27e6b</classId>
            <seq>5</seq>
            <hasDefault>false</hasDefault>
            <defaultValue isNull="true" />
            <isLocked>false</isLocked>
            <description isNull="true" />
            <guid>ec7853b5-4654-4eb9-82b8-f908a5da3351</guid>
            <versionId>9353d459-0b20-4f31-aef8-0bb1212d9b48</versionId>
        </processParameter>
        <processParameter name="availableForDrillDown">
            <lastModified isNull="true" />
            <lastModifiedBy isNull="true" />
            <processParameterId>2055.5b3ddf88-64ac-4fca-8ea6-47dc196c6c44</processParameterId>
            <processId>1.35d4724d-69a2-44ce-b480-671373481a0a</processId>
            <parameterType>2</parameterType>
            <isArrayOf>true</isArrayOf>
            <classId>/12.a2c20ada-cdaa-4883-bc96-3ca7a3a27e6b</classId>
            <seq>6</seq>
            <hasDefault>false</hasDefault>
            <defaultValue isNull="true" />
            <isLocked>false</isLocked>
            <description isNull="true" />
            <guid>1801ce3b-3338-48db-b719-0ddc8e35dacd</guid>
            <versionId>ce350826-b739-40ac-a2dd-ce07a77b5091</versionId>
        </processParameter>
        <processVariable name="queryType">
            <lastModified isNull="true" />
            <lastModifiedBy isNull="true" />
            <processVariableId>2056.a7df35b1-ab28-4aeb-873a-cb3070f2ae21</processVariableId>
            <description isNull="true" />
            <processId>1.35d4724d-69a2-44ce-b480-671373481a0a</processId>
            <namespace>2</namespace>
            <seq>2</seq>
            <isArrayOf>false</isArrayOf>
            <isTransient>false</isTransient>
            <classId>556939fc-1d6d-4204-9546-c095a59cca29/12.db884a3c-c533-44b7-bb2d-47bec8ad4022</classId>
            <hasDefault>false</hasDefault>
            <defaultValue isNull="true" />
            <guid>fda6061e-7fc8-45ec-87ae-ff29a4bbb16f</guid>
            <versionId>ad13ee49-10ad-4c2f-8960-dc1b2a7b8b1d</versionId>
        </processVariable>
        <processVariable name="sqlParams">
            <lastModified isNull="true" />
            <lastModifiedBy isNull="true" />
            <processVariableId>2056.0407383a-1e48-4aa3-9705-ba133c50ddad</processVariableId>
            <description isNull="true" />
            <processId>1.35d4724d-69a2-44ce-b480-671373481a0a</processId>
            <namespace>2</namespace>
            <seq>3</seq>
            <isArrayOf>true</isArrayOf>
            <isTransient>false</isTransient>
            <classId>556939fc-1d6d-4204-9546-c095a59cca29/12.f453f500-ca4e-4264-a371-72c1892e8b7c</classId>
            <hasDefault>false</hasDefault>
            <defaultValue isNull="true" />
            <guid>4df42e90-90c6-4ea8-a42b-f6362b09bc7e</guid>
            <versionId>c69c4c96-48a0-4783-af2b-2c779ce4e629</versionId>
        </processVariable>
        <processVariable name="logic">
            <lastModified isNull="true" />
            <lastModifiedBy isNull="true" />
            <processVariableId>2056.79744dd8-995d-4f50-9c47-f8e1d0c23090</processVariableId>
            <description isNull="true" />
            <processId>1.35d4724d-69a2-44ce-b480-671373481a0a</processId>
            <namespace>2</namespace>
            <seq>4</seq>
            <isArrayOf>false</isArrayOf>
            <isTransient>false</isTransient>
            <classId>556939fc-1d6d-4204-9546-c095a59cca29/12.db884a3c-c533-44b7-bb2d-47bec8ad4022</classId>
            <hasDefault>false</hasDefault>
            <defaultValue isNull="true" />
            <guid>d6c235c9-85d6-47dc-a756-4acb55092865</guid>
            <versionId>de417ba6-7dc7-40b9-9470-71dcee508c98</versionId>
        </processVariable>
        <processVariable name="sqlResults">
            <lastModified isNull="true" />
            <lastModifiedBy isNull="true" />
            <processVariableId>2056.40d37930-c233-41d6-b2b3-5b1d0c545c99</processVariableId>
            <description isNull="true" />
            <processId>1.35d4724d-69a2-44ce-b480-671373481a0a</processId>
            <namespace>2</namespace>
            <seq>5</seq>
            <isArrayOf>true</isArrayOf>
            <isTransient>false</isTransient>
            <classId>556939fc-1d6d-4204-9546-c095a59cca29/12.3b1e3757-a1f4-4c3f-bbb8-16fecd4d65c1</classId>
            <hasDefault>false</hasDefault>
            <defaultValue isNull="true" />
            <guid>cc10b012-e038-4695-832c-fbe935f0bad3</guid>
            <versionId>b796693e-66dc-4192-a25f-c7027ecc1638</versionId>
        </processVariable>
        <processVariable name="labelCol">
            <lastModified isNull="true" />
            <lastModifiedBy isNull="true" />
            <processVariableId>2056.68af7917-6e5e-4a1b-ba22-928b5fae0bb9</processVariableId>
            <description isNull="true" />
            <processId>1.35d4724d-69a2-44ce-b480-671373481a0a</processId>
            <namespace>2</namespace>
            <seq>6</seq>
            <isArrayOf>false</isArrayOf>
            <isTransient>false</isTransient>
            <classId>556939fc-1d6d-4204-9546-c095a59cca29/12.d2e5a15a-ea53-4793-9e93-29af5bd80b13</classId>
            <hasDefault>false</hasDefault>
            <defaultValue isNull="true" />
            <guid>cc0acd35-417d-478d-aab9-a4bad2168456</guid>
            <versionId>504cbe56-c3dc-4d54-88c9-244926232c05</versionId>
        </processVariable>
        <processVariable name="valueCol">
            <lastModified isNull="true" />
            <lastModifiedBy isNull="true" />
            <processVariableId>2056.c2fb0516-18d0-48c4-94fa-3e2fcec76c9e</processVariableId>
            <description isNull="true" />
            <processId>1.35d4724d-69a2-44ce-b480-671373481a0a</processId>
            <namespace>2</namespace>
            <seq>7</seq>
            <isArrayOf>false</isArrayOf>
            <isTransient>false</isTransient>
            <classId>556939fc-1d6d-4204-9546-c095a59cca29/12.d2e5a15a-ea53-4793-9e93-29af5bd80b13</classId>
            <hasDefault>false</hasDefault>
            <defaultValue isNull="true" />
            <guid>9a8661a6-c480-4b93-a110-52641b911300</guid>
            <versionId>794f548a-f1ff-48de-a9e4-ea14502555c9</versionId>
        </processVariable>
        <item>
            <lastModified isNull="true" />
            <lastModifiedBy isNull="true" />
            <processItemId>2025.cc1a433d-1d24-4934-bf73-967c911e534f</processItemId>
            <processId>1.35d4724d-69a2-44ce-b480-671373481a0a</processId>
            <name>Prepare Query</name>
            <tWComponentName>Script</tWComponentName>
            <tWComponentId>3011.38f6f41c-f6f5-44e6-9f5c-cbf6d91a6815</tWComponentId>
            <isLogEnabled>false</isLogEnabled>
            <isTraceEnabled>false</isTraceEnabled>
            <traceCategory isNull="true" />
            <traceLevel isNull="true" />
            <traceMessage isNull="true" />
            <traceSymbolTable isNull="true" />
            <isExecutionContextTraced>false</isExecutionContextTraced>
            <saveExecutionContext>false</saveExecutionContext>
            <documentation isNull="true" />
            <isErrorHandlerEnabled>false</isErrorHandlerEnabled>
            <errorHandlerItemId isNull="true" />
            <guid>guid:a68ed9f9e6a1e37c:-54e2e430:14af2fbf9ce:-7d9f</guid>
            <versionId>3a58ab30-2b87-41e6-bc05-55b2d6c052fa</versionId>
            <externalServiceRef isNull="true" />
            <externalServiceOp isNull="true" />
            <nodeColor isNull="true" />
            <layoutData x="203" y="178">
                <errorLink>
                    <controlPoints />
                    <showEndState>false</showEndState>
                    <showName>false</showName>
                </errorLink>
            </layoutData>
            <TWComponent>
                <lastModified isNull="true" />
                <lastModifiedBy isNull="true" />
                <scriptId>3011.38f6f41c-f6f5-44e6-9f5c-cbf6d91a6815</scriptId>
                <scriptTypeId>2</scriptTypeId>
                <isActive>true</isActive>
                <script>spark_dd_prepareQuery();</script>
                <isRule>false</isRule>
                <guid>5f42961a-8448-4f60-a363-51b990b71f79</guid>
                <versionId>428d1242-fd31-40ae-99a9-fa78a426477a</versionId>
            </TWComponent>
        </item>
        <item>
            <lastModified isNull="true" />
            <lastModifiedBy isNull="true" />
            <processItemId>2025.d6a5b371-c245-4257-bf85-b8b7ac807f3e</processItemId>
            <processId>1.35d4724d-69a2-44ce-b480-671373481a0a</processId>
            <name>Execute JavaScript</name>
            <tWComponentName>Script</tWComponentName>
            <tWComponentId>3011.7b2e1735-8b13-4856-8436-7116fac55950</tWComponentId>
            <isLogEnabled>false</isLogEnabled>
            <isTraceEnabled>false</isTraceEnabled>
            <traceCategory isNull="true" />
            <traceLevel isNull="true" />
            <traceMessage isNull="true" />
            <traceSymbolTable isNull="true" />
            <isExecutionContextTraced>false</isExecutionContextTraced>
            <saveExecutionContext>false</saveExecutionContext>
            <documentation isNull="true" />
            <isErrorHandlerEnabled>false</isErrorHandlerEnabled>
            <errorHandlerItemId isNull="true" />
            <guid>guid:a68ed9f9e6a1e37c:-54e2e430:14af2fbf9ce:-7d9c</guid>
            <versionId>4af9a870-91e0-42ab-958b-4b12f2f8c939</versionId>
            <externalServiceRef isNull="true" />
            <externalServiceOp isNull="true" />
            <nodeColor isNull="true" />
            <layoutData x="624" y="276">
                <errorLink>
                    <controlPoints />
                    <showEndState>false</showEndState>
                    <showName>false</showName>
                </errorLink>
            </layoutData>
            <TWComponent>
                <lastModified isNull="true" />
                <lastModifiedBy isNull="true" />
                <scriptId>3011.7b2e1735-8b13-4856-8436-7116fac55950</scriptId>
                <scriptTypeId>2</scriptTypeId>
                <isActive>true</isActive>
                <script>function populateDataSeries(data)
{
	tw.local.dataSeries.dataPoints = new tw.object.listOf.DataPoint();
	for(var i = 0; i &lt; data.length; i++)
	{
		tw.local.dataSeries.dataPoints[i] = new tw.object.DataPoint();
		tw.local.dataSeries.dataPoints[i].label = data[i][0];
		tw.local.dataSeries.dataPoints[i].value = data[i][1];
	}
}

eval(tw.local.logic);</script>
                <isRule>false</isRule>
                <guid>7580fa81-7ed7-4e6f-a1d2-8d16f6fa4ccf</guid>
                <versionId>c6443cb2-fe0a-4c5c-b53f-75e221d6bde9</versionId>
            </TWComponent>
        </item>
        <item>
            <lastModified isNull="true" />
            <lastModifiedBy isNull="true" />
            <processItemId>2025.5912b7b2-b7c1-40c2-b432-bfeabf81cef0</processItemId>
            <processId>1.35d4724d-69a2-44ce-b480-671373481a0a</processId>
            <name>Parse SQL Results</name>
            <tWComponentName>Script</tWComponentName>
            <tWComponentId>3011.c388dab9-56ad-4cc2-8cab-861e3cc0771d</tWComponentId>
            <isLogEnabled>false</isLogEnabled>
            <isTraceEnabled>false</isTraceEnabled>
            <traceCategory isNull="true" />
            <traceLevel isNull="true" />
            <traceMessage isNull="true" />
            <traceSymbolTable isNull="true" />
            <isExecutionContextTraced>false</isExecutionContextTraced>
            <saveExecutionContext>false</saveExecutionContext>
            <documentation isNull="true" />
            <isErrorHandlerEnabled>false</isErrorHandlerEnabled>
            <errorHandlerItemId isNull="true" />
            <guid>guid:a68ed9f9e6a1e37c:-54e2e430:14af2fbf9ce:-7d9d</guid>
            <versionId>a7225a9b-f3f8-4bbb-8b5d-6f153a7a7235</versionId>
            <externalServiceRef isNull="true" />
            <externalServiceOp isNull="true" />
            <nodeColor isNull="true" />
            <layoutData x="624" y="84">
                <errorLink>
                    <controlPoints />
                    <showEndState>false</showEndState>
                    <showName>false</showName>
                </errorLink>
            </layoutData>
            <TWComponent>
                <lastModified isNull="true" />
                <lastModifiedBy isNull="true" />
                <scriptId>3011.c388dab9-56ad-4cc2-8cab-861e3cc0771d</scriptId>
                <scriptTypeId>2</scriptTypeId>
                <isActive>true</isActive>
                <script>tw.local.dataSeries.dataPoints = new tw.object.listOf.DataPoint();   

for(var i = 0; i &lt; tw.local.sqlResults[0].rows.listLength; i++)
{
    var row = tw.local.sqlResults[0].rows[i];
    var label = row.indexedMap[tw.local.labelCol.name];
    var value = row.indexedMap[tw.local.valueCol.name];

    tw.local.dataSeries.dataPoints[i] = new tw.object.DataPoint();
    tw.local.dataSeries.dataPoints[i].label = label;
    tw.local.dataSeries.dataPoints[i].value = value;
}

log.info("&gt;&gt;&gt;&gt;&gt;&gt;&gt;&gt;&gt;&gt; Output data series: " + tw.local.dataSeries);
log.info("&gt;&gt;&gt;&gt;&gt;&gt;&gt;&gt;&gt;&gt; Output drill-down stack: " + tw.local.drillDownStack);
log.info("&gt;&gt;&gt;&gt;&gt;&gt;&gt;&gt;&gt;&gt; Output available for drill-down: " + tw.local.availableForDrillDown);</script>
                <isRule>false</isRule>
                <guid>109f14a3-6a99-4453-98f8-f3dd90d130c8</guid>
                <versionId>8a00eb28-d18a-4ef5-9773-fe59da263fa2</versionId>
            </TWComponent>
        </item>
        <item>
            <lastModified isNull="true" />
            <lastModifiedBy isNull="true" />
            <processItemId>2025.c3f895da-2871-4a88-99c1-6fe2348fedc8</processItemId>
            <processId>1.35d4724d-69a2-44ce-b480-671373481a0a</processId>
            <name>SQL Execute Statement (SQLResult)</name>
            <tWComponentName>SubProcess</tWComponentName>
            <tWComponentId>3012.8c258b1a-77ff-45f3-8ae3-b2d636035caa</tWComponentId>
            <isLogEnabled>false</isLogEnabled>
            <isTraceEnabled>false</isTraceEnabled>
            <traceCategory isNull="true" />
            <traceLevel isNull="true" />
            <traceMessage isNull="true" />
            <traceSymbolTable isNull="true" />
            <isExecutionContextTraced>false</isExecutionContextTraced>
            <saveExecutionContext>false</saveExecutionContext>
            <documentation isNull="true" />
            <isErrorHandlerEnabled>false</isErrorHandlerEnabled>
            <errorHandlerItemId isNull="true" />
            <guid>guid:a68ed9f9e6a1e37c:-54e2e430:14af2fbf9ce:-7d9b</guid>
            <versionId>bd2774db-df7e-4a5c-96f4-400e7e335021</versionId>
            <externalServiceRef isNull="true" />
            <externalServiceOp isNull="true" />
            <nodeColor isNull="true" />
            <layoutData x="441" y="84">
                <errorLink>
                    <controlPoints />
                    <showEndState>false</showEndState>
                    <showName>false</showName>
                </errorLink>
            </layoutData>
            <TWComponent>
                <lastModified isNull="true" />
                <lastModifiedBy isNull="true" />
                <subProcessId>3012.8c258b1a-77ff-45f3-8ae3-b2d636035caa</subProcessId>
                <attachedProcessRef>556939fc-1d6d-4204-9546-c095a59cca29/1.4e480adb-5741-4f5e-aead-27b3654e9cd2</attachedProcessRef>
                <guid>a13dd586-2a88-4938-ae35-3a3154969fcf</guid>
                <versionId>4a02b51c-5596-4b9b-aae3-cb2ef8d8b573</versionId>
                <parameterMapping name="parameters">
                    <lastModified isNull="true" />
                    <lastModifiedBy isNull="true" />
                    <parameterMappingId>2054.1d9cdf4c-b2fe-48eb-98fd-7683db746bae</parameterMappingId>
                    <processParameterId>2055.8b844f2a-0a1f-4f12-b34b-e9fd5191dc43</processParameterId>
                    <parameterMappingParentId>3012.8c258b1a-77ff-45f3-8ae3-b2d636035caa</parameterMappingParentId>
                    <useDefault>false</useDefault>
                    <value>tw.local.sqlParams</value>
                    <classRef>556939fc-1d6d-4204-9546-c095a59cca29/12.f453f500-ca4e-4264-a371-72c1892e8b7c</classRef>
                    <isList>true</isList>
                    <isInput>true</isInput>
                    <guid>ea5fb9af-034a-4fe9-9a3a-9fc95853e9d3</guid>
                    <versionId>0b5becf4-4d0e-4299-94aa-9efae00f9eea</versionId>
                    <description isNull="true" />
                </parameterMapping>
                <parameterMapping name="results">
                    <lastModified isNull="true" />
                    <lastModifiedBy isNull="true" />
                    <parameterMappingId>2054.3e4c77bd-7f2d-4cdd-8fa1-d5abfd808c1e</parameterMappingId>
                    <processParameterId>2055.976cdc78-9d8d-41d4-ae85-f6c9a50c6764</processParameterId>
                    <parameterMappingParentId>3012.8c258b1a-77ff-45f3-8ae3-b2d636035caa</parameterMappingParentId>
                    <useDefault>false</useDefault>
                    <value>tw.local.sqlResults</value>
                    <classRef>556939fc-1d6d-4204-9546-c095a59cca29/12.3b1e3757-a1f4-4c3f-bbb8-16fecd4d65c1</classRef>
                    <isList>true</isList>
                    <isInput>false</isInput>
                    <guid>818e4e03-3992-4998-9d75-9467df87de7a</guid>
                    <versionId>376efcf2-2059-4168-99b6-36ba9bae0185</versionId>
                    <description isNull="true" />
                </parameterMapping>
                <parameterMapping name="sql">
                    <lastModified isNull="true" />
                    <lastModifiedBy isNull="true" />
                    <parameterMappingId>2054.e3979d28-5c26-4fc0-9f7f-e4712f629360</parameterMappingId>
                    <processParameterId>2055.25f5990f-9abf-4cf6-9101-497d43dee141</processParameterId>
                    <parameterMappingParentId>3012.8c258b1a-77ff-45f3-8ae3-b2d636035caa</parameterMappingParentId>
                    <useDefault>false</useDefault>
                    <value>tw.local.logic</value>
                    <classRef>556939fc-1d6d-4204-9546-c095a59cca29/12.db884a3c-c533-44b7-bb2d-47bec8ad4022</classRef>
                    <isList>false</isList>
                    <isInput>true</isInput>
                    <guid>60e3b723-2000-4ef6-92c5-d5c93417e999</guid>
                    <versionId>b5274388-b5e7-4a8b-ac67-d54a673262ff</versionId>
                    <description isNull="true" />
                </parameterMapping>
            </TWComponent>
        </item>
        <item>
            <lastModified isNull="true" />
            <lastModifiedBy isNull="true" />
            <processItemId>2025.c199b128-425a-49a2-a141-112cff504add</processItemId>
            <processId>1.35d4724d-69a2-44ce-b480-671373481a0a</processId>
            <name>End</name>
            <tWComponentName>ExitPoint</tWComponentName>
            <tWComponentId>3008.3adcfd20-3c72-4cab-bd3c-e0361c58879d</tWComponentId>
            <isLogEnabled>false</isLogEnabled>
            <isTraceEnabled>false</isTraceEnabled>
            <traceCategory isNull="true" />
            <traceLevel isNull="true" />
            <traceMessage isNull="true" />
            <traceSymbolTable isNull="true" />
            <isExecutionContextTraced>false</isExecutionContextTraced>
            <saveExecutionContext>true</saveExecutionContext>
            <documentation isNull="true" />
            <isErrorHandlerEnabled>false</isErrorHandlerEnabled>
            <errorHandlerItemId isNull="true" />
            <guid>guid:a68ed9f9e6a1e37c:-54e2e430:14af2fbf9ce:-7d9e</guid>
            <versionId>db95a274-39e7-42fa-8f39-ddb62c35d9dc</versionId>
            <externalServiceRef isNull="true" />
            <externalServiceOp isNull="true" />
            <nodeColor isNull="true" />
            <layoutData x="780" y="193">
                <errorLink>
                    <controlPoints />
                    <showEndState>false</showEndState>
                    <showName>false</showName>
                </errorLink>
            </layoutData>
            <TWComponent>
                <lastModified isNull="true" />
                <lastModifiedBy isNull="true" />
                <exitPointId>3008.3adcfd20-3c72-4cab-bd3c-e0361c58879d</exitPointId>
                <haltProcess>false</haltProcess>
                <guid>a0886b77-26e4-4b8e-9c35-2d3a57a33170</guid>
                <versionId>b2a91fc2-3d87-44e5-adbc-48ac8bf59a31</versionId>
            </TWComponent>
        </item>
        <item>
            <lastModified isNull="true" />
            <lastModifiedBy isNull="true" />
            <processItemId>2025.b99d387b-22ba-4bd5-8ceb-22cfe1990078</processItemId>
            <processId>1.35d4724d-69a2-44ce-b480-671373481a0a</processId>
            <name>Query Type</name>
            <tWComponentName>Switch</tWComponentName>
            <tWComponentId>3013.224e5e2b-57b2-406f-a0dd-59b470301463</tWComponentId>
            <isLogEnabled>false</isLogEnabled>
            <isTraceEnabled>false</isTraceEnabled>
            <traceCategory isNull="true" />
            <traceLevel isNull="true" />
            <traceMessage isNull="true" />
            <traceSymbolTable isNull="true" />
            <isExecutionContextTraced>false</isExecutionContextTraced>
            <saveExecutionContext>false</saveExecutionContext>
            <documentation isNull="true" />
            <isErrorHandlerEnabled>false</isErrorHandlerEnabled>
            <errorHandlerItemId isNull="true" />
            <guid>guid:a68ed9f9e6a1e37c:-54e2e430:14af2fbf9ce:-7da0</guid>
            <versionId>f2c69618-6d43-4ff6-81bc-d7a904c2531e</versionId>
            <externalServiceRef isNull="true" />
            <externalServiceOp isNull="true" />
            <nodeColor isNull="true" />
            <layoutData x="324" y="191">
                <errorLink>
                    <controlPoints />
                    <showEndState>false</showEndState>
                    <showName>false</showName>
                </errorLink>
            </layoutData>
            <TWComponent>
                <lastModified isNull="true" />
                <lastModifiedBy isNull="true" />
                <switchId>3013.224e5e2b-57b2-406f-a0dd-59b470301463</switchId>
                <guid>e423b84c-3dd6-44d6-9cd5-d3663c81cb8a</guid>
                <versionId>1a51006f-f13d-4e5a-8014-9cc1dd9fb026</versionId>
                <SwitchCondition>
                    <lastModified isNull="true" />
                    <lastModifiedBy isNull="true" />
                    <switchConditionId>3014.4d6a60bf-7121-459a-b577-8cc69701c081</switchConditionId>
                    <switchId>3013.224e5e2b-57b2-406f-a0dd-59b470301463</switchId>
                    <seq>1</seq>
                    <endStateId>guid:024170c1c59452c4:-1c46128c:140c0302d6e:-7ff4</endStateId>
                    <condition>tw.local.queryType == "SQL"</condition>
                    <guid>88f8f09e-83dd-44c8-84ad-d8c33f6370b3</guid>
                    <versionId>d5942d09-9ba4-47a1-872b-1cbc7276a8cb</versionId>
                </SwitchCondition>
            </TWComponent>
        </item>
        <startingProcessItemId>2025.cc1a433d-1d24-4934-bf73-967c911e534f</startingProcessItemId>
        <errorHandlerItemId isNull="true" />
        <layoutData noConversion="true">
            <errorLink>
                <controlPoints />
                <showEndState>false</showEndState>
                <showName>false</showName>
            </errorLink>
        </layoutData>
        <startPoint>
            <layoutData x="62" y="194">
                <errorLink>
                    <controlPoints />
                    <showEndState>false</showEndState>
                    <showName>false</showName>
                </errorLink>
            </layoutData>
        </startPoint>
        <startLink>
            <fromPort locationId="rightCenter" portType="1" />
            <toPort locationId="leftCenter" portType="2" />
            <layoutData>
                <controlPoints />
                <showEndState>false</showEndState>
                <showName>false</showName>
            </layoutData>
        </startLink>
        <link name="JavaScript">
            <lastModified isNull="true" />
            <lastModifiedBy isNull="true" />
            <processLinkId>2027.9d2c7880-a7a8-43aa-9073-b42693575fee</processLinkId>
            <processId>1.35d4724d-69a2-44ce-b480-671373481a0a</processId>
            <description isNull="true" />
            <fromProcessItemId>2025.b99d387b-22ba-4bd5-8ceb-22cfe1990078</fromProcessItemId>
            <endStateId>DEFAULT</endStateId>
            <toProcessItemId>2025.d6a5b371-c245-4257-bf85-b8b7ac807f3e</toProcessItemId>
            <guid>108f3138-0c76-4574-8f06-6a31d13a0ab9</guid>
            <versionId>074419dd-7884-4642-9041-8c5d9fbc6787</versionId>
            <layoutData>
                <controlPoints />
                <showEndState>false</showEndState>
                <showName>true</showName>
            </layoutData>
            <fromItemPort locationId="bottomCenter" portType="1" />
            <toItemPort locationId="leftCenter" portType="2" />
            <fromProcessItemId>2025.b99d387b-22ba-4bd5-8ceb-22cfe1990078</fromProcessItemId>
            <toProcessItemId>2025.d6a5b371-c245-4257-bf85-b8b7ac807f3e</toProcessItemId>
        </link>
        <link name="SQL">
            <lastModified isNull="true" />
            <lastModifiedBy isNull="true" />
            <processLinkId>2027.8c5f4412-1875-4b72-bdf8-9a5632fecf0c</processLinkId>
            <processId>1.35d4724d-69a2-44ce-b480-671373481a0a</processId>
            <description isNull="true" />
            <fromProcessItemId>2025.b99d387b-22ba-4bd5-8ceb-22cfe1990078</fromProcessItemId>
            <endStateId>guid:024170c1c59452c4:-1c46128c:140c0302d6e:-7ff4</endStateId>
            <toProcessItemId>2025.c3f895da-2871-4a88-99c1-6fe2348fedc8</toProcessItemId>
            <guid>a50f1230-19fb-4718-87c4-0bbc33da2ebc</guid>
            <versionId>291c6c1b-76ed-4bbe-835f-def96dddd5e2</versionId>
            <layoutData>
                <controlPoints />
                <showEndState>false</showEndState>
                <showName>true</showName>
            </layoutData>
            <fromItemPort locationId="topCenter" portType="1" />
            <toItemPort locationId="leftCenter" portType="2" />
            <fromProcessItemId>2025.b99d387b-22ba-4bd5-8ceb-22cfe1990078</fromProcessItemId>
            <toProcessItemId>2025.c3f895da-2871-4a88-99c1-6fe2348fedc8</toProcessItemId>
        </link>
        <link name="Untitled">
            <lastModified isNull="true" />
            <lastModifiedBy isNull="true" />
            <processLinkId>2027.08d6279e-5e04-4686-9681-ce826f217eed</processLinkId>
            <processId>1.35d4724d-69a2-44ce-b480-671373481a0a</processId>
            <description isNull="true" />
            <fromProcessItemId>2025.cc1a433d-1d24-4934-bf73-967c911e534f</fromProcessItemId>
            <endStateId>Out</endStateId>
            <toProcessItemId>2025.b99d387b-22ba-4bd5-8ceb-22cfe1990078</toProcessItemId>
            <guid>6b94e909-cc2c-43eb-8d33-db5b9279e756</guid>
            <versionId>3e24bf69-5b5e-4818-baf7-cdd6896e1a75</versionId>
            <layoutData>
                <controlPoints />
                <showEndState>false</showEndState>
                <showName>false</showName>
            </layoutData>
            <fromItemPort locationId="rightCenter" portType="1" />
            <toItemPort locationId="leftCenter" portType="2" />
            <fromProcessItemId>2025.cc1a433d-1d24-4934-bf73-967c911e534f</fromProcessItemId>
            <toProcessItemId>2025.b99d387b-22ba-4bd5-8ceb-22cfe1990078</toProcessItemId>
        </link>
        <link name="Untitled">
            <lastModified isNull="true" />
            <lastModifiedBy isNull="true" />
            <processLinkId>2027.04641667-c4c4-4502-ad48-29c1eb0d8fdf</processLinkId>
            <processId>1.35d4724d-69a2-44ce-b480-671373481a0a</processId>
            <description isNull="true" />
            <fromProcessItemId>2025.d6a5b371-c245-4257-bf85-b8b7ac807f3e</fromProcessItemId>
            <endStateId>Out</endStateId>
            <toProcessItemId>2025.c199b128-425a-49a2-a141-112cff504add</toProcessItemId>
            <guid>0f0b33f0-b3b2-4c1c-92c5-f27b15172a3d</guid>
            <versionId>91c38445-811d-45d6-ab88-cd88df818c80</versionId>
            <layoutData>
                <controlPoints />
                <showEndState>false</showEndState>
                <showName>false</showName>
            </layoutData>
            <fromItemPort locationId="rightCenter" portType="1" />
            <toItemPort locationId="bottomCenter" portType="2" />
            <fromProcessItemId>2025.d6a5b371-c245-4257-bf85-b8b7ac807f3e</fromProcessItemId>
            <toProcessItemId>2025.c199b128-425a-49a2-a141-112cff504add</toProcessItemId>
        </link>
        <link name="Untitled">
            <lastModified isNull="true" />
            <lastModifiedBy isNull="true" />
            <processLinkId>2027.50ea53a5-bea2-4bb9-a2fe-7e4385b93cc8</processLinkId>
            <processId>1.35d4724d-69a2-44ce-b480-671373481a0a</processId>
            <description isNull="true" />
            <fromProcessItemId>2025.5912b7b2-b7c1-40c2-b432-bfeabf81cef0</fromProcessItemId>
            <endStateId>Out</endStateId>
            <toProcessItemId>2025.c199b128-425a-49a2-a141-112cff504add</toProcessItemId>
            <guid>38009030-7a19-486f-9c44-9ab01936d1e7</guid>
            <versionId>b9098caf-d6ee-48a4-b24c-5a5a9608d1f6</versionId>
            <layoutData>
                <controlPoints />
                <showEndState>false</showEndState>
                <showName>false</showName>
            </layoutData>
            <fromItemPort locationId="rightCenter" portType="1" />
            <toItemPort locationId="topCenter" portType="2" />
            <fromProcessItemId>2025.5912b7b2-b7c1-40c2-b432-bfeabf81cef0</fromProcessItemId>
            <toProcessItemId>2025.c199b128-425a-49a2-a141-112cff504add</toProcessItemId>
        </link>
        <link name="Untitled">
            <lastModified isNull="true" />
            <lastModifiedBy isNull="true" />
            <processLinkId>2027.c87f7038-785f-4c34-a903-827c7f0f9b8f</processLinkId>
            <processId>1.35d4724d-69a2-44ce-b480-671373481a0a</processId>
            <description isNull="true" />
            <fromProcessItemId>2025.c3f895da-2871-4a88-99c1-6fe2348fedc8</fromProcessItemId>
            <endStateId>guid:d7766b7587753602:16bdf27c:11586c10093:-7fe7</endStateId>
            <toProcessItemId>2025.5912b7b2-b7c1-40c2-b432-bfeabf81cef0</toProcessItemId>
            <guid>756b1204-eb1b-4e30-ba31-76b67a1f8dd2</guid>
            <versionId>ff3f0b7d-c89e-49b8-b2ac-173fbc71445f</versionId>
            <layoutData>
                <controlPoints />
                <showEndState>true</showEndState>
                <showName>false</showName>
            </layoutData>
            <fromItemPort locationId="rightCenter" portType="1" />
            <toItemPort locationId="leftCenter" portType="2" />
            <fromProcessItemId>2025.c3f895da-2871-4a88-99c1-6fe2348fedc8</fromProcessItemId>
            <toProcessItemId>2025.5912b7b2-b7c1-40c2-b432-bfeabf81cef0</toProcessItemId>
        </link>
    </process>
</teamworks>

