<?xml version="1.0" encoding="UTF-8"?>
<teamworks>
    <process id="1.4c0836a3-9a00-4cf5-bb21-ba483eeacc48" name="Default Chart Multi Data Series Action">
        <lastModified>1535472623041</lastModified>
        <lastModifiedBy>tw_admin</lastModifiedBy>
        <processId>1.4c0836a3-9a00-4cf5-bb21-ba483eeacc48</processId>
        <image isNull="true" />
        <tabGroup isNull="true" />
        <startingProcessItemId>2025.ccb21711-225e-4be4-82ec-5fa73f2ebd26</startingProcessItemId>
        <isRootProcess>false</isRootProcess>
        <processType>14</processType>
        <isErrorHandlerEnabled>false</isErrorHandlerEnabled>
        <errorHandlerItemId isNull="true" />
        <isLoggingVariables>false</isLoggingVariables>
        <isTransactional>false</isTransactional>
        <processTimingLevel isNull="true" />
        <participantRef isNull="true" />
        <exposedType>0</exposedType>
        <isTrackingEnabled>true</isTrackingEnabled>
        <xmlData isNull="true" />
        <cachingType>false</cachingType>
        <itemLabel isNull="true" />
        <cacheLength isNull="true" />
        <mobileReady>false</mobileReady>
        <sboSyncEnabled>true</sboSyncEnabled>
        <externalId isNull="true" />
        <isSecured>false</isSecured>
        <isAjaxExposed>false</isAjaxExposed>
        <description isNull="true" />
        <guid>guid:31b4ebebabacd2d5:140b1c05:16515335af7:-6923</guid>
        <versionId>4f87fe3e-38d6-4d88-85df-3100349fa509</versionId>
        <dependencySummary isNull="true" />
        <jsonData>{"rootElement":[{"extensionElements":{"userTaskImplementation":[{"flowElement":[{"parallelMultiple":false,"outgoing":["2027.25b7db60-d116-4b18-92dc-7b63e5a838f6"],"isInterrupting":true,"extensionElements":{"nodeVisualInfo":[{"color":"#F8F8F8","width":24,"x":50,"y":200,"declaredType":"TNodeVisualInfo","height":24}]},"name":"Start","declaredType":"startEvent","id":"bccbb14c-43f5-40be-8908-16d5edaed7ee"},{"incoming":["2027.a819a906-3869-4bb4-8ece-dfd89e7bb969","2027.dc522d74-6975-4ba2-860d-495e0c5fcdb7"],"extensionElements":{"nodeVisualInfo":[{"color":"#F8F8F8","width":24,"x":644,"y":377,"declaredType":"TNodeVisualInfo","height":24}],"navigationInstructions":[{"targetType":"Default","declaredType":"com.ibm.bpmsdk.model.bpmn20.ibmext.TNavigationInstructions"}]},"name":"End","declaredType":"endEvent","id":"1cbd58a7-e3e8-416f-829d-c76e72023017"},{"targetRef":"2025.cf434599-c364-48f0-8184-477b272ed3d1","extensionElements":{"linkVisualInfo":[{"sourcePortLocation":"rightCenter","showCoachControlLabel":false,"labelPosition":0.0,"targetPortLocation":"leftCenter","declaredType":"TLinkVisualInfo","saveExecutionContext":false,"showLabel":false}]},"name":"Start to End","declaredType":"sequenceFlow","id":"2027.25b7db60-d116-4b18-92dc-7b63e5a838f6","sourceRef":"bccbb14c-43f5-40be-8908-16d5edaed7ee"},{"outgoing":["2027.969377ea-2657-4ca6-8aa2-c81766d8889e","2027.3b0f0daa-c069-4b16-8eb7-cfea64b339fc","2027.649be364-f92a-41c0-835d-e5adca60d64f"],"incoming":["2027.25b7db60-d116-4b18-92dc-7b63e5a838f6"],"default":"2027.649be364-f92a-41c0-835d-e5adca60d64f","gatewayDirection":"Unspecified","extensionElements":{"nodeVisualInfo":[{"width":32,"x":190,"y":196,"declaredType":"TNodeVisualInfo","height":32}]},"name":"Behavior","declaredType":"exclusiveGateway","id":"2025.cf434599-c364-48f0-8184-477b272ed3d1"},{"startQuantity":1,"outgoing":["2027.a819a906-3869-4bb4-8ece-dfd89e7bb969"],"incoming":["2027.3b0f0daa-c069-4b16-8eb7-cfea64b339fc"],"default":"2027.a819a906-3869-4bb4-8ece-dfd89e7bb969","extensionElements":{"nodeVisualInfo":[{"width":95,"x":411,"y":177,"declaredType":"TNodeVisualInfo","height":70}]},"name":"Empty Data Logic","isForCompensation":false,"completionQuantity":1,"declaredType":"scriptTask","id":"2025.3144b36f-4672-4446-8d70-f00d9bd25391","scriptFormat":"text\/x-javascript","script":{"content":["tw.local.multiDataSeries = [];"]}},{"startQuantity":1,"outgoing":["2027.dc522d74-6975-4ba2-860d-495e0c5fcdb7"],"incoming":["2027.649be364-f92a-41c0-835d-e5adca60d64f"],"default":"2027.dc522d74-6975-4ba2-860d-495e0c5fcdb7","extensionElements":{"nodeVisualInfo":[{"width":95,"x":413,"y":354,"declaredType":"TNodeVisualInfo","height":70}]},"name":"Logic","isForCompensation":false,"completionQuantity":1,"declaredType":"scriptTask","id":"2025.eb6be3ab-5314-42e9-8db5-b422931f9a2a","scriptFormat":"text\/x-javascript","script":{"content":["\/\/java.lang.Thread.sleep(500); \/\/Simulate latency\n\ntw.local.multiDataSeries = [];\n\nfor(var j = 0; j &lt; 5; j++)\n{\n    var dataSeries = {};\n    \n    dataSeries.seriesName = \"Sample \" + j;\n    dataSeries.dataPoints = [];\n    \n    var i = 0;\n    \n    dataSeries.dataPoints[i] = {};\n    dataSeries.dataPoints[i].value = Math.floor(100 * Math.random()) + j;\n    dataSeries.dataPoints[i].label = \"Category \" + i;\n    i++;\n    dataSeries.dataPoints[i] = {};\n    dataSeries.dataPoints[i].value = Math.floor(100 * Math.random()) + j;\n    dataSeries.dataPoints[i].label = \"Category \" + i;\n    i++;\n    dataSeries.dataPoints[i] = {};\n    dataSeries.dataPoints[i].value = Math.floor(100 * Math.random()) + j;\n    dataSeries.dataPoints[i].label = \"Category \" + i;\n    i++;\n    dataSeries.dataPoints[i] = {};\n    dataSeries.dataPoints[i].value = Math.floor(100 * Math.random()) + j;\n    dataSeries.dataPoints[i].label = \"Category \" + i;\n    i++;\n    dataSeries.dataPoints[i] = {};\n    dataSeries.dataPoints[i].value = Math.floor(100 * Math.random()) + j;\n    dataSeries.dataPoints[i].label = \"Category \" + i;\n    i++;\n\n    tw.local.multiDataSeries[tw.local.multiDataSeries.length] = dataSeries;\n}"]}},{"incoming":["2027.969377ea-2657-4ca6-8aa2-c81766d8889e"],"eventDefinition":[{"extensionElements":{"errorEventSettings":[{"catchAll":false,"errorCode":"tw.local.simulatedErrorCode","declaredType":"com.ibm.bpmsdk.model.bpmn20.ibmwleext.TErrorEventSettings"}]},"declaredType":"errorEventDefinition"}],"extensionElements":{"nodeVisualInfo":[{"width":24,"x":439,"y":65,"declaredType":"TNodeVisualInfo","height":24}],"navigationInstructions":[{"targetType":"Default","declaredType":"com.ibm.bpmsdk.model.bpmn20.ibmext.TNavigationInstructions"}]},"name":"Error","dataInputAssociation":[{"assignment":[{"from":{"declaredType":"TFormalExpression","content":["tw.local.simulatedError"]}}]}],"declaredType":"endEvent","id":"2025.165456a1-1ca4-4990-8909-a73a232555d2"},{"targetRef":"2025.3144b36f-4672-4446-8d70-f00d9bd25391","conditionExpression":{"declaredType":"TFormalExpression","content":["tw.local.input\t  ==\t  \"EMPTY\""]},"extensionElements":{"linkVisualInfo":[{"sourcePortLocation":"rightCenter","showCoachControlLabel":false,"labelPosition":0.0,"targetPortLocation":"leftCenter","declaredType":"TLinkVisualInfo","saveExecutionContext":false,"showLabel":true}]},"name":"To Empty Data Logic","declaredType":"sequenceFlow","id":"2027.3b0f0daa-c069-4b16-8eb7-cfea64b339fc","sourceRef":"2025.cf434599-c364-48f0-8184-477b272ed3d1"},{"targetRef":"1cbd58a7-e3e8-416f-829d-c76e72023017","extensionElements":{"sequenceFlowImplementation":[{"fireValidation":"Never","sboSyncEnabled":true,"declaredType":"com.ibm.bpmsdk.model.bpmn20.ibmext.TSequenceFlowImplementation"}],"linkVisualInfo":[{"sourcePortLocation":"rightCenter","showCoachControlLabel":false,"labelPosition":0.0,"targetPortLocation":"topCenter","declaredType":"TLinkVisualInfo","saveExecutionContext":true,"showLabel":false}]},"name":"To End","declaredType":"sequenceFlow","id":"2027.a819a906-3869-4bb4-8ece-dfd89e7bb969","sourceRef":"2025.3144b36f-4672-4446-8d70-f00d9bd25391"},{"targetRef":"2025.eb6be3ab-5314-42e9-8db5-b422931f9a2a","conditionExpression":{"declaredType":"TFormalExpression","content":["tw.local.input\t  ==\t  \"EMPTY\""]},"extensionElements":{"linkVisualInfo":[{"sourcePortLocation":"bottomCenter","showCoachControlLabel":false,"labelPosition":0.0,"targetPortLocation":"leftCenter","declaredType":"TLinkVisualInfo","saveExecutionContext":false,"showLabel":true}]},"name":"To Logic","declaredType":"sequenceFlow","id":"2027.649be364-f92a-41c0-835d-e5adca60d64f","sourceRef":"2025.cf434599-c364-48f0-8184-477b272ed3d1"},{"targetRef":"1cbd58a7-e3e8-416f-829d-c76e72023017","extensionElements":{"sequenceFlowImplementation":[{"fireValidation":"Never","sboSyncEnabled":true,"declaredType":"com.ibm.bpmsdk.model.bpmn20.ibmext.TSequenceFlowImplementation"}],"linkVisualInfo":[{"sourcePortLocation":"rightCenter","showCoachControlLabel":false,"labelPosition":0.0,"targetPortLocation":"leftCenter","declaredType":"TLinkVisualInfo","saveExecutionContext":true,"showLabel":false}]},"name":"To End","declaredType":"sequenceFlow","id":"2027.dc522d74-6975-4ba2-860d-495e0c5fcdb7","sourceRef":"2025.eb6be3ab-5314-42e9-8db5-b422931f9a2a"},{"targetRef":"2025.165456a1-1ca4-4990-8909-a73a232555d2","conditionExpression":{"declaredType":"TFormalExpression","content":["tw.local.input\t  ==\t  \"ERROR\""]},"extensionElements":{"sequenceFlowImplementation":[{"fireValidation":"Never","sboSyncEnabled":true,"declaredType":"com.ibm.bpmsdk.model.bpmn20.ibmext.TSequenceFlowImplementation"}],"linkVisualInfo":[{"sourcePortLocation":"topCenter","showCoachControlLabel":false,"labelPosition":0.0,"targetPortLocation":"leftCenter","declaredType":"TLinkVisualInfo","saveExecutionContext":true,"showLabel":true}]},"name":"Simulate Error","declaredType":"sequenceFlow","id":"2027.969377ea-2657-4ca6-8aa2-c81766d8889e","sourceRef":"2025.cf434599-c364-48f0-8184-477b272ed3d1"},{"extensionElements":{"defaultValue":[{"declaredType":"com.ibm.bpmsdk.model.bpmn20.ibmext.TDefaultValue","useDefault":true,"value":"\"999\""}]},"itemSubjectRef":"itm.12.db884a3c-c533-44b7-bb2d-47bec8ad4022","name":"simulatedErrorCode","isCollection":false,"declaredType":"dataObject","id":"2056.7361bed5-288c-4652-836e-4c225547e0f0"},{"extensionElements":{"defaultValue":[{"declaredType":"com.ibm.bpmsdk.model.bpmn20.ibmext.TDefaultValue","useDefault":true,"value":"\"Simulated Error...\""}]},"itemSubjectRef":"itm.12.db884a3c-c533-44b7-bb2d-47bec8ad4022","name":"simulatedError","isCollection":false,"declaredType":"dataObject","id":"2056.29bf043d-dc97-4d3b-82d6-bd23d34a5125"}],"isClosed":false,"declaredType":"com.ibm.bpmsdk.model.bpmn20.ibmext.TUserTaskImplementation","id":"4aa82fb4-5f29-408c-8164-f6ca1382a3e8","processType":"None"}]},"implementation":"##unspecified","documentation":[{"textFormat":"text\/plain"}],"name":"Default Chart Multi Data Series Action","declaredType":"globalUserTask","id":"1.4c0836a3-9a00-4cf5-bb21-ba483eeacc48","ioSpecification":{"dataOutput":[{"itemSubjectRef":"itm.12.63a604e8-e026-4605-aae1-272b67822cc7","name":"multiDataSeries","isCollection":true,"id":"2055.7dfbd5e9-c35b-431b-8832-2360f6200d3c"}],"inputSet":[{"id":"_1c332630-096e-4b4d-a2f0-f837f9a95e09"}],"outputSet":[{"id":"_22cdf6a2-951c-437b-be7e-fbb1439b87cd"}],"dataInput":[{"itemSubjectRef":"itm.12.c09c9b6e-aabd-4897-bef2-ed61db106297","name":"input","isCollection":false,"id":"2055.e0826ebb-e736-428d-85d7-9b15f59d2bfb"}]}}],"targetNamespace":"","typeLanguage":"http:\/\/www.w3.org\/2001\/XMLSchema","expressionLanguage":"http:\/\/www.ibm.com\/xmlns\/prod\/bpm\/expression-lang\/javascript","id":"dab20952-bc13-4e63-8c58-ec92a15f0530"}</jsonData>
        <field1 isNull="true" />
        <field2 isNull="true" />
        <field3>0</field3>
        <field4 isNull="true" />
        <field5>false</field5>
        <clobField1 isNull="true" />
        <blobField1 isNull="true" />
        <processParameter name="input">
            <lastModified isNull="true" />
            <lastModifiedBy isNull="true" />
            <processParameterId>2055.e0826ebb-e736-428d-85d7-9b15f59d2bfb</processParameterId>
            <processId>1.4c0836a3-9a00-4cf5-bb21-ba483eeacc48</processId>
            <parameterType>1</parameterType>
            <isArrayOf>false</isArrayOf>
            <classId>556939fc-1d6d-4204-9546-c095a59cca29/12.c09c9b6e-aabd-4897-bef2-ed61db106297</classId>
            <seq>1</seq>
            <hasDefault>false</hasDefault>
            <defaultValue isNull="true" />
            <isLocked>false</isLocked>
            <description isNull="true" />
            <guid>f91f9f9a-8b33-42b5-ae5e-7e036d99413e</guid>
            <versionId>65be7209-3b19-47f1-be0d-b9ffe3b52d35</versionId>
        </processParameter>
        <processParameter name="multiDataSeries">
            <lastModified isNull="true" />
            <lastModifiedBy isNull="true" />
            <processParameterId>2055.7dfbd5e9-c35b-431b-8832-2360f6200d3c</processParameterId>
            <processId>1.4c0836a3-9a00-4cf5-bb21-ba483eeacc48</processId>
            <parameterType>2</parameterType>
            <isArrayOf>true</isArrayOf>
            <classId>/12.63a604e8-e026-4605-aae1-272b67822cc7</classId>
            <seq>2</seq>
            <hasDefault>false</hasDefault>
            <defaultValue isNull="true" />
            <isLocked>false</isLocked>
            <description isNull="true" />
            <guid>0966bf9a-f78f-4bfc-8113-9371a3f46e58</guid>
            <versionId>9fb5cf8b-35de-442e-ace2-efe0ac561c4e</versionId>
        </processParameter>
        <processParameter name="">
            <lastModified isNull="true" />
            <lastModifiedBy isNull="true" />
            <processParameterId>2055.84e662bc-fc48-4d82-8e95-5a0a392331e5</processParameterId>
            <processId>1.4c0836a3-9a00-4cf5-bb21-ba483eeacc48</processId>
            <parameterType>3</parameterType>
            <isArrayOf>false</isArrayOf>
            <classId>/12.46ab33d6-3cf8-4cd3-bb72-8258fbc340c6</classId>
            <seq>4</seq>
            <hasDefault>false</hasDefault>
            <defaultValue isNull="true" />
            <isLocked>false</isLocked>
            <description isNull="true" />
            <guid>73862e27-3b3b-4852-833f-d1362a49c1eb</guid>
            <versionId>5c6a2a07-7dad-46bd-bf63-fcdab3ef9f79</versionId>
        </processParameter>
        <processVariable name="simulatedErrorCode">
            <lastModified isNull="true" />
            <lastModifiedBy isNull="true" />
            <processVariableId>2056.7361bed5-288c-4652-836e-4c225547e0f0</processVariableId>
            <description isNull="true" />
            <processId>1.4c0836a3-9a00-4cf5-bb21-ba483eeacc48</processId>
            <namespace>2</namespace>
            <seq>1</seq>
            <isArrayOf>false</isArrayOf>
            <isTransient>false</isTransient>
            <classId>556939fc-1d6d-4204-9546-c095a59cca29/12.db884a3c-c533-44b7-bb2d-47bec8ad4022</classId>
            <hasDefault>false</hasDefault>
            <defaultValue isNull="true" />
            <guid>35c56584-f9ba-4486-bcf2-9127928f74af</guid>
            <versionId>accb11a3-ab1c-47ae-8bc3-f625302246b2</versionId>
        </processVariable>
        <processVariable name="simulatedError">
            <lastModified isNull="true" />
            <lastModifiedBy isNull="true" />
            <processVariableId>2056.29bf043d-dc97-4d3b-82d6-bd23d34a5125</processVariableId>
            <description isNull="true" />
            <processId>1.4c0836a3-9a00-4cf5-bb21-ba483eeacc48</processId>
            <namespace>2</namespace>
            <seq>2</seq>
            <isArrayOf>false</isArrayOf>
            <isTransient>false</isTransient>
            <classId>556939fc-1d6d-4204-9546-c095a59cca29/12.db884a3c-c533-44b7-bb2d-47bec8ad4022</classId>
            <hasDefault>false</hasDefault>
            <defaultValue isNull="true" />
            <guid>5789dcb6-dccd-49ad-a3ef-f8a81553c158</guid>
            <versionId>85deb439-8044-472e-8191-19fb9dc34278</versionId>
        </processVariable>
        <item>
            <lastModified isNull="true" />
            <lastModifiedBy isNull="true" />
            <processItemId>2025.ccb21711-225e-4be4-82ec-5fa73f2ebd26</processItemId>
            <processId>1.4c0836a3-9a00-4cf5-bb21-ba483eeacc48</processId>
            <name>CoachFlowWrapper</name>
            <tWComponentName>CoachFlow</tWComponentName>
            <tWComponentId>3032.7ca3ecf4-5978-490c-b666-b265868aff88</tWComponentId>
            <isLogEnabled>false</isLogEnabled>
            <isTraceEnabled>false</isTraceEnabled>
            <traceCategory isNull="true" />
            <traceLevel isNull="true" />
            <traceMessage isNull="true" />
            <traceSymbolTable isNull="true" />
            <isExecutionContextTraced>false</isExecutionContextTraced>
            <saveExecutionContext>true</saveExecutionContext>
            <documentation isNull="true" />
            <isErrorHandlerEnabled>false</isErrorHandlerEnabled>
            <errorHandlerItemId isNull="true" />
            <guid>guid:31b4ebebabacd2d5:140b1c05:16515335af7:-6921</guid>
            <versionId>7cf3afce-1773-4881-9652-3c777b27ce15</versionId>
            <externalServiceRef isNull="true" />
            <externalServiceOp isNull="true" />
            <nodeColor isNull="true" />
            <layoutData x="0" y="0">
                <errorLink>
                    <controlPoints />
                    <showEndState>false</showEndState>
                    <showName>false</showName>
                </errorLink>
            </layoutData>
            <TWComponent />
        </item>
        <item>
            <lastModified isNull="true" />
            <lastModifiedBy isNull="true" />
            <processItemId>2025.a4086104-2fcb-44dd-9c44-16ee9e010207</processItemId>
            <processId>1.4c0836a3-9a00-4cf5-bb21-ba483eeacc48</processId>
            <name>End</name>
            <tWComponentName>ExitPoint</tWComponentName>
            <tWComponentId>3008.cf73e04f-9fb2-4250-b081-5c8ce80ea61a</tWComponentId>
            <isLogEnabled>false</isLogEnabled>
            <isTraceEnabled>false</isTraceEnabled>
            <traceCategory isNull="true" />
            <traceLevel isNull="true" />
            <traceMessage isNull="true" />
            <traceSymbolTable isNull="true" />
            <isExecutionContextTraced>false</isExecutionContextTraced>
            <saveExecutionContext>true</saveExecutionContext>
            <documentation isNull="true" />
            <isErrorHandlerEnabled>false</isErrorHandlerEnabled>
            <errorHandlerItemId isNull="true" />
            <guid>guid:31b4ebebabacd2d5:140b1c05:16515335af7:-6922</guid>
            <versionId>f5839c73-3a01-4312-815f-74d7f5ba93f4</versionId>
            <externalServiceRef isNull="true" />
            <externalServiceOp isNull="true" />
            <nodeColor isNull="true" />
            <layoutData x="0" y="0">
                <errorLink>
                    <controlPoints />
                    <showEndState>false</showEndState>
                    <showName>false</showName>
                </errorLink>
            </layoutData>
            <TWComponent>
                <lastModified isNull="true" />
                <lastModifiedBy isNull="true" />
                <exitPointId>3008.cf73e04f-9fb2-4250-b081-5c8ce80ea61a</exitPointId>
                <haltProcess>false</haltProcess>
                <guid>43acde97-351f-405b-a29c-382b26186a1f</guid>
                <versionId>d48e6b3b-568c-4abd-aaa0-311adbc8c4a9</versionId>
            </TWComponent>
        </item>
        <startingProcessItemId>2025.ccb21711-225e-4be4-82ec-5fa73f2ebd26</startingProcessItemId>
        <errorHandlerItemId isNull="true" />
        <layoutData noConversion="true">
            <errorLink>
                <controlPoints />
                <showEndState>false</showEndState>
                <showName>false</showName>
            </errorLink>
        </layoutData>
        <startPoint>
            <layoutData x="0" y="0">
                <errorLink>
                    <controlPoints />
                    <showEndState>false</showEndState>
                    <showName>false</showName>
                </errorLink>
            </layoutData>
        </startPoint>
        <startLink>
            <fromPort locationId="rightCenter" portType="1" />
            <toPort locationId="rightCenter" portType="2" />
            <layoutData>
                <controlPoints />
                <showEndState>false</showEndState>
                <showName>false</showName>
            </layoutData>
        </startLink>
        <bpmn2Model>
            <ns17:definitions xmlns:ns17="http://www.omg.org/spec/BPMN/20100524/MODEL" xmlns:ns2="http://www.ibm.com/xmlns/prod/bpm/bpmn/ext/process" xmlns:ns3="http://www.ibm.com/xmlns/prod/bpm/bpmn/ext/process/wle" xmlns:ns4="http://www.ibm.com/xmlns/prod/bpm/bpmn/ext/process/case" xmlns:ns5="http://www.ibm.com/bpm/Extensions" xmlns:ns6="http://www.ibm.com/xmlns/prod/bpm/uca" xmlns:ns7="http://www.ibm.com/xmlns/prod/bpm/bpmn/ext/trackinggroup" xmlns:ns8="http://www.ibm.com/xmlns/prod/bpm/bpmn/ext/team" xmlns:ns9="http://www.ibm.com/xmlns/bpmnx/20100524/v1/BusinessVocabulary" xmlns:ns10="http://www.omg.org/spec/DD/20100524/DI" xmlns:ns11="http://www.omg.org/spec/DD/20100524/DC" xmlns:ns12="http://www.omg.org/spec/BPMN/20100524/BPMNDI" xmlns:ns13="http://www.ibm.com/xmlns/prod/bpm/graph" xmlns:ns14="http://www.ibm.com/xmlns/prod/bpm/bpmn/ext/process/auth" xmlns:ns15="http://www.ibm.com/xmlns/prod/bpm/bpmn/ext/extservice" xmlns:ns16="http://www.ibm.com/xmlns/links" xmlns:ns18="http://www.ibm.com/bpm/CoachDesignerNG" xmlns:ns19="http://www.ibm.com/xmlns/tagging" xmlns:ns20="http://www.ibm.com/bpm/uitheme" xmlns:ns21="http://www.ibm.com/bpm/coachview" id="dab20952-bc13-4e63-8c58-ec92a15f0530" targetNamespace="" expressionLanguage="http://www.ibm.com/xmlns/prod/bpm/expression-lang/javascript">
                
                
                <ns17:globalUserTask name="Default Chart Multi Data Series Action" id="1.4c0836a3-9a00-4cf5-bb21-ba483eeacc48">
                    
                    
                    <ns17:documentation />
                    
                    
                    <ns17:extensionElements>
                        
                        
                        <ns2:userTaskImplementation id="4aa82fb4-5f29-408c-8164-f6ca1382a3e8">
                            
                            
                            <ns17:startEvent name="Start" id="bccbb14c-43f5-40be-8908-16d5edaed7ee">
                                
                                
                                <ns17:extensionElements>
                                    
                                    
                                    <ns13:nodeVisualInfo x="50" y="200" width="24" height="24" color="#F8F8F8" />
                                    
                                
                                </ns17:extensionElements>
                                
                                
                                <ns17:outgoing>2027.25b7db60-d116-4b18-92dc-7b63e5a838f6</ns17:outgoing>
                                
                            
                            </ns17:startEvent>
                            
                            
                            <ns17:endEvent name="End" id="1cbd58a7-e3e8-416f-829d-c76e72023017">
                                
                                
                                <ns17:extensionElements>
                                    
                                    
                                    <ns13:nodeVisualInfo x="644" y="377" width="24" height="24" color="#F8F8F8" />
                                    
                                    
                                    <ns2:navigationInstructions>
                                        
                                        
                                        <ns2:targetType>Default</ns2:targetType>
                                        
                                    
                                    </ns2:navigationInstructions>
                                    
                                
                                </ns17:extensionElements>
                                
                                
                                <ns17:incoming>2027.a819a906-3869-4bb4-8ece-dfd89e7bb969</ns17:incoming>
                                
                                
                                <ns17:incoming>2027.dc522d74-6975-4ba2-860d-495e0c5fcdb7</ns17:incoming>
                                
                            
                            </ns17:endEvent>
                            
                            
                            <ns17:sequenceFlow sourceRef="bccbb14c-43f5-40be-8908-16d5edaed7ee" targetRef="2025.cf434599-c364-48f0-8184-477b272ed3d1" name="Start to End" id="2027.25b7db60-d116-4b18-92dc-7b63e5a838f6">
                                
                                
                                <ns17:extensionElements>
                                    
                                    
                                    <ns13:linkVisualInfo>
                                        
                                        
                                        <ns13:sourcePortLocation>rightCenter</ns13:sourcePortLocation>
                                        
                                        
                                        <ns13:targetPortLocation>leftCenter</ns13:targetPortLocation>
                                        
                                        
                                        <ns13:showLabel>false</ns13:showLabel>
                                        
                                        
                                        <ns13:showCoachControlLabel>false</ns13:showCoachControlLabel>
                                        
                                        
                                        <ns13:labelPosition>0.0</ns13:labelPosition>
                                        
                                        
                                        <ns13:saveExecutionContext>false</ns13:saveExecutionContext>
                                        
                                    
                                    </ns13:linkVisualInfo>
                                    
                                
                                </ns17:extensionElements>
                                
                            
                            </ns17:sequenceFlow>
                            
                            
                            <ns17:exclusiveGateway default="2027.649be364-f92a-41c0-835d-e5adca60d64f" name="Behavior" id="2025.cf434599-c364-48f0-8184-477b272ed3d1">
                                
                                
                                <ns17:extensionElements>
                                    
                                    
                                    <ns13:nodeVisualInfo x="190" y="196" width="32" height="32" />
                                    
                                
                                </ns17:extensionElements>
                                
                                
                                <ns17:incoming>2027.25b7db60-d116-4b18-92dc-7b63e5a838f6</ns17:incoming>
                                
                                
                                <ns17:outgoing>2027.969377ea-2657-4ca6-8aa2-c81766d8889e</ns17:outgoing>
                                
                                
                                <ns17:outgoing>2027.3b0f0daa-c069-4b16-8eb7-cfea64b339fc</ns17:outgoing>
                                
                                
                                <ns17:outgoing>2027.649be364-f92a-41c0-835d-e5adca60d64f</ns17:outgoing>
                                
                            
                            </ns17:exclusiveGateway>
                            
                            
                            <ns17:scriptTask scriptFormat="text/x-javascript" default="2027.a819a906-3869-4bb4-8ece-dfd89e7bb969" name="Empty Data Logic" id="2025.3144b36f-4672-4446-8d70-f00d9bd25391">
                                
                                
                                <ns17:extensionElements>
                                    
                                    
                                    <ns13:nodeVisualInfo x="411" y="177" width="95" height="70" />
                                    
                                
                                </ns17:extensionElements>
                                
                                
                                <ns17:incoming>2027.3b0f0daa-c069-4b16-8eb7-cfea64b339fc</ns17:incoming>
                                
                                
                                <ns17:outgoing>2027.a819a906-3869-4bb4-8ece-dfd89e7bb969</ns17:outgoing>
                                
                                
                                <ns17:script>tw.local.multiDataSeries = [];</ns17:script>
                                
                            
                            </ns17:scriptTask>
                            
                            
                            <ns17:scriptTask scriptFormat="text/x-javascript" default="2027.dc522d74-6975-4ba2-860d-495e0c5fcdb7" name="Logic" id="2025.eb6be3ab-5314-42e9-8db5-b422931f9a2a">
                                
                                
                                <ns17:extensionElements>
                                    
                                    
                                    <ns13:nodeVisualInfo x="413" y="354" width="95" height="70" />
                                    
                                
                                </ns17:extensionElements>
                                
                                
                                <ns17:incoming>2027.649be364-f92a-41c0-835d-e5adca60d64f</ns17:incoming>
                                
                                
                                <ns17:outgoing>2027.dc522d74-6975-4ba2-860d-495e0c5fcdb7</ns17:outgoing>
                                
                                
                                <ns17:script>//java.lang.Thread.sleep(500); //Simulate latency

tw.local.multiDataSeries = [];

for(var j = 0; j &lt; 5; j++)
{
    var dataSeries = {};
    
    dataSeries.seriesName = "Sample " + j;
    dataSeries.dataPoints = [];
    
    var i = 0;
    
    dataSeries.dataPoints[i] = {};
    dataSeries.dataPoints[i].value = Math.floor(100 * Math.random()) + j;
    dataSeries.dataPoints[i].label = "Category " + i;
    i++;
    dataSeries.dataPoints[i] = {};
    dataSeries.dataPoints[i].value = Math.floor(100 * Math.random()) + j;
    dataSeries.dataPoints[i].label = "Category " + i;
    i++;
    dataSeries.dataPoints[i] = {};
    dataSeries.dataPoints[i].value = Math.floor(100 * Math.random()) + j;
    dataSeries.dataPoints[i].label = "Category " + i;
    i++;
    dataSeries.dataPoints[i] = {};
    dataSeries.dataPoints[i].value = Math.floor(100 * Math.random()) + j;
    dataSeries.dataPoints[i].label = "Category " + i;
    i++;
    dataSeries.dataPoints[i] = {};
    dataSeries.dataPoints[i].value = Math.floor(100 * Math.random()) + j;
    dataSeries.dataPoints[i].label = "Category " + i;
    i++;

    tw.local.multiDataSeries[tw.local.multiDataSeries.length] = dataSeries;
}</ns17:script>
                                
                            
                            </ns17:scriptTask>
                            
                            
                            <ns17:endEvent name="Error" id="2025.165456a1-1ca4-4990-8909-a73a232555d2">
                                
                                
                                <ns17:extensionElements>
                                    
                                    
                                    <ns13:nodeVisualInfo x="439" y="65" width="24" height="24" />
                                    
                                    
                                    <ns2:navigationInstructions>
                                        
                                        
                                        <ns2:targetType>Default</ns2:targetType>
                                        
                                    
                                    </ns2:navigationInstructions>
                                    
                                
                                </ns17:extensionElements>
                                
                                
                                <ns17:incoming>2027.969377ea-2657-4ca6-8aa2-c81766d8889e</ns17:incoming>
                                
                                
                                <ns17:dataInputAssociation>
                                    
                                    
                                    <ns17:assignment>
                                        
                                        
                                        <ns17:from xmlns:xsi="http://www.w3.org/2001/XMLSchema-instance" xsi:type="ns17:tFormalExpression">tw.local.simulatedError</ns17:from>
                                        
                                    
                                    </ns17:assignment>
                                    
                                
                                </ns17:dataInputAssociation>
                                
                                
                                <ns17:errorEventDefinition>
                                    
                                    
                                    <ns17:extensionElements>
                                        
                                        
                                        <ns3:errorEventSettings>
                                            
                                            
                                            <ns3:catchAll>false</ns3:catchAll>
                                            
                                            
                                            <ns3:errorCode>tw.local.simulatedErrorCode</ns3:errorCode>
                                            
                                        
                                        </ns3:errorEventSettings>
                                        
                                    
                                    </ns17:extensionElements>
                                    
                                
                                </ns17:errorEventDefinition>
                                
                            
                            </ns17:endEvent>
                            
                            
                            <ns17:sequenceFlow sourceRef="2025.cf434599-c364-48f0-8184-477b272ed3d1" targetRef="2025.3144b36f-4672-4446-8d70-f00d9bd25391" name="To Empty Data Logic" id="2027.3b0f0daa-c069-4b16-8eb7-cfea64b339fc">
                                
                                
                                <ns17:extensionElements>
                                    
                                    
                                    <ns13:linkVisualInfo>
                                        
                                        
                                        <ns13:sourcePortLocation>rightCenter</ns13:sourcePortLocation>
                                        
                                        
                                        <ns13:targetPortLocation>leftCenter</ns13:targetPortLocation>
                                        
                                        
                                        <ns13:showLabel>true</ns13:showLabel>
                                        
                                        
                                        <ns13:showCoachControlLabel>false</ns13:showCoachControlLabel>
                                        
                                        
                                        <ns13:labelPosition>0.0</ns13:labelPosition>
                                        
                                        
                                        <ns13:saveExecutionContext>false</ns13:saveExecutionContext>
                                        
                                    
                                    </ns13:linkVisualInfo>
                                    
                                
                                </ns17:extensionElements>
                                
                                
                                <ns17:conditionExpression xmlns:xsi="http://www.w3.org/2001/XMLSchema-instance" xsi:type="ns17:tFormalExpression">tw.local.input	  ==	  "EMPTY"</ns17:conditionExpression>
                                
                            
                            </ns17:sequenceFlow>
                            
                            
                            <ns17:sequenceFlow sourceRef="2025.3144b36f-4672-4446-8d70-f00d9bd25391" targetRef="1cbd58a7-e3e8-416f-829d-c76e72023017" name="To End" id="2027.a819a906-3869-4bb4-8ece-dfd89e7bb969">
                                
                                
                                <ns17:extensionElements>
                                    
                                    
                                    <ns2:sequenceFlowImplementation sboSyncEnabled="true" />
                                    
                                    
                                    <ns13:linkVisualInfo>
                                        
                                        
                                        <ns13:sourcePortLocation>rightCenter</ns13:sourcePortLocation>
                                        
                                        
                                        <ns13:targetPortLocation>topCenter</ns13:targetPortLocation>
                                        
                                        
                                        <ns13:showLabel>false</ns13:showLabel>
                                        
                                        
                                        <ns13:showCoachControlLabel>false</ns13:showCoachControlLabel>
                                        
                                        
                                        <ns13:labelPosition>0.0</ns13:labelPosition>
                                        
                                        
                                        <ns13:saveExecutionContext>true</ns13:saveExecutionContext>
                                        
                                    
                                    </ns13:linkVisualInfo>
                                    
                                
                                </ns17:extensionElements>
                                
                            
                            </ns17:sequenceFlow>
                            
                            
                            <ns17:sequenceFlow sourceRef="2025.cf434599-c364-48f0-8184-477b272ed3d1" targetRef="2025.eb6be3ab-5314-42e9-8db5-b422931f9a2a" name="To Logic" id="2027.649be364-f92a-41c0-835d-e5adca60d64f">
                                
                                
                                <ns17:extensionElements>
                                    
                                    
                                    <ns13:linkVisualInfo>
                                        
                                        
                                        <ns13:sourcePortLocation>bottomCenter</ns13:sourcePortLocation>
                                        
                                        
                                        <ns13:targetPortLocation>leftCenter</ns13:targetPortLocation>
                                        
                                        
                                        <ns13:showLabel>true</ns13:showLabel>
                                        
                                        
                                        <ns13:showCoachControlLabel>false</ns13:showCoachControlLabel>
                                        
                                        
                                        <ns13:labelPosition>0.0</ns13:labelPosition>
                                        
                                        
                                        <ns13:saveExecutionContext>false</ns13:saveExecutionContext>
                                        
                                    
                                    </ns13:linkVisualInfo>
                                    
                                
                                </ns17:extensionElements>
                                
                                
                                <ns17:conditionExpression xmlns:xsi="http://www.w3.org/2001/XMLSchema-instance" xsi:type="ns17:tFormalExpression">tw.local.input	  ==	  "EMPTY"</ns17:conditionExpression>
                                
                            
                            </ns17:sequenceFlow>
                            
                            
                            <ns17:sequenceFlow sourceRef="2025.eb6be3ab-5314-42e9-8db5-b422931f9a2a" targetRef="1cbd58a7-e3e8-416f-829d-c76e72023017" name="To End" id="2027.dc522d74-6975-4ba2-860d-495e0c5fcdb7">
                                
                                
                                <ns17:extensionElements>
                                    
                                    
                                    <ns2:sequenceFlowImplementation sboSyncEnabled="true" />
                                    
                                    
                                    <ns13:linkVisualInfo>
                                        
                                        
                                        <ns13:sourcePortLocation>rightCenter</ns13:sourcePortLocation>
                                        
                                        
                                        <ns13:targetPortLocation>leftCenter</ns13:targetPortLocation>
                                        
                                        
                                        <ns13:showLabel>false</ns13:showLabel>
                                        
                                        
                                        <ns13:showCoachControlLabel>false</ns13:showCoachControlLabel>
                                        
                                        
                                        <ns13:labelPosition>0.0</ns13:labelPosition>
                                        
                                        
                                        <ns13:saveExecutionContext>true</ns13:saveExecutionContext>
                                        
                                    
                                    </ns13:linkVisualInfo>
                                    
                                
                                </ns17:extensionElements>
                                
                            
                            </ns17:sequenceFlow>
                            
                            
                            <ns17:sequenceFlow sourceRef="2025.cf434599-c364-48f0-8184-477b272ed3d1" targetRef="2025.165456a1-1ca4-4990-8909-a73a232555d2" name="Simulate Error" id="2027.969377ea-2657-4ca6-8aa2-c81766d8889e">
                                
                                
                                <ns17:extensionElements>
                                    
                                    
                                    <ns2:sequenceFlowImplementation sboSyncEnabled="true" />
                                    
                                    
                                    <ns13:linkVisualInfo>
                                        
                                        
                                        <ns13:sourcePortLocation>topCenter</ns13:sourcePortLocation>
                                        
                                        
                                        <ns13:targetPortLocation>leftCenter</ns13:targetPortLocation>
                                        
                                        
                                        <ns13:showLabel>true</ns13:showLabel>
                                        
                                        
                                        <ns13:showCoachControlLabel>false</ns13:showCoachControlLabel>
                                        
                                        
                                        <ns13:labelPosition>0.0</ns13:labelPosition>
                                        
                                        
                                        <ns13:saveExecutionContext>true</ns13:saveExecutionContext>
                                        
                                    
                                    </ns13:linkVisualInfo>
                                    
                                
                                </ns17:extensionElements>
                                
                                
                                <ns17:conditionExpression xmlns:xsi="http://www.w3.org/2001/XMLSchema-instance" xsi:type="ns17:tFormalExpression">tw.local.input	  ==	  "ERROR"</ns17:conditionExpression>
                                
                            
                            </ns17:sequenceFlow>
                            
                            
                            <ns17:dataObject itemSubjectRef="itm.12.db884a3c-c533-44b7-bb2d-47bec8ad4022" isCollection="false" name="simulatedErrorCode" id="2056.7361bed5-288c-4652-836e-4c225547e0f0">
                                
                                
                                <ns17:extensionElements>
                                    
                                    
                                    <ns2:defaultValue useDefault="true">"999"</ns2:defaultValue>
                                    
                                
                                </ns17:extensionElements>
                                
                            
                            </ns17:dataObject>
                            
                            
                            <ns17:dataObject itemSubjectRef="itm.12.db884a3c-c533-44b7-bb2d-47bec8ad4022" isCollection="false" name="simulatedError" id="2056.29bf043d-dc97-4d3b-82d6-bd23d34a5125">
                                
                                
                                <ns17:extensionElements>
                                    
                                    
                                    <ns2:defaultValue useDefault="true">"Simulated Error..."</ns2:defaultValue>
                                    
                                
                                </ns17:extensionElements>
                                
                            
                            </ns17:dataObject>
                            
                        
                        </ns2:userTaskImplementation>
                        
                    
                    </ns17:extensionElements>
                    
                    
                    <ns17:ioSpecification>
                        
                        
                        <ns17:dataInput name="input" itemSubjectRef="itm.12.c09c9b6e-aabd-4897-bef2-ed61db106297" isCollection="false" id="2055.e0826ebb-e736-428d-85d7-9b15f59d2bfb" />
                        
                        
                        <ns17:dataOutput name="multiDataSeries" itemSubjectRef="itm.12.63a604e8-e026-4605-aae1-272b67822cc7" isCollection="true" id="2055.7dfbd5e9-c35b-431b-8832-2360f6200d3c" />
                        
                        
                        <ns17:inputSet id="_1c332630-096e-4b4d-a2f0-f837f9a95e09" />
                        
                        
                        <ns17:outputSet id="_22cdf6a2-951c-437b-be7e-fbb1439b87cd" />
                        
                    
                    </ns17:ioSpecification>
                    
                
                </ns17:globalUserTask>
                
            
            </ns17:definitions>
        </bpmn2Model>
        <link name="Untitled">
            <lastModified isNull="true" />
            <lastModifiedBy isNull="true" />
            <processLinkId>2027.7a05e719-0a12-45f7-b60c-7b54f67f8131</processLinkId>
            <processId>1.4c0836a3-9a00-4cf5-bb21-ba483eeacc48</processId>
            <description isNull="true" />
            <fromProcessItemId>2025.ccb21711-225e-4be4-82ec-5fa73f2ebd26</fromProcessItemId>
            <endStateId>Out</endStateId>
            <toProcessItemId>2025.a4086104-2fcb-44dd-9c44-16ee9e010207</toProcessItemId>
            <guid>388edac5-2fc5-4c2f-92d9-543af2ecd866</guid>
            <versionId>0009e73e-d6c4-4a74-8fc4-6ff53d7df56a</versionId>
            <layoutData>
                <controlPoints />
                <showEndState>false</showEndState>
                <showName>false</showName>
            </layoutData>
            <fromItemPort locationId="rightCenter" portType="1" />
            <toItemPort locationId="rightCenter" portType="2" />
            <fromProcessItemId>2025.ccb21711-225e-4be4-82ec-5fa73f2ebd26</fromProcessItemId>
            <toProcessItemId>2025.a4086104-2fcb-44dd-9c44-16ee9e010207</toProcessItemId>
        </link>
    </process>
</teamworks>

