<?xml version="1.0" encoding="UTF-8"?>
<teamworks>
    <process id="1.5a82e3db-7ab7-4674-9827-4c3d84116212" name="Default List Items Service">
        <lastModified>1536179735598</lastModified>
        <lastModifiedBy>tw_admin</lastModifiedBy>
        <processId>1.5a82e3db-7ab7-4674-9827-4c3d84116212</processId>
        <image isNull="true" />
        <tabGroup isNull="true" />
        <startingProcessItemId>2025.496db3b8-b3b0-49e2-9c7e-013398ef2b36</startingProcessItemId>
        <isRootProcess>false</isRootProcess>
        <processType>12</processType>
        <isErrorHandlerEnabled>false</isErrorHandlerEnabled>
        <errorHandlerItemId isNull="true" />
        <isLoggingVariables>false</isLoggingVariables>
        <isTransactional>false</isTransactional>
        <processTimingLevel isNull="true" />
        <participantRef isNull="true" />
        <exposedType>0</exposedType>
        <isTrackingEnabled>true</isTrackingEnabled>
        <xmlData isNull="true" />
        <cachingType>false</cachingType>
        <itemLabel isNull="true" />
        <cacheLength>43200</cacheLength>
        <mobileReady>false</mobileReady>
        <sboSyncEnabled>false</sboSyncEnabled>
        <externalId isNull="true" />
        <isSecured>false</isSecured>
        <isAjaxExposed>true</isAjaxExposed>
        <description isNull="true" />
        <guid>4551e642-bb1e-4ec4-9065-b53ecfb4d118</guid>
        <versionId>8580e3df-1def-4b89-9e90-c5735b9fdcfe</versionId>
        <dependencySummary>&lt;dependencySummary id="bpdid:daa1490d48ed741c:-252326b8:165ab673b17:-7fae" /&gt;</dependencySummary>
        <jsonData isNull="true" />
        <field1 isNull="true" />
        <field2 isNull="true" />
        <field3>0</field3>
        <field4 isNull="true" />
        <field5>false</field5>
        <clobField1 isNull="true" />
        <blobField1 isNull="true" />
        <processParameter name="data">
            <lastModified isNull="true" />
            <lastModifiedBy isNull="true" />
            <processParameterId>2055.a4b5dc94-8dfd-4cb4-acfe-4e6f79b3ad4c</processParameterId>
            <processId>1.5a82e3db-7ab7-4674-9827-4c3d84116212</processId>
            <parameterType>1</parameterType>
            <isArrayOf>false</isArrayOf>
            <classId>556939fc-1d6d-4204-9546-c095a59cca29/12.c09c9b6e-aabd-4897-bef2-ed61db106297</classId>
            <seq>1</seq>
            <hasDefault>false</hasDefault>
            <defaultValue isNull="true" />
            <isLocked>false</isLocked>
            <description isNull="true" />
            <guid>2cb664f2-696e-4317-9073-ff1444ad523c</guid>
            <versionId>6ed2fecd-c851-4ea9-843b-6e97172bafc2</versionId>
        </processParameter>
        <processParameter name="results">
            <lastModified isNull="true" />
            <lastModifiedBy isNull="true" />
            <processParameterId>2055.a4b282e9-41d5-4f0f-8225-15452e3b4731</processParameterId>
            <processId>1.5a82e3db-7ab7-4674-9827-4c3d84116212</processId>
            <parameterType>2</parameterType>
            <isArrayOf>true</isArrayOf>
            <classId>556939fc-1d6d-4204-9546-c095a59cca29/12.c09c9b6e-aabd-4897-bef2-ed61db106297</classId>
            <seq>2</seq>
            <hasDefault>false</hasDefault>
            <defaultValue isNull="true" />
            <isLocked>false</isLocked>
            <description isNull="true" />
            <guid>beff173a-3a0e-4e37-9cd9-4b6252f9ca13</guid>
            <versionId>cef85ee5-831d-4f5e-8f33-3a13ead682b5</versionId>
        </processParameter>
        <item>
            <lastModified isNull="true" />
            <lastModifiedBy isNull="true" />
            <processItemId>2025.496db3b8-b3b0-49e2-9c7e-013398ef2b36</processItemId>
            <processId>1.5a82e3db-7ab7-4674-9827-4c3d84116212</processId>
            <name>End</name>
            <tWComponentName>ExitPoint</tWComponentName>
            <tWComponentId>3008.e0ac7c3e-06eb-4dc3-8d9b-f98c76119c74</tWComponentId>
            <isLogEnabled>false</isLogEnabled>
            <isTraceEnabled>false</isTraceEnabled>
            <traceCategory isNull="true" />
            <traceLevel isNull="true" />
            <traceMessage isNull="true" />
            <traceSymbolTable isNull="true" />
            <isExecutionContextTraced>false</isExecutionContextTraced>
            <saveExecutionContext>true</saveExecutionContext>
            <documentation isNull="true" />
            <isErrorHandlerEnabled>false</isErrorHandlerEnabled>
            <errorHandlerItemId isNull="true" />
            <guid>guid:48239dc106dcc492:-b22ea1a:165ab3b2634:-7fa9</guid>
            <versionId>fcd8d308-8103-45fe-8d31-a192ec3c59e8</versionId>
            <externalServiceRef isNull="true" />
            <externalServiceOp isNull="true" />
            <nodeColor isNull="true" />
            <layoutData x="325" y="99">
                <errorLink>
                    <controlPoints />
                    <showEndState>false</showEndState>
                    <showName>false</showName>
                </errorLink>
            </layoutData>
            <TWComponent>
                <lastModified isNull="true" />
                <lastModifiedBy isNull="true" />
                <exitPointId>3008.e0ac7c3e-06eb-4dc3-8d9b-f98c76119c74</exitPointId>
                <haltProcess>false</haltProcess>
                <guid>166f3f30-782c-4761-b8a5-8a9b15d2fc88</guid>
                <versionId>fb28b671-3b7f-4a26-985e-a1eef338728e</versionId>
            </TWComponent>
        </item>
        <startingProcessItemId>2025.496db3b8-b3b0-49e2-9c7e-013398ef2b36</startingProcessItemId>
        <errorHandlerItemId isNull="true" />
        <layoutData noConversion="true">
            <errorLink>
                <controlPoints />
                <showEndState>false</showEndState>
                <showName>false</showName>
            </errorLink>
        </layoutData>
        <startPoint>
            <layoutData x="20" y="100">
                <errorLink>
                    <controlPoints />
                    <showEndState>false</showEndState>
                    <showName>false</showName>
                </errorLink>
            </layoutData>
        </startPoint>
        <startLink>
            <fromPort locationId="rightCenter" portType="1" />
            <toPort locationId="leftCenter" portType="2" />
            <layoutData>
                <controlPoints />
                <showEndState>false</showEndState>
                <showName>false</showName>
            </layoutData>
        </startLink>
        <bpmn2Model>
            <ns17:definitions xmlns:ns17="http://www.omg.org/spec/BPMN/20100524/MODEL" xmlns:ns2="http://www.ibm.com/xmlns/prod/bpm/bpmn/ext/process" xmlns:ns3="http://www.ibm.com/xmlns/prod/bpm/bpmn/ext/process/wle" xmlns:ns4="http://www.ibm.com/xmlns/prod/bpm/bpmn/ext/process/case" xmlns:ns5="http://www.ibm.com/bpm/Extensions" xmlns:ns6="http://www.ibm.com/xmlns/prod/bpm/uca" xmlns:ns7="http://www.ibm.com/xmlns/prod/bpm/bpmn/ext/trackinggroup" xmlns:ns8="http://www.ibm.com/xmlns/prod/bpm/bpmn/ext/team" xmlns:ns9="http://www.ibm.com/xmlns/bpmnx/20100524/v1/BusinessVocabulary" xmlns:ns10="http://www.omg.org/spec/DD/20100524/DI" xmlns:ns11="http://www.omg.org/spec/DD/20100524/DC" xmlns:ns12="http://www.omg.org/spec/BPMN/20100524/BPMNDI" xmlns:ns13="http://www.ibm.com/xmlns/prod/bpm/graph" xmlns:ns14="http://www.ibm.com/xmlns/prod/bpm/bpmn/ext/process/auth" xmlns:ns15="http://www.ibm.com/xmlns/prod/bpm/bpmn/ext/extservice" xmlns:ns16="http://www.ibm.com/xmlns/links" xmlns:ns18="http://www.ibm.com/bpm/CoachDesignerNG" xmlns:ns19="http://www.ibm.com/xmlns/tagging" xmlns:ns20="http://www.ibm.com/bpm/uitheme" xmlns:ns21="http://www.ibm.com/bpm/coachview" id="1.5a82e3db-7ab7-4674-9827-4c3d84116212" targetNamespace="" expressionLanguage="http://www.ibm.com/xmlns/prod/bpm/expression-lang/javascript">
                
                
                <ns17:process name="Default List Items Service 2" id="1.5a82e3db-7ab7-4674-9827-4c3d84116212">
                    
                    
                    <ns17:documentation />
                    
                    
                    <ns17:extensionElements>
                        
                        
                        <ns2:isConvertedServiceFlow>true</ns2:isConvertedServiceFlow>
                        
                        
                        <ns2:isSecured>false</ns2:isSecured>
                        
                        
                        <ns2:isAjaxExposed>true</ns2:isAjaxExposed>
                        
                        
                        <ns3:cacheResults>false</ns3:cacheResults>
                        
                        
                        <ns2:cachingType>false</ns2:cachingType>
                        
                        
                        <ns2:cacheLength>43200</ns2:cacheLength>
                        
                        
                        <ns2:sboSyncEnabled>false</ns2:sboSyncEnabled>
                        
                    
                    </ns17:extensionElements>
                    
                    
                    <ns17:ioSpecification>
                        
                        
                        <ns17:dataInput name="data" itemSubjectRef="itm.12.c09c9b6e-aabd-4897-bef2-ed61db106297" isCollection="false" id="2055.a4b5dc94-8dfd-4cb4-acfe-4e6f79b3ad4c">
                            
                            
                            <ns17:extensionElements>
                                
                                
                                <ns2:defaultValue useDefault="false" />
                                
                            
                            </ns17:extensionElements>
                            
                        
                        </ns17:dataInput>
                        
                        
                        <ns17:dataOutput name="results" itemSubjectRef="itm.12.c09c9b6e-aabd-4897-bef2-ed61db106297" isCollection="true" id="2055.a4b282e9-41d5-4f0f-8225-15452e3b4731" />
                        
                        
                        <ns17:inputSet>
                            
                            
                            <ns17:dataInputRefs>2055.a4b5dc94-8dfd-4cb4-acfe-4e6f79b3ad4c</ns17:dataInputRefs>
                            
                        
                        </ns17:inputSet>
                        
                        
                        <ns17:outputSet>
                            
                            
                            <ns17:dataOutputRefs>2055.a4b282e9-41d5-4f0f-8225-15452e3b4731</ns17:dataOutputRefs>
                            
                        
                        </ns17:outputSet>
                        
                    
                    </ns17:ioSpecification>
                    
                    
                    <ns17:laneSet id="08cff470-914a-4eeb-a44d-e4250d2c39cf">
                        
                        
                        <ns17:lane name="System" partitionElementRef="24.6fd38d02-81cf-48ab-bd42-8ff4c0a1628b" id="8dc66782-ef19-44eb-b90d-3ff307ca817b" ns3:isSystemLane="true">
                            
                            
                            <ns17:extensionElements>
                                
                                
                                <ns13:nodeVisualInfo x="0" y="0" width="3000" height="500" color="#F8F8F8" />
                                
                            
                            </ns17:extensionElements>
                            
                            
                            <ns17:flowNodeRef>Start_1.5a82e3db-7ab7-4674-9827-4c3d84116212</ns17:flowNodeRef>
                            
                            
                            <ns17:flowNodeRef>2025.496db3b8-b3b0-49e2-9c7e-013398ef2b36</ns17:flowNodeRef>
                            
                        
                        </ns17:lane>
                        
                    
                    </ns17:laneSet>
                    
                    
                    <ns17:startEvent name="Start" id="Start_1.5a82e3db-7ab7-4674-9827-4c3d84116212">
                        
                        
                        <ns17:extensionElements>
                            
                            
                            <ns13:nodeVisualInfo x="20" y="100" width="24" height="24" />
                            
                        
                        </ns17:extensionElements>
                        
                        
                        <ns17:outgoing>StartLink_1.5a82e3db-7ab7-4674-9827-4c3d84116212</ns17:outgoing>
                        
                    
                    </ns17:startEvent>
                    
                    
                    <ns17:endEvent name="End" id="2025.496db3b8-b3b0-49e2-9c7e-013398ef2b36">
                        
                        
                        <ns17:documentation />
                        
                        
                        <ns17:extensionElements>
                            
                            
                            <ns2:endStateId>guid:48239dc106dcc492:-b22ea1a:165ab3b2634:-7fa9</ns2:endStateId>
                            
                            
                            <ns3:saveExecutionContext>true</ns3:saveExecutionContext>
                            
                            
                            <ns2:preAssignmentScript xmlns:xsi="http://www.w3.org/2001/XMLSchema-instance" xsi:nil="true" />
                            
                            
                            <ns2:postAssignmentScript xmlns:xsi="http://www.w3.org/2001/XMLSchema-instance" xsi:nil="true" />
                            
                            
                            <ns13:nodeVisualInfo x="325" y="99" width="24" height="24" />
                            
                        
                        </ns17:extensionElements>
                        
                        
                        <ns17:incoming>StartLink_1.5a82e3db-7ab7-4674-9827-4c3d84116212</ns17:incoming>
                        
                    
                    </ns17:endEvent>
                    
                    
                    <ns17:sequenceFlow sourceRef="Start_1.5a82e3db-7ab7-4674-9827-4c3d84116212" targetRef="2025.496db3b8-b3b0-49e2-9c7e-013398ef2b36" name="" id="StartLink_1.5a82e3db-7ab7-4674-9827-4c3d84116212">
                        
                        
                        <ns17:extensionElements>
                            
                            
                            <ns13:linkVisualInfo>
                                
                                
                                <ns13:sourcePortLocation>rightCenter</ns13:sourcePortLocation>
                                
                                
                                <ns13:targetPortLocation>leftCenter</ns13:targetPortLocation>
                                
                                
                                <ns13:showLabel>false</ns13:showLabel>
                                
                                
                                <ns13:showCoachControlLabel>false</ns13:showCoachControlLabel>
                                
                                
                                <ns13:labelPosition>0.0</ns13:labelPosition>
                                
                                
                                <ns13:saveExecutionContext>false</ns13:saveExecutionContext>
                                
                            
                            </ns13:linkVisualInfo>
                            
                        
                        </ns17:extensionElements>
                        
                    
                    </ns17:sequenceFlow>
                    
                
                </ns17:process>
                
            
            </ns17:definitions>
        </bpmn2Model>
    </process>
</teamworks>

