<?xml version="1.0" encoding="UTF-8"?>
<teamworks>
    <process id="1.619262c8-142d-40e7-b00f-e4fbc1da6f3f" name="Default Typeahead Items Action">
        <lastModified>1533742954515</lastModified>
        <lastModifiedBy>tw_admin</lastModifiedBy>
        <processId>1.619262c8-142d-40e7-b00f-e4fbc1da6f3f</processId>
        <image isNull="true" />
        <tabGroup isNull="true" />
        <startingProcessItemId>2025.719155a3-48ec-4584-9748-b5ee34e604ba</startingProcessItemId>
        <isRootProcess>false</isRootProcess>
        <processType>14</processType>
        <isErrorHandlerEnabled>false</isErrorHandlerEnabled>
        <errorHandlerItemId isNull="true" />
        <isLoggingVariables>false</isLoggingVariables>
        <isTransactional>false</isTransactional>
        <processTimingLevel isNull="true" />
        <participantRef isNull="true" />
        <exposedType>0</exposedType>
        <isTrackingEnabled>true</isTrackingEnabled>
        <xmlData isNull="true" />
        <cachingType>false</cachingType>
        <itemLabel isNull="true" />
        <cacheLength isNull="true" />
        <mobileReady>false</mobileReady>
        <sboSyncEnabled>true</sboSyncEnabled>
        <externalId isNull="true" />
        <isSecured>false</isSecured>
        <isAjaxExposed>false</isAjaxExposed>
        <description isNull="true" />
        <guid>guid:31b4ebebabacd2d5:140b1c05:16515335af7:-68de</guid>
        <versionId>d7365264-fcf7-413e-b707-525f8bd5e5a2</versionId>
        <dependencySummary isNull="true" />
        <jsonData>{"rootElement":[{"extensionElements":{"userTaskImplementation":[{"flowElement":[{"parallelMultiple":false,"outgoing":["2027.3d92b0dc-50ca-48de-8212-e0e238e44461"],"isInterrupting":true,"extensionElements":{"nodeVisualInfo":[{"color":"#F8F8F8","width":24,"x":50,"y":200,"declaredType":"TNodeVisualInfo","height":24}]},"name":"Start","declaredType":"startEvent","id":"137902cb-0be7-46d1-b71e-ee4c54fe3e09"},{"incoming":["2027.3d92b0dc-50ca-48de-8212-e0e238e44461"],"extensionElements":{"nodeVisualInfo":[{"color":"#F8F8F8","width":24,"x":700,"y":200,"declaredType":"TNodeVisualInfo","height":24}],"navigationInstructions":[{"targetType":"Default","declaredType":"com.ibm.bpmsdk.model.bpmn20.ibmext.TNavigationInstructions"}]},"name":"End","declaredType":"endEvent","id":"a4c384c9-1218-4cc5-8347-cf84d7f322a2"},{"targetRef":"a4c384c9-1218-4cc5-8347-cf84d7f322a2","extensionElements":{"linkVisualInfo":[{"sourcePortLocation":"rightCenter","showCoachControlLabel":false,"labelPosition":0.0,"targetPortLocation":"leftCenter","declaredType":"TLinkVisualInfo","saveExecutionContext":false,"showLabel":false}]},"name":"Start to End","declaredType":"sequenceFlow","id":"2027.3d92b0dc-50ca-48de-8212-e0e238e44461","sourceRef":"137902cb-0be7-46d1-b71e-ee4c54fe3e09"}],"isClosed":false,"declaredType":"com.ibm.bpmsdk.model.bpmn20.ibmext.TUserTaskImplementation","id":"dc665fc2-4897-45df-8866-7dbd1e27daaf","processType":"None"}]},"implementation":"##unspecified","documentation":[{"textFormat":"text\/plain"}],"name":"Default Typeahead Items Action","declaredType":"globalUserTask","id":"1.619262c8-142d-40e7-b00f-e4fbc1da6f3f","ioSpecification":{"dataOutput":[{"itemSubjectRef":"itm.12.db884a3c-c533-44b7-bb2d-47bec8ad4022","name":"results","isCollection":true,"id":"2055.2b4f4530-3208-4625-82ee-9c2e051fd37b"}],"inputSet":[{"id":"_955465b5-44f2-4f35-bc3e-83ac16af719e"}],"outputSet":[{"id":"_6bdd1290-10a7-43bd-9cfb-a434bb55c88b"}],"dataInput":[{"itemSubjectRef":"itm.12.db884a3c-c533-44b7-bb2d-47bec8ad4022","name":"data","isCollection":false,"id":"2055.bbabb670-54c6-4282-8fdc-e48a99e0e5b7"}]}}],"targetNamespace":"","typeLanguage":"http:\/\/www.w3.org\/2001\/XMLSchema","expressionLanguage":"http:\/\/www.ibm.com\/xmlns\/prod\/bpm\/expression-lang\/javascript","id":"04922229-d670-45b3-8e2b-b45379a15abf"}</jsonData>
        <field1 isNull="true" />
        <field2 isNull="true" />
        <field3>0</field3>
        <field4 isNull="true" />
        <field5>false</field5>
        <clobField1 isNull="true" />
        <blobField1 isNull="true" />
        <processParameter name="data">
            <lastModified isNull="true" />
            <lastModifiedBy isNull="true" />
            <processParameterId>2055.bbabb670-54c6-4282-8fdc-e48a99e0e5b7</processParameterId>
            <processId>1.619262c8-142d-40e7-b00f-e4fbc1da6f3f</processId>
            <parameterType>1</parameterType>
            <isArrayOf>false</isArrayOf>
            <classId>556939fc-1d6d-4204-9546-c095a59cca29/12.db884a3c-c533-44b7-bb2d-47bec8ad4022</classId>
            <seq>1</seq>
            <hasDefault>false</hasDefault>
            <defaultValue isNull="true" />
            <isLocked>false</isLocked>
            <description isNull="true" />
            <guid>12c4ed05-874d-4c05-9f96-e265e6036bfc</guid>
            <versionId>1a0250ef-9b9f-42b3-8112-bee7051ba4f8</versionId>
        </processParameter>
        <processParameter name="results">
            <lastModified isNull="true" />
            <lastModifiedBy isNull="true" />
            <processParameterId>2055.2b4f4530-3208-4625-82ee-9c2e051fd37b</processParameterId>
            <processId>1.619262c8-142d-40e7-b00f-e4fbc1da6f3f</processId>
            <parameterType>2</parameterType>
            <isArrayOf>true</isArrayOf>
            <classId>556939fc-1d6d-4204-9546-c095a59cca29/12.db884a3c-c533-44b7-bb2d-47bec8ad4022</classId>
            <seq>2</seq>
            <hasDefault>false</hasDefault>
            <defaultValue isNull="true" />
            <isLocked>false</isLocked>
            <description isNull="true" />
            <guid>9d8fff5a-d908-4502-978b-b0db916af688</guid>
            <versionId>2b0f0f1d-2def-4351-ba0b-cf85a980e5e4</versionId>
        </processParameter>
        <item>
            <lastModified isNull="true" />
            <lastModifiedBy isNull="true" />
            <processItemId>2025.55227d02-83f8-4a96-92ba-531954900ff2</processItemId>
            <processId>1.619262c8-142d-40e7-b00f-e4fbc1da6f3f</processId>
            <name>End</name>
            <tWComponentName>ExitPoint</tWComponentName>
            <tWComponentId>3008.2d202ed5-a3a6-41c0-8420-8a55df268d20</tWComponentId>
            <isLogEnabled>false</isLogEnabled>
            <isTraceEnabled>false</isTraceEnabled>
            <traceCategory isNull="true" />
            <traceLevel isNull="true" />
            <traceMessage isNull="true" />
            <traceSymbolTable isNull="true" />
            <isExecutionContextTraced>false</isExecutionContextTraced>
            <saveExecutionContext>true</saveExecutionContext>
            <documentation isNull="true" />
            <isErrorHandlerEnabled>false</isErrorHandlerEnabled>
            <errorHandlerItemId isNull="true" />
            <guid>guid:31b4ebebabacd2d5:140b1c05:16515335af7:-68dd</guid>
            <versionId>717ddfef-50c5-4d9d-a905-eed8ffb4fc3e</versionId>
            <externalServiceRef isNull="true" />
            <externalServiceOp isNull="true" />
            <nodeColor isNull="true" />
            <layoutData x="0" y="0">
                <errorLink>
                    <controlPoints />
                    <showEndState>false</showEndState>
                    <showName>false</showName>
                </errorLink>
            </layoutData>
            <TWComponent>
                <lastModified isNull="true" />
                <lastModifiedBy isNull="true" />
                <exitPointId>3008.2d202ed5-a3a6-41c0-8420-8a55df268d20</exitPointId>
                <haltProcess>false</haltProcess>
                <guid>2ebd7368-8244-4a19-925a-7fe3fca086a0</guid>
                <versionId>4ed40dfa-77b2-4c43-bb46-c65deeb26c3d</versionId>
            </TWComponent>
        </item>
        <item>
            <lastModified isNull="true" />
            <lastModifiedBy isNull="true" />
            <processItemId>2025.719155a3-48ec-4584-9748-b5ee34e604ba</processItemId>
            <processId>1.619262c8-142d-40e7-b00f-e4fbc1da6f3f</processId>
            <name>CoachFlowWrapper</name>
            <tWComponentName>CoachFlow</tWComponentName>
            <tWComponentId>3032.627bcfef-f0fb-4a4c-9655-a5d18bb47e27</tWComponentId>
            <isLogEnabled>false</isLogEnabled>
            <isTraceEnabled>false</isTraceEnabled>
            <traceCategory isNull="true" />
            <traceLevel isNull="true" />
            <traceMessage isNull="true" />
            <traceSymbolTable isNull="true" />
            <isExecutionContextTraced>false</isExecutionContextTraced>
            <saveExecutionContext>true</saveExecutionContext>
            <documentation isNull="true" />
            <isErrorHandlerEnabled>false</isErrorHandlerEnabled>
            <errorHandlerItemId isNull="true" />
            <guid>guid:31b4ebebabacd2d5:140b1c05:16515335af7:-68dc</guid>
            <versionId>729ec5bd-4450-45e1-830d-f5a1857994c0</versionId>
            <externalServiceRef isNull="true" />
            <externalServiceOp isNull="true" />
            <nodeColor isNull="true" />
            <layoutData x="0" y="0">
                <errorLink>
                    <controlPoints />
                    <showEndState>false</showEndState>
                    <showName>false</showName>
                </errorLink>
            </layoutData>
            <TWComponent />
        </item>
        <startingProcessItemId>2025.719155a3-48ec-4584-9748-b5ee34e604ba</startingProcessItemId>
        <errorHandlerItemId isNull="true" />
        <layoutData noConversion="true">
            <errorLink>
                <controlPoints />
                <showEndState>false</showEndState>
                <showName>false</showName>
            </errorLink>
        </layoutData>
        <startPoint>
            <layoutData x="0" y="0">
                <errorLink>
                    <controlPoints />
                    <showEndState>false</showEndState>
                    <showName>false</showName>
                </errorLink>
            </layoutData>
        </startPoint>
        <startLink>
            <fromPort locationId="rightCenter" portType="1" />
            <toPort locationId="rightCenter" portType="2" />
            <layoutData>
                <controlPoints />
                <showEndState>false</showEndState>
                <showName>false</showName>
            </layoutData>
        </startLink>
        <bpmn2Model>
            <ns17:definitions xmlns:ns17="http://www.omg.org/spec/BPMN/20100524/MODEL" xmlns:ns2="http://www.ibm.com/xmlns/prod/bpm/bpmn/ext/process" xmlns:ns3="http://www.ibm.com/xmlns/prod/bpm/bpmn/ext/process/wle" xmlns:ns4="http://www.ibm.com/xmlns/prod/bpm/bpmn/ext/process/case" xmlns:ns5="http://www.ibm.com/bpm/Extensions" xmlns:ns6="http://www.ibm.com/xmlns/prod/bpm/uca" xmlns:ns7="http://www.ibm.com/xmlns/prod/bpm/bpmn/ext/trackinggroup" xmlns:ns8="http://www.ibm.com/xmlns/prod/bpm/bpmn/ext/team" xmlns:ns9="http://www.ibm.com/xmlns/bpmnx/20100524/v1/BusinessVocabulary" xmlns:ns10="http://www.omg.org/spec/DD/20100524/DI" xmlns:ns11="http://www.omg.org/spec/DD/20100524/DC" xmlns:ns12="http://www.omg.org/spec/BPMN/20100524/BPMNDI" xmlns:ns13="http://www.ibm.com/xmlns/prod/bpm/graph" xmlns:ns14="http://www.ibm.com/xmlns/prod/bpm/bpmn/ext/process/auth" xmlns:ns15="http://www.ibm.com/xmlns/prod/bpm/bpmn/ext/extservice" xmlns:ns16="http://www.ibm.com/xmlns/links" xmlns:ns18="http://www.ibm.com/bpm/CoachDesignerNG" xmlns:ns19="http://www.ibm.com/xmlns/tagging" xmlns:ns20="http://www.ibm.com/bpm/uitheme" xmlns:ns21="http://www.ibm.com/bpm/coachview" id="04922229-d670-45b3-8e2b-b45379a15abf" targetNamespace="" expressionLanguage="http://www.ibm.com/xmlns/prod/bpm/expression-lang/javascript">
                
                
                <ns17:globalUserTask name="Default Typeahead Items Action" id="1.619262c8-142d-40e7-b00f-e4fbc1da6f3f">
                    
                    
                    <ns17:documentation />
                    
                    
                    <ns17:extensionElements>
                        
                        
                        <ns2:userTaskImplementation id="dc665fc2-4897-45df-8866-7dbd1e27daaf">
                            
                            
                            <ns17:startEvent name="Start" id="137902cb-0be7-46d1-b71e-ee4c54fe3e09">
                                
                                
                                <ns17:extensionElements>
                                    
                                    
                                    <ns13:nodeVisualInfo x="50" y="200" width="24" height="24" color="#F8F8F8" />
                                    
                                
                                </ns17:extensionElements>
                                
                                
                                <ns17:outgoing>2027.3d92b0dc-50ca-48de-8212-e0e238e44461</ns17:outgoing>
                                
                            
                            </ns17:startEvent>
                            
                            
                            <ns17:endEvent name="End" id="a4c384c9-1218-4cc5-8347-cf84d7f322a2">
                                
                                
                                <ns17:extensionElements>
                                    
                                    
                                    <ns13:nodeVisualInfo x="700" y="200" width="24" height="24" color="#F8F8F8" />
                                    
                                    
                                    <ns2:navigationInstructions>
                                        
                                        
                                        <ns2:targetType>Default</ns2:targetType>
                                        
                                    
                                    </ns2:navigationInstructions>
                                    
                                
                                </ns17:extensionElements>
                                
                                
                                <ns17:incoming>2027.3d92b0dc-50ca-48de-8212-e0e238e44461</ns17:incoming>
                                
                            
                            </ns17:endEvent>
                            
                            
                            <ns17:sequenceFlow sourceRef="137902cb-0be7-46d1-b71e-ee4c54fe3e09" targetRef="a4c384c9-1218-4cc5-8347-cf84d7f322a2" name="Start to End" id="2027.3d92b0dc-50ca-48de-8212-e0e238e44461">
                                
                                
                                <ns17:extensionElements>
                                    
                                    
                                    <ns13:linkVisualInfo>
                                        
                                        
                                        <ns13:sourcePortLocation>rightCenter</ns13:sourcePortLocation>
                                        
                                        
                                        <ns13:targetPortLocation>leftCenter</ns13:targetPortLocation>
                                        
                                        
                                        <ns13:showLabel>false</ns13:showLabel>
                                        
                                        
                                        <ns13:showCoachControlLabel>false</ns13:showCoachControlLabel>
                                        
                                        
                                        <ns13:labelPosition>0.0</ns13:labelPosition>
                                        
                                        
                                        <ns13:saveExecutionContext>false</ns13:saveExecutionContext>
                                        
                                    
                                    </ns13:linkVisualInfo>
                                    
                                
                                </ns17:extensionElements>
                                
                            
                            </ns17:sequenceFlow>
                            
                        
                        </ns2:userTaskImplementation>
                        
                    
                    </ns17:extensionElements>
                    
                    
                    <ns17:ioSpecification>
                        
                        
                        <ns17:dataInput name="data" itemSubjectRef="itm.12.db884a3c-c533-44b7-bb2d-47bec8ad4022" isCollection="false" id="2055.bbabb670-54c6-4282-8fdc-e48a99e0e5b7" />
                        
                        
                        <ns17:dataOutput name="results" itemSubjectRef="itm.12.db884a3c-c533-44b7-bb2d-47bec8ad4022" isCollection="true" id="2055.2b4f4530-3208-4625-82ee-9c2e051fd37b" />
                        
                        
                        <ns17:inputSet id="_955465b5-44f2-4f35-bc3e-83ac16af719e" />
                        
                        
                        <ns17:outputSet id="_6bdd1290-10a7-43bd-9cfb-a434bb55c88b" />
                        
                    
                    </ns17:ioSpecification>
                    
                
                </ns17:globalUserTask>
                
            
            </ns17:definitions>
        </bpmn2Model>
        <link name="Untitled">
            <lastModified isNull="true" />
            <lastModifiedBy isNull="true" />
            <processLinkId>2027.7dedc3b3-b396-4cd0-b727-8080a6136147</processLinkId>
            <processId>1.619262c8-142d-40e7-b00f-e4fbc1da6f3f</processId>
            <description isNull="true" />
            <fromProcessItemId>2025.719155a3-48ec-4584-9748-b5ee34e604ba</fromProcessItemId>
            <endStateId>Out</endStateId>
            <toProcessItemId>2025.55227d02-83f8-4a96-92ba-531954900ff2</toProcessItemId>
            <guid>3157cd7b-3b8f-4543-97ef-436ec4f1c86e</guid>
            <versionId>b8afe9a1-70cb-4bc5-bdce-7f120ea4736f</versionId>
            <layoutData>
                <controlPoints />
                <showEndState>false</showEndState>
                <showName>false</showName>
            </layoutData>
            <fromItemPort locationId="rightCenter" portType="1" />
            <toItemPort locationId="rightCenter" portType="2" />
            <fromProcessItemId>2025.719155a3-48ec-4584-9748-b5ee34e604ba</fromProcessItemId>
            <toProcessItemId>2025.55227d02-83f8-4a96-92ba-531954900ff2</toProcessItemId>
        </link>
    </process>
</teamworks>

