<?xml version="1.0" encoding="UTF-8"?>
<teamworks>
    <process id="1.bacfbbb3-7c56-42d8-a721-0c141db51c9c" name="Default Service Call Action">
        <lastModified>1533742770614</lastModified>
        <lastModifiedBy>tw_admin</lastModifiedBy>
        <processId>1.bacfbbb3-7c56-42d8-a721-0c141db51c9c</processId>
        <image isNull="true" />
        <tabGroup isNull="true" />
        <startingProcessItemId>2025.deb831d3-a75f-48a7-a8f2-3189c3ddaa5d</startingProcessItemId>
        <isRootProcess>false</isRootProcess>
        <processType>14</processType>
        <isErrorHandlerEnabled>false</isErrorHandlerEnabled>
        <errorHandlerItemId isNull="true" />
        <isLoggingVariables>false</isLoggingVariables>
        <isTransactional>false</isTransactional>
        <processTimingLevel isNull="true" />
        <participantRef isNull="true" />
        <exposedType>0</exposedType>
        <isTrackingEnabled>true</isTrackingEnabled>
        <xmlData isNull="true" />
        <cachingType>false</cachingType>
        <itemLabel isNull="true" />
        <cacheLength isNull="true" />
        <mobileReady>false</mobileReady>
        <sboSyncEnabled>true</sboSyncEnabled>
        <externalId isNull="true" />
        <isSecured>false</isSecured>
        <isAjaxExposed>false</isAjaxExposed>
        <description isNull="true" />
        <guid>guid:31b4ebebabacd2d5:140b1c05:16515335af7:-68e6</guid>
        <versionId>e9885519-95a7-4a40-9eeb-fcd98377850d</versionId>
        <dependencySummary isNull="true" />
        <jsonData>{"rootElement":[{"extensionElements":{"userTaskImplementation":[{"flowElement":[{"parallelMultiple":false,"outgoing":["2027.03cd9416-50a9-4641-a78f-b2f9adb0a78a"],"isInterrupting":true,"extensionElements":{"nodeVisualInfo":[{"color":"#F8F8F8","width":24,"x":50,"y":200,"declaredType":"TNodeVisualInfo","height":24}]},"name":"Start","declaredType":"startEvent","id":"81d31c3d-b465-4e77-a32c-a052ff994f03"},{"incoming":["2027.03cd9416-50a9-4641-a78f-b2f9adb0a78a"],"extensionElements":{"nodeVisualInfo":[{"color":"#F8F8F8","width":24,"x":700,"y":200,"declaredType":"TNodeVisualInfo","height":24}],"navigationInstructions":[{"targetType":"Default","declaredType":"com.ibm.bpmsdk.model.bpmn20.ibmext.TNavigationInstructions"}]},"name":"End","declaredType":"endEvent","id":"1c2001d5-5920-4f6c-b735-47312224b83b"},{"targetRef":"1c2001d5-5920-4f6c-b735-47312224b83b","extensionElements":{"linkVisualInfo":[{"sourcePortLocation":"rightCenter","showCoachControlLabel":false,"labelPosition":0.0,"targetPortLocation":"leftCenter","declaredType":"TLinkVisualInfo","saveExecutionContext":false,"showLabel":false}]},"name":"Start to End","declaredType":"sequenceFlow","id":"2027.03cd9416-50a9-4641-a78f-b2f9adb0a78a","sourceRef":"81d31c3d-b465-4e77-a32c-a052ff994f03"}],"isClosed":false,"declaredType":"com.ibm.bpmsdk.model.bpmn20.ibmext.TUserTaskImplementation","id":"e908bb19-83b9-4a52-a9c5-0953f586b855","processType":"None"}]},"implementation":"##unspecified","documentation":[{"textFormat":"text\/plain"}],"name":"Default Service Call Action","declaredType":"globalUserTask","id":"1.bacfbbb3-7c56-42d8-a721-0c141db51c9c","ioSpecification":{"dataOutput":[{"itemSubjectRef":"itm.12.c09c9b6e-aabd-4897-bef2-ed61db106297","name":"results","isCollection":false,"id":"2055.eb4a3e38-2f95-4239-86a3-a6a70a58ef84"},{"itemSubjectRef":"itm.12.5551644c-3dc6-4161-a939-4e7f27f8ce45","name":"error","isCollection":false,"id":"2055.5b65d3c6-4f2b-4be7-8e88-eac0aa52205e"}],"inputSet":[{"id":"_e254bd76-fdfb-47a2-8533-d189805d06ec"}],"outputSet":[{"id":"_49502c4f-38c4-41db-bc6a-e657a7e4432e"}],"dataInput":[{"itemSubjectRef":"itm.12.c09c9b6e-aabd-4897-bef2-ed61db106297","name":"data","isCollection":false,"id":"2055.a65f1077-6989-45a5-8ee2-3b3341fc3fba"}]}}],"targetNamespace":"","typeLanguage":"http:\/\/www.w3.org\/2001\/XMLSchema","expressionLanguage":"http:\/\/www.ibm.com\/xmlns\/prod\/bpm\/expression-lang\/javascript","id":"bfac14fc-9403-4be5-ba70-61c175cb44ee"}</jsonData>
        <field1 isNull="true" />
        <field2 isNull="true" />
        <field3>0</field3>
        <field4 isNull="true" />
        <field5>false</field5>
        <clobField1 isNull="true" />
        <blobField1 isNull="true" />
        <processParameter name="data">
            <lastModified isNull="true" />
            <lastModifiedBy isNull="true" />
            <processParameterId>2055.a65f1077-6989-45a5-8ee2-3b3341fc3fba</processParameterId>
            <processId>1.bacfbbb3-7c56-42d8-a721-0c141db51c9c</processId>
            <parameterType>1</parameterType>
            <isArrayOf>false</isArrayOf>
            <classId>556939fc-1d6d-4204-9546-c095a59cca29/12.c09c9b6e-aabd-4897-bef2-ed61db106297</classId>
            <seq>1</seq>
            <hasDefault>false</hasDefault>
            <defaultValue isNull="true" />
            <isLocked>false</isLocked>
            <description isNull="true" />
            <guid>81814786-d290-4f54-aed5-9964d04d9eff</guid>
            <versionId>bba59789-33fd-4a18-8215-05badfbf9028</versionId>
        </processParameter>
        <processParameter name="results">
            <lastModified isNull="true" />
            <lastModifiedBy isNull="true" />
            <processParameterId>2055.eb4a3e38-2f95-4239-86a3-a6a70a58ef84</processParameterId>
            <processId>1.bacfbbb3-7c56-42d8-a721-0c141db51c9c</processId>
            <parameterType>2</parameterType>
            <isArrayOf>false</isArrayOf>
            <classId>556939fc-1d6d-4204-9546-c095a59cca29/12.c09c9b6e-aabd-4897-bef2-ed61db106297</classId>
            <seq>2</seq>
            <hasDefault>false</hasDefault>
            <defaultValue isNull="true" />
            <isLocked>false</isLocked>
            <description isNull="true" />
            <guid>5bac94a5-c05e-4410-ba8f-233c37a830c6</guid>
            <versionId>33633715-5281-4c22-8385-9ed1c893e6c9</versionId>
        </processParameter>
        <processParameter name="error">
            <lastModified isNull="true" />
            <lastModifiedBy isNull="true" />
            <processParameterId>2055.5b65d3c6-4f2b-4be7-8e88-eac0aa52205e</processParameterId>
            <processId>1.bacfbbb3-7c56-42d8-a721-0c141db51c9c</processId>
            <parameterType>2</parameterType>
            <isArrayOf>false</isArrayOf>
            <classId>/12.5551644c-3dc6-4161-a939-4e7f27f8ce45</classId>
            <seq>3</seq>
            <hasDefault>false</hasDefault>
            <defaultValue isNull="true" />
            <isLocked>false</isLocked>
            <description isNull="true" />
            <guid>e71a312e-6a84-4f95-9a3d-0bfc4b75c1c3</guid>
            <versionId>dce0e3e6-9861-474b-b7a2-b3dc52120c7c</versionId>
        </processParameter>
        <item>
            <lastModified isNull="true" />
            <lastModifiedBy isNull="true" />
            <processItemId>2025.deb831d3-a75f-48a7-a8f2-3189c3ddaa5d</processItemId>
            <processId>1.bacfbbb3-7c56-42d8-a721-0c141db51c9c</processId>
            <name>CoachFlowWrapper</name>
            <tWComponentName>CoachFlow</tWComponentName>
            <tWComponentId>3032.15690141-b9aa-4250-a9d2-909f9f317516</tWComponentId>
            <isLogEnabled>false</isLogEnabled>
            <isTraceEnabled>false</isTraceEnabled>
            <traceCategory isNull="true" />
            <traceLevel isNull="true" />
            <traceMessage isNull="true" />
            <traceSymbolTable isNull="true" />
            <isExecutionContextTraced>false</isExecutionContextTraced>
            <saveExecutionContext>true</saveExecutionContext>
            <documentation isNull="true" />
            <isErrorHandlerEnabled>false</isErrorHandlerEnabled>
            <errorHandlerItemId isNull="true" />
            <guid>guid:31b4ebebabacd2d5:140b1c05:16515335af7:-68e4</guid>
            <versionId>3c9d3c30-6556-48ce-9849-7e2626033895</versionId>
            <externalServiceRef isNull="true" />
            <externalServiceOp isNull="true" />
            <nodeColor isNull="true" />
            <layoutData x="0" y="0">
                <errorLink>
                    <controlPoints />
                    <showEndState>false</showEndState>
                    <showName>false</showName>
                </errorLink>
            </layoutData>
            <TWComponent />
        </item>
        <item>
            <lastModified isNull="true" />
            <lastModifiedBy isNull="true" />
            <processItemId>2025.81043a3a-650f-48bd-b1d0-f244665ca7c5</processItemId>
            <processId>1.bacfbbb3-7c56-42d8-a721-0c141db51c9c</processId>
            <name>End</name>
            <tWComponentName>ExitPoint</tWComponentName>
            <tWComponentId>3008.f832f8e0-7df5-4cf4-ad35-8b59492d9074</tWComponentId>
            <isLogEnabled>false</isLogEnabled>
            <isTraceEnabled>false</isTraceEnabled>
            <traceCategory isNull="true" />
            <traceLevel isNull="true" />
            <traceMessage isNull="true" />
            <traceSymbolTable isNull="true" />
            <isExecutionContextTraced>false</isExecutionContextTraced>
            <saveExecutionContext>true</saveExecutionContext>
            <documentation isNull="true" />
            <isErrorHandlerEnabled>false</isErrorHandlerEnabled>
            <errorHandlerItemId isNull="true" />
            <guid>guid:31b4ebebabacd2d5:140b1c05:16515335af7:-68e5</guid>
            <versionId>737ff108-3b43-4b2b-8d49-1c90224be70e</versionId>
            <externalServiceRef isNull="true" />
            <externalServiceOp isNull="true" />
            <nodeColor isNull="true" />
            <layoutData x="0" y="0">
                <errorLink>
                    <controlPoints />
                    <showEndState>false</showEndState>
                    <showName>false</showName>
                </errorLink>
            </layoutData>
            <TWComponent>
                <lastModified isNull="true" />
                <lastModifiedBy isNull="true" />
                <exitPointId>3008.f832f8e0-7df5-4cf4-ad35-8b59492d9074</exitPointId>
                <haltProcess>false</haltProcess>
                <guid>4f14ffee-f2ae-495f-aac5-53313ff06868</guid>
                <versionId>c2d6ec52-9002-43eb-961d-e91e7d7ca8f3</versionId>
            </TWComponent>
        </item>
        <startingProcessItemId>2025.deb831d3-a75f-48a7-a8f2-3189c3ddaa5d</startingProcessItemId>
        <errorHandlerItemId isNull="true" />
        <layoutData noConversion="true">
            <errorLink>
                <controlPoints />
                <showEndState>false</showEndState>
                <showName>false</showName>
            </errorLink>
        </layoutData>
        <startPoint>
            <layoutData x="0" y="0">
                <errorLink>
                    <controlPoints />
                    <showEndState>false</showEndState>
                    <showName>false</showName>
                </errorLink>
            </layoutData>
        </startPoint>
        <startLink>
            <fromPort locationId="rightCenter" portType="1" />
            <toPort locationId="rightCenter" portType="2" />
            <layoutData>
                <controlPoints />
                <showEndState>false</showEndState>
                <showName>false</showName>
            </layoutData>
        </startLink>
        <bpmn2Model>
            <ns17:definitions xmlns:ns17="http://www.omg.org/spec/BPMN/20100524/MODEL" xmlns:ns2="http://www.ibm.com/xmlns/prod/bpm/bpmn/ext/process" xmlns:ns3="http://www.ibm.com/xmlns/prod/bpm/bpmn/ext/process/wle" xmlns:ns4="http://www.ibm.com/xmlns/prod/bpm/bpmn/ext/process/case" xmlns:ns5="http://www.ibm.com/bpm/Extensions" xmlns:ns6="http://www.ibm.com/xmlns/prod/bpm/uca" xmlns:ns7="http://www.ibm.com/xmlns/prod/bpm/bpmn/ext/trackinggroup" xmlns:ns8="http://www.ibm.com/xmlns/prod/bpm/bpmn/ext/team" xmlns:ns9="http://www.ibm.com/xmlns/bpmnx/20100524/v1/BusinessVocabulary" xmlns:ns10="http://www.omg.org/spec/DD/20100524/DI" xmlns:ns11="http://www.omg.org/spec/DD/20100524/DC" xmlns:ns12="http://www.omg.org/spec/BPMN/20100524/BPMNDI" xmlns:ns13="http://www.ibm.com/xmlns/prod/bpm/graph" xmlns:ns14="http://www.ibm.com/xmlns/prod/bpm/bpmn/ext/process/auth" xmlns:ns15="http://www.ibm.com/xmlns/prod/bpm/bpmn/ext/extservice" xmlns:ns16="http://www.ibm.com/xmlns/links" xmlns:ns18="http://www.ibm.com/bpm/CoachDesignerNG" xmlns:ns19="http://www.ibm.com/xmlns/tagging" xmlns:ns20="http://www.ibm.com/bpm/uitheme" xmlns:ns21="http://www.ibm.com/bpm/coachview" id="bfac14fc-9403-4be5-ba70-61c175cb44ee" targetNamespace="" expressionLanguage="http://www.ibm.com/xmlns/prod/bpm/expression-lang/javascript">
                
                
                <ns17:globalUserTask name="Default Service Call Action" id="1.bacfbbb3-7c56-42d8-a721-0c141db51c9c">
                    
                    
                    <ns17:documentation />
                    
                    
                    <ns17:extensionElements>
                        
                        
                        <ns2:userTaskImplementation id="e908bb19-83b9-4a52-a9c5-0953f586b855">
                            
                            
                            <ns17:startEvent name="Start" id="81d31c3d-b465-4e77-a32c-a052ff994f03">
                                
                                
                                <ns17:extensionElements>
                                    
                                    
                                    <ns13:nodeVisualInfo x="50" y="200" width="24" height="24" color="#F8F8F8" />
                                    
                                
                                </ns17:extensionElements>
                                
                                
                                <ns17:outgoing>2027.03cd9416-50a9-4641-a78f-b2f9adb0a78a</ns17:outgoing>
                                
                            
                            </ns17:startEvent>
                            
                            
                            <ns17:endEvent name="End" id="1c2001d5-5920-4f6c-b735-47312224b83b">
                                
                                
                                <ns17:extensionElements>
                                    
                                    
                                    <ns13:nodeVisualInfo x="700" y="200" width="24" height="24" color="#F8F8F8" />
                                    
                                    
                                    <ns2:navigationInstructions>
                                        
                                        
                                        <ns2:targetType>Default</ns2:targetType>
                                        
                                    
                                    </ns2:navigationInstructions>
                                    
                                
                                </ns17:extensionElements>
                                
                                
                                <ns17:incoming>2027.03cd9416-50a9-4641-a78f-b2f9adb0a78a</ns17:incoming>
                                
                            
                            </ns17:endEvent>
                            
                            
                            <ns17:sequenceFlow sourceRef="81d31c3d-b465-4e77-a32c-a052ff994f03" targetRef="1c2001d5-5920-4f6c-b735-47312224b83b" name="Start to End" id="2027.03cd9416-50a9-4641-a78f-b2f9adb0a78a">
                                
                                
                                <ns17:extensionElements>
                                    
                                    
                                    <ns13:linkVisualInfo>
                                        
                                        
                                        <ns13:sourcePortLocation>rightCenter</ns13:sourcePortLocation>
                                        
                                        
                                        <ns13:targetPortLocation>leftCenter</ns13:targetPortLocation>
                                        
                                        
                                        <ns13:showLabel>false</ns13:showLabel>
                                        
                                        
                                        <ns13:showCoachControlLabel>false</ns13:showCoachControlLabel>
                                        
                                        
                                        <ns13:labelPosition>0.0</ns13:labelPosition>
                                        
                                        
                                        <ns13:saveExecutionContext>false</ns13:saveExecutionContext>
                                        
                                    
                                    </ns13:linkVisualInfo>
                                    
                                
                                </ns17:extensionElements>
                                
                            
                            </ns17:sequenceFlow>
                            
                        
                        </ns2:userTaskImplementation>
                        
                    
                    </ns17:extensionElements>
                    
                    
                    <ns17:ioSpecification>
                        
                        
                        <ns17:dataInput name="data" itemSubjectRef="itm.12.c09c9b6e-aabd-4897-bef2-ed61db106297" isCollection="false" id="2055.a65f1077-6989-45a5-8ee2-3b3341fc3fba" />
                        
                        
                        <ns17:dataOutput name="results" itemSubjectRef="itm.12.c09c9b6e-aabd-4897-bef2-ed61db106297" isCollection="false" id="2055.eb4a3e38-2f95-4239-86a3-a6a70a58ef84" />
                        
                        
                        <ns17:dataOutput name="error" itemSubjectRef="itm.12.5551644c-3dc6-4161-a939-4e7f27f8ce45" isCollection="false" id="2055.5b65d3c6-4f2b-4be7-8e88-eac0aa52205e" />
                        
                        
                        <ns17:inputSet id="_e254bd76-fdfb-47a2-8533-d189805d06ec" />
                        
                        
                        <ns17:outputSet id="_49502c4f-38c4-41db-bc6a-e657a7e4432e" />
                        
                    
                    </ns17:ioSpecification>
                    
                
                </ns17:globalUserTask>
                
            
            </ns17:definitions>
        </bpmn2Model>
        <link name="Untitled">
            <lastModified isNull="true" />
            <lastModifiedBy isNull="true" />
            <processLinkId>2027.4c6b4575-b7d5-4081-a7f8-9257ab1e9a8a</processLinkId>
            <processId>1.bacfbbb3-7c56-42d8-a721-0c141db51c9c</processId>
            <description isNull="true" />
            <fromProcessItemId>2025.deb831d3-a75f-48a7-a8f2-3189c3ddaa5d</fromProcessItemId>
            <endStateId>Out</endStateId>
            <toProcessItemId>2025.81043a3a-650f-48bd-b1d0-f244665ca7c5</toProcessItemId>
            <guid>150b92ab-f488-4ad8-911c-5c32f9a32476</guid>
            <versionId>89ed61a4-e440-4c05-8b86-cd2b1b0d2499</versionId>
            <layoutData>
                <controlPoints />
                <showEndState>false</showEndState>
                <showName>false</showName>
            </layoutData>
            <fromItemPort locationId="rightCenter" portType="1" />
            <toItemPort locationId="rightCenter" portType="2" />
            <fromProcessItemId>2025.deb831d3-a75f-48a7-a8f2-3189c3ddaa5d</fromProcessItemId>
            <toProcessItemId>2025.81043a3a-650f-48bd-b1d0-f244665ca7c5</toProcessItemId>
        </link>
    </process>
</teamworks>

