<?xml version="1.0" encoding="UTF-8"?>
<teamworks>
    <process id="1.ba76dc3a-15bf-4dc2-8bf2-94ef351ce10d" name="Default Service Call Service">
        <lastModified>1536179736351</lastModified>
        <lastModifiedBy>tw_admin</lastModifiedBy>
        <processId>1.ba76dc3a-15bf-4dc2-8bf2-94ef351ce10d</processId>
        <image isNull="true" />
        <tabGroup isNull="true" />
        <startingProcessItemId>2025.0cb0092f-311d-4d6b-aa4c-4bcdec429aff</startingProcessItemId>
        <isRootProcess>false</isRootProcess>
        <processType>12</processType>
        <isErrorHandlerEnabled>false</isErrorHandlerEnabled>
        <errorHandlerItemId isNull="true" />
        <isLoggingVariables>false</isLoggingVariables>
        <isTransactional>false</isTransactional>
        <processTimingLevel isNull="true" />
        <participantRef isNull="true" />
        <exposedType>0</exposedType>
        <isTrackingEnabled>true</isTrackingEnabled>
        <xmlData isNull="true" />
        <cachingType>false</cachingType>
        <itemLabel isNull="true" />
        <cacheLength>43200</cacheLength>
        <mobileReady>false</mobileReady>
        <sboSyncEnabled>false</sboSyncEnabled>
        <externalId isNull="true" />
        <isSecured>false</isSecured>
        <isAjaxExposed>true</isAjaxExposed>
        <description isNull="true" />
        <guid>01a10d04-7116-4faa-b19b-7b1d6869bbb9</guid>
        <versionId>3148b247-85b6-46a3-b572-9b9eb631d84f</versionId>
        <dependencySummary>&lt;dependencySummary id="bpdid:daa1490d48ed741c:-252326b8:165ab673b17:-7fad" /&gt;</dependencySummary>
        <jsonData isNull="true" />
        <field1 isNull="true" />
        <field2 isNull="true" />
        <field3>0</field3>
        <field4 isNull="true" />
        <field5>false</field5>
        <clobField1 isNull="true" />
        <blobField1 isNull="true" />
        <processParameter name="data">
            <lastModified isNull="true" />
            <lastModifiedBy isNull="true" />
            <processParameterId>2055.9f7c8fc6-28ce-4fbf-a2c3-b5aa4f07f0ed</processParameterId>
            <processId>1.ba76dc3a-15bf-4dc2-8bf2-94ef351ce10d</processId>
            <parameterType>1</parameterType>
            <isArrayOf>false</isArrayOf>
            <classId>556939fc-1d6d-4204-9546-c095a59cca29/12.c09c9b6e-aabd-4897-bef2-ed61db106297</classId>
            <seq>1</seq>
            <hasDefault>false</hasDefault>
            <defaultValue isNull="true" />
            <isLocked>false</isLocked>
            <description isNull="true" />
            <guid>1e978767-b678-4b26-be37-39c1e2744aef</guid>
            <versionId>7304d377-a4f8-446b-84fe-07153e38ae5c</versionId>
        </processParameter>
        <processParameter name="results">
            <lastModified isNull="true" />
            <lastModifiedBy isNull="true" />
            <processParameterId>2055.e5c5b4bf-5f36-47af-b2c3-e37de398f01f</processParameterId>
            <processId>1.ba76dc3a-15bf-4dc2-8bf2-94ef351ce10d</processId>
            <parameterType>2</parameterType>
            <isArrayOf>false</isArrayOf>
            <classId>556939fc-1d6d-4204-9546-c095a59cca29/12.c09c9b6e-aabd-4897-bef2-ed61db106297</classId>
            <seq>2</seq>
            <hasDefault>false</hasDefault>
            <defaultValue isNull="true" />
            <isLocked>false</isLocked>
            <description isNull="true" />
            <guid>979029ad-fbe4-4a64-9c9d-4872f6042aef</guid>
            <versionId>e54dc974-e0fb-4bc6-8326-172a8d0aabc6</versionId>
        </processParameter>
        <processParameter name="error">
            <lastModified isNull="true" />
            <lastModifiedBy isNull="true" />
            <processParameterId>2055.626c2465-6a75-498f-aec5-c66e4ebc7f61</processParameterId>
            <processId>1.ba76dc3a-15bf-4dc2-8bf2-94ef351ce10d</processId>
            <parameterType>2</parameterType>
            <isArrayOf>false</isArrayOf>
            <classId>/12.5551644c-3dc6-4161-a939-4e7f27f8ce45</classId>
            <seq>3</seq>
            <hasDefault>false</hasDefault>
            <defaultValue isNull="true" />
            <isLocked>false</isLocked>
            <description isNull="true" />
            <guid>a23f1b3b-be12-429a-afa4-48c67e32e45d</guid>
            <versionId>232624a7-779a-44ec-9430-a441cdc40baf</versionId>
        </processParameter>
        <item>
            <lastModified isNull="true" />
            <lastModifiedBy isNull="true" />
            <processItemId>2025.0cb0092f-311d-4d6b-aa4c-4bcdec429aff</processItemId>
            <processId>1.ba76dc3a-15bf-4dc2-8bf2-94ef351ce10d</processId>
            <name>End</name>
            <tWComponentName>ExitPoint</tWComponentName>
            <tWComponentId>3008.05f77da6-50ff-4f15-823d-adbf2d04466e</tWComponentId>
            <isLogEnabled>false</isLogEnabled>
            <isTraceEnabled>false</isTraceEnabled>
            <traceCategory isNull="true" />
            <traceLevel isNull="true" />
            <traceMessage isNull="true" />
            <traceSymbolTable isNull="true" />
            <isExecutionContextTraced>false</isExecutionContextTraced>
            <saveExecutionContext>true</saveExecutionContext>
            <documentation isNull="true" />
            <isErrorHandlerEnabled>false</isErrorHandlerEnabled>
            <errorHandlerItemId isNull="true" />
            <guid>guid:48239dc106dcc492:-b22ea1a:165ab3b2634:-7fa5</guid>
            <versionId>79a37f33-6c8b-4fbc-8624-0bb124bb6432</versionId>
            <externalServiceRef isNull="true" />
            <externalServiceOp isNull="true" />
            <nodeColor isNull="true" />
            <layoutData x="700" y="100">
                <errorLink>
                    <controlPoints />
                    <showEndState>false</showEndState>
                    <showName>false</showName>
                </errorLink>
            </layoutData>
            <TWComponent>
                <lastModified isNull="true" />
                <lastModifiedBy isNull="true" />
                <exitPointId>3008.05f77da6-50ff-4f15-823d-adbf2d04466e</exitPointId>
                <haltProcess>false</haltProcess>
                <guid>d953d470-6c3c-40ce-95e6-788d1839ea66</guid>
                <versionId>b885f3b7-e615-4067-8050-6cd5232cbcf1</versionId>
            </TWComponent>
        </item>
        <startingProcessItemId>2025.0cb0092f-311d-4d6b-aa4c-4bcdec429aff</startingProcessItemId>
        <errorHandlerItemId isNull="true" />
        <layoutData noConversion="true">
            <errorLink>
                <controlPoints />
                <showEndState>false</showEndState>
                <showName>false</showName>
            </errorLink>
        </layoutData>
        <startPoint>
            <layoutData x="20" y="100">
                <errorLink>
                    <controlPoints />
                    <showEndState>false</showEndState>
                    <showName>false</showName>
                </errorLink>
            </layoutData>
        </startPoint>
        <startLink>
            <fromPort locationId="rightCenter" portType="1" />
            <toPort locationId="leftCenter" portType="2" />
            <layoutData>
                <controlPoints />
                <showEndState>false</showEndState>
                <showName>false</showName>
            </layoutData>
        </startLink>
        <bpmn2Model>
            <ns17:definitions xmlns:ns17="http://www.omg.org/spec/BPMN/20100524/MODEL" xmlns:ns2="http://www.ibm.com/xmlns/prod/bpm/bpmn/ext/process" xmlns:ns3="http://www.ibm.com/xmlns/prod/bpm/bpmn/ext/process/wle" xmlns:ns4="http://www.ibm.com/xmlns/prod/bpm/bpmn/ext/process/case" xmlns:ns5="http://www.ibm.com/bpm/Extensions" xmlns:ns6="http://www.ibm.com/xmlns/prod/bpm/uca" xmlns:ns7="http://www.ibm.com/xmlns/prod/bpm/bpmn/ext/trackinggroup" xmlns:ns8="http://www.ibm.com/xmlns/prod/bpm/bpmn/ext/team" xmlns:ns9="http://www.ibm.com/xmlns/bpmnx/20100524/v1/BusinessVocabulary" xmlns:ns10="http://www.omg.org/spec/DD/20100524/DI" xmlns:ns11="http://www.omg.org/spec/DD/20100524/DC" xmlns:ns12="http://www.omg.org/spec/BPMN/20100524/BPMNDI" xmlns:ns13="http://www.ibm.com/xmlns/prod/bpm/graph" xmlns:ns14="http://www.ibm.com/xmlns/prod/bpm/bpmn/ext/process/auth" xmlns:ns15="http://www.ibm.com/xmlns/prod/bpm/bpmn/ext/extservice" xmlns:ns16="http://www.ibm.com/xmlns/links" xmlns:ns18="http://www.ibm.com/bpm/CoachDesignerNG" xmlns:ns19="http://www.ibm.com/xmlns/tagging" xmlns:ns20="http://www.ibm.com/bpm/uitheme" xmlns:ns21="http://www.ibm.com/bpm/coachview" id="1.ba76dc3a-15bf-4dc2-8bf2-94ef351ce10d" targetNamespace="" expressionLanguage="http://www.ibm.com/xmlns/prod/bpm/expression-lang/javascript">
                
                
                <ns17:process name="Default Service Call Service 2" id="1.ba76dc3a-15bf-4dc2-8bf2-94ef351ce10d">
                    
                    
                    <ns17:documentation />
                    
                    
                    <ns17:extensionElements>
                        
                        
                        <ns2:isConvertedServiceFlow>true</ns2:isConvertedServiceFlow>
                        
                        
                        <ns2:isSecured>false</ns2:isSecured>
                        
                        
                        <ns2:isAjaxExposed>true</ns2:isAjaxExposed>
                        
                        
                        <ns3:cacheResults>false</ns3:cacheResults>
                        
                        
                        <ns2:cachingType>false</ns2:cachingType>
                        
                        
                        <ns2:cacheLength>43200</ns2:cacheLength>
                        
                        
                        <ns2:sboSyncEnabled>false</ns2:sboSyncEnabled>
                        
                    
                    </ns17:extensionElements>
                    
                    
                    <ns17:ioSpecification>
                        
                        
                        <ns17:dataInput name="data" itemSubjectRef="itm.12.c09c9b6e-aabd-4897-bef2-ed61db106297" isCollection="false" id="2055.9f7c8fc6-28ce-4fbf-a2c3-b5aa4f07f0ed">
                            
                            
                            <ns17:extensionElements>
                                
                                
                                <ns2:defaultValue useDefault="false" />
                                
                            
                            </ns17:extensionElements>
                            
                        
                        </ns17:dataInput>
                        
                        
                        <ns17:dataOutput name="results" itemSubjectRef="itm.12.c09c9b6e-aabd-4897-bef2-ed61db106297" isCollection="false" id="2055.e5c5b4bf-5f36-47af-b2c3-e37de398f01f" />
                        
                        
                        <ns17:dataOutput name="error" itemSubjectRef="itm.12.5551644c-3dc6-4161-a939-4e7f27f8ce45" isCollection="false" id="2055.626c2465-6a75-498f-aec5-c66e4ebc7f61" />
                        
                        
                        <ns17:inputSet>
                            
                            
                            <ns17:dataInputRefs>2055.9f7c8fc6-28ce-4fbf-a2c3-b5aa4f07f0ed</ns17:dataInputRefs>
                            
                        
                        </ns17:inputSet>
                        
                        
                        <ns17:outputSet>
                            
                            
                            <ns17:dataOutputRefs>2055.e5c5b4bf-5f36-47af-b2c3-e37de398f01f</ns17:dataOutputRefs>
                            
                            
                            <ns17:dataOutputRefs>2055.626c2465-6a75-498f-aec5-c66e4ebc7f61</ns17:dataOutputRefs>
                            
                        
                        </ns17:outputSet>
                        
                    
                    </ns17:ioSpecification>
                    
                    
                    <ns17:laneSet id="7f36b610-cce1-495e-828e-9f8c3d83adc2">
                        
                        
                        <ns17:lane name="System" partitionElementRef="24.6fd38d02-81cf-48ab-bd42-8ff4c0a1628b" id="12da80be-fee1-4f24-b1ef-b51cf9ae4bae" ns3:isSystemLane="true">
                            
                            
                            <ns17:extensionElements>
                                
                                
                                <ns13:nodeVisualInfo x="0" y="0" width="3000" height="500" color="#F8F8F8" />
                                
                            
                            </ns17:extensionElements>
                            
                            
                            <ns17:flowNodeRef>Start_1.ba76dc3a-15bf-4dc2-8bf2-94ef351ce10d</ns17:flowNodeRef>
                            
                            
                            <ns17:flowNodeRef>2025.0cb0092f-311d-4d6b-aa4c-4bcdec429aff</ns17:flowNodeRef>
                            
                        
                        </ns17:lane>
                        
                    
                    </ns17:laneSet>
                    
                    
                    <ns17:startEvent name="Start" id="Start_1.ba76dc3a-15bf-4dc2-8bf2-94ef351ce10d">
                        
                        
                        <ns17:extensionElements>
                            
                            
                            <ns13:nodeVisualInfo x="20" y="100" width="24" height="24" />
                            
                        
                        </ns17:extensionElements>
                        
                        
                        <ns17:outgoing>StartLink_1.ba76dc3a-15bf-4dc2-8bf2-94ef351ce10d</ns17:outgoing>
                        
                    
                    </ns17:startEvent>
                    
                    
                    <ns17:endEvent name="End" id="2025.0cb0092f-311d-4d6b-aa4c-4bcdec429aff">
                        
                        
                        <ns17:documentation />
                        
                        
                        <ns17:extensionElements>
                            
                            
                            <ns2:endStateId>guid:48239dc106dcc492:-b22ea1a:165ab3b2634:-7fa5</ns2:endStateId>
                            
                            
                            <ns3:saveExecutionContext>true</ns3:saveExecutionContext>
                            
                            
                            <ns2:preAssignmentScript xmlns:xsi="http://www.w3.org/2001/XMLSchema-instance" xsi:nil="true" />
                            
                            
                            <ns2:postAssignmentScript xmlns:xsi="http://www.w3.org/2001/XMLSchema-instance" xsi:nil="true" />
                            
                            
                            <ns13:nodeVisualInfo x="700" y="100" width="24" height="24" />
                            
                        
                        </ns17:extensionElements>
                        
                        
                        <ns17:incoming>StartLink_1.ba76dc3a-15bf-4dc2-8bf2-94ef351ce10d</ns17:incoming>
                        
                    
                    </ns17:endEvent>
                    
                    
                    <ns17:sequenceFlow sourceRef="Start_1.ba76dc3a-15bf-4dc2-8bf2-94ef351ce10d" targetRef="2025.0cb0092f-311d-4d6b-aa4c-4bcdec429aff" name="" id="StartLink_1.ba76dc3a-15bf-4dc2-8bf2-94ef351ce10d">
                        
                        
                        <ns17:extensionElements>
                            
                            
                            <ns13:linkVisualInfo>
                                
                                
                                <ns13:sourcePortLocation>rightCenter</ns13:sourcePortLocation>
                                
                                
                                <ns13:targetPortLocation>leftCenter</ns13:targetPortLocation>
                                
                                
                                <ns13:showLabel>false</ns13:showLabel>
                                
                                
                                <ns13:showCoachControlLabel>false</ns13:showCoachControlLabel>
                                
                                
                                <ns13:labelPosition>0.0</ns13:labelPosition>
                                
                                
                                <ns13:saveExecutionContext>false</ns13:saveExecutionContext>
                                
                            
                            </ns13:linkVisualInfo>
                            
                        
                        </ns17:extensionElements>
                        
                    
                    </ns17:sequenceFlow>
                    
                
                </ns17:process>
                
            
            </ns17:definitions>
        </bpmn2Model>
    </process>
</teamworks>

