<?xml version="1.0" encoding="UTF-8"?>
<teamworks>
    <process id="1.ed8d1a03-7895-4126-ac69-e94ea4349be8" name="Client-Side Human Service">
        <lastModified>1495130381442</lastModified>
        <lastModifiedBy>John McDonald</lastModifiedBy>
        <processId>1.ed8d1a03-7895-4126-ac69-e94ea4349be8</processId>
        <image isNull="true" />
        <tabGroup isNull="true" />
        <startingProcessItemId>2025.d8cc28d1-f428-41a6-a229-c966f8be0819</startingProcessItemId>
        <isRootProcess>false</isRootProcess>
        <processType>10</processType>
        <isErrorHandlerEnabled>false</isErrorHandlerEnabled>
        <errorHandlerItemId isNull="true" />
        <isLoggingVariables>false</isLoggingVariables>
        <isTransactional>false</isTransactional>
        <processTimingLevel isNull="true" />
        <participantRef isNull="true" />
        <exposedType>0</exposedType>
        <isTrackingEnabled>true</isTrackingEnabled>
        <xmlData isNull="true" />
        <cachingType>false</cachingType>
        <itemLabel isNull="true" />
        <cacheLength isNull="true" />
        <mobileReady>false</mobileReady>
        <sboSyncEnabled>true</sboSyncEnabled>
        <externalId isNull="true" />
        <isSecured>false</isSecured>
        <isAjaxExposed>false</isAjaxExposed>
        <description isNull="true" />
        <guid>guid:354260f3db855dcd:-158d08d6:15bf8aa1e60:-7c51</guid>
        <versionId>4c3287e2-e694-4254-8727-4b440d88c442</versionId>
        <dependencySummary isNull="true" />
        <jsonData>{"id":"f9ba2634-ff6d-4bce-b307-3d53cfe63636","typeLanguage":"http:\/\/www.w3.org\/2001\/XMLSchema","targetNamespace":"","rootElement":[{"id":"1.ed8d1a03-7895-4126-ac69-e94ea4349be8","extensionElements":{"userTaskImplementation":[{"id":"fa7ec8f2-c932-494f-be5f-2761f9df8f0a","processType":"None","declaredType":"com.ibm.bpmsdk.model.bpmn20.ibmext.TUserTaskImplementation","htmlHeaderTag":[{"id":"1841db7f-4fe6-40cd-ab0a-0f74c87e7cc5","content":"width=device-width,initial-scale=1.0","enabled":true,"declaredType":"com.ibm.bpmsdk.model.bpmn20.ibmext.THtmlHeaderTag","tagName":"viewport"}],"flowElement":[{"id":"67584e79-8657-4982-90de-4f45ae4a950d","extensionElements":{"nodeVisualInfo":[{"height":24,"declaredType":"TNodeVisualInfo","color":"#F8F8F8","width":24,"y":200,"x":50}]},"isInterrupting":true,"declaredType":"startEvent","name":"Start","outgoing":["2027.8ff32610-43ce-4ee3-b7a3-5b9c6e8c8cfe"],"parallelMultiple":false},{"id":"2025.3b7ce7d2-b133-40b9-91bc-8543896da95b","extensionElements":{"nodeVisualInfo":[{"height":70,"declaredType":"TNodeVisualInfo","width":95,"y":177,"x":350}]},"incoming":["2027.8ff32610-43ce-4ee3-b7a3-5b9c6e8c8cfe"],"completionQuantity":1,"declaredType":"com.ibm.bpmsdk.model.bpmn20.ibmext.TFormTask","formDefinition":{"coachDefinition":{"declaredType":"com.ibm.bpmsdk.model.coach.TCoachDefinition","layout":{"layoutItem":[{"id":"2c127566-ed76-4af7-8e13-8ed895684f8a","configData":[{"id":"167324e3-89b5-4c0d-8034-0c77fbc9609d","optionName":"@label","declaredType":"com.ibm.bpmsdk.model.coach.ConfigData","value":"Well"},{"id":"7da8f2a1-0911-4ecb-8177-a39e88cac39d","optionName":"@helpText","declaredType":"com.ibm.bpmsdk.model.coach.ConfigData","value":""},{"id":"735a8a60-a99e-407f-8533-2754e26a92cd","optionName":"@labelVisibility","declaredType":"com.ibm.bpmsdk.model.coach.ConfigData","value":"SHOW"}],"declaredType":"com.ibm.bpmsdk.model.coach.ViewRef","viewUUID":"64.64ae2c6c-6c21-491c-b5ab-c58848dd9e48","contentBoxContrib":[{"id":"5c41d9d8-87eb-42d7-895c-b095fe5d84e7","declaredType":"com.ibm.bpmsdk.model.coach.ContentBoxContrib","contentBoxId":"ContentBox1","contributions":[{"id":"a0a15bf6-8b79-4f43-88e3-562fcb5a3477","configData":[{"id":"8099ba5e-f283-418e-857a-7d9e25501b64","optionName":"@label","declaredType":"com.ibm.bpmsdk.model.coach.ConfigData","value":"Radio Button Group"},{"id":"ce8f9923-da6f-4764-83a2-4aa92edbb628","optionName":"@helpText","declaredType":"com.ibm.bpmsdk.model.coach.ConfigData","value":""},{"id":"e343022a-59a9-4224-8fbf-1f2a3520ac00","optionName":"@labelVisibility","declaredType":"com.ibm.bpmsdk.model.coach.ConfigData","value":"SHOW"},{"id":"32f12021-cae7-4e3d-8c55-f54cbc2b9284","optionName":"itemLookupMode","declaredType":"com.ibm.bpmsdk.model.coach.ConfigData","value":"L"},{"id":"e699690d-9fd9-4ae2-816a-dd4c769de2b5","optionName":"staticList","declaredType":"com.ibm.bpmsdk.model.coach.ConfigData","value":"[{\"name\":\"AAA\",\"value\":\"AAA\"},{\"name\":\"BBB\",\"value\":\"BBB\"},{\"name\":\"CCC\",\"value\":\"CCC\"}]"},{"id":"90b78f54-9da7-4178-87d9-ffd2a2d37836","optionName":"itemList","declaredType":"com.ibm.bpmsdk.model.coach.ConfigData","value":"tw.local.nvp[]","valueType":"dynamic"}],"declaredType":"com.ibm.bpmsdk.model.coach.ViewRef","viewUUID":"64.bdddb841-6b07-4c08-bb5c-236a8da26b6a","layoutItemId":"Radio_Button_Group1","version":"8550"},{"id":"a2bc5704-425e-4f36-81d8-8c8ef61c21a5","configData":[{"id":"7d65b91c-c2ac-417a-8f5b-96c25429f06f","optionName":"@label","declaredType":"com.ibm.bpmsdk.model.coach.ConfigData","value":"Done"},{"id":"ab3d5e39-8f22-476e-8646-d116985ba120","optionName":"@helpText","declaredType":"com.ibm.bpmsdk.model.coach.ConfigData","value":""},{"id":"0daf0622-e4f1-44e0-8686-038586102ab3","optionName":"@labelVisibility","declaredType":"com.ibm.bpmsdk.model.coach.ConfigData","value":"SHOW"}],"declaredType":"com.ibm.bpmsdk.model.coach.ViewRef","viewUUID":"64.7133c7d4-1a54-45c8-89cd-a8e8fa4a8e36","layoutItemId":"Button1","version":"8550"}]}],"layoutItemId":"Well1","version":"8550"},{"id":"11be1479-a2c0-452f-85c2-257e4683c3b5","configData":[{"id":"5383214f-ea19-48b7-83ed-5f18dc8cfa4c","optionName":"@label","declaredType":"com.ibm.bpmsdk.model.coach.ConfigData","value":"Radio Button 2"},{"id":"60657133-afe6-41a6-89ff-68670d68570e","optionName":"@helpText","declaredType":"com.ibm.bpmsdk.model.coach.ConfigData","value":""},{"id":"d25f6c0a-ca92-4636-88eb-e847655e19af","optionName":"@labelVisibility","declaredType":"com.ibm.bpmsdk.model.coach.ConfigData","value":"SHOW"},{"id":"d89e4705-8af9-435d-8c72-eca381b15f12","optionName":"groupName","declaredType":"com.ibm.bpmsdk.model.coach.ConfigData","value":"G1"}],"declaredType":"com.ibm.bpmsdk.model.coach.ViewRef","viewUUID":"64.ad2b879f-ee68-4bc9-9b1b-fb7c0856a48e","layoutItemId":"Radio_Button2","version":"8550"},{"id":"b371fef3-af66-4674-8545-af9107759efd","configData":[{"id":"d7620c00-cbcc-4a0a-86d4-44bc21b58262","optionName":"@label","declaredType":"com.ibm.bpmsdk.model.coach.ConfigData","value":"Radio Button"},{"id":"0c371880-ce85-4c07-8a0b-1464db45f4ba","optionName":"@helpText","declaredType":"com.ibm.bpmsdk.model.coach.ConfigData","value":""},{"id":"173ca070-8807-415b-800e-abbb784d3365","optionName":"@labelVisibility","declaredType":"com.ibm.bpmsdk.model.coach.ConfigData","value":"SHOW"},{"id":"60970f40-a739-4780-87de-6ba78909020f","optionName":"groupName","declaredType":"com.ibm.bpmsdk.model.coach.ConfigData","value":"G1"}],"declaredType":"com.ibm.bpmsdk.model.coach.ViewRef","viewUUID":"64.ad2b879f-ee68-4bc9-9b1b-fb7c0856a48e","layoutItemId":"Radio_Button1","version":"8550"}]}}},"name":"Coach","startQuantity":1,"outgoing":["2027.919747d7-da8a-4280-8827-90e921970add"],"isForCompensation":false},{"id":"14c1487f-6266-4c7d-af28-01a61d349460","extensionElements":{"navigationInstructions":[{"declaredType":"com.ibm.bpmsdk.model.bpmn20.ibmext.TNavigationInstructions","targetType":"Default"}],"nodeVisualInfo":[{"height":24,"declaredType":"TNodeVisualInfo","color":"#F8F8F8","width":24,"y":200,"x":700}]},"incoming":["2027.919747d7-da8a-4280-8827-90e921970add"],"declaredType":"endEvent","name":"End"},{"id":"2027.8ff32610-43ce-4ee3-b7a3-5b9c6e8c8cfe","extensionElements":{"linkVisualInfo":[{"showCoachControlLabel":false,"declaredType":"TLinkVisualInfo","sourcePortLocation":"rightCenter","showLabel":false,"saveExecutionContext":false,"targetPortLocation":"leftCenter","labelPosition":0.0}]},"declaredType":"sequenceFlow","name":"To Coach","targetRef":"2025.3b7ce7d2-b133-40b9-91bc-8543896da95b","sourceRef":"67584e79-8657-4982-90de-4f45ae4a950d"},{"id":"2027.919747d7-da8a-4280-8827-90e921970add","extensionElements":{"coachEventBinding":[{"id":"ebb4bebf-85d5-4e63-8ee3-e4e7b127f147","declaredType":"com.ibm.bpmsdk.model.bpmn20.ibmext.TCoachEventBinding","coachEventPath":"Button1"}],"sequenceFlowImplementation":[{"sboSyncEnabled":true,"declaredType":"com.ibm.bpmsdk.model.bpmn20.ibmext.TSequenceFlowImplementation","fireValidation":"Never"}],"linkVisualInfo":[{"showCoachControlLabel":true,"declaredType":"TLinkVisualInfo","sourcePortLocation":"rightCenter","showLabel":false,"saveExecutionContext":true,"targetPortLocation":"leftCenter","labelPosition":0.0}]},"declaredType":"sequenceFlow","name":"To End","targetRef":"14c1487f-6266-4c7d-af28-01a61d349460","sourceRef":"2025.3b7ce7d2-b133-40b9-91bc-8543896da95b"},{"id":"2056.8e183571-97ff-4663-8539-dfc80c055a5c","declaredType":"dataObject","isCollection":true,"name":"nvp","itemSubjectRef":"itm.12.d2e5a15a-ea53-4793-9e93-29af5bd80b13"}],"isClosed":false}],"exposedAs":["NotExposed"]},"declaredType":"globalUserTask","implementation":"##unspecified","name":"Client-Side Human Service","documentation":[{"textFormat":"text\/plain"}],"ioSpecification":{"outputSet":[{"id":"_e5e2ea34-1098-46e4-b21c-30e3e51aedfe"}],"inputSet":[{"id":"_2c510ac0-b309-40c0-9186-66bf2c817629"}]}}],"expressionLanguage":"http:\/\/www.ibm.com\/xmlns\/prod\/bpm\/expression-lang\/javascript"}</jsonData>
        <field1 isNull="true" />
        <field2 isNull="true" />
        <field3>0</field3>
        <field4 isNull="true" />
        <field5>false</field5>
        <clobField1 isNull="true" />
        <blobField1 isNull="true" />
        <processVariable name="nvp">
            <lastModified isNull="true" />
            <lastModifiedBy isNull="true" />
            <processVariableId>2056.8e183571-97ff-4663-8539-dfc80c055a5c</processVariableId>
            <description isNull="true" />
            <processId>1.ed8d1a03-7895-4126-ac69-e94ea4349be8</processId>
            <namespace>2</namespace>
            <seq>1</seq>
            <isArrayOf>true</isArrayOf>
            <isTransient>false</isTransient>
            <classId>556939fc-1d6d-4204-9546-c095a59cca29/12.d2e5a15a-ea53-4793-9e93-29af5bd80b13</classId>
            <hasDefault>false</hasDefault>
            <defaultValue isNull="true" />
            <guid>35c51d40-94ab-4fb7-91af-99cb08b0f721</guid>
            <versionId>a4a3ea92-fddd-4038-90c1-916e46d5fdf6</versionId>
        </processVariable>
        <item>
            <lastModified isNull="true" />
            <lastModifiedBy isNull="true" />
            <processItemId>2025.208b71d7-c0ef-45b8-a1fe-c376ad5d59f0</processItemId>
            <processId>1.ed8d1a03-7895-4126-ac69-e94ea4349be8</processId>
            <name>End</name>
            <tWComponentName>ExitPoint</tWComponentName>
            <tWComponentId>3008.bbaff593-f273-4fd3-86f3-84e510d13545</tWComponentId>
            <isLogEnabled>false</isLogEnabled>
            <isTraceEnabled>false</isTraceEnabled>
            <traceCategory isNull="true" />
            <traceLevel isNull="true" />
            <traceMessage isNull="true" />
            <traceSymbolTable isNull="true" />
            <isExecutionContextTraced>false</isExecutionContextTraced>
            <saveExecutionContext>true</saveExecutionContext>
            <documentation isNull="true" />
            <isErrorHandlerEnabled>false</isErrorHandlerEnabled>
            <errorHandlerItemId isNull="true" />
            <guid>guid:354260f3db855dcd:-158d08d6:15bf8aa1e60:-7c50</guid>
            <versionId>83360df4-2dd5-496f-9ee0-d3ce16fd1450</versionId>
            <externalServiceRef isNull="true" />
            <externalServiceOp isNull="true" />
            <nodeColor isNull="true" />
            <layoutData x="0" y="0">
                <errorLink>
                    <controlPoints />
                    <showEndState>false</showEndState>
                    <showName>false</showName>
                </errorLink>
            </layoutData>
            <TWComponent>
                <lastModified isNull="true" />
                <lastModifiedBy isNull="true" />
                <exitPointId>3008.bbaff593-f273-4fd3-86f3-84e510d13545</exitPointId>
                <haltProcess>false</haltProcess>
                <guid>119b9379-cf35-4259-a665-8a249fee4cb5</guid>
                <versionId>07956bb1-fcc3-42d0-8126-b165639cfbb6</versionId>
            </TWComponent>
        </item>
        <item>
            <lastModified isNull="true" />
            <lastModifiedBy isNull="true" />
            <processItemId>2025.d8cc28d1-f428-41a6-a229-c966f8be0819</processItemId>
            <processId>1.ed8d1a03-7895-4126-ac69-e94ea4349be8</processId>
            <name>CoachFlowWrapper</name>
            <tWComponentName>CoachFlow</tWComponentName>
            <tWComponentId>3032.be611a9f-636d-4d6c-a36c-2da21376cc01</tWComponentId>
            <isLogEnabled>false</isLogEnabled>
            <isTraceEnabled>false</isTraceEnabled>
            <traceCategory isNull="true" />
            <traceLevel isNull="true" />
            <traceMessage isNull="true" />
            <traceSymbolTable isNull="true" />
            <isExecutionContextTraced>false</isExecutionContextTraced>
            <saveExecutionContext>true</saveExecutionContext>
            <documentation isNull="true" />
            <isErrorHandlerEnabled>false</isErrorHandlerEnabled>
            <errorHandlerItemId isNull="true" />
            <guid>guid:354260f3db855dcd:-158d08d6:15bf8aa1e60:-7c4f</guid>
            <versionId>def5ca95-bc42-44a1-b4a2-b4c9a2b7d1ff</versionId>
            <externalServiceRef isNull="true" />
            <externalServiceOp isNull="true" />
            <nodeColor isNull="true" />
            <layoutData x="0" y="0">
                <errorLink>
                    <controlPoints />
                    <showEndState>false</showEndState>
                    <showName>false</showName>
                </errorLink>
            </layoutData>
            <TWComponent />
        </item>
        <startingProcessItemId>2025.d8cc28d1-f428-41a6-a229-c966f8be0819</startingProcessItemId>
        <errorHandlerItemId isNull="true" />
        <layoutData noConversion="true">
            <errorLink>
                <controlPoints />
                <showEndState>false</showEndState>
                <showName>false</showName>
            </errorLink>
        </layoutData>
        <startPoint>
            <layoutData x="0" y="0">
                <errorLink>
                    <controlPoints />
                    <showEndState>false</showEndState>
                    <showName>false</showName>
                </errorLink>
            </layoutData>
        </startPoint>
        <startLink>
            <fromPort locationId="rightCenter" portType="1" />
            <toPort locationId="rightCenter" portType="2" />
            <layoutData>
                <controlPoints />
                <showEndState>false</showEndState>
                <showName>false</showName>
            </layoutData>
        </startLink>
        <coachflow>
            <ns17:definitions xmlns:ns17="http://www.omg.org/spec/BPMN/20100524/MODEL" xmlns:ns2="http://www.ibm.com/xmlns/prod/bpm/bpmn/ext/process/case" xmlns:ns3="http://www.ibm.com/xmlns/prod/bpm/bpmn/ext/process" xmlns:ns4="http://www.ibm.com/xmlns/prod/bpm/bpmn/ext/process/wle" xmlns:ns5="http://www.ibm.com/bpm/Extensions" xmlns:ns6="http://www.ibm.com/xmlns/prod/bpm/uca" xmlns:ns7="http://www.ibm.com/xmlns/prod/bpm/bpmn/ext/trackinggroup" xmlns:ns8="http://www.ibm.com/xmlns/prod/bpm/bpmn/ext/team" xmlns:ns9="http://www.ibm.com/xmlns/bpmnx/20100524/v1/BusinessVocabulary" xmlns:ns10="http://www.omg.org/spec/DD/20100524/DI" xmlns:ns11="http://www.omg.org/spec/DD/20100524/DC" xmlns:ns12="http://www.omg.org/spec/BPMN/20100524/BPMNDI" xmlns:ns13="http://www.ibm.com/xmlns/prod/bpm/graph" xmlns:ns14="http://www.ibm.com/xmlns/prod/bpm/bpmn/ext/process/auth" xmlns:ns15="http://www.ibm.com/xmlns/prod/bpm/bpmn/ext/extservice" xmlns:ns16="http://www.ibm.com/xmlns/links" xmlns:ns18="http://www.ibm.com/bpm/CoachDesignerNG" xmlns:ns19="http://www.ibm.com/xmlns/tagging" xmlns:ns20="http://www.ibm.com/bpm/uitheme" xmlns:ns21="http://www.ibm.com/bpm/coachview" id="f9ba2634-ff6d-4bce-b307-3d53cfe63636" targetNamespace="" expressionLanguage="http://www.ibm.com/xmlns/prod/bpm/expression-lang/javascript">
                
                
                <ns17:globalUserTask name="Client-Side Human Service" id="1.ed8d1a03-7895-4126-ac69-e94ea4349be8">
                    
                    
                    <ns17:documentation />
                    
                    
                    <ns17:extensionElements>
                        
                        
                        <ns3:userTaskImplementation id="fa7ec8f2-c932-494f-be5f-2761f9df8f0a">
                            
                            
                            <ns17:startEvent name="Start" id="67584e79-8657-4982-90de-4f45ae4a950d">
                                
                                
                                <ns17:extensionElements>
                                    
                                    
                                    <ns13:nodeVisualInfo x="50" y="200" width="24" height="24" color="#F8F8F8" />
                                    
                                
                                </ns17:extensionElements>
                                
                                
                                <ns17:outgoing>2027.8ff32610-43ce-4ee3-b7a3-5b9c6e8c8cfe</ns17:outgoing>
                                
                            
                            </ns17:startEvent>
                            
                            
                            <ns3:formTask name="Coach" id="2025.3b7ce7d2-b133-40b9-91bc-8543896da95b">
                                
                                
                                <ns17:extensionElements>
                                    
                                    
                                    <ns13:nodeVisualInfo x="350" y="177" width="95" height="70" />
                                    
                                
                                </ns17:extensionElements>
                                
                                
                                <ns17:incoming>2027.8ff32610-43ce-4ee3-b7a3-5b9c6e8c8cfe</ns17:incoming>
                                
                                
                                <ns17:outgoing>2027.919747d7-da8a-4280-8827-90e921970add</ns17:outgoing>
                                
                                
                                <ns3:formDefinition>
                                    
                                    
                                    <ns18:coachDefinition>
                                        
                                        
                                        <ns18:layout>
                                            
                                            
                                            <ns18:layoutItem xmlns:xsi="http://www.w3.org/2001/XMLSchema-instance" xsi:type="ns18:ViewRef" version="8550">
                                                
                                                
                                                <ns18:id>2c127566-ed76-4af7-8e13-8ed895684f8a</ns18:id>
                                                
                                                
                                                <ns18:layoutItemId>Well1</ns18:layoutItemId>
                                                
                                                
                                                <ns18:configData>
                                                    
                                                    
                                                    <ns18:id>167324e3-89b5-4c0d-8034-0c77fbc9609d</ns18:id>
                                                    
                                                    
                                                    <ns18:optionName>@label</ns18:optionName>
                                                    
                                                    
                                                    <ns18:value>Well</ns18:value>
                                                    
                                                
                                                </ns18:configData>
                                                
                                                
                                                <ns18:configData>
                                                    
                                                    
                                                    <ns18:id>7da8f2a1-0911-4ecb-8177-a39e88cac39d</ns18:id>
                                                    
                                                    
                                                    <ns18:optionName>@helpText</ns18:optionName>
                                                    
                                                    
                                                    <ns18:value />
                                                    
                                                
                                                </ns18:configData>
                                                
                                                
                                                <ns18:configData>
                                                    
                                                    
                                                    <ns18:id>735a8a60-a99e-407f-8533-2754e26a92cd</ns18:id>
                                                    
                                                    
                                                    <ns18:optionName>@labelVisibility</ns18:optionName>
                                                    
                                                    
                                                    <ns18:value>SHOW</ns18:value>
                                                    
                                                
                                                </ns18:configData>
                                                
                                                
                                                <ns18:viewUUID>64.64ae2c6c-6c21-491c-b5ab-c58848dd9e48</ns18:viewUUID>
                                                
                                                
                                                <ns18:contentBoxContrib>
                                                    
                                                    
                                                    <ns18:id>5c41d9d8-87eb-42d7-895c-b095fe5d84e7</ns18:id>
                                                    
                                                    
                                                    <ns18:contentBoxId>ContentBox1</ns18:contentBoxId>
                                                    
                                                    
                                                    <ns18:contributions xsi:type="ns18:ViewRef" version="8550">
                                                        
                                                        
                                                        <ns18:id>a0a15bf6-8b79-4f43-88e3-562fcb5a3477</ns18:id>
                                                        
                                                        
                                                        <ns18:layoutItemId>Radio_Button_Group1</ns18:layoutItemId>
                                                        
                                                        
                                                        <ns18:configData>
                                                            
                                                            
                                                            <ns18:id>8099ba5e-f283-418e-857a-7d9e25501b64</ns18:id>
                                                            
                                                            
                                                            <ns18:optionName>@label</ns18:optionName>
                                                            
                                                            
                                                            <ns18:value>Radio Button Group</ns18:value>
                                                            
                                                        
                                                        </ns18:configData>
                                                        
                                                        
                                                        <ns18:configData>
                                                            
                                                            
                                                            <ns18:id>ce8f9923-da6f-4764-83a2-4aa92edbb628</ns18:id>
                                                            
                                                            
                                                            <ns18:optionName>@helpText</ns18:optionName>
                                                            
                                                            
                                                            <ns18:value />
                                                            
                                                        
                                                        </ns18:configData>
                                                        
                                                        
                                                        <ns18:configData>
                                                            
                                                            
                                                            <ns18:id>e343022a-59a9-4224-8fbf-1f2a3520ac00</ns18:id>
                                                            
                                                            
                                                            <ns18:optionName>@labelVisibility</ns18:optionName>
                                                            
                                                            
                                                            <ns18:value>SHOW</ns18:value>
                                                            
                                                        
                                                        </ns18:configData>
                                                        
                                                        
                                                        <ns18:configData>
                                                            
                                                            
                                                            <ns18:id>32f12021-cae7-4e3d-8c55-f54cbc2b9284</ns18:id>
                                                            
                                                            
                                                            <ns18:optionName>itemLookupMode</ns18:optionName>
                                                            
                                                            
                                                            <ns18:value>L</ns18:value>
                                                            
                                                        
                                                        </ns18:configData>
                                                        
                                                        
                                                        <ns18:configData>
                                                            
                                                            
                                                            <ns18:id>e699690d-9fd9-4ae2-816a-dd4c769de2b5</ns18:id>
                                                            
                                                            
                                                            <ns18:optionName>staticList</ns18:optionName>
                                                            
                                                            
                                                            <ns18:value>[{"name":"AAA","value":"AAA"},{"name":"BBB","value":"BBB"},{"name":"CCC","value":"CCC"}]</ns18:value>
                                                            
                                                        
                                                        </ns18:configData>
                                                        
                                                        
                                                        <ns18:configData>
                                                            
                                                            
                                                            <ns18:id>90b78f54-9da7-4178-87d9-ffd2a2d37836</ns18:id>
                                                            
                                                            
                                                            <ns18:optionName>itemList</ns18:optionName>
                                                            
                                                            
                                                            <ns18:value>tw.local.nvp[]</ns18:value>
                                                            
                                                            
                                                            <ns18:valueType>dynamic</ns18:valueType>
                                                            
                                                        
                                                        </ns18:configData>
                                                        
                                                        
                                                        <ns18:viewUUID>64.bdddb841-6b07-4c08-bb5c-236a8da26b6a</ns18:viewUUID>
                                                        
                                                    
                                                    </ns18:contributions>
                                                    
                                                    
                                                    <ns18:contributions xsi:type="ns18:ViewRef" version="8550">
                                                        
                                                        
                                                        <ns18:id>a2bc5704-425e-4f36-81d8-8c8ef61c21a5</ns18:id>
                                                        
                                                        
                                                        <ns18:layoutItemId>Button1</ns18:layoutItemId>
                                                        
                                                        
                                                        <ns18:configData>
                                                            
                                                            
                                                            <ns18:id>7d65b91c-c2ac-417a-8f5b-96c25429f06f</ns18:id>
                                                            
                                                            
                                                            <ns18:optionName>@label</ns18:optionName>
                                                            
                                                            
                                                            <ns18:value>Done</ns18:value>
                                                            
                                                        
                                                        </ns18:configData>
                                                        
                                                        
                                                        <ns18:configData>
                                                            
                                                            
                                                            <ns18:id>ab3d5e39-8f22-476e-8646-d116985ba120</ns18:id>
                                                            
                                                            
                                                            <ns18:optionName>@helpText</ns18:optionName>
                                                            
                                                            
                                                            <ns18:value />
                                                            
                                                        
                                                        </ns18:configData>
                                                        
                                                        
                                                        <ns18:configData>
                                                            
                                                            
                                                            <ns18:id>0daf0622-e4f1-44e0-8686-038586102ab3</ns18:id>
                                                            
                                                            
                                                            <ns18:optionName>@labelVisibility</ns18:optionName>
                                                            
                                                            
                                                            <ns18:value>SHOW</ns18:value>
                                                            
                                                        
                                                        </ns18:configData>
                                                        
                                                        
                                                        <ns18:viewUUID>64.7133c7d4-1a54-45c8-89cd-a8e8fa4a8e36</ns18:viewUUID>
                                                        
                                                    
                                                    </ns18:contributions>
                                                    
                                                
                                                </ns18:contentBoxContrib>
                                                
                                            
                                            </ns18:layoutItem>
                                            
                                            
                                            <ns18:layoutItem xmlns:xsi="http://www.w3.org/2001/XMLSchema-instance" xsi:type="ns18:ViewRef" version="8550">
                                                
                                                
                                                <ns18:id>11be1479-a2c0-452f-85c2-257e4683c3b5</ns18:id>
                                                
                                                
                                                <ns18:layoutItemId>Radio_Button2</ns18:layoutItemId>
                                                
                                                
                                                <ns18:configData>
                                                    
                                                    
                                                    <ns18:id>5383214f-ea19-48b7-83ed-5f18dc8cfa4c</ns18:id>
                                                    
                                                    
                                                    <ns18:optionName>@label</ns18:optionName>
                                                    
                                                    
                                                    <ns18:value>Radio Button 2</ns18:value>
                                                    
                                                
                                                </ns18:configData>
                                                
                                                
                                                <ns18:configData>
                                                    
                                                    
                                                    <ns18:id>60657133-afe6-41a6-89ff-68670d68570e</ns18:id>
                                                    
                                                    
                                                    <ns18:optionName>@helpText</ns18:optionName>
                                                    
                                                    
                                                    <ns18:value />
                                                    
                                                
                                                </ns18:configData>
                                                
                                                
                                                <ns18:configData>
                                                    
                                                    
                                                    <ns18:id>d25f6c0a-ca92-4636-88eb-e847655e19af</ns18:id>
                                                    
                                                    
                                                    <ns18:optionName>@labelVisibility</ns18:optionName>
                                                    
                                                    
                                                    <ns18:value>SHOW</ns18:value>
                                                    
                                                
                                                </ns18:configData>
                                                
                                                
                                                <ns18:configData>
                                                    
                                                    
                                                    <ns18:id>d89e4705-8af9-435d-8c72-eca381b15f12</ns18:id>
                                                    
                                                    
                                                    <ns18:optionName>groupName</ns18:optionName>
                                                    
                                                    
                                                    <ns18:value>G1</ns18:value>
                                                    
                                                
                                                </ns18:configData>
                                                
                                                
                                                <ns18:viewUUID>64.ad2b879f-ee68-4bc9-9b1b-fb7c0856a48e</ns18:viewUUID>
                                                
                                            
                                            </ns18:layoutItem>
                                            
                                            
                                            <ns18:layoutItem xmlns:xsi="http://www.w3.org/2001/XMLSchema-instance" xsi:type="ns18:ViewRef" version="8550">
                                                
                                                
                                                <ns18:id>b371fef3-af66-4674-8545-af9107759efd</ns18:id>
                                                
                                                
                                                <ns18:layoutItemId>Radio_Button1</ns18:layoutItemId>
                                                
                                                
                                                <ns18:configData>
                                                    
                                                    
                                                    <ns18:id>d7620c00-cbcc-4a0a-86d4-44bc21b58262</ns18:id>
                                                    
                                                    
                                                    <ns18:optionName>@label</ns18:optionName>
                                                    
                                                    
                                                    <ns18:value>Radio Button</ns18:value>
                                                    
                                                
                                                </ns18:configData>
                                                
                                                
                                                <ns18:configData>
                                                    
                                                    
                                                    <ns18:id>0c371880-ce85-4c07-8a0b-1464db45f4ba</ns18:id>
                                                    
                                                    
                                                    <ns18:optionName>@helpText</ns18:optionName>
                                                    
                                                    
                                                    <ns18:value />
                                                    
                                                
                                                </ns18:configData>
                                                
                                                
                                                <ns18:configData>
                                                    
                                                    
                                                    <ns18:id>173ca070-8807-415b-800e-abbb784d3365</ns18:id>
                                                    
                                                    
                                                    <ns18:optionName>@labelVisibility</ns18:optionName>
                                                    
                                                    
                                                    <ns18:value>SHOW</ns18:value>
                                                    
                                                
                                                </ns18:configData>
                                                
                                                
                                                <ns18:configData>
                                                    
                                                    
                                                    <ns18:id>60970f40-a739-4780-87de-6ba78909020f</ns18:id>
                                                    
                                                    
                                                    <ns18:optionName>groupName</ns18:optionName>
                                                    
                                                    
                                                    <ns18:value>G1</ns18:value>
                                                    
                                                
                                                </ns18:configData>
                                                
                                                
                                                <ns18:viewUUID>64.ad2b879f-ee68-4bc9-9b1b-fb7c0856a48e</ns18:viewUUID>
                                                
                                            
                                            </ns18:layoutItem>
                                            
                                        
                                        </ns18:layout>
                                        
                                    
                                    </ns18:coachDefinition>
                                    
                                
                                </ns3:formDefinition>
                                
                            
                            </ns3:formTask>
                            
                            
                            <ns17:endEvent name="End" id="14c1487f-6266-4c7d-af28-01a61d349460">
                                
                                
                                <ns17:extensionElements>
                                    
                                    
                                    <ns13:nodeVisualInfo x="700" y="200" width="24" height="24" color="#F8F8F8" />
                                    
                                    
                                    <ns3:navigationInstructions>
                                        
                                        
                                        <ns3:targetType>Default</ns3:targetType>
                                        
                                    
                                    </ns3:navigationInstructions>
                                    
                                
                                </ns17:extensionElements>
                                
                                
                                <ns17:incoming>2027.919747d7-da8a-4280-8827-90e921970add</ns17:incoming>
                                
                            
                            </ns17:endEvent>
                            
                            
                            <ns17:sequenceFlow sourceRef="67584e79-8657-4982-90de-4f45ae4a950d" targetRef="2025.3b7ce7d2-b133-40b9-91bc-8543896da95b" name="To Coach" id="2027.8ff32610-43ce-4ee3-b7a3-5b9c6e8c8cfe">
                                
                                
                                <ns17:extensionElements>
                                    
                                    
                                    <ns13:linkVisualInfo>
                                        
                                        
                                        <ns13:sourcePortLocation>rightCenter</ns13:sourcePortLocation>
                                        
                                        
                                        <ns13:targetPortLocation>leftCenter</ns13:targetPortLocation>
                                        
                                        
                                        <ns13:showLabel>false</ns13:showLabel>
                                        
                                        
                                        <ns13:showCoachControlLabel>false</ns13:showCoachControlLabel>
                                        
                                        
                                        <ns13:labelPosition>0.0</ns13:labelPosition>
                                        
                                        
                                        <ns13:saveExecutionContext>false</ns13:saveExecutionContext>
                                        
                                    
                                    </ns13:linkVisualInfo>
                                    
                                
                                </ns17:extensionElements>
                                
                            
                            </ns17:sequenceFlow>
                            
                            
                            <ns17:sequenceFlow sourceRef="2025.3b7ce7d2-b133-40b9-91bc-8543896da95b" targetRef="14c1487f-6266-4c7d-af28-01a61d349460" name="To End" id="2027.919747d7-da8a-4280-8827-90e921970add">
                                
                                
                                <ns17:extensionElements>
                                    
                                    
                                    <ns3:sequenceFlowImplementation sboSyncEnabled="true" />
                                    
                                    
                                    <ns13:linkVisualInfo>
                                        
                                        
                                        <ns13:sourcePortLocation>rightCenter</ns13:sourcePortLocation>
                                        
                                        
                                        <ns13:targetPortLocation>leftCenter</ns13:targetPortLocation>
                                        
                                        
                                        <ns13:showLabel>false</ns13:showLabel>
                                        
                                        
                                        <ns13:showCoachControlLabel>true</ns13:showCoachControlLabel>
                                        
                                        
                                        <ns13:labelPosition>0.0</ns13:labelPosition>
                                        
                                        
                                        <ns13:saveExecutionContext>true</ns13:saveExecutionContext>
                                        
                                    
                                    </ns13:linkVisualInfo>
                                    
                                    
                                    <ns3:coachEventBinding id="ebb4bebf-85d5-4e63-8ee3-e4e7b127f147">
                                        
                                        
                                        <ns3:coachEventPath>Button1</ns3:coachEventPath>
                                        
                                    
                                    </ns3:coachEventBinding>
                                    
                                
                                </ns17:extensionElements>
                                
                            
                            </ns17:sequenceFlow>
                            
                            
                            <ns17:dataObject itemSubjectRef="itm.12.d2e5a15a-ea53-4793-9e93-29af5bd80b13" isCollection="true" name="nvp" id="2056.8e183571-97ff-4663-8539-dfc80c055a5c" />
                            
                            
                            <ns3:htmlHeaderTag id="1841db7f-4fe6-40cd-ab0a-0f74c87e7cc5">
                                
                                
                                <ns3:tagName>viewport</ns3:tagName>
                                
                                
                                <ns3:content>width=device-width,initial-scale=1.0</ns3:content>
                                
                                
                                <ns3:enabled>true</ns3:enabled>
                                
                            
                            </ns3:htmlHeaderTag>
                            
                        
                        </ns3:userTaskImplementation>
                        
                        
                        <ns3:exposedAs>NotExposed</ns3:exposedAs>
                        
                    
                    </ns17:extensionElements>
                    
                    
                    <ns17:ioSpecification>
                        
                        
                        <ns17:inputSet id="_2c510ac0-b309-40c0-9186-66bf2c817629" />
                        
                        
                        <ns17:outputSet id="_e5e2ea34-1098-46e4-b21c-30e3e51aedfe" />
                        
                    
                    </ns17:ioSpecification>
                    
                
                </ns17:globalUserTask>
                
            
            </ns17:definitions>
        </coachflow>
        <link name="Untitled">
            <lastModified isNull="true" />
            <lastModifiedBy isNull="true" />
            <processLinkId>2027.b29d03bc-37f1-4fc7-b8fd-6a4923e3ba88</processLinkId>
            <processId>1.ed8d1a03-7895-4126-ac69-e94ea4349be8</processId>
            <description isNull="true" />
            <fromProcessItemId>2025.d8cc28d1-f428-41a6-a229-c966f8be0819</fromProcessItemId>
            <endStateId>Out</endStateId>
            <toProcessItemId>2025.208b71d7-c0ef-45b8-a1fe-c376ad5d59f0</toProcessItemId>
            <guid>b9cfbe16-39b0-42bd-96fa-1a7648fdfe28</guid>
            <versionId>3f87530e-963a-4b73-9e6f-201ef7e59e5b</versionId>
            <layoutData>
                <controlPoints />
                <showEndState>false</showEndState>
                <showName>false</showName>
            </layoutData>
            <fromItemPort locationId="rightCenter" portType="1" />
            <toItemPort locationId="rightCenter" portType="2" />
            <fromProcessItemId>2025.d8cc28d1-f428-41a6-a229-c966f8be0819</fromProcessItemId>
            <toProcessItemId>2025.208b71d7-c0ef-45b8-a1fe-c376ad5d59f0</toProcessItemId>
        </link>
    </process>
</teamworks>

