<?xml version="1.0" encoding="UTF-8"?>
<teamworks>
    <process id="1.ef1ed168-6a53-4ca0-99a7-155e43503e6a" name="Default Table Data Action">
        <lastModified>1533742876467</lastModified>
        <lastModifiedBy>tw_admin</lastModifiedBy>
        <processId>1.ef1ed168-6a53-4ca0-99a7-155e43503e6a</processId>
        <image isNull="true" />
        <tabGroup isNull="true" />
        <startingProcessItemId>2025.a4b30d81-c3e4-4b0f-86b8-b41f2073ffd3</startingProcessItemId>
        <isRootProcess>false</isRootProcess>
        <processType>14</processType>
        <isErrorHandlerEnabled>false</isErrorHandlerEnabled>
        <errorHandlerItemId isNull="true" />
        <isLoggingVariables>false</isLoggingVariables>
        <isTransactional>false</isTransactional>
        <processTimingLevel isNull="true" />
        <participantRef isNull="true" />
        <exposedType>0</exposedType>
        <isTrackingEnabled>true</isTrackingEnabled>
        <xmlData isNull="true" />
        <cachingType>false</cachingType>
        <itemLabel isNull="true" />
        <cacheLength isNull="true" />
        <mobileReady>false</mobileReady>
        <sboSyncEnabled>true</sboSyncEnabled>
        <externalId isNull="true" />
        <isSecured>false</isSecured>
        <isAjaxExposed>false</isAjaxExposed>
        <description isNull="true" />
        <guid>guid:31b4ebebabacd2d5:140b1c05:16515335af7:-68e3</guid>
        <versionId>b49379c1-2b05-4cc7-930e-6b9de661fe08</versionId>
        <dependencySummary isNull="true" />
        <jsonData>{"rootElement":[{"extensionElements":{"userTaskImplementation":[{"flowElement":[{"parallelMultiple":false,"outgoing":["2027.42a74b11-d31d-46a5-9fa4-67009249dce5"],"isInterrupting":true,"extensionElements":{"nodeVisualInfo":[{"color":"#F8F8F8","width":24,"x":50,"y":200,"declaredType":"TNodeVisualInfo","height":24}]},"name":"Start","declaredType":"startEvent","id":"8bc58080-d41b-4de6-bb50-553ea8d52815"},{"incoming":["2027.42a74b11-d31d-46a5-9fa4-67009249dce5"],"extensionElements":{"nodeVisualInfo":[{"color":"#F8F8F8","width":24,"x":700,"y":200,"declaredType":"TNodeVisualInfo","height":24}],"navigationInstructions":[{"targetType":"Default","declaredType":"com.ibm.bpmsdk.model.bpmn20.ibmext.TNavigationInstructions"}]},"name":"End","declaredType":"endEvent","id":"b2f9e649-5466-4a8a-8660-9d78e9376a6b"},{"targetRef":"b2f9e649-5466-4a8a-8660-9d78e9376a6b","extensionElements":{"linkVisualInfo":[{"sourcePortLocation":"rightCenter","showCoachControlLabel":false,"labelPosition":0.0,"targetPortLocation":"leftCenter","declaredType":"TLinkVisualInfo","saveExecutionContext":false,"showLabel":false}]},"name":"Start to End","declaredType":"sequenceFlow","id":"2027.42a74b11-d31d-46a5-9fa4-67009249dce5","sourceRef":"8bc58080-d41b-4de6-bb50-553ea8d52815"}],"isClosed":false,"declaredType":"com.ibm.bpmsdk.model.bpmn20.ibmext.TUserTaskImplementation","id":"9c55445a-e515-4329-8635-06a29175a97e","processType":"None"}]},"implementation":"##unspecified","documentation":[{"textFormat":"text\/plain"}],"name":"Default Table Data Action","declaredType":"globalUserTask","id":"1.ef1ed168-6a53-4ca0-99a7-155e43503e6a","ioSpecification":{"dataOutput":[{"itemSubjectRef":"itm.12.c09c9b6e-aabd-4897-bef2-ed61db106297","name":"results","isCollection":true,"id":"2055.7d8d6a09-2ed8-4479-8b94-4881a5f07c83"}],"inputSet":[{"id":"_35fbb8b3-a574-45a1-bba5-4781eab7d7e8"}],"outputSet":[{"id":"_ef03ffa9-8cf9-46c9-8688-864deb69150c"}],"dataInput":[{"itemSubjectRef":"itm.12.c09c9b6e-aabd-4897-bef2-ed61db106297","name":"data","isCollection":false,"id":"2055.2fd212b6-698b-4028-8f10-db003b65dcb5"}]}}],"targetNamespace":"","typeLanguage":"http:\/\/www.w3.org\/2001\/XMLSchema","expressionLanguage":"http:\/\/www.ibm.com\/xmlns\/prod\/bpm\/expression-lang\/javascript","id":"6f0c5c98-b41d-4fbe-84bf-c8494a132018"}</jsonData>
        <field1 isNull="true" />
        <field2 isNull="true" />
        <field3>0</field3>
        <field4 isNull="true" />
        <field5>false</field5>
        <clobField1 isNull="true" />
        <blobField1 isNull="true" />
        <processParameter name="data">
            <lastModified isNull="true" />
            <lastModifiedBy isNull="true" />
            <processParameterId>2055.2fd212b6-698b-4028-8f10-db003b65dcb5</processParameterId>
            <processId>1.ef1ed168-6a53-4ca0-99a7-155e43503e6a</processId>
            <parameterType>1</parameterType>
            <isArrayOf>false</isArrayOf>
            <classId>556939fc-1d6d-4204-9546-c095a59cca29/12.c09c9b6e-aabd-4897-bef2-ed61db106297</classId>
            <seq>1</seq>
            <hasDefault>false</hasDefault>
            <defaultValue isNull="true" />
            <isLocked>false</isLocked>
            <description isNull="true" />
            <guid>fe22e55e-7415-4e47-a20f-3b6c97a8f55c</guid>
            <versionId>0cc997ff-e888-4eb5-a6a4-52a0e76759c0</versionId>
        </processParameter>
        <processParameter name="results">
            <lastModified isNull="true" />
            <lastModifiedBy isNull="true" />
            <processParameterId>2055.7d8d6a09-2ed8-4479-8b94-4881a5f07c83</processParameterId>
            <processId>1.ef1ed168-6a53-4ca0-99a7-155e43503e6a</processId>
            <parameterType>2</parameterType>
            <isArrayOf>true</isArrayOf>
            <classId>556939fc-1d6d-4204-9546-c095a59cca29/12.c09c9b6e-aabd-4897-bef2-ed61db106297</classId>
            <seq>2</seq>
            <hasDefault>false</hasDefault>
            <defaultValue isNull="true" />
            <isLocked>false</isLocked>
            <description isNull="true" />
            <guid>2dec8efb-5e2d-4d90-bb27-feedcb5346dd</guid>
            <versionId>4961956c-460d-4d09-a228-de188f10746a</versionId>
        </processParameter>
        <item>
            <lastModified isNull="true" />
            <lastModifiedBy isNull="true" />
            <processItemId>2025.a4b30d81-c3e4-4b0f-86b8-b41f2073ffd3</processItemId>
            <processId>1.ef1ed168-6a53-4ca0-99a7-155e43503e6a</processId>
            <name>CoachFlowWrapper</name>
            <tWComponentName>CoachFlow</tWComponentName>
            <tWComponentId>3032.5c02c565-eb0f-48e4-960a-0d6d0989c5b9</tWComponentId>
            <isLogEnabled>false</isLogEnabled>
            <isTraceEnabled>false</isTraceEnabled>
            <traceCategory isNull="true" />
            <traceLevel isNull="true" />
            <traceMessage isNull="true" />
            <traceSymbolTable isNull="true" />
            <isExecutionContextTraced>false</isExecutionContextTraced>
            <saveExecutionContext>true</saveExecutionContext>
            <documentation isNull="true" />
            <isErrorHandlerEnabled>false</isErrorHandlerEnabled>
            <errorHandlerItemId isNull="true" />
            <guid>guid:31b4ebebabacd2d5:140b1c05:16515335af7:-68e1</guid>
            <versionId>2bd21c30-979a-4625-9033-cfa9e024cf3b</versionId>
            <externalServiceRef isNull="true" />
            <externalServiceOp isNull="true" />
            <nodeColor isNull="true" />
            <layoutData x="0" y="0">
                <errorLink>
                    <controlPoints />
                    <showEndState>false</showEndState>
                    <showName>false</showName>
                </errorLink>
            </layoutData>
            <TWComponent />
        </item>
        <item>
            <lastModified isNull="true" />
            <lastModifiedBy isNull="true" />
            <processItemId>2025.d4e12697-f39a-4df0-98bf-fc8731cd3daf</processItemId>
            <processId>1.ef1ed168-6a53-4ca0-99a7-155e43503e6a</processId>
            <name>End</name>
            <tWComponentName>ExitPoint</tWComponentName>
            <tWComponentId>3008.d9799d3c-4184-426f-907a-e0bce54f7e2e</tWComponentId>
            <isLogEnabled>false</isLogEnabled>
            <isTraceEnabled>false</isTraceEnabled>
            <traceCategory isNull="true" />
            <traceLevel isNull="true" />
            <traceMessage isNull="true" />
            <traceSymbolTable isNull="true" />
            <isExecutionContextTraced>false</isExecutionContextTraced>
            <saveExecutionContext>true</saveExecutionContext>
            <documentation isNull="true" />
            <isErrorHandlerEnabled>false</isErrorHandlerEnabled>
            <errorHandlerItemId isNull="true" />
            <guid>guid:31b4ebebabacd2d5:140b1c05:16515335af7:-68e2</guid>
            <versionId>eeb7f94b-a8ae-48b0-8675-6b75e11eb5fd</versionId>
            <externalServiceRef isNull="true" />
            <externalServiceOp isNull="true" />
            <nodeColor isNull="true" />
            <layoutData x="0" y="0">
                <errorLink>
                    <controlPoints />
                    <showEndState>false</showEndState>
                    <showName>false</showName>
                </errorLink>
            </layoutData>
            <TWComponent>
                <lastModified isNull="true" />
                <lastModifiedBy isNull="true" />
                <exitPointId>3008.d9799d3c-4184-426f-907a-e0bce54f7e2e</exitPointId>
                <haltProcess>false</haltProcess>
                <guid>5e7a1268-ffd7-4c26-99ab-8f9434575af9</guid>
                <versionId>877adc8a-042c-43c6-a78b-7d5de4c28602</versionId>
            </TWComponent>
        </item>
        <startingProcessItemId>2025.a4b30d81-c3e4-4b0f-86b8-b41f2073ffd3</startingProcessItemId>
        <errorHandlerItemId isNull="true" />
        <layoutData noConversion="true">
            <errorLink>
                <controlPoints />
                <showEndState>false</showEndState>
                <showName>false</showName>
            </errorLink>
        </layoutData>
        <startPoint>
            <layoutData x="0" y="0">
                <errorLink>
                    <controlPoints />
                    <showEndState>false</showEndState>
                    <showName>false</showName>
                </errorLink>
            </layoutData>
        </startPoint>
        <startLink>
            <fromPort locationId="rightCenter" portType="1" />
            <toPort locationId="rightCenter" portType="2" />
            <layoutData>
                <controlPoints />
                <showEndState>false</showEndState>
                <showName>false</showName>
            </layoutData>
        </startLink>
        <bpmn2Model>
            <ns17:definitions xmlns:ns17="http://www.omg.org/spec/BPMN/20100524/MODEL" xmlns:ns2="http://www.ibm.com/xmlns/prod/bpm/bpmn/ext/process" xmlns:ns3="http://www.ibm.com/xmlns/prod/bpm/bpmn/ext/process/wle" xmlns:ns4="http://www.ibm.com/xmlns/prod/bpm/bpmn/ext/process/case" xmlns:ns5="http://www.ibm.com/bpm/Extensions" xmlns:ns6="http://www.ibm.com/xmlns/prod/bpm/uca" xmlns:ns7="http://www.ibm.com/xmlns/prod/bpm/bpmn/ext/trackinggroup" xmlns:ns8="http://www.ibm.com/xmlns/prod/bpm/bpmn/ext/team" xmlns:ns9="http://www.ibm.com/xmlns/bpmnx/20100524/v1/BusinessVocabulary" xmlns:ns10="http://www.omg.org/spec/DD/20100524/DI" xmlns:ns11="http://www.omg.org/spec/DD/20100524/DC" xmlns:ns12="http://www.omg.org/spec/BPMN/20100524/BPMNDI" xmlns:ns13="http://www.ibm.com/xmlns/prod/bpm/graph" xmlns:ns14="http://www.ibm.com/xmlns/prod/bpm/bpmn/ext/process/auth" xmlns:ns15="http://www.ibm.com/xmlns/prod/bpm/bpmn/ext/extservice" xmlns:ns16="http://www.ibm.com/xmlns/links" xmlns:ns18="http://www.ibm.com/bpm/CoachDesignerNG" xmlns:ns19="http://www.ibm.com/xmlns/tagging" xmlns:ns20="http://www.ibm.com/bpm/uitheme" xmlns:ns21="http://www.ibm.com/bpm/coachview" id="6f0c5c98-b41d-4fbe-84bf-c8494a132018" targetNamespace="" expressionLanguage="http://www.ibm.com/xmlns/prod/bpm/expression-lang/javascript">
                
                
                <ns17:globalUserTask name="Default Table Data Action" id="1.ef1ed168-6a53-4ca0-99a7-155e43503e6a">
                    
                    
                    <ns17:documentation />
                    
                    
                    <ns17:extensionElements>
                        
                        
                        <ns2:userTaskImplementation id="9c55445a-e515-4329-8635-06a29175a97e">
                            
                            
                            <ns17:startEvent name="Start" id="8bc58080-d41b-4de6-bb50-553ea8d52815">
                                
                                
                                <ns17:extensionElements>
                                    
                                    
                                    <ns13:nodeVisualInfo x="50" y="200" width="24" height="24" color="#F8F8F8" />
                                    
                                
                                </ns17:extensionElements>
                                
                                
                                <ns17:outgoing>2027.42a74b11-d31d-46a5-9fa4-67009249dce5</ns17:outgoing>
                                
                            
                            </ns17:startEvent>
                            
                            
                            <ns17:endEvent name="End" id="b2f9e649-5466-4a8a-8660-9d78e9376a6b">
                                
                                
                                <ns17:extensionElements>
                                    
                                    
                                    <ns13:nodeVisualInfo x="700" y="200" width="24" height="24" color="#F8F8F8" />
                                    
                                    
                                    <ns2:navigationInstructions>
                                        
                                        
                                        <ns2:targetType>Default</ns2:targetType>
                                        
                                    
                                    </ns2:navigationInstructions>
                                    
                                
                                </ns17:extensionElements>
                                
                                
                                <ns17:incoming>2027.42a74b11-d31d-46a5-9fa4-67009249dce5</ns17:incoming>
                                
                            
                            </ns17:endEvent>
                            
                            
                            <ns17:sequenceFlow sourceRef="8bc58080-d41b-4de6-bb50-553ea8d52815" targetRef="b2f9e649-5466-4a8a-8660-9d78e9376a6b" name="Start to End" id="2027.42a74b11-d31d-46a5-9fa4-67009249dce5">
                                
                                
                                <ns17:extensionElements>
                                    
                                    
                                    <ns13:linkVisualInfo>
                                        
                                        
                                        <ns13:sourcePortLocation>rightCenter</ns13:sourcePortLocation>
                                        
                                        
                                        <ns13:targetPortLocation>leftCenter</ns13:targetPortLocation>
                                        
                                        
                                        <ns13:showLabel>false</ns13:showLabel>
                                        
                                        
                                        <ns13:showCoachControlLabel>false</ns13:showCoachControlLabel>
                                        
                                        
                                        <ns13:labelPosition>0.0</ns13:labelPosition>
                                        
                                        
                                        <ns13:saveExecutionContext>false</ns13:saveExecutionContext>
                                        
                                    
                                    </ns13:linkVisualInfo>
                                    
                                
                                </ns17:extensionElements>
                                
                            
                            </ns17:sequenceFlow>
                            
                        
                        </ns2:userTaskImplementation>
                        
                    
                    </ns17:extensionElements>
                    
                    
                    <ns17:ioSpecification>
                        
                        
                        <ns17:dataInput name="data" itemSubjectRef="itm.12.c09c9b6e-aabd-4897-bef2-ed61db106297" isCollection="false" id="2055.2fd212b6-698b-4028-8f10-db003b65dcb5" />
                        
                        
                        <ns17:dataOutput name="results" itemSubjectRef="itm.12.c09c9b6e-aabd-4897-bef2-ed61db106297" isCollection="true" id="2055.7d8d6a09-2ed8-4479-8b94-4881a5f07c83" />
                        
                        
                        <ns17:inputSet id="_35fbb8b3-a574-45a1-bba5-4781eab7d7e8" />
                        
                        
                        <ns17:outputSet id="_ef03ffa9-8cf9-46c9-8688-864deb69150c" />
                        
                    
                    </ns17:ioSpecification>
                    
                
                </ns17:globalUserTask>
                
            
            </ns17:definitions>
        </bpmn2Model>
        <link name="Untitled">
            <lastModified isNull="true" />
            <lastModifiedBy isNull="true" />
            <processLinkId>2027.774e33de-91aa-464d-8454-ab11a472b014</processLinkId>
            <processId>1.ef1ed168-6a53-4ca0-99a7-155e43503e6a</processId>
            <description isNull="true" />
            <fromProcessItemId>2025.a4b30d81-c3e4-4b0f-86b8-b41f2073ffd3</fromProcessItemId>
            <endStateId>Out</endStateId>
            <toProcessItemId>2025.d4e12697-f39a-4df0-98bf-fc8731cd3daf</toProcessItemId>
            <guid>8026cb97-f52e-42d0-a5be-594e191db61b</guid>
            <versionId>5b9841c5-f33f-484c-8970-917133905118</versionId>
            <layoutData>
                <controlPoints />
                <showEndState>false</showEndState>
                <showName>false</showName>
            </layoutData>
            <fromItemPort locationId="rightCenter" portType="1" />
            <toItemPort locationId="rightCenter" portType="2" />
            <fromProcessItemId>2025.a4b30d81-c3e4-4b0f-86b8-b41f2073ffd3</fromProcessItemId>
            <toProcessItemId>2025.d4e12697-f39a-4df0-98bf-fc8731cd3daf</toProcessItemId>
        </link>
    </process>
</teamworks>

