<?xml version="1.0" encoding="UTF-8"?>
<teamworks>
    <twClass id="12.01ab3634-c905-4a5f-a880-9ac529d81a7b" name="LayoutFlow2">
        <lastModified>1466517832069</lastModified>
        <lastModifiedBy>John McDonald</lastModifiedBy>
        <classId>12.01ab3634-c905-4a5f-a880-9ac529d81a7b</classId>
        <type>0</type>
        <isSystem>false</isSystem>
        <shared>false</shared>
        <isShadow>false</isShadow>
        <globalLifetime>false</globalLifetime>
        <internalName isNull="true" />
        <extensionType isNull="true" />
        <saveServiceRef isNull="true" />
        <bpmn2Data isNull="true" />
        <externalId isNull="true" />
        <dependencySummary isNull="true" />
        <jsonData isNull="true" />
        <description>&lt;HTML&gt;&lt;HEAD&gt;&#xD;
&lt;STYLE type=text/css&gt; p{margin:0px;}&lt;/STYLE&gt;&#xD;
&lt;/HEAD&gt;&#xD;
&lt;BODY style="FONT-SIZE: 10pt; FONT-FAMILY: arial" bgColor=#f5f5f5&gt;Available layout flows&lt;/BODY&gt;&lt;/HTML&gt;</description>
        <guid>f3f7246a-9703-4d1f-9b9c-a30b8499c210</guid>
        <versionId>5b6b20e1-d54c-48fe-83e0-48f5981833d0</versionId>
        <definition>
            <validator>
                <className isNull="true" />
                <errorMessage isNull="true" />
                <webWidgetJavaClass isNull="true" />
                <externalType isNull="true" />
                <configData>
                    <schema>
                        <simpleType name="LayoutFlow2">
                            <restriction base="Selection">
                                <option value="P" display="Horizontal" />
                                <option value="H" display="Horizontal Inline Scroll" />
                                <option value="I" display="Horizontal Tight" />
                                <option value="W" display="Horizontal Auto-wrap" />
                                <option value="V" display="Vertical" />
                                <option value="Y" display="Vertical Tight" />
                            </restriction>
                        </simpleType>
                    </schema>
                </configData>
            </validator>
            <annotation type="com.lombardisoftware.core.xml.XMLTypeAnnotation" version="2.0">
                <exclude isNull="true" />
                <anonymous isNull="true" />
                <local isNull="true" />
                <name isNull="true" />
                <namespace isNull="true" />
                <elementName isNull="true" />
                <elementNamespace isNull="true" />
                <protoTypeName isNull="true" />
                <baseTypeName isNull="true" />
                <specialType isNull="true" />
                <contentTypeVariety isNull="true" />
                <xscRef isNull="true" />
            </annotation>
        </definition>
    </twClass>
</teamworks>

