<?xml version="1.0" encoding="UTF-8"?>
<teamworks>
    <twClass id="12.17f40b9d-3bb9-4b65-b8ac-45bdb62f23f5" name="CaptionPlacement">
        <lastModified>1466515352475</lastModified>
        <lastModifiedBy>John McDonald</lastModifiedBy>
        <classId>12.17f40b9d-3bb9-4b65-b8ac-45bdb62f23f5</classId>
        <type>0</type>
        <isSystem>false</isSystem>
        <shared>false</shared>
        <isShadow>false</isShadow>
        <globalLifetime>false</globalLifetime>
        <internalName isNull="true" />
        <extensionType isNull="true" />
        <saveServiceRef isNull="true" />
        <bpmn2Data isNull="true" />
        <externalId isNull="true" />
        <dependencySummary isNull="true" />
        <jsonData isNull="true" />
        <description>&lt;HTML&gt;&lt;HEAD&gt;&#xD;
&lt;STYLE type=text/css&gt; p{margin:0px;}&lt;/STYLE&gt;&#xD;
&lt;/HEAD&gt;&#xD;
&lt;BODY style="FONT-SIZE: 10pt; FONT-FAMILY: arial" bgColor=#f5f5f5&gt;Available caption placements&lt;/BODY&gt;&lt;/HTML&gt;</description>
        <guid>ee852e13-9c23-4499-bdd6-1ee716fab0d9</guid>
        <versionId>a71070a3-742d-43cf-a82b-a7ae627c1e3b</versionId>
        <definition>
            <validator>
                <className isNull="true" />
                <errorMessage isNull="true" />
                <webWidgetJavaClass isNull="true" />
                <externalType isNull="true" />
                <configData>
                    <schema>
                        <simpleType name="CaptionPlacement">
                            <restriction base="Selection">
                                <option value="T" display="Top" />
                                <option value="L" display="Left" />
                                <option value="B" display="Bottom" />
                                <option value="R" display="Right" />
                            </restriction>
                        </simpleType>
                    </schema>
                </configData>
            </validator>
            <annotation type="com.lombardisoftware.core.xml.XMLTypeAnnotation" version="2.0">
                <exclude isNull="true" />
                <anonymous isNull="true" />
                <local isNull="true" />
                <name isNull="true" />
                <namespace isNull="true" />
                <elementName isNull="true" />
                <elementNamespace isNull="true" />
                <protoTypeName isNull="true" />
                <baseTypeName isNull="true" />
                <specialType isNull="true" />
                <contentTypeVariety isNull="true" />
                <xscRef isNull="true" />
            </annotation>
        </definition>
    </twClass>
</teamworks>

