<?xml version="1.0" encoding="UTF-8"?>
<teamworks>
    <twClass id="12.1602d5df-7365-48fa-9174-dd6c9ee195c3" name="SwitchShapeStyle">
        <lastModified>1466518858417</lastModified>
        <lastModifiedBy>John McDonald</lastModifiedBy>
        <classId>12.1602d5df-7365-48fa-9174-dd6c9ee195c3</classId>
        <type>0</type>
        <isSystem>false</isSystem>
        <shared>false</shared>
        <isShadow>false</isShadow>
        <globalLifetime>false</globalLifetime>
        <internalName isNull="true" />
        <extensionType isNull="true" />
        <saveServiceRef isNull="true" />
        <bpmn2Data isNull="true" />
        <externalId isNull="true" />
        <dependencySummary isNull="true" />
        <jsonData isNull="true" />
        <description>&lt;HTML&gt;&lt;HEAD&gt;&#xD;
&lt;STYLE type=text/css&gt; p{margin:0px;}&lt;/STYLE&gt;&#xD;
&lt;/HEAD&gt;&#xD;
&lt;BODY style="FONT-SIZE: 10pt; FONT-FAMILY: arial" bgColor=#f5f5f5&gt;Available shape styles for the Switch control&lt;/BODY&gt;&lt;/HTML&gt;</description>
        <guid>guid:a44c6b34e2abf104:68713173:14a2f3ce048:-7ff8</guid>
        <versionId>6b1fb7cb-1020-4ad9-a8be-015e049ab169</versionId>
        <definition>
            <validator>
                <className isNull="true" />
                <errorMessage isNull="true" />
                <webWidgetJavaClass isNull="true" />
                <externalType isNull="true" />
                <configData>
                    <schema>
                        <simpleType name="SwitchShapeStyle">
                            <restriction base="Selection">
                                <option value="D" display="Default" />
                                <option value="S" display="Square" />
                                <option value="M" display="Modern" />
                            </restriction>
                        </simpleType>
                    </schema>
                </configData>
            </validator>
            <annotation type="com.lombardisoftware.core.xml.XMLTypeAnnotation" version="2.0">
                <exclude isNull="true" />
                <anonymous isNull="true" />
                <local isNull="true" />
                <name isNull="true" />
                <namespace isNull="true" />
                <elementName isNull="true" />
                <elementNamespace isNull="true" />
                <protoTypeName isNull="true" />
                <baseTypeName isNull="true" />
                <specialType isNull="true" />
                <contentTypeVariety isNull="true" />
                <xscRef isNull="true" />
            </annotation>
        </definition>
    </twClass>
</teamworks>

