<?xml version="1.0" encoding="UTF-8"?>
<teamworks>
    <twClass id="12.1ec8aeca-b070-4c29-8240-91e329b6db6d" name="ChartBackgroundColorStyle">
        <lastModified>1466515352475</lastModified>
        <lastModifiedBy>John McDonald</lastModifiedBy>
        <classId>12.1ec8aeca-b070-4c29-8240-91e329b6db6d</classId>
        <type>0</type>
        <isSystem>false</isSystem>
        <shared>false</shared>
        <isShadow>false</isShadow>
        <globalLifetime>false</globalLifetime>
        <internalName isNull="true" />
        <extensionType isNull="true" />
        <saveServiceRef isNull="true" />
        <bpmn2Data isNull="true" />
        <externalId isNull="true" />
        <dependencySummary isNull="true" />
        <jsonData isNull="true" />
        <description>&lt;HTML&gt;&lt;HEAD&gt;&#xD;
&lt;STYLE type=text/css&gt; p{margin:0px;}&lt;/STYLE&gt;&#xD;
&lt;/HEAD&gt;&#xD;
&lt;BODY style="FONT-SIZE: 10pt; FONT-FAMILY: arial" bgColor=#f5f5f5&gt;Available chart background color styles&lt;/BODY&gt;&lt;/HTML&gt;</description>
        <guid>a2c5279e-5020-45d6-b5a5-5b3e0aa9dc83</guid>
        <versionId>4ab68842-0773-4a02-9f7f-e2225506b463</versionId>
        <definition>
            <validator>
                <className isNull="true" />
                <errorMessage isNull="true" />
                <webWidgetJavaClass isNull="true" />
                <externalType isNull="true" />
                <configData>
                    <schema>
                        <simpleType name="ChartBackgroundColorStyle">
                            <restriction base="Selection">
                                <option value="T" display="Transparent" />
                                <option value="P" display="Primary" />
                                <option value="I" display="Info" />
                                <option value="S" display="Success" />
                                <option value="W" display="Warning" />
                                <option value="G" display="Danger" />
                            </restriction>
                        </simpleType>
                    </schema>
                </configData>
            </validator>
            <annotation type="com.lombardisoftware.core.xml.XMLTypeAnnotation" version="2.0">
                <exclude isNull="true" />
                <anonymous isNull="true" />
                <local isNull="true" />
                <name isNull="true" />
                <namespace isNull="true" />
                <elementName isNull="true" />
                <elementNamespace isNull="true" />
                <protoTypeName isNull="true" />
                <baseTypeName isNull="true" />
                <specialType isNull="true" />
                <contentTypeVariety isNull="true" />
                <xscRef isNull="true" />
            </annotation>
        </definition>
    </twClass>
</teamworks>

