<?xml version="1.0" encoding="UTF-8"?>
<teamworks>
    <twClass id="12.15365b4e-f917-48f9-87a7-4411410d1154" name="CurrencyCodeSelectionType">
        <lastModified>1473953593749</lastModified>
        <lastModifiedBy>Aalim Lakhani</lastModifiedBy>
        <classId>12.15365b4e-f917-48f9-87a7-4411410d1154</classId>
        <type>0</type>
        <isSystem>false</isSystem>
        <shared>false</shared>
        <isShadow>false</isShadow>
        <globalLifetime>false</globalLifetime>
        <internalName isNull="true" />
        <extensionType isNull="true" />
        <saveServiceRef isNull="true" />
        <bpmn2Data isNull="true" />
        <externalId>itm.12.15365b4e-f917-48f9-87a7-4411410d1154</externalId>
        <dependencySummary isNull="true" />
        <jsonData isNull="true" />
        <description isNull="true" />
        <guid>a028b6ea-2e62-44d3-95e7-5094d7ace265</guid>
        <versionId>71e929b6-74c4-4c16-91c5-e3ded9c9307e</versionId>
        <definition>
            <validator>
                <className isNull="true" />
                <errorMessage isNull="true" />
                <webWidgetJavaClass isNull="true" />
                <externalType isNull="true" />
                <configData>
                    <schema>
                        <simpleType name="CurrencyCodeSelectionType">
                            <restriction base="Selection">
                                <option value="NONE" display="None" />
                                <option value="AED" display="United Arab Emirates dirham" />
                                <option value="AFN" display="Afghan afghani" />
                                <option value="ALL" display="Albanian lek" />
                                <option value="AMD" display="Armenian dram" />
                                <option value="ANG" display="Netherlands Antillean guilder" />
                                <option value="AOA" display="Angolan kwanza" />
                                <option value="ARS" display="Argentine peso" />
                                <option value="AUD" display="Australian dollar" />
                                <option value="AWG" display="Aruban florin" />
                                <option value="AZN" display="Azerbaijani manat" />
                                <option value="BAM" display="Bosnia and Herzegovina convertible mark" />
                                <option value="BBD" display="Barbados dollar" />
                                <option value="BDT" display="Bangladeshi taka" />
                                <option value="BGN" display="Bulgarian lev" />
                                <option value="BHD" display="Bahraini dinar" />
                                <option value="BIF" display="Burundian franc" />
                                <option value="BMD" display="Bermudian dollar" />
                                <option value="BND" display="Brunei dollar" />
                                <option value="BOB" display="Boliviano" />
                                <option value="BOV" display="Bolivian Mvdol" />
                                <option value="BRL" display="Brazilian real" />
                                <option value="BSD" display="Bahamian dollar" />
                                <option value="BTN" display="Bhutanese ngultrum" />
                                <option value="BWP" display="Botswana pula" />
                                <option value="BYR" display="Belarusian ruble" />
                                <option value="BZD" display="Belize dollar" />
                                <option value="CAD" display="Canadian dollar" />
                                <option value="CDF" display="Congolese franc" />
                                <option value="CHE" display="WIR Euro" />
                                <option value="CHF" display="Swiss franc" />
                                <option value="CHW" display="WIR Franc" />
                                <option value="CLF" display="Unidad de Fomento" />
                                <option value="CLP" display="Chilean peso" />
                                <option value="CNY" display="Chinese yuan" />
                                <option value="COP" display="Colombian peso" />
                                <option value="COU" display="Unidad de Valor Real" />
                                <option value="CRC" display="Costa Rican colon" />
                                <option value="CUC" display="Cuban convertible peso" />
                                <option value="CUP" display="Cuban peso" />
                                <option value="CVE" display="Cape Verde escudo" />
                                <option value="CZK" display="Czech koruna" />
                                <option value="DJF" display="Djiboutian franc" />
                                <option value="DKK" display="Danish krone" />
                                <option value="DOP" display="Dominican peso" />
                                <option value="DZD" display="Algerian dinar" />
                                <option value="EGP" display="Egyptian pound" />
                                <option value="ERN" display="Eritrean nakfa" />
                                <option value="ETB" display="Ethiopian birr" />
                                <option value="EUR" display="Euro" />
                                <option value="FJD" display="Fiji dollar" />
                                <option value="FKP" display="Falkland Islands pound" />
                                <option value="GBP" display="Pound sterling" />
                                <option value="GEL" display="Georgian lari" />
                                <option value="GHS" display="Ghanaian cedi" />
                                <option value="GIP" display="Gibraltar pound" />
                                <option value="GMD" display="Gambian dalasi" />
                                <option value="GNF" display="Guinean franc" />
                                <option value="GTQ" display="Guatemalan quetzal" />
                                <option value="GYD" display="Guyanese dollar" />
                                <option value="HKD" display="Hong Kong dollar" />
                                <option value="HNL" display="Honduran lempira" />
                                <option value="HRK" display="Croatian kuna" />
                                <option value="HTG" display="Haitian gourde" />
                                <option value="HUF" display="Hungarian forint" />
                                <option value="IDR" display="Indonesian rupiah" />
                                <option value="ILS" display="Israeli new sheqel" />
                                <option value="INR" display="Indian rupee" />
                                <option value="IQD" display="Iraqi dinar" />
                                <option value="IRR" display="Iranian rial" />
                                <option value="ISK" display="Icelandic króna" />
                                <option value="JMD" display="Jamaican dollar" />
                                <option value="JOD" display="Jordanian dinar" />
                                <option value="JPY" display="Japanese yen" />
                                <option value="KES" display="Kenyan shilling" />
                                <option value="KGS" display="Kyrgyzstani som" />
                                <option value="KHR" display="Cambodian riel" />
                                <option value="KMF" display="Comoro franc" />
                                <option value="KPW" display="North Korean won" />
                                <option value="KRW" display="South Korean won" />
                                <option value="KWD" display="Kuwaiti dinar" />
                                <option value="KYD" display="Cayman Islands dollar" />
                                <option value="KZT" display="Kazakhstani tenge" />
                                <option value="LAK" display="Lao kip" />
                                <option value="LBP" display="Lebanese pound" />
                                <option value="LKR" display="Sri Lankan rupee" />
                                <option value="LRD" display="Liberian dollar" />
                                <option value="LSL" display="Lesotho loti" />
                                <option value="LTL" display="Lithuanian litas" />
                                <option value="LVL" display="Latvian lats" />
                                <option value="LYD" display="Libyan dinar" />
                                <option value="MAD" display="Moroccan dirham" />
                                <option value="MDL" display="Moldovan leu" />
                                <option value="MGA" display="Malagasy ariary" />
                                <option value="MKD" display="Macedonian denar" />
                                <option value="MMK" display="Myanma kyat" />
                                <option value="MNT" display="Mongolian tugrik" />
                                <option value="MOP" display="Macanese pataca" />
                                <option value="MRO" display="Mauritanian ouguiya" />
                                <option value="MUR" display="Mauritian rupee" />
                                <option value="MVR" display="Maldivian rufiyaa" />
                                <option value="MWK" display="Malawian kwacha" />
                                <option value="MXN" display="Mexican peso" />
                                <option value="MXV" display="Mexican Unidad de Inversion (UDI)" />
                                <option value="MYR" display="Malaysian ringgit" />
                                <option value="MZN" display="Mozambican metical" />
                                <option value="NAD" display="Namibian dollar" />
                                <option value="NGN" display="Nigerian naira" />
                                <option value="NIO" display="Nicaraguan córdoba" />
                                <option value="NOK" display="Norwegian krone" />
                                <option value="NPR" display="Nepalese rupee" />
                                <option value="NZD" display="New Zealand dollar" />
                                <option value="OMR" display="Omani rial" />
                                <option value="PAB" display="Panamanian balboa" />
                                <option value="PEN" display="Peruvian nuevo sol" />
                                <option value="PGK" display="Papua New Guinean kina" />
                                <option value="PHP" display="Philippine peso" />
                                <option value="PKR" display="Pakistani rupee" />
                                <option value="PLN" display="Polish złoty" />
                                <option value="PYG" display="Paraguayan guaraní" />
                                <option value="QAR" display="Qatari riyal" />
                                <option value="RON" display="Romanian new leu" />
                                <option value="RSD" display="Serbian dinar" />
                                <option value="RUB" display="Russian rouble" />
                                <option value="RWF" display="Rwandan franc" />
                                <option value="SAR" display="Saudi riyal" />
                                <option value="SBD" display="Solomon Islands dollar" />
                                <option value="SCR" display="Seychelles rupee" />
                                <option value="SDG" display="Sudanese pound" />
                                <option value="SEK" display="Swedish krona" />
                                <option value="SGD" display="Singapore dollar" />
                                <option value="SHP" display="Saint Helena pound" />
                                <option value="SLL" display="Sierra Leonean leone" />
                                <option value="SOS" display="Somali shilling" />
                                <option value="SRD" display="Surinamese dollar" />
                                <option value="SSP" display="South Sudanese pound" />
                                <option value="STD" display="São Tomé and Príncipe dobra" />
                                <option value="SYP" display="Syrian pound" />
                                <option value="SZL" display="Swazi lilangeni" />
                                <option value="THB" display="Thai baht" />
                                <option value="TJS" display="Tajikistani somoni" />
                                <option value="TMT" display="Turkmenistani manat" />
                                <option value="TND" display="Tunisian dinar" />
                                <option value="TOP" display="Tongan paʻanga" />
                                <option value="TRY" display="Turkish lira" />
                                <option value="TTD" display="Trinidad and Tobago dollar" />
                                <option value="TWD" display="New Taiwan dollar" />
                                <option value="TZS" display="Tanzanian shilling" />
                                <option value="UAH" display="Ukrainian hryvnia" />
                                <option value="UGX" display="Ugandan shilling" />
                                <option value="USD" display="United States dollar" />
                                <option value="USN" display="United States dollar (next day)" />
                                <option value="USS" display="United States dollar (same day)" />
                                <option value="UYI" display="Uruguay Peso en Unidades Indexadas" />
                                <option value="UYU" display="Uruguayan peso" />
                                <option value="UZS" display="Uzbekistan som" />
                                <option value="VEF" display="Venezuelan bolívar fuerte" />
                                <option value="VND" display="Vietnamese dong" />
                                <option value="VUV" display="Vanuatu vatu" />
                                <option value="WST" display="Samoan tala" />
                                <option value="XAF" display="CFA franc BEAC" />
                                <option value="XAG" display="Silver" />
                                <option value="XAU" display="Gold" />
                                <option value="XBA" display="European Composite Unit (EURCO)" />
                                <option value="XBB" display="European Monetary Unit (E.M.U.-6)" />
                                <option value="XBC" display="European Unit of Account 9 (E.U.A.-9)" />
                                <option value="XBD" display="European Unit of Account 17 (E.U.A.-17)" />
                                <option value="XCD" display="East Caribbean dollar" />
                                <option value="XDR" display="Special drawing rights" />
                                <option value="XFU" display="UIC franc" />
                                <option value="XOF" display="CFA Franc BCEAO" />
                                <option value="XPD" display="Palladium" />
                                <option value="XPF" display="CFP franc" />
                                <option value="XPT" display="Platinum" />
                                <option value="YER" display="Yemeni rial" />
                                <option value="ZAR" display="South African rand" />
                                <option value="ZMK" display="Zambian kwacha" />
                                <option value="ZWL" display="Zimbabwe dollar" />
                            </restriction>
                        </simpleType>
                    </schema>
                </configData>
            </validator>
            <annotation type="com.lombardisoftware.core.xml.XMLTypeAnnotation" version="2.0">
                <exclude isNull="true" />
                <anonymous isNull="true" />
                <local isNull="true" />
                <name isNull="true" />
                <namespace isNull="true" />
                <elementName isNull="true" />
                <elementNamespace isNull="true" />
                <protoTypeName isNull="true" />
                <baseTypeName isNull="true" />
                <specialType isNull="true" />
                <contentTypeVariety isNull="true" />
                <xscRef isNull="true" />
            </annotation>
        </definition>
    </twClass>
</teamworks>

