<?xml version="1.0" encoding="UTF-8"?>
<teamworks>
    <twClass id="12.28a70116-f08a-4654-937e-147b84caeed3" name="ContentListColumnType">
        <lastModified>1466595713172</lastModified>
        <lastModifiedBy>tw_admin</lastModifiedBy>
        <classId>12.28a70116-f08a-4654-937e-147b84caeed3</classId>
        <type>0</type>
        <isSystem>false</isSystem>
        <shared>false</shared>
        <isShadow>false</isShadow>
        <globalLifetime>false</globalLifetime>
        <internalName isNull="true" />
        <extensionType isNull="true" />
        <saveServiceRef isNull="true" />
        <bpmn2Data isNull="true" />
        <externalId isNull="true" />
        <dependencySummary isNull="true" />
        <jsonData isNull="true" />
        <description>&lt;HTML&gt;&lt;HEAD&gt;&#xD;
&lt;STYLE type=text/css&gt; p{margin:0px;}&lt;/STYLE&gt;&#xD;
&lt;/HEAD&gt;&#xD;
&lt;BODY style="FONT-SIZE: 10pt; FONT-FAMILY: arial" bgColor=#f5f5f5&gt;&#xD;
&lt;P&gt;Available ECM content column types &lt;/P&gt;&lt;/BODY&gt;&lt;/HTML&gt;</description>
        <guid>guid:54acbe661992ea9b:-61e80d34:14c7f41b364:-7fed</guid>
        <versionId>932d62b2-a990-4df8-933d-2b24af2516f9</versionId>
        <definition>
            <validator>
                <className isNull="true" />
                <errorMessage isNull="true" />
                <webWidgetJavaClass isNull="true" />
                <externalType isNull="true" />
                <configData>
                    <schema>
                        <simpleType name="ContentListColumnType">
                            <restriction base="Selection">
                                <option value="cmis:name" display="Doc Name (Clickable)" />
                                <option value="IBM_BPM_Document_FileType" display="Type (File or URL)" />
                                <option value="IBM_BPM_Document_FileNameURL" display="File Name" />
                                <option value="MajorVersionNumber" display="Major Version Number" />
                                <option value="IBM_BPM_Document_UserId" display="Last Modified By" />
                                <option value="cmis:lastModificationDate" display="Last Modified Date" />
                                <option value="cmis:contentStreamMimeType" display="MIME Type" />
                                <option value="cmis:contentStreamLength" display="Size or Length" />
                                <option value="_thumbnail" display="Thumbnail" />
                            </restriction>
                        </simpleType>
                    </schema>
                </configData>
            </validator>
            <annotation type="com.lombardisoftware.core.xml.XMLTypeAnnotation" version="2.0">
                <exclude isNull="true" />
                <anonymous isNull="true" />
                <local isNull="true" />
                <name isNull="true" />
                <namespace isNull="true" />
                <elementName isNull="true" />
                <elementNamespace isNull="true" />
                <protoTypeName isNull="true" />
                <baseTypeName isNull="true" />
                <specialType isNull="true" />
                <contentTypeVariety isNull="true" />
                <xscRef isNull="true" />
            </annotation>
        </definition>
    </twClass>
</teamworks>

