<?xml version="1.0" encoding="UTF-8"?>
<teamworks>
    <twClass id="12.2429ac44-15a3-42f7-b875-3d5df167a05e" name="IconColorStyle">
        <lastModified>1466517480749</lastModified>
        <lastModifiedBy>John McDonald</lastModifiedBy>
        <classId>12.2429ac44-15a3-42f7-b875-3d5df167a05e</classId>
        <type>0</type>
        <isSystem>false</isSystem>
        <shared>false</shared>
        <isShadow>false</isShadow>
        <globalLifetime>false</globalLifetime>
        <internalName isNull="true" />
        <extensionType isNull="true" />
        <saveServiceRef isNull="true" />
        <bpmn2Data isNull="true" />
        <externalId isNull="true" />
        <dependencySummary isNull="true" />
        <jsonData isNull="true" />
        <description>&lt;HTML&gt;&lt;HEAD&gt;&#xD;
&lt;STYLE type=text/css&gt; p{margin:0px;}&lt;/STYLE&gt;&#xD;
&lt;/HEAD&gt;&#xD;
&lt;BODY style="FONT-SIZE: 10pt; FONT-FAMILY: arial" bgColor=#f5f5f5&gt;Available Icon control color styles&lt;/BODY&gt;&lt;/HTML&gt;</description>
        <guid>22f441e6-ad8f-4722-8fd9-e3389608ad64</guid>
        <versionId>e0a6865e-50d4-4549-853f-e782f64a109b</versionId>
        <definition>
            <validator>
                <className isNull="true" />
                <errorMessage isNull="true" />
                <webWidgetJavaClass isNull="true" />
                <externalType isNull="true" />
                <configData>
                    <schema>
                        <simpleType name="IconColorStyle">
                            <restriction base="Selection">
                                <option value="D" display="Default" />
                                <option value="P" display="Primary" />
                                <option value="I" display="Info" />
                                <option value="S" display="Success" />
                                <option value="W" display="Warning" />
                                <option value="G" display="Danger" />
                                <option value="T" display="Transparent" />
                            </restriction>
                        </simpleType>
                    </schema>
                </configData>
            </validator>
            <annotation type="com.lombardisoftware.core.xml.XMLTypeAnnotation" version="2.0">
                <exclude isNull="true" />
                <anonymous isNull="true" />
                <local isNull="true" />
                <name isNull="true" />
                <namespace isNull="true" />
                <elementName isNull="true" />
                <elementNamespace isNull="true" />
                <protoTypeName isNull="true" />
                <baseTypeName isNull="true" />
                <specialType isNull="true" />
                <contentTypeVariety isNull="true" />
                <xscRef isNull="true" />
            </annotation>
        </definition>
    </twClass>
</teamworks>

