<?xml version="1.0" encoding="UTF-8"?>
<teamworks>
    <twClass id="12.2b0bfd67-839d-484f-9745-2db646ae8b3d" name="MenuItemType">
        <lastModified>1466517832069</lastModified>
        <lastModifiedBy>John McDonald</lastModifiedBy>
        <classId>12.2b0bfd67-839d-484f-9745-2db646ae8b3d</classId>
        <type>0</type>
        <isSystem>false</isSystem>
        <shared>false</shared>
        <isShadow>false</isShadow>
        <globalLifetime>false</globalLifetime>
        <internalName isNull="true" />
        <extensionType isNull="true" />
        <saveServiceRef isNull="true" />
        <bpmn2Data isNull="true" />
        <externalId isNull="true" />
        <dependencySummary isNull="true" />
        <jsonData isNull="true" />
        <description>&lt;HTML&gt;&lt;HEAD&gt;&#xD;
&lt;STYLE type=text/css&gt; p{margin:0px;}&lt;/STYLE&gt;&#xD;
&lt;/HEAD&gt;&#xD;
&lt;BODY style="FONT-SIZE: 10pt; FONT-FAMILY: arial" bgColor=#f5f5f5&gt;Available types of menu items&lt;/BODY&gt;&lt;/HTML&gt;</description>
        <guid>guid:1b238b2fb587d25f:-75c78496:1483b7d1a4a:-7ff9</guid>
        <versionId>c55357c7-5622-4fe7-a5ce-04b4a482163c</versionId>
        <definition>
            <validator>
                <className isNull="true" />
                <errorMessage isNull="true" />
                <webWidgetJavaClass isNull="true" />
                <externalType isNull="true" />
                <configData>
                    <schema>
                        <simpleType name="MenuItemType">
                            <restriction base="Selection">
                                <option value="L" display="Label" />
                                <option value="S" display="Separator" />
                                <option value="H" display="Section Header" />
                            </restriction>
                        </simpleType>
                    </schema>
                </configData>
            </validator>
            <annotation type="com.lombardisoftware.core.xml.XMLTypeAnnotation" version="2.0">
                <exclude isNull="true" />
                <anonymous isNull="true" />
                <local isNull="true" />
                <name isNull="true" />
                <namespace isNull="true" />
                <elementName isNull="true" />
                <elementNamespace isNull="true" />
                <protoTypeName isNull="true" />
                <baseTypeName isNull="true" />
                <specialType isNull="true" />
                <contentTypeVariety isNull="true" />
                <xscRef isNull="true" />
            </annotation>
        </definition>
    </twClass>
</teamworks>

