<?xml version="1.0" encoding="UTF-8"?>
<teamworks>
    <twClass id="12.328094c2-b1e2-491a-8b14-2a367a687e17" name="CalendarType">
        <lastModified>1479852762586</lastModified>
        <lastModifiedBy>Varun Sangwan</lastModifiedBy>
        <classId>12.328094c2-b1e2-491a-8b14-2a367a687e17</classId>
        <type>0</type>
        <isSystem>false</isSystem>
        <shared>false</shared>
        <isShadow>false</isShadow>
        <globalLifetime>false</globalLifetime>
        <internalName isNull="true" />
        <extensionType isNull="true" />
        <saveServiceRef isNull="true" />
        <bpmn2Data isNull="true" />
        <externalId isNull="true" />
        <dependencySummary isNull="true" />
        <jsonData isNull="true" />
        <description>Business object that provides selection options for the type of calendar to display.</description>
        <guid>e9bfa769-debe-4c05-adfc-821f20e521d5</guid>
        <versionId>6c3bd43d-fc61-4e9f-a178-6b8b3973a414</versionId>
        <definition>
            <validator>
                <className isNull="true" />
                <errorMessage isNull="true" />
                <webWidgetJavaClass isNull="true" />
                <externalType isNull="true" />
                <configData>
                    <schema>
                        <simpleType name="CalendarType">
                            <restriction base="Selection">
                                <option value="gregorian" display="Gregorian" />
                                <option value="hebrew" display="Hebrew" />
                                <option value="islamic" display="Islamic" />
                            </restriction>
                        </simpleType>
                    </schema>
                </configData>
            </validator>
            <annotation type="com.lombardisoftware.core.xml.XMLTypeAnnotation" version="2.0">
                <exclude isNull="true" />
                <anonymous isNull="true" />
                <local isNull="true" />
                <name isNull="true" />
                <namespace isNull="true" />
                <elementName isNull="true" />
                <elementNamespace isNull="true" />
                <protoTypeName isNull="true" />
                <baseTypeName isNull="true" />
                <specialType isNull="true" />
                <contentTypeVariety isNull="true" />
                <xscRef isNull="true" />
            </annotation>
        </definition>
    </twClass>
</teamworks>

