<?xml version="1.0" encoding="UTF-8"?>
<teamworks>
    <twClass id="12.3b707db6-3774-418f-9948-3bfaaf60d2ab" name="InputGroupButtonKind">
        <lastModified>1466517484459</lastModified>
        <lastModifiedBy>John McDonald</lastModifiedBy>
        <classId>12.3b707db6-3774-418f-9948-3bfaaf60d2ab</classId>
        <type>0</type>
        <isSystem>false</isSystem>
        <shared>false</shared>
        <isShadow>false</isShadow>
        <globalLifetime>false</globalLifetime>
        <internalName isNull="true" />
        <extensionType isNull="true" />
        <saveServiceRef isNull="true" />
        <bpmn2Data isNull="true" />
        <externalId isNull="true" />
        <dependencySummary isNull="true" />
        <jsonData isNull="true" />
        <description>&lt;HTML&gt;&lt;HEAD&gt;&#xD;
&lt;STYLE type=text/css&gt; p{margin:0px;}&lt;/STYLE&gt;&#xD;
&lt;/HEAD&gt;&#xD;
&lt;BODY style="FONT-SIZE: 10pt; FONT-FAMILY: arial" bgColor=#f5f5f5&gt;Available Input group control kids of buttons to display&lt;/BODY&gt;&lt;/HTML&gt;</description>
        <guid>guid:34e5133cbd636d62:11dc2314:148129085ba:-7ff7</guid>
        <versionId>cb1701f5-a3cb-4d7e-86e8-f11fdb1ff6d5</versionId>
        <definition>
            <validator>
                <className isNull="true" />
                <errorMessage isNull="true" />
                <webWidgetJavaClass isNull="true" />
                <externalType isNull="true" />
                <configData>
                    <schema>
                        <simpleType name="InputGroupButtonKind">
                            <restriction base="Selection">
                                <option value="I" display="Icon" />
                                <option value="T" display="Text" />
                                <option value="M" display="Menu" />
                            </restriction>
                        </simpleType>
                    </schema>
                </configData>
            </validator>
            <annotation type="com.lombardisoftware.core.xml.XMLTypeAnnotation" version="2.0">
                <exclude isNull="true" />
                <anonymous isNull="true" />
                <local isNull="true" />
                <name isNull="true" />
                <namespace isNull="true" />
                <elementName isNull="true" />
                <elementNamespace isNull="true" />
                <protoTypeName isNull="true" />
                <baseTypeName isNull="true" />
                <specialType isNull="true" />
                <contentTypeVariety isNull="true" />
                <xscRef isNull="true" />
            </annotation>
        </definition>
    </twClass>
</teamworks>

