<?xml version="1.0" encoding="UTF-8"?>
<teamworks>
    <twClass id="12.46476d32-83bc-46a8-81bf-11fa6fda5525" name="HorizontalAlignment">
        <lastModified>1466516593053</lastModified>
        <lastModifiedBy>John McDonald</lastModifiedBy>
        <classId>12.46476d32-83bc-46a8-81bf-11fa6fda5525</classId>
        <type>0</type>
        <isSystem>false</isSystem>
        <shared>false</shared>
        <isShadow>false</isShadow>
        <globalLifetime>false</globalLifetime>
        <internalName isNull="true" />
        <extensionType isNull="true" />
        <saveServiceRef isNull="true" />
        <bpmn2Data isNull="true" />
        <externalId isNull="true" />
        <dependencySummary isNull="true" />
        <jsonData isNull="true" />
        <description>&lt;HTML&gt;&lt;HEAD&gt;&#xD;
&lt;STYLE type=text/css&gt; p{margin:0px;}&lt;/STYLE&gt;&#xD;
&lt;/HEAD&gt;&#xD;
&lt;BODY style="FONT-SIZE: 10pt; FONT-FAMILY: arial" bgColor=#f5f5f5&gt;Available Horizontal layout alignments&lt;/BODY&gt;&lt;/HTML&gt;</description>
        <guid>guid:2c3a417b632e0bfd:-4d65bb3:146e416ed7d:-7ff9</guid>
        <versionId>bc609e92-11d8-4e92-ba89-24ea0d23949e</versionId>
        <definition>
            <validator>
                <className isNull="true" />
                <errorMessage isNull="true" />
                <webWidgetJavaClass isNull="true" />
                <externalType isNull="true" />
                <configData>
                    <schema>
                        <simpleType name="HorizontalAlignment">
                            <restriction base="Selection">
                                <option value="J" display="Justified" />
                                <option value="L" display="Left" />
                                <option value="C" display="Center" />
                                <option value="R" display="Right" />
                            </restriction>
                        </simpleType>
                    </schema>
                </configData>
            </validator>
            <annotation type="com.lombardisoftware.core.xml.XMLTypeAnnotation" version="2.0">
                <exclude isNull="true" />
                <anonymous isNull="true" />
                <local isNull="true" />
                <name isNull="true" />
                <namespace isNull="true" />
                <elementName isNull="true" />
                <elementNamespace isNull="true" />
                <protoTypeName isNull="true" />
                <baseTypeName isNull="true" />
                <specialType isNull="true" />
                <contentTypeVariety isNull="true" />
                <xscRef isNull="true" />
            </annotation>
        </definition>
    </twClass>
</teamworks>

