<?xml version="1.0" encoding="UTF-8"?>
<teamworks>
    <twClass id="12.4c8b82a7-5de4-45f1-bc41-984b33d10bfa" name="OutputTextSizeStyle">
        <lastModified>1466518171534</lastModified>
        <lastModifiedBy>John McDonald</lastModifiedBy>
        <classId>12.4c8b82a7-5de4-45f1-bc41-984b33d10bfa</classId>
        <type>0</type>
        <isSystem>false</isSystem>
        <shared>false</shared>
        <isShadow>false</isShadow>
        <globalLifetime>false</globalLifetime>
        <internalName isNull="true" />
        <extensionType isNull="true" />
        <saveServiceRef isNull="true" />
        <bpmn2Data isNull="true" />
        <externalId isNull="true" />
        <dependencySummary isNull="true" />
        <jsonData isNull="true" />
        <description>&lt;HTML&gt;&lt;HEAD&gt;&#xD;
&lt;STYLE type=text/css&gt; p{margin:0px;}&lt;/STYLE&gt;&#xD;
&lt;/HEAD&gt;&#xD;
&lt;BODY style="FONT-SIZE: 10pt; FONT-FAMILY: arial" bgColor=#f5f5f5&gt;Available text size styles&lt;/BODY&gt;&lt;/HTML&gt;</description>
        <guid>guid:012227e6daeb3e51:54688d32:14a539143d0:-7ffc</guid>
        <versionId>5aae3e39-66f3-4dd9-9df7-87dfa1fe5375</versionId>
        <definition>
            <validator>
                <className isNull="true" />
                <errorMessage isNull="true" />
                <webWidgetJavaClass isNull="true" />
                <externalType isNull="true" />
                <configData>
                    <schema>
                        <simpleType name="OutputTextSizeStyle">
                            <restriction base="Selection">
                                <option value="D" display="Default" />
                                <option value="R" display="Super-Large" />
                                <option value="X" display="Extra-Large" />
                                <option value="G" display="Larger" />
                                <option value="L" display="Large" />
                                <option value="S" display="Small" />
                                <option value="M" display="Smaller" />
                            </restriction>
                        </simpleType>
                    </schema>
                </configData>
            </validator>
            <annotation type="com.lombardisoftware.core.xml.XMLTypeAnnotation" version="2.0">
                <exclude isNull="true" />
                <anonymous isNull="true" />
                <local isNull="true" />
                <name isNull="true" />
                <namespace isNull="true" />
                <elementName isNull="true" />
                <elementNamespace isNull="true" />
                <protoTypeName isNull="true" />
                <baseTypeName isNull="true" />
                <specialType isNull="true" />
                <contentTypeVariety isNull="true" />
                <xscRef isNull="true" />
            </annotation>
        </definition>
    </twClass>
</teamworks>

