<?xml version="1.0" encoding="UTF-8"?>
<teamworks>
    <twClass id="12.5bb09c00-5cc8-4629-91f2-e64cc9103546" name="LayoutFlow">
        <lastModified>1466517832069</lastModified>
        <lastModifiedBy>John McDonald</lastModifiedBy>
        <classId>12.5bb09c00-5cc8-4629-91f2-e64cc9103546</classId>
        <type>0</type>
        <isSystem>false</isSystem>
        <shared>false</shared>
        <isShadow>false</isShadow>
        <globalLifetime>false</globalLifetime>
        <internalName isNull="true" />
        <extensionType isNull="true" />
        <saveServiceRef isNull="true" />
        <bpmn2Data isNull="true" />
        <externalId isNull="true" />
        <dependencySummary isNull="true" />
        <jsonData isNull="true" />
        <description>&lt;HTML&gt;&lt;HEAD&gt;&#xD;
&lt;STYLE type=text/css&gt; p{margin:0px;}&lt;/STYLE&gt;&#xD;
&lt;/HEAD&gt;&#xD;
&lt;BODY style="FONT-SIZE: 10pt; FONT-FAMILY: arial" bgColor=#f5f5f5&gt;Available flow values for Layout controls (Horizontal and Vertical)&lt;/BODY&gt;&lt;/HTML&gt;</description>
        <guid>guid:2c3a417b632e0bfd:-4d65bb3:146e416ed7d:-7ffc</guid>
        <versionId>855ef0f6-0a61-4536-9492-76eca476209e</versionId>
        <definition>
            <validator>
                <className isNull="true" />
                <errorMessage isNull="true" />
                <webWidgetJavaClass isNull="true" />
                <externalType isNull="true" />
                <configData>
                    <schema>
                        <simpleType name="LayoutFlow">
                            <restriction base="Selection">
                                <option value="V" display="Vertical" />
                                <option value="Y" display="Vertical Tight" />
                                <option value="P" display="Horizontal" />
                                <option value="H" display="Horizontal Inline Scroll" />
                                <option value="I" display="Horizontal Tight" />
                                <option value="W" display="Horizontal Auto-wrap" />
                            </restriction>
                        </simpleType>
                    </schema>
                </configData>
            </validator>
            <annotation type="com.lombardisoftware.core.xml.XMLTypeAnnotation" version="2.0">
                <exclude isNull="true" />
                <anonymous isNull="true" />
                <local isNull="true" />
                <name isNull="true" />
                <namespace isNull="true" />
                <elementName isNull="true" />
                <elementNamespace isNull="true" />
                <protoTypeName isNull="true" />
                <baseTypeName isNull="true" />
                <specialType isNull="true" />
                <contentTypeVariety isNull="true" />
                <xscRef isNull="true" />
            </annotation>
        </definition>
    </twClass>
</teamworks>

