<?xml version="1.0" encoding="UTF-8"?>
<teamworks>
    <twClass id="12.55625d09-2e7f-4b8b-82aa-e01b1ba5bb57" name="TableColumn">
        <lastModified>1490719722592</lastModified>
        <lastModifiedBy>Elliot Pytosky</lastModifiedBy>
        <classId>12.55625d09-2e7f-4b8b-82aa-e01b1ba5bb57</classId>
        <type>1</type>
        <isSystem>false</isSystem>
        <shared>false</shared>
        <isShadow>false</isShadow>
        <globalLifetime>false</globalLifetime>
        <internalName isNull="true" />
        <extensionType isNull="true" />
        <saveServiceRef isNull="true" />
        <bpmn2Data isNull="true" />
        <externalId isNull="true" />
        <dependencySummary isNull="true" />
        <jsonData isNull="true" />
        <description>&lt;HTML&gt;&lt;HEAD&gt;&#xD;
			&lt;STYLE type=text/css&gt;
			p{margin:0px;}&lt;/STYLE&gt;&#xD;
			&lt;/HEAD&gt;&#xD;
			&lt;BODY
			style="FONT-SIZE: 10pt; FONT-FAMILY: arial"
			bgColor=#f5f5f5&gt;Specifications for the columns in a Table
			control&lt;/BODY&gt;&lt;/HTML&gt;</description>
        <guid>58222a14-789a-4817-894c-8b11ae8c249f</guid>
        <versionId>7ff0c41b-1cdf-4a51-a020-d2cbca830828</versionId>
        <definition>
            <property>
                <name>renderAs</name>
                <description>&lt;HTML&gt;&lt;HEAD&gt;&#xD;
					&lt;STYLE
					type=text/css&gt; p{margin:0px;}&lt;/STYLE&gt;&#xD;
					&lt;/HEAD&gt;&#xD;
					&lt;BODY style="FONT-SIZE: 10pt; FONT-FAMILY:
					arial"
					bgColor=#f5f5f5&gt;&lt;FONT size=2&gt;How cell contents
					should be
					rendered&lt;BR&gt;&lt;/FONT&gt;&lt;/BODY&gt;&lt;/HTML&gt; </description>
                <classRef>/12.20b5f59b-ea97-405c-a86b-ab88873eda20</classRef>
                <arrayProperty>false</arrayProperty>
                <propertyDefault isNull="true" />
                <propertyRequired>false</propertyRequired>
                <propertyHidden>false</propertyHidden>
                <annotation type="com.lombardisoftware.core.xml.XMLFieldAnnotation" version="2.0">
                    <exclude isNull="true" />
                    <nodeType isNull="true" />
                    <name isNull="true" />
                    <namespace isNull="true" />
                    <typeName isNull="true" />
                    <typeNamespace isNull="true" />
                    <minOccurs isNull="true" />
                    <maxOccurs isNull="true" />
                    <nillable isNull="true" />
                    <order isNull="true" />
                    <wrapArray isNull="true" />
                    <arrayTypeName isNull="true" />
                    <arrayTypeAnonymous isNull="true" />
                    <arrayItemName isNull="true" />
                    <arrayItemWildcard isNull="true" />
                    <wildcard isNull="true" />
                    <wildcardVariety isNull="true" />
                    <wildcardMode isNull="true" />
                    <wildcardNamespace isNull="true" />
                    <parentModelGroupCompositor isNull="true" />
                    <timeZone isNull="true" />
                </annotation>
            </property>
            <property>
                <name>visibility</name>
                <description>&lt;HTML&gt;&lt;HEAD&gt;&#xD;
					&lt;STYLE
					type=text/css&gt; p{margin:0px;}&lt;/STYLE&gt;&#xD;
					&lt;/HEAD&gt;&#xD;
					&lt;BODY style="FONT-SIZE: 10pt; FONT-FAMILY:
					arial"
					bgColor=#f5f5f5&gt;Column
					visibility&lt;/BODY&gt;&lt;/HTML&gt; </description>
                <classRef>/12.ee438d67-2ff2-4575-b26c-190b6867852c</classRef>
                <arrayProperty>false</arrayProperty>
                <propertyDefault isNull="true" />
                <propertyRequired>false</propertyRequired>
                <propertyHidden>false</propertyHidden>
                <annotation type="com.lombardisoftware.core.xml.XMLFieldAnnotation" version="2.0">
                    <exclude isNull="true" />
                    <nodeType isNull="true" />
                    <name isNull="true" />
                    <namespace isNull="true" />
                    <typeName isNull="true" />
                    <typeNamespace isNull="true" />
                    <minOccurs isNull="true" />
                    <maxOccurs isNull="true" />
                    <nillable isNull="true" />
                    <order isNull="true" />
                    <wrapArray isNull="true" />
                    <arrayTypeName isNull="true" />
                    <arrayTypeAnonymous isNull="true" />
                    <arrayItemName isNull="true" />
                    <arrayItemWildcard isNull="true" />
                    <wildcard isNull="true" />
                    <wildcardVariety isNull="true" />
                    <wildcardMode isNull="true" />
                    <wildcardNamespace isNull="true" />
                    <parentModelGroupCompositor isNull="true" />
                    <timeZone isNull="true" />
                </annotation>
            </property>
            <property>
                <name>sortable</name>
                <description>&lt;HTML&gt;&lt;HEAD&gt;&#xD;
					&lt;STYLE
					type=text/css&gt; p{margin:0px;}&lt;/STYLE&gt;&#xD;
					&lt;/HEAD&gt;&#xD;
					&lt;BODY style="FONT-SIZE: 10pt; FONT-FAMILY:
					arial"
					bgColor=#f5f5f5&gt;When enabled, table can be sorted using
					this
					column&lt;/BODY&gt;&lt;/HTML&gt;</description>
                <classRef>556939fc-1d6d-4204-9546-c095a59cca29/12.83ff975e-8dbc-42e5-b738-fa8bc08274a2</classRef>
                <arrayProperty>false</arrayProperty>
                <propertyDefault isNull="true" />
                <propertyRequired>false</propertyRequired>
                <propertyHidden>false</propertyHidden>
                <annotation type="com.lombardisoftware.core.xml.XMLFieldAnnotation" version="2.0">
                    <exclude isNull="true" />
                    <nodeType isNull="true" />
                    <name isNull="true" />
                    <namespace isNull="true" />
                    <typeName isNull="true" />
                    <typeNamespace isNull="true" />
                    <minOccurs isNull="true" />
                    <maxOccurs isNull="true" />
                    <nillable isNull="true" />
                    <order isNull="true" />
                    <wrapArray isNull="true" />
                    <arrayTypeName isNull="true" />
                    <arrayTypeAnonymous isNull="true" />
                    <arrayItemName isNull="true" />
                    <arrayItemWildcard isNull="true" />
                    <wildcard isNull="true" />
                    <wildcardVariety isNull="true" />
                    <wildcardMode isNull="true" />
                    <wildcardNamespace isNull="true" />
                    <parentModelGroupCompositor isNull="true" />
                    <timeZone isNull="true" />
                </annotation>
            </property>
            <property>
                <name>options</name>
                <description>&lt;HTML&gt;&lt;HEAD&gt;&#xD;
					&lt;STYLE
					type=text/css&gt; p{margin:0px;}&lt;/STYLE&gt;&#xD;
					&lt;/HEAD&gt;&#xD;
					&lt;BODY style="FONT-SIZE: 10pt; FONT-FAMILY:
					arial"
					bgColor=#f5f5f5&gt;&#xD;
					&lt;P&gt;Optional data to pass to
					cell, depending on type of data in column.
					Includes: &lt;/P&gt;&#xD;
					&lt;P&gt;&amp;nbsp;- Decimal: thousandsSeparator, decimalPlaces,
					decimalSeparator,
					postfix, prefix &lt;/P&gt;&#xD;
					&lt;P&gt;&amp;nbsp;- DatePicker: datePattern &lt;/P&gt;&#xD;
					&lt;P&gt;&amp;nbsp;- Link: href &lt;/P&gt;&#xD;
					&lt;P&gt;&amp;nbsp;- Integer: thousandSeparator
					&lt;/P&gt;&lt;/BODY&gt;&lt;/HTML&gt; </description>
                <classRef>556939fc-1d6d-4204-9546-c095a59cca29/12.db884a3c-c533-44b7-bb2d-47bec8ad4022</classRef>
                <arrayProperty>false</arrayProperty>
                <propertyDefault isNull="true" />
                <propertyRequired>false</propertyRequired>
                <propertyHidden>false</propertyHidden>
                <annotation type="com.lombardisoftware.core.xml.XMLFieldAnnotation" version="2.0">
                    <exclude isNull="true" />
                    <nodeType isNull="true" />
                    <name isNull="true" />
                    <namespace isNull="true" />
                    <typeName isNull="true" />
                    <typeNamespace isNull="true" />
                    <minOccurs isNull="true" />
                    <maxOccurs isNull="true" />
                    <nillable isNull="true" />
                    <order isNull="true" />
                    <wrapArray isNull="true" />
                    <arrayTypeName isNull="true" />
                    <arrayTypeAnonymous isNull="true" />
                    <arrayItemName isNull="true" />
                    <arrayItemWildcard isNull="true" />
                    <wildcard isNull="true" />
                    <wildcardVariety isNull="true" />
                    <wildcardMode isNull="true" />
                    <wildcardNamespace isNull="true" />
                    <parentModelGroupCompositor isNull="true" />
                    <timeZone isNull="true" />
                </annotation>
            </property>
            <property>
                <name>css</name>
                <description>&lt;HTML&gt;&lt;HEAD&gt;&#xD;
					&lt;STYLE
					type=text/css&gt; p{margin:0px;}&lt;/STYLE&gt;&#xD;
					&lt;/HEAD&gt;&#xD;
					&lt;BODY style="FONT-SIZE: 10pt; FONT-FAMILY:
					arial" bgColor=#f5f5f5&gt;CSS
					styling to apply to column (e.g.
					color:#00ff00)&lt;/BODY&gt;&lt;/HTML&gt;</description>
                <classRef>556939fc-1d6d-4204-9546-c095a59cca29/12.db884a3c-c533-44b7-bb2d-47bec8ad4022</classRef>
                <arrayProperty>false</arrayProperty>
                <propertyDefault isNull="true" />
                <propertyRequired>false</propertyRequired>
                <propertyHidden>false</propertyHidden>
                <annotation type="com.lombardisoftware.core.xml.XMLFieldAnnotation" version="2.0">
                    <exclude isNull="true" />
                    <nodeType isNull="true" />
                    <name isNull="true" />
                    <namespace isNull="true" />
                    <typeName isNull="true" />
                    <typeNamespace isNull="true" />
                    <minOccurs isNull="true" />
                    <maxOccurs isNull="true" />
                    <nillable isNull="true" />
                    <order isNull="true" />
                    <wrapArray isNull="true" />
                    <arrayTypeName isNull="true" />
                    <arrayTypeAnonymous isNull="true" />
                    <arrayItemName isNull="true" />
                    <arrayItemWildcard isNull="true" />
                    <wildcard isNull="true" />
                    <wildcardVariety isNull="true" />
                    <wildcardMode isNull="true" />
                    <wildcardNamespace isNull="true" />
                    <parentModelGroupCompositor isNull="true" />
                    <timeZone isNull="true" />
                </annotation>
            </property>
            <property>
                <name>width</name>
                <description>&lt;HTML&gt;&lt;HEAD&gt;&#xD;
					&lt;STYLE
					type=text/css&gt; p{margin:0px;}&lt;/STYLE&gt;&#xD;
					&lt;/HEAD&gt;&#xD;
					&lt;BODY style="FONT-SIZE: 10pt; FONT-FAMILY:
					arial"
					bgColor=#f5f5f5&gt;Column width&lt;/BODY&gt;&lt;/HTML&gt; </description>
                <classRef>556939fc-1d6d-4204-9546-c095a59cca29/12.db884a3c-c533-44b7-bb2d-47bec8ad4022</classRef>
                <arrayProperty>false</arrayProperty>
                <propertyDefault isNull="true" />
                <propertyRequired>false</propertyRequired>
                <propertyHidden>false</propertyHidden>
                <annotation type="com.lombardisoftware.core.xml.XMLFieldAnnotation" version="2.0">
                    <exclude isNull="true" />
                    <nodeType isNull="true" />
                    <name isNull="true" />
                    <namespace isNull="true" />
                    <typeName isNull="true" />
                    <typeNamespace isNull="true" />
                    <minOccurs isNull="true" />
                    <maxOccurs isNull="true" />
                    <nillable isNull="true" />
                    <order isNull="true" />
                    <wrapArray isNull="true" />
                    <arrayTypeName isNull="true" />
                    <arrayTypeAnonymous isNull="true" />
                    <arrayItemName isNull="true" />
                    <arrayItemWildcard isNull="true" />
                    <wildcard isNull="true" />
                    <wildcardVariety isNull="true" />
                    <wildcardMode isNull="true" />
                    <wildcardNamespace isNull="true" />
                    <parentModelGroupCompositor isNull="true" />
                    <timeZone isNull="true" />
                </annotation>
            </property>
            <property>
                <name>label</name>
                <description>&lt;HTML&gt;&lt;HEAD&gt;&#xD;
					&lt;STYLE
					type=text/css&gt; p{margin:0px;}&lt;/STYLE&gt;&#xD;
					&lt;/HEAD&gt;&#xD;
					&lt;BODY style="FONT-SIZE: 10pt; FONT-FAMILY: arial"
					bgColor=#f5f5f5&gt;&#xD;
					&lt;P&gt;Set the Column Label &lt;/P&gt;&lt;/BODY&gt;&lt;/HTML&gt;
				</description>
                <classRef>556939fc-1d6d-4204-9546-c095a59cca29/12.db884a3c-c533-44b7-bb2d-47bec8ad4022</classRef>
                <arrayProperty>false</arrayProperty>
                <propertyDefault isNull="true" />
                <propertyRequired>false</propertyRequired>
                <propertyHidden>false</propertyHidden>
                <annotation type="com.lombardisoftware.core.xml.XMLFieldAnnotation" version="2.0">
                    <exclude isNull="true" />
                    <nodeType isNull="true" />
                    <name isNull="true" />
                    <namespace isNull="true" />
                    <typeName isNull="true" />
                    <typeNamespace isNull="true" />
                    <minOccurs isNull="true" />
                    <maxOccurs isNull="true" />
                    <nillable isNull="true" />
                    <order isNull="true" />
                    <wrapArray isNull="true" />
                    <arrayTypeName isNull="true" />
                    <arrayTypeAnonymous isNull="true" />
                    <arrayItemName isNull="true" />
                    <arrayItemWildcard isNull="true" />
                    <wildcard isNull="true" />
                    <wildcardVariety isNull="true" />
                    <wildcardMode isNull="true" />
                    <wildcardNamespace isNull="true" />
                    <parentModelGroupCompositor isNull="true" />
                    <timeZone isNull="true" />
                </annotation>
            </property>
            <property>
                <name>showLabel</name>
                <description>&lt;HTML&gt;&lt;HEAD&gt;&#xD;
					&lt;STYLE
					type=text/css&gt; p{margin:0px;}&lt;/STYLE&gt;&#xD;
					&lt;/HEAD&gt;&#xD;
					&lt;BODY style="FONT-SIZE: 10pt; FONT-FAMILY:
					arial"
					bgColor=#f5f5f5&gt;&#xD;
					&lt;P&gt;Set the Column Label
					Visibility &lt;/P&gt;&lt;/BODY&gt;&lt;/HTML&gt; </description>
                <classRef>556939fc-1d6d-4204-9546-c095a59cca29/12.83ff975e-8dbc-42e5-b738-fa8bc08274a2</classRef>
                <arrayProperty>false</arrayProperty>
                <propertyDefault isNull="true" />
                <propertyRequired>false</propertyRequired>
                <propertyHidden>false</propertyHidden>
                <annotation type="com.lombardisoftware.core.xml.XMLFieldAnnotation" version="2.0">
                    <exclude isNull="true" />
                    <nodeType isNull="true" />
                    <name isNull="true" />
                    <namespace isNull="true" />
                    <typeName isNull="true" />
                    <typeNamespace isNull="true" />
                    <minOccurs isNull="true" />
                    <maxOccurs isNull="true" />
                    <nillable isNull="true" />
                    <order isNull="true" />
                    <wrapArray isNull="true" />
                    <arrayTypeName isNull="true" />
                    <arrayTypeAnonymous isNull="true" />
                    <arrayItemName isNull="true" />
                    <arrayItemWildcard isNull="true" />
                    <wildcard isNull="true" />
                    <wildcardVariety isNull="true" />
                    <wildcardMode isNull="true" />
                    <wildcardNamespace isNull="true" />
                    <parentModelGroupCompositor isNull="true" />
                    <timeZone isNull="true" />
                </annotation>
            </property>
            <property>
                <name>rearrangeColumn</name>
                <description>&lt;HTML&gt;&lt;HEAD&gt;&#xD;
					&lt;STYLE
					type=text/css&gt; p{margin:0px;}&lt;/STYLE&gt;&#xD;
					&lt;/HEAD&gt;&#xD;
					&lt;BODY style="FONT-SIZE: 10pt; FONT-FAMILY:
					arial"
					bgColor=#f5f5f5&gt;&#xD;
					&lt;P&gt;When enabled, user can move the column by dragging and dropping 
					&lt;/P&gt;&lt;/BODY&gt;&lt;/HTML&gt; </description>
                <classRef>556939fc-1d6d-4204-9546-c095a59cca29/12.83ff975e-8dbc-42e5-b738-fa8bc08274a2</classRef>
                <arrayProperty>false</arrayProperty>
                <propertyDefault isNull="true" />
                <propertyRequired>false</propertyRequired>
                <propertyHidden>false</propertyHidden>
                <annotation type="com.lombardisoftware.core.xml.XMLFieldAnnotation" version="2.0">
                    <exclude isNull="true" />
                    <nodeType isNull="true" />
                    <name isNull="true" />
                    <namespace isNull="true" />
                    <typeName isNull="true" />
                    <typeNamespace isNull="true" />
                    <minOccurs isNull="true" />
                    <maxOccurs isNull="true" />
                    <nillable isNull="true" />
                    <order isNull="true" />
                    <wrapArray isNull="true" />
                    <arrayTypeName isNull="true" />
                    <arrayTypeAnonymous isNull="true" />
                    <arrayItemName isNull="true" />
                    <arrayItemWildcard isNull="true" />
                    <wildcard isNull="true" />
                    <wildcardVariety isNull="true" />
                    <wildcardMode isNull="true" />
                    <wildcardNamespace isNull="true" />
                    <parentModelGroupCompositor isNull="true" />
                    <timeZone isNull="true" />
                </annotation>
            </property>
            <validator>
                <className isNull="true" />
                <errorMessage isNull="true" />
                <webWidgetJavaClass isNull="true" />
                <externalType isNull="true" />
                <configData>
                    <schema>
                        <simpleType name="TableColumn">
                            <restriction base="String" />
                        </simpleType>
                    </schema>
                </configData>
            </validator>
            <annotation type="com.lombardisoftware.core.xml.XMLTypeAnnotation" version="2.0">
                <exclude isNull="true" />
                <anonymous isNull="true" />
                <local isNull="true" />
                <name isNull="true" />
                <namespace isNull="true" />
                <elementName isNull="true" />
                <elementNamespace isNull="true" />
                <protoTypeName isNull="true" />
                <baseTypeName isNull="true" />
                <specialType isNull="true" />
                <contentTypeVariety isNull="true" />
                <xscRef isNull="true" />
            </annotation>
        </definition>
    </twClass>
</teamworks>

