<?xml version="1.0" encoding="UTF-8"?>
<teamworks>
    <twClass id="12.5b27bc84-e326-4e52-af13-c2d7e5efa66e" name="SplitPaneHandleLocation">
        <lastModified>1466518858417</lastModified>
        <lastModifiedBy>John McDonald</lastModifiedBy>
        <classId>12.5b27bc84-e326-4e52-af13-c2d7e5efa66e</classId>
        <type>0</type>
        <isSystem>false</isSystem>
        <shared>false</shared>
        <isShadow>false</isShadow>
        <globalLifetime>false</globalLifetime>
        <internalName isNull="true" />
        <extensionType isNull="true" />
        <saveServiceRef isNull="true" />
        <bpmn2Data isNull="true" />
        <externalId isNull="true" />
        <dependencySummary isNull="true" />
        <jsonData isNull="true" />
        <description>&lt;HTML&gt;&lt;HEAD&gt;&#xD;
&lt;STYLE type=text/css&gt; p{margin:0px;}&lt;/STYLE&gt;&#xD;
&lt;/HEAD&gt;&#xD;
&lt;BODY style="FONT-SIZE: 10pt; FONT-FAMILY: arial" bgColor=#f5f5f5&gt;Available positions for the handle in a split panel control&lt;/BODY&gt;&lt;/HTML&gt;</description>
        <guid>guid:6dc921319b375bc2:6d0ea18b:14dd89859e8:-7ff9</guid>
        <versionId>2021796f-e7d1-41d8-b9d5-c56f829aba5c</versionId>
        <definition>
            <validator>
                <className isNull="true" />
                <errorMessage isNull="true" />
                <webWidgetJavaClass isNull="true" />
                <externalType isNull="true" />
                <configData>
                    <schema>
                        <simpleType name="SplitPaneHandleLocation">
                            <restriction base="Selection">
                                <option value="N" display="None" />
                                <option value="M" display="Middle" />
                                <option value="S" display="Top" />
                                <option value="E" display="Bottom" />
                            </restriction>
                        </simpleType>
                    </schema>
                </configData>
            </validator>
            <annotation type="com.lombardisoftware.core.xml.XMLTypeAnnotation" version="2.0">
                <exclude isNull="true" />
                <anonymous isNull="true" />
                <local isNull="true" />
                <name isNull="true" />
                <namespace isNull="true" />
                <elementName isNull="true" />
                <elementNamespace isNull="true" />
                <protoTypeName isNull="true" />
                <baseTypeName isNull="true" />
                <specialType isNull="true" />
                <contentTypeVariety isNull="true" />
                <xscRef isNull="true" />
            </annotation>
        </definition>
    </twClass>
</teamworks>

