<?xml version="1.0" encoding="UTF-8"?>
<teamworks>
    <twClass id="12.56ec4d68-55c0-4b1d-b0bf-1e34b474ade8" name="ColumnVisibility">
        <lastModified>1466515020831</lastModified>
        <lastModifiedBy>John McDonald</lastModifiedBy>
        <classId>12.56ec4d68-55c0-4b1d-b0bf-1e34b474ade8</classId>
        <type>0</type>
        <isSystem>false</isSystem>
        <shared>false</shared>
        <isShadow>false</isShadow>
        <globalLifetime>false</globalLifetime>
        <internalName isNull="true" />
        <extensionType isNull="true" />
        <saveServiceRef isNull="true" />
        <bpmn2Data isNull="true" />
        <externalId isNull="true" />
        <dependencySummary isNull="true" />
        <jsonData isNull="true" />
        <description>&lt;HTML&gt;&lt;HEAD&gt;&#xD;
&lt;STYLE type=text/css&gt; p{margin:0px;}&lt;/STYLE&gt;&#xD;
&lt;/HEAD&gt;&#xD;
&lt;BODY style="FONT-SIZE: 10pt; FONT-FAMILY: arial" bgColor=#f5f5f5&gt;Available column visibilities&lt;/BODY&gt;&lt;/HTML&gt;</description>
        <guid>41ad8556-a853-4df8-8f56-8e30e595be2c</guid>
        <versionId>b8f4c14a-c20e-44d9-8c48-f049bde8d8f8</versionId>
        <definition>
            <validator>
                <className isNull="true" />
                <errorMessage isNull="true" />
                <webWidgetJavaClass isNull="true" />
                <externalType isNull="true" />
                <configData>
                    <schema>
                        <simpleType name="ColumnVisibility">
                            <restriction base="Selection">
                                <option value="VISIBLE" display="Visible" />
                                <option value="READONLY" display="Read-Only" />
                                <option value="NONE" display="None" />
                            </restriction>
                        </simpleType>
                    </schema>
                </configData>
            </validator>
            <annotation type="com.lombardisoftware.core.xml.XMLTypeAnnotation" version="2.0">
                <exclude isNull="true" />
                <anonymous isNull="true" />
                <local isNull="true" />
                <name isNull="true" />
                <namespace isNull="true" />
                <elementName isNull="true" />
                <elementNamespace isNull="true" />
                <protoTypeName isNull="true" />
                <baseTypeName isNull="true" />
                <specialType isNull="true" />
                <contentTypeVariety isNull="true" />
                <xscRef isNull="true" />
            </annotation>
        </definition>
    </twClass>
</teamworks>

