<?xml version="1.0" encoding="UTF-8"?>
<teamworks>
    <twClass id="12.5cc4a08f-5502-43a3-9259-ae44bdb8cada" name="LatLong">
        <lastModified>1466517832069</lastModified>
        <lastModifiedBy>John McDonald</lastModifiedBy>
        <classId>12.5cc4a08f-5502-43a3-9259-ae44bdb8cada</classId>
        <type>1</type>
        <isSystem>false</isSystem>
        <shared>false</shared>
        <isShadow>false</isShadow>
        <globalLifetime>false</globalLifetime>
        <internalName isNull="true" />
        <extensionType isNull="true" />
        <saveServiceRef isNull="true" />
        <bpmn2Data isNull="true" />
        <externalId isNull="true" />
        <dependencySummary isNull="true" />
        <jsonData isNull="true" />
        <description>&lt;HTML&gt;&lt;HEAD&gt;&#xD;
&lt;STYLE type=text/css&gt; p{margin:0px;}&lt;/STYLE&gt;&#xD;
&lt;/HEAD&gt;&#xD;
&lt;BODY style="FONT-SIZE: 10pt; FONT-FAMILY: arial" bgColor=#f5f5f5&gt;Latitude and Longitude information&lt;/BODY&gt;&lt;/HTML&gt;</description>
        <guid>guid:2747e8e41afb0dbf:-474bb5cc:14d2951b2e0:-7ff2</guid>
        <versionId>10c9277d-ed23-4823-837b-ed0185c14075</versionId>
        <definition>
            <property>
                <name>latitude</name>
                <description>&lt;HTML&gt;&lt;HEAD&gt;&#xD;
&lt;STYLE type=text/css&gt; p{margin:0px;}&lt;/STYLE&gt;&#xD;
&lt;/HEAD&gt;&#xD;
&lt;BODY style="FONT-SIZE: 10pt; FONT-FAMILY: arial" bgColor=#f5f5f5&gt;&#xD;
&lt;P&gt;Location latitude &lt;/P&gt;&lt;/BODY&gt;&lt;/HTML&gt;</description>
                <classRef>556939fc-1d6d-4204-9546-c095a59cca29/12.536b2aa5-a30f-4eca-87fa-3a28066753ee</classRef>
                <arrayProperty>false</arrayProperty>
                <propertyDefault isNull="true" />
                <propertyRequired>false</propertyRequired>
                <propertyHidden>false</propertyHidden>
                <annotation type="com.lombardisoftware.core.xml.XMLFieldAnnotation" version="2.0">
                    <exclude isNull="true" />
                    <nodeType isNull="true" />
                    <name isNull="true" />
                    <namespace isNull="true" />
                    <typeName isNull="true" />
                    <typeNamespace isNull="true" />
                    <minOccurs isNull="true" />
                    <maxOccurs isNull="true" />
                    <nillable isNull="true" />
                    <order isNull="true" />
                    <wrapArray isNull="true" />
                    <arrayTypeName isNull="true" />
                    <arrayTypeAnonymous isNull="true" />
                    <arrayItemName isNull="true" />
                    <arrayItemWildcard isNull="true" />
                    <wildcard isNull="true" />
                    <wildcardVariety isNull="true" />
                    <wildcardMode isNull="true" />
                    <wildcardNamespace isNull="true" />
                    <parentModelGroupCompositor isNull="true" />
                    <timeZone isNull="true" />
                </annotation>
            </property>
            <property>
                <name>longitude</name>
                <description>&lt;HTML&gt;&lt;HEAD&gt;&#xD;
&lt;STYLE type=text/css&gt; p{margin:0px;}&lt;/STYLE&gt;&#xD;
&lt;/HEAD&gt;&#xD;
&lt;BODY style="FONT-SIZE: 10pt; FONT-FAMILY: arial" bgColor=#f5f5f5&gt;&#xD;
&lt;P&gt;Location longitude &lt;/P&gt;&lt;/BODY&gt;&lt;/HTML&gt;</description>
                <classRef>556939fc-1d6d-4204-9546-c095a59cca29/12.536b2aa5-a30f-4eca-87fa-3a28066753ee</classRef>
                <arrayProperty>false</arrayProperty>
                <propertyDefault isNull="true" />
                <propertyRequired>false</propertyRequired>
                <propertyHidden>false</propertyHidden>
                <annotation type="com.lombardisoftware.core.xml.XMLFieldAnnotation" version="2.0">
                    <exclude isNull="true" />
                    <nodeType isNull="true" />
                    <name isNull="true" />
                    <namespace isNull="true" />
                    <typeName isNull="true" />
                    <typeNamespace isNull="true" />
                    <minOccurs isNull="true" />
                    <maxOccurs isNull="true" />
                    <nillable isNull="true" />
                    <order isNull="true" />
                    <wrapArray isNull="true" />
                    <arrayTypeName isNull="true" />
                    <arrayTypeAnonymous isNull="true" />
                    <arrayItemName isNull="true" />
                    <arrayItemWildcard isNull="true" />
                    <wildcard isNull="true" />
                    <wildcardVariety isNull="true" />
                    <wildcardMode isNull="true" />
                    <wildcardNamespace isNull="true" />
                    <parentModelGroupCompositor isNull="true" />
                    <timeZone isNull="true" />
                </annotation>
            </property>
            <validator>
                <className isNull="true" />
                <errorMessage isNull="true" />
                <webWidgetJavaClass isNull="true" />
                <externalType isNull="true" />
                <configData>
                    <schema>
                        <simpleType name="LatLong">
                            <restriction base="String" />
                        </simpleType>
                    </schema>
                </configData>
            </validator>
            <annotation type="com.lombardisoftware.core.xml.XMLTypeAnnotation" version="2.0">
                <exclude isNull="true" />
                <anonymous isNull="true" />
                <local isNull="true" />
                <name isNull="true" />
                <namespace isNull="true" />
                <elementName isNull="true" />
                <elementNamespace isNull="true" />
                <protoTypeName isNull="true" />
                <baseTypeName isNull="true" />
                <specialType isNull="true" />
                <contentTypeVariety isNull="true" />
                <xscRef isNull="true" />
            </annotation>
        </definition>
    </twClass>
</teamworks>

