<?xml version="1.0" encoding="UTF-8"?>
<teamworks>
    <twClass id="12.68bd7039-fb51-4d98-9cff-79fb625320b0" name="SelectItemsLookupMode">
        <lastModified>1466518560491</lastModified>
        <lastModifiedBy>John McDonald</lastModifiedBy>
        <classId>12.68bd7039-fb51-4d98-9cff-79fb625320b0</classId>
        <type>0</type>
        <isSystem>false</isSystem>
        <shared>false</shared>
        <isShadow>false</isShadow>
        <globalLifetime>false</globalLifetime>
        <internalName isNull="true" />
        <extensionType isNull="true" />
        <saveServiceRef isNull="true" />
        <bpmn2Data isNull="true" />
        <externalId isNull="true" />
        <dependencySummary isNull="true" />
        <jsonData isNull="true" />
        <description>&lt;HTML&gt;&lt;HEAD&gt;&#xD;
&lt;STYLE type=text/css&gt; p{margin:0px;}&lt;/STYLE&gt;&#xD;
&lt;/HEAD&gt;&#xD;
&lt;BODY style="FONT-SIZE: 10pt; FONT-FAMILY: arial" bgColor=#f5f5f5&gt;Available lookup modes for select style controls&lt;/BODY&gt;&lt;/HTML&gt;</description>
        <guid>guid:d4d4a1a0a77c020f:2c554ced:147fdb0550b:-7ff8</guid>
        <versionId>bf41f2fc-ec5d-4a25-84f2-c16ec31099ba</versionId>
        <definition>
            <validator>
                <className isNull="true" />
                <errorMessage isNull="true" />
                <webWidgetJavaClass isNull="true" />
                <externalType isNull="true" />
                <configData>
                    <schema>
                        <simpleType name="SelectItemsLookupMode">
                            <restriction base="Selection">
                                <option value="E" display="Start Empty" />
                                <option value="S" display="Items From Service" />
                                <option value="L" display="Items From Static List" />
                                <option value="B" display="Items From Config Option" />
                            </restriction>
                        </simpleType>
                    </schema>
                </configData>
            </validator>
            <annotation type="com.lombardisoftware.core.xml.XMLTypeAnnotation" version="2.0">
                <exclude isNull="true" />
                <anonymous isNull="true" />
                <local isNull="true" />
                <name isNull="true" />
                <namespace isNull="true" />
                <elementName isNull="true" />
                <elementNamespace isNull="true" />
                <protoTypeName isNull="true" />
                <baseTypeName isNull="true" />
                <specialType isNull="true" />
                <contentTypeVariety isNull="true" />
                <xscRef isNull="true" />
            </annotation>
        </definition>
    </twClass>
</teamworks>

