<?xml version="1.0" encoding="UTF-8"?>
<teamworks>
    <twClass id="12.6b5b9000-8b64-4639-a941-3369c8550032" name="ChartTooltipStyle">
        <lastModified>1466515352475</lastModified>
        <lastModifiedBy>John McDonald</lastModifiedBy>
        <classId>12.6b5b9000-8b64-4639-a941-3369c8550032</classId>
        <type>0</type>
        <isSystem>false</isSystem>
        <shared>false</shared>
        <isShadow>false</isShadow>
        <globalLifetime>false</globalLifetime>
        <internalName isNull="true" />
        <extensionType isNull="true" />
        <saveServiceRef isNull="true" />
        <bpmn2Data isNull="true" />
        <externalId isNull="true" />
        <dependencySummary isNull="true" />
        <jsonData isNull="true" />
        <description>&lt;HTML&gt;&lt;HEAD&gt;&#xD;
&lt;STYLE type=text/css&gt; p{margin:0px;}&lt;/STYLE&gt;&#xD;
&lt;/HEAD&gt;&#xD;
&lt;BODY style="FONT-SIZE: 10pt; FONT-FAMILY: arial" bgColor=#f5f5f5&gt;Available chart tooltip styles&lt;/BODY&gt;&lt;/HTML&gt;</description>
        <guid>guid:11d1a025a2a0f052:58486477:14b11e1a813:-7ff6</guid>
        <versionId>b2fb8583-eb00-4892-8ca6-8698c381731d</versionId>
        <definition>
            <validator>
                <className isNull="true" />
                <errorMessage isNull="true" />
                <webWidgetJavaClass isNull="true" />
                <externalType isNull="true" />
                <configData>
                    <schema>
                        <simpleType name="ChartTooltipStyle">
                            <restriction base="Selection">
                                <option value="N" display="None" />
                                <option value="G" display="Grouped" />
                                <option value="U" display="Ungrouped" />
                            </restriction>
                        </simpleType>
                    </schema>
                </configData>
            </validator>
            <annotation type="com.lombardisoftware.core.xml.XMLTypeAnnotation" version="2.0">
                <exclude isNull="true" />
                <anonymous isNull="true" />
                <local isNull="true" />
                <name isNull="true" />
                <namespace isNull="true" />
                <elementName isNull="true" />
                <elementNamespace isNull="true" />
                <protoTypeName isNull="true" />
                <baseTypeName isNull="true" />
                <specialType isNull="true" />
                <contentTypeVariety isNull="true" />
                <xscRef isNull="true" />
            </annotation>
        </definition>
    </twClass>
</teamworks>

