<?xml version="1.0" encoding="UTF-8"?>
<teamworks>
    <twClass id="12.66958eac-26e4-4c4f-a93b-a4e2483567c8" name="TooltipVerticalAlignment">
        <lastModified>1466519840275</lastModified>
        <lastModifiedBy>John McDonald</lastModifiedBy>
        <classId>12.66958eac-26e4-4c4f-a93b-a4e2483567c8</classId>
        <type>0</type>
        <isSystem>false</isSystem>
        <shared>false</shared>
        <isShadow>false</isShadow>
        <globalLifetime>false</globalLifetime>
        <internalName isNull="true" />
        <extensionType isNull="true" />
        <saveServiceRef isNull="true" />
        <bpmn2Data isNull="true" />
        <externalId isNull="true" />
        <dependencySummary isNull="true" />
        <jsonData isNull="true" />
        <description>&lt;HTML&gt;&lt;HEAD&gt;&#xD;
&lt;STYLE type=text/css&gt; p{margin:0px;}&lt;/STYLE&gt;&#xD;
&lt;/HEAD&gt;&#xD;
&lt;BODY style="FONT-SIZE: 10pt; FONT-FAMILY: arial" bgColor=#f5f5f5&gt;Available vertical alignements for the Tooltip control&lt;/BODY&gt;&lt;/HTML&gt;</description>
        <guid>e03a6d38-35a7-4df2-a02e-65101abdf382</guid>
        <versionId>15a808fc-5f9e-4a3e-a44e-079c2ba42898</versionId>
        <definition>
            <validator>
                <className isNull="true" />
                <errorMessage isNull="true" />
                <webWidgetJavaClass isNull="true" />
                <externalType isNull="true" />
                <configData>
                    <schema>
                        <simpleType name="TooltipVerticalAlignment">
                            <restriction base="Selection">
                                <option value="T" display="Top" />
                                <option value="B" display="Bottom" />
                            </restriction>
                        </simpleType>
                    </schema>
                </configData>
            </validator>
            <annotation type="com.lombardisoftware.core.xml.XMLTypeAnnotation" version="2.0">
                <exclude isNull="true" />
                <anonymous isNull="true" />
                <local isNull="true" />
                <name isNull="true" />
                <namespace isNull="true" />
                <elementName isNull="true" />
                <elementNamespace isNull="true" />
                <protoTypeName isNull="true" />
                <baseTypeName isNull="true" />
                <specialType isNull="true" />
                <contentTypeVariety isNull="true" />
                <xscRef isNull="true" />
            </annotation>
        </definition>
    </twClass>
</teamworks>

