<?xml version="1.0" encoding="UTF-8"?>
<teamworks>
    <twClass id="12.7926710c-55ff-4dc2-97a7-963992e86875" name="NoteLabelStyle">
        <lastModified>1466518171534</lastModified>
        <lastModifiedBy>John McDonald</lastModifiedBy>
        <classId>12.7926710c-55ff-4dc2-97a7-963992e86875</classId>
        <type>0</type>
        <isSystem>false</isSystem>
        <shared>false</shared>
        <isShadow>false</isShadow>
        <globalLifetime>false</globalLifetime>
        <internalName isNull="true" />
        <extensionType isNull="true" />
        <saveServiceRef isNull="true" />
        <bpmn2Data isNull="true" />
        <externalId isNull="true" />
        <dependencySummary isNull="true" />
        <jsonData isNull="true" />
        <description>&lt;HTML&gt;&lt;HEAD&gt;&#xD;
&lt;STYLE type=text/css&gt; p{margin:0px;}&lt;/STYLE&gt;&#xD;
&lt;/HEAD&gt;&#xD;
&lt;BODY style="FONT-SIZE: 10pt; FONT-FAMILY: arial" bgColor=#f5f5f5&gt;Available label styles for the Note control&lt;/BODY&gt;&lt;/HTML&gt;</description>
        <guid>guid:8d196246fa8af574:-46a5c931:14dc9258df5:-7ff9</guid>
        <versionId>00c35045-6c5a-44f3-bc65-ff84e0ee5b94</versionId>
        <definition>
            <validator>
                <className isNull="true" />
                <errorMessage isNull="true" />
                <webWidgetJavaClass isNull="true" />
                <externalType isNull="true" />
                <configData>
                    <schema>
                        <simpleType name="NoteLabelStyle">
                            <restriction base="Selection">
                                <option value="H4" display="Default" />
                                <option value="H1" display="Heading 1" />
                                <option value="H2" display="Heading 2" />
                                <option value="H3" display="Heading 3" />
                            </restriction>
                        </simpleType>
                    </schema>
                </configData>
            </validator>
            <annotation type="com.lombardisoftware.core.xml.XMLTypeAnnotation" version="2.0">
                <exclude isNull="true" />
                <anonymous isNull="true" />
                <local isNull="true" />
                <name isNull="true" />
                <namespace isNull="true" />
                <elementName isNull="true" />
                <elementNamespace isNull="true" />
                <protoTypeName isNull="true" />
                <baseTypeName isNull="true" />
                <specialType isNull="true" />
                <contentTypeVariety isNull="true" />
                <xscRef isNull="true" />
            </annotation>
        </definition>
    </twClass>
</teamworks>

