<?xml version="1.0" encoding="UTF-8"?>
<teamworks>
    <twClass id="12.7a07add0-20a1-4efd-9765-cd2b6cfab5d1" name="DatePickerWeekStart">
        <lastModified>1466516229551</lastModified>
        <lastModifiedBy>John McDonald</lastModifiedBy>
        <classId>12.7a07add0-20a1-4efd-9765-cd2b6cfab5d1</classId>
        <type>0</type>
        <isSystem>false</isSystem>
        <shared>false</shared>
        <isShadow>false</isShadow>
        <globalLifetime>false</globalLifetime>
        <internalName isNull="true" />
        <extensionType isNull="true" />
        <saveServiceRef isNull="true" />
        <bpmn2Data isNull="true" />
        <externalId isNull="true" />
        <dependencySummary isNull="true" />
        <jsonData isNull="true" />
        <description>&lt;HTML&gt;&lt;HEAD&gt;&#xD;
&lt;STYLE type=text/css&gt; p{margin:0px;}&lt;/STYLE&gt;&#xD;
&lt;/HEAD&gt;&#xD;
&lt;BODY style="FONT-SIZE: 10pt; FONT-FAMILY: arial" bgColor=#f5f5f5&gt;Available start of week days for Date Picker calendar display&lt;/BODY&gt;&lt;/HTML&gt;</description>
        <guid>f981a702-3d1b-431c-9f2d-3a904ae0a358</guid>
        <versionId>a3e715d7-95ce-49eb-a212-6796d14b4718</versionId>
        <definition>
            <validator>
                <className isNull="true" />
                <errorMessage isNull="true" />
                <webWidgetJavaClass isNull="true" />
                <externalType isNull="true" />
                <configData>
                    <schema>
                        <simpleType name="DatePickerWeekStart">
                            <restriction base="Selection">
                                <option value="0" display="Sunday" />
                                <option value="1" display="Monday" />
                                <option value="2" display="Tuesday" />
                                <option value="3" display="Wednesday" />
                                <option value="4" display="Thursday" />
                                <option value="5" display="Friday" />
                                <option value="6" display="Saturday" />
                            </restriction>
                        </simpleType>
                    </schema>
                </configData>
            </validator>
            <annotation type="com.lombardisoftware.core.xml.XMLTypeAnnotation" version="2.0">
                <exclude isNull="true" />
                <anonymous isNull="true" />
                <local isNull="true" />
                <name isNull="true" />
                <namespace isNull="true" />
                <elementName isNull="true" />
                <elementNamespace isNull="true" />
                <protoTypeName isNull="true" />
                <baseTypeName isNull="true" />
                <specialType isNull="true" />
                <contentTypeVariety isNull="true" />
                <xscRef isNull="true" />
            </annotation>
        </definition>
    </twClass>
</teamworks>

