<?xml version="1.0" encoding="UTF-8"?>
<teamworks>
    <twClass id="12.7ddd931a-637b-4a7e-9cd5-f2b7affb349f" name="DatePickerType">
        <lastModified>1466516229551</lastModified>
        <lastModifiedBy>John McDonald</lastModifiedBy>
        <classId>12.7ddd931a-637b-4a7e-9cd5-f2b7affb349f</classId>
        <type>0</type>
        <isSystem>false</isSystem>
        <shared>false</shared>
        <isShadow>false</isShadow>
        <globalLifetime>false</globalLifetime>
        <internalName isNull="true" />
        <extensionType isNull="true" />
        <saveServiceRef isNull="true" />
        <bpmn2Data isNull="true" />
        <externalId isNull="true" />
        <dependencySummary isNull="true" />
        <jsonData isNull="true" />
        <description>&lt;HTML&gt;&lt;HEAD&gt;&#xD;
&lt;STYLE type=text/css&gt; p{margin:0px;}&lt;/STYLE&gt;&#xD;
&lt;/HEAD&gt;&#xD;
&lt;BODY style="FONT-SIZE: 10pt; FONT-FAMILY: arial" bgColor=#f5f5f5&gt;Available entry types for date picker control&lt;/BODY&gt;&lt;/HTML&gt;</description>
        <guid>24de7ac3-965d-4743-97a7-603675ba63c4</guid>
        <versionId>f48b7a93-17ab-4216-8c2b-f5d13c66efcc</versionId>
        <definition>
            <validator>
                <className isNull="true" />
                <errorMessage isNull="true" />
                <webWidgetJavaClass isNull="true" />
                <externalType isNull="true" />
                <configData>
                    <schema>
                        <simpleType name="DatePickerType">
                            <restriction base="Selection">
                                <option value="TI" display="Text Input" />
                                <option value="I" display="Inline" />
                            </restriction>
                        </simpleType>
                    </schema>
                </configData>
            </validator>
            <annotation type="com.lombardisoftware.core.xml.XMLTypeAnnotation" version="2.0">
                <exclude isNull="true" />
                <anonymous isNull="true" />
                <local isNull="true" />
                <name isNull="true" />
                <namespace isNull="true" />
                <elementName isNull="true" />
                <elementNamespace isNull="true" />
                <protoTypeName isNull="true" />
                <baseTypeName isNull="true" />
                <specialType isNull="true" />
                <contentTypeVariety isNull="true" />
                <xscRef isNull="true" />
            </annotation>
        </definition>
    </twClass>
</teamworks>

