<?xml version="1.0" encoding="UTF-8"?>
<teamworks>
    <twClass id="12.78a1a772-7c41-42ed-b78a-98a9eed21542" name="Visibility">
        <lastModified>1466520168659</lastModified>
        <lastModifiedBy>John McDonald</lastModifiedBy>
        <classId>12.78a1a772-7c41-42ed-b78a-98a9eed21542</classId>
        <type>0</type>
        <isSystem>false</isSystem>
        <shared>false</shared>
        <isShadow>false</isShadow>
        <globalLifetime>false</globalLifetime>
        <internalName isNull="true" />
        <extensionType isNull="true" />
        <saveServiceRef isNull="true" />
        <bpmn2Data isNull="true" />
        <externalId isNull="true" />
        <dependencySummary isNull="true" />
        <jsonData isNull="true" />
        <description>&lt;HTML&gt;&lt;HEAD&gt;&#xD;
&lt;STYLE type=text/css&gt; p{margin:0px;}&lt;/STYLE&gt;&#xD;
&lt;/HEAD&gt;&#xD;
&lt;BODY style="FONT-SIZE: 10pt; FONT-FAMILY: arial" bgColor=#f5f5f5&gt;Available visibility values&lt;/BODY&gt;&lt;/HTML&gt;</description>
        <guid>guid:168c504c61b2c0b1:-c5c57de:146f8ada146:-7ffc</guid>
        <versionId>27493397-b538-4a18-b022-f00a1edab499</versionId>
        <definition>
            <validator>
                <className isNull="true" />
                <errorMessage isNull="true" />
                <webWidgetJavaClass isNull="true" />
                <externalType isNull="true" />
                <configData>
                    <schema>
                        <simpleType name="Visibility">
                            <restriction base="Selection">
                                <option value="V" display="Visible" />
                                <option value="N" display="None" />
                                <option value="H" display="Hidden" />
                            </restriction>
                        </simpleType>
                    </schema>
                </configData>
            </validator>
            <annotation type="com.lombardisoftware.core.xml.XMLTypeAnnotation" version="2.0">
                <exclude isNull="true" />
                <anonymous isNull="true" />
                <local isNull="true" />
                <name isNull="true" />
                <namespace isNull="true" />
                <elementName isNull="true" />
                <elementNamespace isNull="true" />
                <protoTypeName isNull="true" />
                <baseTypeName isNull="true" />
                <specialType isNull="true" />
                <contentTypeVariety isNull="true" />
                <xscRef isNull="true" />
            </annotation>
        </definition>
    </twClass>
</teamworks>

