<?xml version="1.0" encoding="UTF-8"?>
<teamworks>
    <twClass id="12.8987ca86-25a9-48a6-b73b-8b3422c91a3b" name="NoteColorStyle">
        <lastModified>1466518171534</lastModified>
        <lastModifiedBy>John McDonald</lastModifiedBy>
        <classId>12.8987ca86-25a9-48a6-b73b-8b3422c91a3b</classId>
        <type>0</type>
        <isSystem>false</isSystem>
        <shared>false</shared>
        <isShadow>false</isShadow>
        <globalLifetime>false</globalLifetime>
        <internalName isNull="true" />
        <extensionType isNull="true" />
        <saveServiceRef isNull="true" />
        <bpmn2Data isNull="true" />
        <externalId isNull="true" />
        <dependencySummary isNull="true" />
        <jsonData isNull="true" />
        <description>&lt;HTML&gt;&lt;HEAD&gt;&#xD;
&lt;STYLE type=text/css&gt; p{margin:0px;}&lt;/STYLE&gt;&#xD;
&lt;/HEAD&gt;&#xD;
&lt;BODY style="FONT-SIZE: 10pt; FONT-FAMILY: arial" bgColor=#f5f5f5&gt;&#xD;
&lt;P&gt;Available color&amp;nbsp;styles for the Note control &lt;/P&gt;&lt;/BODY&gt;&lt;/HTML&gt;</description>
        <guid>0305a6cd-3e4c-4a1b-a9ee-de63db27c0c5</guid>
        <versionId>18cbc87c-f199-4585-8016-d3275811d992</versionId>
        <definition>
            <validator>
                <className isNull="true" />
                <errorMessage isNull="true" />
                <webWidgetJavaClass isNull="true" />
                <externalType isNull="true" />
                <configData>
                    <schema>
                        <simpleType name="NoteColorStyle">
                            <restriction base="Selection">
                                <option value="D" display="Default" />
                                <option value="P" display="Primary" />
                                <option value="S" display="Success" />
                                <option value="I" display="Info" />
                                <option value="W" display="Warning" />
                                <option value="G" display="Danger" />
                            </restriction>
                        </simpleType>
                    </schema>
                </configData>
            </validator>
            <annotation type="com.lombardisoftware.core.xml.XMLTypeAnnotation" version="2.0">
                <exclude isNull="true" />
                <anonymous isNull="true" />
                <local isNull="true" />
                <name isNull="true" />
                <namespace isNull="true" />
                <elementName isNull="true" />
                <elementNamespace isNull="true" />
                <protoTypeName isNull="true" />
                <baseTypeName isNull="true" />
                <specialType isNull="true" />
                <contentTypeVariety isNull="true" />
                <xscRef isNull="true" />
            </annotation>
        </definition>
    </twClass>
</teamworks>

