<?xml version="1.0" encoding="UTF-8"?>
<teamworks>
    <twClass id="12.94510c84-2ee1-4487-a1df-006aac6f1918" name="ButtonColorStyle">
        <lastModified>1466514921337</lastModified>
        <lastModifiedBy>John McDonald</lastModifiedBy>
        <classId>12.94510c84-2ee1-4487-a1df-006aac6f1918</classId>
        <type>0</type>
        <isSystem>false</isSystem>
        <shared>false</shared>
        <isShadow>false</isShadow>
        <globalLifetime>false</globalLifetime>
        <internalName isNull="true" />
        <extensionType isNull="true" />
        <saveServiceRef isNull="true" />
        <bpmn2Data isNull="true" />
        <externalId isNull="true" />
        <dependencySummary isNull="true" />
        <jsonData isNull="true" />
        <description>&lt;HTML&gt;&lt;HEAD&gt;&#xD;
&lt;STYLE type=text/css&gt; p{margin:0px;}&lt;/STYLE&gt;&#xD;
&lt;/HEAD&gt;&#xD;
&lt;BODY style="FONT-SIZE: 10pt; FONT-FAMILY: arial" bgColor=#f5f5f5&gt;Available Button Color Styles&lt;/BODY&gt;&lt;/HTML&gt;</description>
        <guid>guid:05ba181ae2928de9:-c44c706:145f08d3fd1:-7ffc</guid>
        <versionId>baf85ead-c585-459e-9960-a159897e1f81</versionId>
        <definition>
            <validator>
                <className isNull="true" />
                <errorMessage isNull="true" />
                <webWidgetJavaClass isNull="true" />
                <externalType isNull="true" />
                <configData>
                    <schema>
                        <simpleType name="ButtonColorStyle">
                            <restriction base="Selection">
                                <option value="D" display="Default" />
                                <option value="P" display="Primary" />
                                <option value="I" display="Info" />
                                <option value="S" display="Success" />
                                <option value="W" display="Warning" />
                                <option value="G" display="Danger" />
                                <option value="B" display="Dark" />
                            </restriction>
                        </simpleType>
                    </schema>
                </configData>
            </validator>
            <annotation type="com.lombardisoftware.core.xml.XMLTypeAnnotation" version="2.0">
                <exclude isNull="true" />
                <anonymous isNull="true" />
                <local isNull="true" />
                <name isNull="true" />
                <namespace isNull="true" />
                <elementName isNull="true" />
                <elementNamespace isNull="true" />
                <protoTypeName isNull="true" />
                <baseTypeName isNull="true" />
                <specialType isNull="true" />
                <contentTypeVariety isNull="true" />
                <xscRef isNull="true" />
            </annotation>
        </definition>
    </twClass>
</teamworks>

