<?xml version="1.0" encoding="UTF-8"?>
<teamworks>
    <twClass id="12.9c3d8fd8-887d-4978-a9f1-e9ecc53b23da" name="LinkType">
        <lastModified>1466517832069</lastModified>
        <lastModifiedBy>John McDonald</lastModifiedBy>
        <classId>12.9c3d8fd8-887d-4978-a9f1-e9ecc53b23da</classId>
        <type>0</type>
        <isSystem>false</isSystem>
        <shared>false</shared>
        <isShadow>false</isShadow>
        <globalLifetime>false</globalLifetime>
        <internalName isNull="true" />
        <extensionType isNull="true" />
        <saveServiceRef isNull="true" />
        <bpmn2Data isNull="true" />
        <externalId isNull="true" />
        <dependencySummary isNull="true" />
        <jsonData isNull="true" />
        <description>&lt;HTML&gt;&lt;HEAD&gt;&#xD;
&lt;STYLE type=text/css&gt; p{margin:0px;}&lt;/STYLE&gt;&#xD;
&lt;/HEAD&gt;&#xD;
&lt;BODY style="FONT-SIZE: 10pt; FONT-FAMILY: arial" bgColor=#f5f5f5&gt;Available link types for Link controls&lt;/BODY&gt;&lt;/HTML&gt;</description>
        <guid>guid:143d12597f8f93e5:3062528:14d7bf573c8:-7ff8</guid>
        <versionId>7591db93-f87d-4556-821d-fd0bf2d3fd8b</versionId>
        <definition>
            <validator>
                <className isNull="true" />
                <errorMessage isNull="true" />
                <webWidgetJavaClass isNull="true" />
                <externalType isNull="true" />
                <configData>
                    <schema>
                        <simpleType name="LinkType">
                            <restriction base="Selection">
                                <option value="B" display="Boundary Event" />
                                <option value="U" display="URL" />
                            </restriction>
                        </simpleType>
                    </schema>
                </configData>
            </validator>
            <annotation type="com.lombardisoftware.core.xml.XMLTypeAnnotation" version="2.0">
                <exclude isNull="true" />
                <anonymous isNull="true" />
                <local isNull="true" />
                <name isNull="true" />
                <namespace isNull="true" />
                <elementName isNull="true" />
                <elementNamespace isNull="true" />
                <protoTypeName isNull="true" />
                <baseTypeName isNull="true" />
                <specialType isNull="true" />
                <contentTypeVariety isNull="true" />
                <xscRef isNull="true" />
            </annotation>
        </definition>
    </twClass>
</teamworks>

