<?xml version="1.0" encoding="UTF-8"?>
<teamworks>
    <twClass id="12.a96fe3e7-0b40-476d-ad25-5fbd24a58cf3" name="VideoTrackKind">
        <lastModified>1511470326834</lastModified>
        <lastModifiedBy>tw_admin</lastModifiedBy>
        <classId>12.a96fe3e7-0b40-476d-ad25-5fbd24a58cf3</classId>
        <type>0</type>
        <isSystem>false</isSystem>
        <shared>false</shared>
        <isShadow>false</isShadow>
        <globalLifetime>false</globalLifetime>
        <internalName isNull="true" />
        <extensionType isNull="true" />
        <saveServiceRef isNull="true" />
        <bpmn2Data isNull="true" />
        <externalId>itm.12.a96fe3e7-0b40-476d-ad25-5fbd24a58cf3</externalId>
        <dependencySummary isNull="true" />
        <jsonData>{"simpleType":[{"annotation":{"documentation":[{}],"appinfo":[{"advancedProperties":[{}]}]},"restriction":{"annotation":{"appinfo":[{"simpleBaseType":["Selection"]}]},"enumeration":[{"annotation":{"appinfo":[{"displayName":["Subtitles"]}]},"value":"subtitles"},{"annotation":{"appinfo":[{"displayName":["Captions"]}]},"value":"captions"},{"annotation":{"appinfo":[{"displayName":["Chapters"]}]},"value":"chapters"}],"base":"{http:\/\/www.w3.org\/2001\/XMLSchema}string"},"name":"VideoTrackKind"}],"attributeFormDefault":"unqualified","elementFormDefault":"unqualified","targetNamespace":"http:\/\/SYSBPMUI","id":"_12.a96fe3e7-0b40-476d-ad25-5fbd24a58cf3"}</jsonData>
        <description isNull="true" />
        <guid>guid:3872b35e27fb7a40:-45623cd2:15fd1a67ca3:-11e4</guid>
        <versionId>1e5bc683-787f-407a-b0fa-1078b9a1e10a</versionId>
        <definition>
            <validator>
                <className isNull="true" />
                <errorMessage isNull="true" />
                <webWidgetJavaClass isNull="true" />
                <externalType isNull="true" />
                <configData>
                    <schema>
                        <simpleType name="VideoTrackKind">
                            <restriction base="Selection">
                                <option value="subtitles" display="Subtitles" />
                                <option value="captions" display="Captions" />
                                <option value="chapters" display="Chapters" />
                            </restriction>
                        </simpleType>
                    </schema>
                </configData>
            </validator>
            <annotation type="com.lombardisoftware.core.xml.XMLTypeAnnotation" version="2.0">
                <exclude isNull="true" />
                <anonymous isNull="true" />
                <local isNull="true" />
                <name isNull="true" />
                <namespace isNull="true" />
                <elementName isNull="true" />
                <elementNamespace isNull="true" />
                <protoTypeName isNull="true" />
                <baseTypeName isNull="true" />
                <specialType isNull="true" />
                <contentTypeVariety isNull="true" />
                <xscRef isNull="true" />
            </annotation>
        </definition>
    </twClass>
</teamworks>

