<?xml version="1.0" encoding="UTF-8"?>
<teamworks>
    <twClass id="12.acfc922b-e932-48aa-a46c-2594e6ef479c" name="TooltipSizeStyle">
        <lastModified>1508529761091</lastModified>
        <lastModifiedBy>tw_admin</lastModifiedBy>
        <classId>12.acfc922b-e932-48aa-a46c-2594e6ef479c</classId>
        <type>0</type>
        <isSystem>false</isSystem>
        <shared>false</shared>
        <isShadow>false</isShadow>
        <globalLifetime>false</globalLifetime>
        <internalName isNull="true" />
        <extensionType isNull="true" />
        <saveServiceRef isNull="true" />
        <bpmn2Data isNull="true" />
        <externalId>itm.12.acfc922b-e932-48aa-a46c-2594e6ef479c</externalId>
        <dependencySummary isNull="true" />
        <jsonData>{"simpleType":[{"annotation":{"documentation":[{}],"appinfo":[{"advancedProperties":[{}]}]},"restriction":{"annotation":{"appinfo":[{"simpleBaseType":["Selection"]}]},"enumeration":[{"annotation":{"appinfo":[{"displayName":["Default"]}]},"value":"D"},{"annotation":{"appinfo":[{"displayName":["Large"]}]},"value":"L"},{"annotation":{"appinfo":[{"displayName":["Small"]}]},"value":"S"},{"annotation":{"appinfo":[{"displayName":["Extra-Small"]}]},"value":"X"}],"base":"{http:\/\/www.w3.org\/2001\/XMLSchema}string"},"name":"TooltipSizeStyle"}],"attributeFormDefault":"unqualified","elementFormDefault":"unqualified","targetNamespace":"http:\/\/SYSBPMUI","id":"_12.acfc922b-e932-48aa-a46c-2594e6ef479c"}</jsonData>
        <description isNull="true" />
        <guid>guid:204c39f7a6794fc1:2892ab43:15f2c52bade:-3de3</guid>
        <versionId>7114b4df-2f18-49ca-9ff2-c8704de055de</versionId>
        <definition>
            <validator>
                <className isNull="true" />
                <errorMessage isNull="true" />
                <webWidgetJavaClass isNull="true" />
                <externalType isNull="true" />
                <configData>
                    <schema>
                        <simpleType name="TooltipSizeStyle">
                            <restriction base="Selection">
                                <option value="D" display="Default" />
                                <option value="L" display="Large" />
                                <option value="X" display="Extra-Small" />
                            </restriction>
                        </simpleType>
                    </schema>
                </configData>
            </validator>
            <annotation type="com.lombardisoftware.core.xml.XMLTypeAnnotation" version="2.0">
                <exclude isNull="true" />
                <anonymous isNull="true" />
                <local isNull="true" />
                <name isNull="true" />
                <namespace isNull="true" />
                <elementName isNull="true" />
                <elementNamespace isNull="true" />
                <protoTypeName isNull="true" />
                <baseTypeName isNull="true" />
                <specialType isNull="true" />
                <contentTypeVariety isNull="true" />
                <xscRef isNull="true" />
            </annotation>
        </definition>
    </twClass>
</teamworks>

