<?xml version="1.0" encoding="UTF-8"?>
<teamworks>
    <twClass id="12.a2736389-fb54-4b83-bd33-0702f5527866" name="StandardFileType">
        <lastModified>1466597670377</lastModified>
        <lastModifiedBy>John McDonald</lastModifiedBy>
        <classId>12.a2736389-fb54-4b83-bd33-0702f5527866</classId>
        <type>0</type>
        <isSystem>false</isSystem>
        <shared>false</shared>
        <isShadow>false</isShadow>
        <globalLifetime>false</globalLifetime>
        <internalName isNull="true" />
        <extensionType isNull="true" />
        <saveServiceRef isNull="true" />
        <bpmn2Data isNull="true" />
        <externalId isNull="true" />
        <dependencySummary isNull="true" />
        <jsonData isNull="true" />
        <description>&lt;HTML&gt;&lt;HEAD&gt;&#xD;
&lt;STYLE type=text/css&gt; p{margin:0px;}&lt;/STYLE&gt;&#xD;
&lt;/HEAD&gt;&#xD;
&lt;BODY style="FONT-SIZE: 10pt; FONT-FAMILY: arial" bgColor=#f5f5f5&gt;Available file types that can be specified for Uploader and Dropzone controls&lt;/BODY&gt;&lt;/HTML&gt;</description>
        <guid>dad1fa4b-2b6b-463f-99b3-e94ade99995d</guid>
        <versionId>409a19fa-09d7-47a0-a869-b974b98eae5a</versionId>
        <definition>
            <validator>
                <className isNull="true" />
                <errorMessage isNull="true" />
                <webWidgetJavaClass isNull="true" />
                <externalType isNull="true" />
                <configData>
                    <schema>
                        <simpleType name="StandardFileType">
                            <restriction base="Selection">
                                <option value="*" display="Custom" />
                                <option value="application/vnd.ms-excel" display="Excel Files 2003 thru 2007 type xls" />
                                <option value="application/vnd.openxmlformats-officedocument.spreadsheetml.sheet" display="Excel Files 2010 and up type xlsx" />
                                <option value="application/msword" display="Word Files 2003 thru 2007 type doc" />
                                <option value="application/vnd.openxmlformats-officedocument.wordprocessingml.document" display="Word Files 2010 and up type docx" />
                                <option value="text/plain" display="Text Files" />
                                <option value="image/*" display="Image Files types png, jpg, etc" />
                                <option value="video/*" display="Video Files types avi, mpeg, mp4, etc" />
                                <option value="audio/*" display="Audio Files types mp3, wav, etc" />
                                <option value="text/html" display="HTML Files types htm, html" />
                            </restriction>
                        </simpleType>
                    </schema>
                </configData>
            </validator>
            <annotation type="com.lombardisoftware.core.xml.XMLTypeAnnotation" version="2.0">
                <exclude isNull="true" />
                <anonymous isNull="true" />
                <local isNull="true" />
                <name isNull="true" />
                <namespace isNull="true" />
                <elementName isNull="true" />
                <elementNamespace isNull="true" />
                <protoTypeName isNull="true" />
                <baseTypeName isNull="true" />
                <specialType isNull="true" />
                <contentTypeVariety isNull="true" />
                <xscRef isNull="true" />
            </annotation>
        </definition>
    </twClass>
</teamworks>

