<?xml version="1.0" encoding="UTF-8"?>
<teamworks>
    <twClass id="12.ab85f0e5-f534-4976-9cfb-2b59aa074446" name="ChartGridLinesStyle">
        <lastModified>1466515352475</lastModified>
        <lastModifiedBy>John McDonald</lastModifiedBy>
        <classId>12.ab85f0e5-f534-4976-9cfb-2b59aa074446</classId>
        <type>0</type>
        <isSystem>false</isSystem>
        <shared>false</shared>
        <isShadow>false</isShadow>
        <globalLifetime>false</globalLifetime>
        <internalName isNull="true" />
        <extensionType isNull="true" />
        <saveServiceRef isNull="true" />
        <bpmn2Data isNull="true" />
        <externalId isNull="true" />
        <dependencySummary isNull="true" />
        <jsonData isNull="true" />
        <description>&lt;HTML&gt;&lt;HEAD&gt;&#xD;
&lt;STYLE type=text/css&gt; p{margin:0px;}&lt;/STYLE&gt;&#xD;
&lt;/HEAD&gt;&#xD;
&lt;BODY style="FONT-SIZE: 10pt; FONT-FAMILY: arial" bgColor=#f5f5f5&gt;Available chart grid lines styles&lt;/BODY&gt;&lt;/HTML&gt;</description>
        <guid>guid:857804ff200d5682:51c9ec2d:14b0d10a1ae:-7ffb</guid>
        <versionId>b0c7bfa3-777b-400f-9fdc-1d5ec26b8399</versionId>
        <definition>
            <validator>
                <className isNull="true" />
                <errorMessage isNull="true" />
                <webWidgetJavaClass isNull="true" />
                <externalType isNull="true" />
                <configData>
                    <schema>
                        <simpleType name="ChartGridLinesStyle">
                            <restriction base="Selection">
                                <option value="N" display="None" />
                                <option value="L" display="Light" />
                                <option value="D" display="Dark" />
                            </restriction>
                        </simpleType>
                    </schema>
                </configData>
            </validator>
            <annotation type="com.lombardisoftware.core.xml.XMLTypeAnnotation" version="2.0">
                <exclude isNull="true" />
                <anonymous isNull="true" />
                <local isNull="true" />
                <name isNull="true" />
                <namespace isNull="true" />
                <elementName isNull="true" />
                <elementNamespace isNull="true" />
                <protoTypeName isNull="true" />
                <baseTypeName isNull="true" />
                <specialType isNull="true" />
                <contentTypeVariety isNull="true" />
                <xscRef isNull="true" />
            </annotation>
        </definition>
    </twClass>
</teamworks>

