<?xml version="1.0" encoding="UTF-8"?>
<teamworks>
    <twClass id="12.a79f561e-6620-4d83-86fb-bd05d36dc73a" name="WellIconPosition">
        <lastModified>1466520168659</lastModified>
        <lastModifiedBy>John McDonald</lastModifiedBy>
        <classId>12.a79f561e-6620-4d83-86fb-bd05d36dc73a</classId>
        <type>0</type>
        <isSystem>false</isSystem>
        <shared>false</shared>
        <isShadow>false</isShadow>
        <globalLifetime>false</globalLifetime>
        <internalName isNull="true" />
        <extensionType isNull="true" />
        <saveServiceRef isNull="true" />
        <bpmn2Data isNull="true" />
        <externalId isNull="true" />
        <dependencySummary isNull="true" />
        <jsonData isNull="true" />
        <description>&lt;HTML&gt;&lt;HEAD&gt;&#xD;
&lt;STYLE type=text/css&gt; p{margin:0px;}&lt;/STYLE&gt;&#xD;
&lt;/HEAD&gt;&#xD;
&lt;BODY style="FONT-SIZE: 10pt; FONT-FAMILY: arial" bgColor=#f5f5f5&gt;Available icon positions for the Well control&lt;/BODY&gt;&lt;/HTML&gt;</description>
        <guid>guid:869b9eb0caaad61d:-2e8e5a7:14a4e3dfa0b:-7ff9</guid>
        <versionId>9dbfe6d0-d7ce-4c7d-8454-0149f3c50ab2</versionId>
        <definition>
            <validator>
                <className isNull="true" />
                <errorMessage isNull="true" />
                <webWidgetJavaClass isNull="true" />
                <externalType isNull="true" />
                <configData>
                    <schema>
                        <simpleType name="WellIconPosition">
                            <restriction base="Selection">
                                <option value="BR" display="Bottom-Right" />
                                <option value="BL" display="Bottom-Left" />
                                <option value="TR" display="Top-Right" />
                                <option value="TL" display="Top-Left" />
                            </restriction>
                        </simpleType>
                    </schema>
                </configData>
            </validator>
            <annotation type="com.lombardisoftware.core.xml.XMLTypeAnnotation" version="2.0">
                <exclude isNull="true" />
                <anonymous isNull="true" />
                <local isNull="true" />
                <name isNull="true" />
                <namespace isNull="true" />
                <elementName isNull="true" />
                <elementNamespace isNull="true" />
                <protoTypeName isNull="true" />
                <baseTypeName isNull="true" />
                <specialType isNull="true" />
                <contentTypeVariety isNull="true" />
                <xscRef isNull="true" />
            </annotation>
        </definition>
    </twClass>
</teamworks>

