<?xml version="1.0" encoding="UTF-8"?>
<teamworks>
    <twClass id="12.b6ba2f0a-5a23-4a6b-ab3d-af28761c7e3b" name="AutoCustomSelection">
        <lastModified>1473957070846</lastModified>
        <lastModifiedBy>Aalim Lakhani</lastModifiedBy>
        <classId>12.b6ba2f0a-5a23-4a6b-ab3d-af28761c7e3b</classId>
        <type>0</type>
        <isSystem>false</isSystem>
        <shared>false</shared>
        <isShadow>false</isShadow>
        <globalLifetime>false</globalLifetime>
        <internalName isNull="true" />
        <extensionType isNull="true" />
        <saveServiceRef isNull="true" />
        <bpmn2Data isNull="true" />
        <externalId>itm.12.b6ba2f0a-5a23-4a6b-ab3d-af28761c7e3b</externalId>
        <dependencySummary isNull="true" />
        <jsonData isNull="true" />
        <description>Selection with choices: auto or custom</description>
        <guid>guid:b2b249c16619015b:72bba0ea:15623530669:-78a9</guid>
        <versionId>e30c92d5-1ff6-4459-a70c-e6469a097371</versionId>
        <definition>
            <validator>
                <className isNull="true" />
                <errorMessage isNull="true" />
                <webWidgetJavaClass isNull="true" />
                <externalType isNull="true" />
                <configData>
                    <schema>
                        <simpleType name="AutoCustomSelection">
                            <restriction base="Selection">
                                <option value="custom" display="Custom" />
                                <option value="auto" display="Auto" />
                            </restriction>
                        </simpleType>
                    </schema>
                </configData>
            </validator>
            <annotation type="com.lombardisoftware.core.xml.XMLTypeAnnotation" version="2.0">
                <exclude isNull="true" />
                <anonymous isNull="true" />
                <local isNull="true" />
                <name isNull="true" />
                <namespace isNull="true" />
                <elementName isNull="true" />
                <elementNamespace isNull="true" />
                <protoTypeName isNull="true" />
                <baseTypeName isNull="true" />
                <specialType isNull="true" />
                <contentTypeVariety isNull="true" />
                <xscRef isNull="true" />
            </annotation>
        </definition>
    </twClass>
</teamworks>

