<?xml version="1.0" encoding="UTF-8"?>
<teamworks>
    <twClass id="12.c4e6c7dd-d7b3-49fd-a2e6-6a5b6b6fcbf5" name="AlertColorStyle">
        <lastModified>1466514921337</lastModified>
        <lastModifiedBy>John McDonald</lastModifiedBy>
        <classId>12.c4e6c7dd-d7b3-49fd-a2e6-6a5b6b6fcbf5</classId>
        <type>0</type>
        <isSystem>false</isSystem>
        <shared>false</shared>
        <isShadow>false</isShadow>
        <globalLifetime>false</globalLifetime>
        <internalName isNull="true" />
        <extensionType isNull="true" />
        <saveServiceRef isNull="true" />
        <bpmn2Data isNull="true" />
        <externalId isNull="true" />
        <dependencySummary isNull="true" />
        <jsonData isNull="true" />
        <description>&lt;HTML&gt;&lt;HEAD&gt;&#xD;
&lt;STYLE type=text/css&gt; p{margin:0px;}&lt;/STYLE&gt;&#xD;
&lt;/HEAD&gt;&#xD;
&lt;BODY style="FONT-SIZE: 10pt; FONT-FAMILY: arial" bgColor=#f5f5f5&gt;Available alert color styles&lt;/BODY&gt;&lt;/HTML&gt;</description>
        <guid>guid:0b4cd377d9cf807f:-4f2bec8e:14a586d4fad:-7ffd</guid>
        <versionId>cb4d4136-d063-4da2-aa79-218008d2d5df</versionId>
        <definition>
            <validator>
                <className isNull="true" />
                <errorMessage isNull="true" />
                <webWidgetJavaClass isNull="true" />
                <externalType isNull="true" />
                <configData>
                    <schema>
                        <simpleType name="AlertColorStyle">
                            <restriction base="Selection">
                                <option value="P" display="Primary" />
                                <option value="I" display="Info" />
                                <option value="S" display="Success" />
                                <option value="W" display="Warning" />
                                <option value="G" display="Danger" />
                            </restriction>
                        </simpleType>
                    </schema>
                </configData>
            </validator>
            <annotation type="com.lombardisoftware.core.xml.XMLTypeAnnotation" version="2.0">
                <exclude isNull="true" />
                <anonymous isNull="true" />
                <local isNull="true" />
                <name isNull="true" />
                <namespace isNull="true" />
                <elementName isNull="true" />
                <elementNamespace isNull="true" />
                <protoTypeName isNull="true" />
                <baseTypeName isNull="true" />
                <specialType isNull="true" />
                <contentTypeVariety isNull="true" />
                <xscRef isNull="true" />
            </annotation>
        </definition>
    </twClass>
</teamworks>

