<?xml version="1.0" encoding="UTF-8"?>
<teamworks>
    <twClass id="12.cd4b8ea6-a3f5-4b22-a309-5cee9b4dd6f3" name="SignatureColorStyle">
        <lastModified>1466518858417</lastModified>
        <lastModifiedBy>John McDonald</lastModifiedBy>
        <classId>12.cd4b8ea6-a3f5-4b22-a309-5cee9b4dd6f3</classId>
        <type>0</type>
        <isSystem>false</isSystem>
        <shared>false</shared>
        <isShadow>false</isShadow>
        <globalLifetime>false</globalLifetime>
        <internalName isNull="true" />
        <extensionType isNull="true" />
        <saveServiceRef isNull="true" />
        <bpmn2Data isNull="true" />
        <externalId isNull="true" />
        <dependencySummary isNull="true" />
        <jsonData isNull="true" />
        <description>&lt;HTML&gt;&lt;HEAD&gt;&#xD;
&lt;STYLE type=text/css&gt; p{margin:0px;}&lt;/STYLE&gt;&#xD;
&lt;/HEAD&gt;&#xD;
&lt;BODY style="FONT-SIZE: 10pt; FONT-FAMILY: arial" bgColor=#f5f5f5&gt;Available color styles for the Signature control&lt;/BODY&gt;&lt;/HTML&gt;</description>
        <guid>4eb3c89f-7aad-4bc8-85c7-8423184ac2ba</guid>
        <versionId>cc45bf02-1582-4c1e-820f-1856fc5c3377</versionId>
        <definition>
            <validator>
                <className isNull="true" />
                <errorMessage isNull="true" />
                <webWidgetJavaClass isNull="true" />
                <externalType isNull="true" />
                <configData>
                    <schema>
                        <simpleType name="SignatureColorStyle">
                            <restriction base="Selection">
                                <option value="D" display="Default" />
                                <option value="P" display="Primary" />
                                <option value="S" display="Success" />
                                <option value="I" display="Info" />
                                <option value="W" display="Warning" />
                                <option value="G" display="Danger" />
                            </restriction>
                        </simpleType>
                    </schema>
                </configData>
            </validator>
            <annotation type="com.lombardisoftware.core.xml.XMLTypeAnnotation" version="2.0">
                <exclude isNull="true" />
                <anonymous isNull="true" />
                <local isNull="true" />
                <name isNull="true" />
                <namespace isNull="true" />
                <elementName isNull="true" />
                <elementNamespace isNull="true" />
                <protoTypeName isNull="true" />
                <baseTypeName isNull="true" />
                <specialType isNull="true" />
                <contentTypeVariety isNull="true" />
                <xscRef isNull="true" />
            </annotation>
        </definition>
    </twClass>
</teamworks>

