<?xml version="1.0" encoding="UTF-8"?>
<teamworks>
    <twClass id="12.c5d9fc45-ea99-4984-8f73-0cacad6129b6" name="ChartDataSeriesColorStyle">
        <lastModified>1466515352475</lastModified>
        <lastModifiedBy>John McDonald</lastModifiedBy>
        <classId>12.c5d9fc45-ea99-4984-8f73-0cacad6129b6</classId>
        <type>0</type>
        <isSystem>false</isSystem>
        <shared>false</shared>
        <isShadow>false</isShadow>
        <globalLifetime>false</globalLifetime>
        <internalName isNull="true" />
        <extensionType isNull="true" />
        <saveServiceRef isNull="true" />
        <bpmn2Data isNull="true" />
        <externalId isNull="true" />
        <dependencySummary isNull="true" />
        <jsonData isNull="true" />
        <description>&lt;HTML&gt;&lt;HEAD&gt;&#xD;
&lt;STYLE type=text/css&gt; p{margin:0px;}&lt;/STYLE&gt;&#xD;
&lt;/HEAD&gt;&#xD;
&lt;BODY style="FONT-SIZE: 10pt; FONT-FAMILY: arial" bgColor=#f5f5f5&gt;Available chart data series color styles&lt;/BODY&gt;&lt;/HTML&gt;</description>
        <guid>44979779-8e01-4820-82ad-23c017e4c8ba</guid>
        <versionId>42a963bd-cc43-402f-8202-7d3ceea46347</versionId>
        <definition>
            <validator>
                <className isNull="true" />
                <errorMessage isNull="true" />
                <webWidgetJavaClass isNull="true" />
                <externalType isNull="true" />
                <configData>
                    <schema>
                        <simpleType name="ChartDataSeriesColorStyle">
                            <restriction base="Selection">
                                <option value="L" display="Default" />
                                <option value="P" display="Primary" />
                                <option value="I" display="Info" />
                                <option value="S" display="Success" />
                                <option value="W" display="Warning" />
                                <option value="G" display="Danger" />
                            </restriction>
                        </simpleType>
                    </schema>
                </configData>
            </validator>
            <annotation type="com.lombardisoftware.core.xml.XMLTypeAnnotation" version="2.0">
                <exclude isNull="true" />
                <anonymous isNull="true" />
                <local isNull="true" />
                <name isNull="true" />
                <namespace isNull="true" />
                <elementName isNull="true" />
                <elementNamespace isNull="true" />
                <protoTypeName isNull="true" />
                <baseTypeName isNull="true" />
                <specialType isNull="true" />
                <contentTypeVariety isNull="true" />
                <xscRef isNull="true" />
            </annotation>
        </definition>
    </twClass>
</teamworks>

