<?xml version="1.0" encoding="UTF-8"?>
<teamworks>
    <twClass id="12.c7d5204f-d26d-45a0-a49e-9f9c72d1334e" name="ExcelFileType">
        <lastModified>1466597670377</lastModified>
        <lastModifiedBy>John McDonald</lastModifiedBy>
        <classId>12.c7d5204f-d26d-45a0-a49e-9f9c72d1334e</classId>
        <type>0</type>
        <isSystem>false</isSystem>
        <shared>false</shared>
        <isShadow>false</isShadow>
        <globalLifetime>false</globalLifetime>
        <internalName isNull="true" />
        <extensionType isNull="true" />
        <saveServiceRef isNull="true" />
        <bpmn2Data isNull="true" />
        <externalId isNull="true" />
        <dependencySummary isNull="true" />
        <jsonData isNull="true" />
        <description>&lt;HTML&gt;&lt;HEAD&gt;&#xD;
&lt;STYLE type=text/css&gt; p{margin:0px;}&lt;/STYLE&gt;&#xD;
&lt;/HEAD&gt;&#xD;
&lt;BODY style="FONT-SIZE: 10pt; FONT-FAMILY: arial" bgColor=#f5f5f5&gt;Available file types for Data Export control output&lt;/BODY&gt;&lt;/HTML&gt;</description>
        <guid>ddba0845-d5c4-42b2-849b-f7070d06f397</guid>
        <versionId>b690c24b-3be4-4e56-9a5c-0991ef6dfd0c</versionId>
        <definition>
            <validator>
                <className isNull="true" />
                <errorMessage isNull="true" />
                <webWidgetJavaClass isNull="true" />
                <externalType isNull="true" />
                <configData>
                    <schema>
                        <simpleType name="ExcelFileType">
                            <restriction base="Selection">
                                <option value="xlsx" display="Microsoft Excel 2007+ file type xlsx" />
                                <option value="csv" display="Comma Separated Values file type csv" />
                            </restriction>
                        </simpleType>
                    </schema>
                </configData>
            </validator>
            <annotation type="com.lombardisoftware.core.xml.XMLTypeAnnotation" version="2.0">
                <exclude isNull="true" />
                <anonymous isNull="true" />
                <local isNull="true" />
                <name isNull="true" />
                <namespace isNull="true" />
                <elementName isNull="true" />
                <elementNamespace isNull="true" />
                <protoTypeName isNull="true" />
                <baseTypeName isNull="true" />
                <specialType isNull="true" />
                <contentTypeVariety isNull="true" />
                <xscRef isNull="true" />
            </annotation>
        </definition>
    </twClass>
</teamworks>

