<?xml version="1.0" encoding="UTF-8"?>
<teamworks>
    <twClass id="12.d1b8ee99-4ac6-46d1-8d9f-af051dca5320" name="ChartKind">
        <lastModified>1466515352475</lastModified>
        <lastModifiedBy>John McDonald</lastModifiedBy>
        <classId>12.d1b8ee99-4ac6-46d1-8d9f-af051dca5320</classId>
        <type>0</type>
        <isSystem>false</isSystem>
        <shared>false</shared>
        <isShadow>false</isShadow>
        <globalLifetime>false</globalLifetime>
        <internalName isNull="true" />
        <extensionType isNull="true" />
        <saveServiceRef isNull="true" />
        <bpmn2Data isNull="true" />
        <externalId isNull="true" />
        <dependencySummary isNull="true" />
        <jsonData isNull="true" />
        <description>&lt;HTML&gt;&lt;HEAD&gt;&#xD;
&lt;STYLE type=text/css&gt; p{margin:0px;}&lt;/STYLE&gt;&#xD;
&lt;/HEAD&gt;&#xD;
&lt;BODY style="FONT-SIZE: 10pt; FONT-FAMILY: arial" bgColor=#f5f5f5&gt;Available chart kinds (types of charts)&lt;/BODY&gt;&lt;/HTML&gt;</description>
        <guid>guid:5524fda1e8554064:-42418762:14af3080fbd:-7ffb</guid>
        <versionId>c3765f4a-4b18-496e-a1f0-270a7d9b72fd</versionId>
        <definition>
            <validator>
                <className isNull="true" />
                <errorMessage isNull="true" />
                <webWidgetJavaClass isNull="true" />
                <externalType isNull="true" />
                <configData>
                    <schema>
                        <simpleType name="ChartKind">
                            <restriction base="Selection">
                                <option value="B" display="Bar" />
                                <option value="L" display="Line" />
                                <option value="A" display="Area" />
                                <option value="S" display="Spline" />
                                <option value="R" display="Area Spline" />
                                <option value="T" display="Step" />
                                <option value="E" display="Area Step" />
                                <option value="P" display="Pie" />
                                <option value="D" display="Donut" />
                            </restriction>
                        </simpleType>
                    </schema>
                </configData>
            </validator>
            <annotation type="com.lombardisoftware.core.xml.XMLTypeAnnotation" version="2.0">
                <exclude isNull="true" />
                <anonymous isNull="true" />
                <local isNull="true" />
                <name isNull="true" />
                <namespace isNull="true" />
                <elementName isNull="true" />
                <elementNamespace isNull="true" />
                <protoTypeName isNull="true" />
                <baseTypeName isNull="true" />
                <specialType isNull="true" />
                <contentTypeVariety isNull="true" />
                <xscRef isNull="true" />
            </annotation>
        </definition>
    </twClass>
</teamworks>

