<?xml version="1.0" encoding="UTF-8"?>
<teamworks>
    <twClass id="12.debd77d5-9f3b-4fdb-9abb-e9f9f6dc6aeb" name="TableLayoutBorderStyle">
        <lastModified>1466519840275</lastModified>
        <lastModifiedBy>John McDonald</lastModifiedBy>
        <classId>12.debd77d5-9f3b-4fdb-9abb-e9f9f6dc6aeb</classId>
        <type>0</type>
        <isSystem>false</isSystem>
        <shared>false</shared>
        <isShadow>false</isShadow>
        <globalLifetime>false</globalLifetime>
        <internalName isNull="true" />
        <extensionType isNull="true" />
        <saveServiceRef isNull="true" />
        <bpmn2Data isNull="true" />
        <externalId isNull="true" />
        <dependencySummary isNull="true" />
        <jsonData isNull="true" />
        <description>&lt;HTML&gt;&lt;HEAD&gt;&#xD;
&lt;STYLE type=text/css&gt; p{margin:0px;}&lt;/STYLE&gt;&#xD;
&lt;/HEAD&gt;&#xD;
&lt;BODY style="FONT-SIZE: 10pt; FONT-FAMILY: arial" bgColor=#f5f5f5&gt;Available styles for the layout border in table layout control&lt;/BODY&gt;&lt;/HTML&gt;</description>
        <guid>guid:81082e676d1362e0:67c3250e:14a3eae367e:-7ffd</guid>
        <versionId>636ecb7a-d5e8-4efe-bc8d-3df50f8f452d</versionId>
        <definition>
            <validator>
                <className isNull="true" />
                <errorMessage isNull="true" />
                <webWidgetJavaClass isNull="true" />
                <externalType isNull="true" />
                <configData>
                    <schema>
                        <simpleType name="TableLayoutBorderStyle">
                            <restriction base="Selection">
                                <option value="S" display="Separate" />
                                <option value="C" display="Collapse" />
                            </restriction>
                        </simpleType>
                    </schema>
                </configData>
            </validator>
            <annotation type="com.lombardisoftware.core.xml.XMLTypeAnnotation" version="2.0">
                <exclude isNull="true" />
                <anonymous isNull="true" />
                <local isNull="true" />
                <name isNull="true" />
                <namespace isNull="true" />
                <elementName isNull="true" />
                <elementNamespace isNull="true" />
                <protoTypeName isNull="true" />
                <baseTypeName isNull="true" />
                <specialType isNull="true" />
                <contentTypeVariety isNull="true" />
                <xscRef isNull="true" />
            </annotation>
        </definition>
    </twClass>
</teamworks>

