<?xml version="1.0" encoding="UTF-8"?>
<teamworks>
    <twClass id="12.d8e56f3f-d5e3-4e08-b10d-5056cdb2825a" name="TableStyle">
        <lastModified>1466519840275</lastModified>
        <lastModifiedBy>John McDonald</lastModifiedBy>
        <classId>12.d8e56f3f-d5e3-4e08-b10d-5056cdb2825a</classId>
        <type>0</type>
        <isSystem>false</isSystem>
        <shared>false</shared>
        <isShadow>false</isShadow>
        <globalLifetime>false</globalLifetime>
        <internalName isNull="true" />
        <extensionType isNull="true" />
        <saveServiceRef isNull="true" />
        <bpmn2Data isNull="true" />
        <externalId isNull="true" />
        <dependencySummary isNull="true" />
        <jsonData isNull="true" />
        <description>&lt;HTML&gt;&lt;HEAD&gt;&#xD;
&lt;STYLE type=text/css&gt; p{margin:0px;}&lt;/STYLE&gt;&#xD;
&lt;/HEAD&gt;&#xD;
&lt;BODY style="FONT-SIZE: 10pt; FONT-FAMILY: arial" bgColor=#f5f5f5&gt;Available table styles used when displaying table data&lt;/BODY&gt;&lt;/HTML&gt;</description>
        <guid>guid:b52d5cc1c1148138:48c5407d:149e278178a:-7ff5</guid>
        <versionId>c2bc62e5-a158-47ae-880f-aa76bfdc6ebd</versionId>
        <definition>
            <validator>
                <className isNull="true" />
                <errorMessage isNull="true" />
                <webWidgetJavaClass isNull="true" />
                <externalType isNull="true" />
                <configData>
                    <schema>
                        <simpleType name="TableStyle">
                            <restriction base="Selection">
                                <option value="D" display="Default" />
                                <option value="E" display="Elegant" />
                                <option value="B" display="Bordered" />
                                <option value="S" display="Striped" />
                                <option value="H" display="Hover Row" />
                                <option value="C" display="Condensed" />
                            </restriction>
                        </simpleType>
                    </schema>
                </configData>
            </validator>
            <annotation type="com.lombardisoftware.core.xml.XMLTypeAnnotation" version="2.0">
                <exclude isNull="true" />
                <anonymous isNull="true" />
                <local isNull="true" />
                <name isNull="true" />
                <namespace isNull="true" />
                <elementName isNull="true" />
                <elementNamespace isNull="true" />
                <protoTypeName isNull="true" />
                <baseTypeName isNull="true" />
                <specialType isNull="true" />
                <contentTypeVariety isNull="true" />
                <xscRef isNull="true" />
            </annotation>
        </definition>
    </twClass>
</teamworks>

