<?xml version="1.0" encoding="UTF-8"?>
<teamworks>
    <twClass id="12.d982e8ad-40d5-43bf-86ea-314db85a2cb0" name="Invisibility">
        <lastModified>1466517484459</lastModified>
        <lastModifiedBy>John McDonald</lastModifiedBy>
        <classId>12.d982e8ad-40d5-43bf-86ea-314db85a2cb0</classId>
        <type>0</type>
        <isSystem>false</isSystem>
        <shared>false</shared>
        <isShadow>false</isShadow>
        <globalLifetime>false</globalLifetime>
        <internalName isNull="true" />
        <extensionType isNull="true" />
        <saveServiceRef isNull="true" />
        <bpmn2Data isNull="true" />
        <externalId isNull="true" />
        <dependencySummary isNull="true" />
        <jsonData isNull="true" />
        <description>&lt;HTML&gt;&lt;HEAD&gt;&#xD;
&lt;STYLE type=text/css&gt; p{margin:0px;}&lt;/STYLE&gt;&#xD;
&lt;/HEAD&gt;&#xD;
&lt;BODY style="FONT-SIZE: 10pt; FONT-FAMILY: arial" bgColor=#f5f5f5&gt;Available Visibilities for controls&lt;/BODY&gt;&lt;/HTML&gt;</description>
        <guid>guid:fc37d0f0b9b6d566:-29db03f9:14735331687:-7ff6</guid>
        <versionId>a47b869c-1fb5-40d2-9d07-4bf0ad29f16b</versionId>
        <definition>
            <validator>
                <className isNull="true" />
                <errorMessage isNull="true" />
                <webWidgetJavaClass isNull="true" />
                <externalType isNull="true" />
                <configData>
                    <schema>
                        <simpleType name="Invisibility">
                            <restriction base="Selection">
                                <option value="H" display="Hidden" />
                                <option value="N" display="None" />
                            </restriction>
                        </simpleType>
                    </schema>
                </configData>
            </validator>
            <annotation type="com.lombardisoftware.core.xml.XMLTypeAnnotation" version="2.0">
                <exclude isNull="true" />
                <anonymous isNull="true" />
                <local isNull="true" />
                <name isNull="true" />
                <namespace isNull="true" />
                <elementName isNull="true" />
                <elementNamespace isNull="true" />
                <protoTypeName isNull="true" />
                <baseTypeName isNull="true" />
                <specialType isNull="true" />
                <contentTypeVariety isNull="true" />
                <xscRef isNull="true" />
            </annotation>
        </definition>
    </twClass>
</teamworks>

