<?xml version="1.0" encoding="UTF-8"?>
<teamworks>
    <twClass id="12.d3aef6df-934b-460e-a8d4-1e5ad65f6437" name="TableRowRenderType">
        <lastModified>1600808037838</lastModified>
        <lastModifiedBy>tw_admin</lastModifiedBy>
        <classId>12.d3aef6df-934b-460e-a8d4-1e5ad65f6437</classId>
        <type>0</type>
        <isSystem>false</isSystem>
        <shared>false</shared>
        <isShadow>false</isShadow>
        <globalLifetime>false</globalLifetime>
        <internalName isNull="true" />
        <extensionType isNull="true" />
        <saveServiceRef isNull="true" />
        <bpmn2Data isNull="true" />
        <externalId>itm.12.d3aef6df-934b-460e-a8d4-1e5ad65f6437</externalId>
        <dependencySummary isNull="true" />
        <jsonData>{"simpleType":[{"annotation":{"documentation":[{"content":["&lt;HTML&gt;&lt;HEAD&gt;\r\n&lt;STYLE type=text\/css&gt; p{margin:0px;}&lt;\/STYLE&gt;\r\n&lt;\/HEAD&gt;\r\n&lt;BODY style=\"FONT-SIZE: 10pt; FONT-FAMILY: arial\" bgColor=#f5f5f5&gt;Available render types for the Table control&lt;\/BODY&gt;&lt;\/HTML&gt;"]}],"appinfo":[{"advancedProperties":[{}]}]},"name":"TableRowRenderType","restriction":{"annotation":{"appinfo":[{"simpleBaseType":["Selection"]}]},"enumeration":[{"annotation":{"appinfo":[{"displayName":["Coach View"]}]},"value":"V"},{"annotation":{"appinfo":[{"displayName":["Custom"]}]},"value":"C"}],"base":"{http:\/\/www.w3.org\/2001\/XMLSchema}string"}}],"attributeFormDefault":"unqualified","elementFormDefault":"unqualified","targetNamespace":"http:\/\/SYSBPMUI","id":"_12.d3aef6df-934b-460e-a8d4-1e5ad65f6437"}</jsonData>
        <description>&lt;HTML&gt;&lt;HEAD&gt;&#xD;
&lt;STYLE type=text/css&gt; p{margin:0px;}&lt;/STYLE&gt;&#xD;
&lt;/HEAD&gt;&#xD;
&lt;BODY style="FONT-SIZE: 10pt; FONT-FAMILY: arial" bgColor=#f5f5f5&gt;Available render types for the Table control&lt;/BODY&gt;&lt;/HTML&gt;</description>
        <guid>6c5afd3a-4cd4-4726-90ff-680e149b45a2</guid>
        <versionId>6b18d83a-f927-427c-b05e-22ac632ce813</versionId>
        <definition>
            <validator>
                <className isNull="true" />
                <errorMessage isNull="true" />
                <webWidgetJavaClass isNull="true" />
                <externalType isNull="true" />
                <configData>
                    <schema>
                        <simpleType name="TableRowRenderType">
                            <restriction base="Selection">
                                <option value="V" display="Coach View" />
                                <option value="C" display="Custom" />
                            </restriction>
                        </simpleType>
                    </schema>
                </configData>
            </validator>
            <annotation type="com.lombardisoftware.core.xml.XMLTypeAnnotation" version="2.0">
                <exclude isNull="true" />
                <anonymous isNull="true" />
                <local isNull="true" />
                <name isNull="true" />
                <namespace isNull="true" />
                <elementName isNull="true" />
                <elementNamespace isNull="true" />
                <protoTypeName isNull="true" />
                <baseTypeName isNull="true" />
                <specialType isNull="true" />
                <contentTypeVariety isNull="true" />
                <xscRef isNull="true" />
            </annotation>
        </definition>
    </twClass>
</teamworks>

