<?xml version="1.0" encoding="UTF-8"?>
<teamworks>
    <twClass id="12.d037409a-94ca-499f-b2f4-f51f8ddbe1ff" name="DatePickerOrientation">
        <lastModified>1466516229551</lastModified>
        <lastModifiedBy>John McDonald</lastModifiedBy>
        <classId>12.d037409a-94ca-499f-b2f4-f51f8ddbe1ff</classId>
        <type>0</type>
        <isSystem>false</isSystem>
        <shared>false</shared>
        <isShadow>false</isShadow>
        <globalLifetime>false</globalLifetime>
        <internalName isNull="true" />
        <extensionType isNull="true" />
        <saveServiceRef isNull="true" />
        <bpmn2Data isNull="true" />
        <externalId isNull="true" />
        <dependencySummary isNull="true" />
        <jsonData isNull="true" />
        <description>&lt;HTML&gt;&lt;HEAD&gt;&#xD;
&lt;STYLE type=text/css&gt; p{margin:0px;}&lt;/STYLE&gt;&#xD;
&lt;/HEAD&gt;&#xD;
&lt;BODY style="FONT-SIZE: 10pt; FONT-FAMILY: arial" bgColor=#f5f5f5&gt;Available data picker calendar orientations (relative to the text field)&lt;/BODY&gt;&lt;/HTML&gt;</description>
        <guid>8fc5b89a-5aba-43a3-8953-bb0ccc8d4540</guid>
        <versionId>fa3ca8fb-a976-4ba3-ba59-c9c854f6266a</versionId>
        <definition>
            <validator>
                <className isNull="true" />
                <errorMessage isNull="true" />
                <webWidgetJavaClass isNull="true" />
                <externalType isNull="true" />
                <configData>
                    <schema>
                        <simpleType name="DatePickerOrientation">
                            <restriction base="Selection">
                                <option value="A" display="Auto" />
                                <option value="TA" display="Top Auto" />
                                <option value="BA" display="Bottom Auto" />
                                <option value="AL" display="Auto Left" />
                                <option value="TL" display="Top Left" />
                                <option value="BL" display="Bottom Left" />
                                <option value="AR" display="Auto Right" />
                                <option value="TR" display="Top Right" />
                                <option value="BR" display="Bottom Right" />
                            </restriction>
                        </simpleType>
                    </schema>
                </configData>
            </validator>
            <annotation type="com.lombardisoftware.core.xml.XMLTypeAnnotation" version="2.0">
                <exclude isNull="true" />
                <anonymous isNull="true" />
                <local isNull="true" />
                <name isNull="true" />
                <namespace isNull="true" />
                <elementName isNull="true" />
                <elementNamespace isNull="true" />
                <protoTypeName isNull="true" />
                <baseTypeName isNull="true" />
                <specialType isNull="true" />
                <contentTypeVariety isNull="true" />
                <xscRef isNull="true" />
            </annotation>
        </definition>
    </twClass>
</teamworks>

