<?xml version="1.0" encoding="UTF-8"?>
<teamworks>
    <twClass id="12.da76ff0a-cade-4068-a45c-f291f2a3d6b6" name="TextStatusStyle">
        <lastModified>1466519840275</lastModified>
        <lastModifiedBy>John McDonald</lastModifiedBy>
        <classId>12.da76ff0a-cade-4068-a45c-f291f2a3d6b6</classId>
        <type>0</type>
        <isSystem>false</isSystem>
        <shared>false</shared>
        <isShadow>false</isShadow>
        <globalLifetime>false</globalLifetime>
        <internalName isNull="true" />
        <extensionType isNull="true" />
        <saveServiceRef isNull="true" />
        <bpmn2Data isNull="true" />
        <externalId isNull="true" />
        <dependencySummary isNull="true" />
        <jsonData isNull="true" />
        <description>&lt;HTML&gt;&lt;HEAD&gt;&#xD;
&lt;STYLE type=text/css&gt; p{margin:0px;}&lt;/STYLE&gt;&#xD;
&lt;/HEAD&gt;&#xD;
&lt;BODY style="FONT-SIZE: 10pt; FONT-FAMILY: arial" bgColor=#f5f5f5&gt;Available text styles for the Status control&lt;/BODY&gt;&lt;/HTML&gt;</description>
        <guid>guid:17ea2925310c3609:-7a61c912:1473ab54b88:-7ff3</guid>
        <versionId>8b5ca34b-00c8-4a48-b5e5-7c12e1ad010f</versionId>
        <definition>
            <validator>
                <className isNull="true" />
                <errorMessage isNull="true" />
                <webWidgetJavaClass isNull="true" />
                <externalType isNull="true" />
                <configData>
                    <schema>
                        <simpleType name="TextStatusStyle">
                            <restriction base="Selection">
                                <option value="N" display="None" />
                                <option value="D" display="Default" />
                                <option value="K" display="Dark" />
                                <option value="S" display="Simple" />
                            </restriction>
                        </simpleType>
                    </schema>
                </configData>
            </validator>
            <annotation type="com.lombardisoftware.core.xml.XMLTypeAnnotation" version="2.0">
                <exclude isNull="true" />
                <anonymous isNull="true" />
                <local isNull="true" />
                <name isNull="true" />
                <namespace isNull="true" />
                <elementName isNull="true" />
                <elementNamespace isNull="true" />
                <protoTypeName isNull="true" />
                <baseTypeName isNull="true" />
                <specialType isNull="true" />
                <contentTypeVariety isNull="true" />
                <xscRef isNull="true" />
            </annotation>
        </definition>
    </twClass>
</teamworks>

