<?xml version="1.0" encoding="UTF-8"?>
<teamworks>
    <twClass id="12.e8824acc-ab80-48a3-8064-efeff24c89a2" name="ServiceDataTableCellRenderType">
        <lastModified>1466518560491</lastModified>
        <lastModifiedBy>John McDonald</lastModifiedBy>
        <classId>12.e8824acc-ab80-48a3-8064-efeff24c89a2</classId>
        <type>0</type>
        <isSystem>false</isSystem>
        <shared>false</shared>
        <isShadow>false</isShadow>
        <globalLifetime>false</globalLifetime>
        <internalName isNull="true" />
        <extensionType isNull="true" />
        <saveServiceRef isNull="true" />
        <bpmn2Data isNull="true" />
        <externalId isNull="true" />
        <dependencySummary isNull="true" />
        <jsonData isNull="true" />
        <description>&lt;HTML&gt;&lt;HEAD&gt;&#xD;
&lt;STYLE type=text/css&gt; p{margin:0px;}&lt;/STYLE&gt;&#xD;
&lt;/HEAD&gt;&#xD;
&lt;BODY style="FONT-SIZE: 10pt; FONT-FAMILY: arial" bgColor=#f5f5f5&gt;Available render types for Service Data Tables&lt;/BODY&gt;&lt;/HTML&gt;</description>
        <guid>16002bf7-7a7d-4deb-aadf-965b59e7f50c</guid>
        <versionId>0ae35936-4c55-4701-9893-9241b0f3849e</versionId>
        <definition>
            <validator>
                <className isNull="true" />
                <errorMessage isNull="true" />
                <webWidgetJavaClass isNull="true" />
                <externalType isNull="true" />
                <configData>
                    <schema>
                        <simpleType name="ServiceDataTableCellRenderType">
                            <restriction base="Selection">
                                <option value="H" display="Simple HTML" />
                                <option value="C" display="Custom" />
                            </restriction>
                        </simpleType>
                    </schema>
                </configData>
            </validator>
            <annotation type="com.lombardisoftware.core.xml.XMLTypeAnnotation" version="2.0">
                <exclude isNull="true" />
                <anonymous isNull="true" />
                <local isNull="true" />
                <name isNull="true" />
                <namespace isNull="true" />
                <elementName isNull="true" />
                <elementNamespace isNull="true" />
                <protoTypeName isNull="true" />
                <baseTypeName isNull="true" />
                <specialType isNull="true" />
                <contentTypeVariety isNull="true" />
                <xscRef isNull="true" />
            </annotation>
        </definition>
    </twClass>
</teamworks>

