<?xml version="1.0" encoding="UTF-8"?>
<teamworks>
    <twClass id="12.f957b33b-dd01-4e74-9de1-d056658cb868" name="PageLayoutTarget">
        <lastModified>1466543130115</lastModified>
        <lastModifiedBy>John McDonald</lastModifiedBy>
        <classId>12.f957b33b-dd01-4e74-9de1-d056658cb868</classId>
        <type>0</type>
        <isSystem>false</isSystem>
        <shared>false</shared>
        <isShadow>false</isShadow>
        <globalLifetime>false</globalLifetime>
        <internalName isNull="true" />
        <extensionType isNull="true" />
        <saveServiceRef isNull="true" />
        <bpmn2Data isNull="true" />
        <externalId isNull="true" />
        <dependencySummary isNull="true" />
        <jsonData isNull="true" />
        <description>&lt;HTML&gt;&lt;HEAD&gt;&#xD;
&lt;STYLE type=text/css&gt; p{margin:0px;}&lt;/STYLE&gt;&#xD;
&lt;/HEAD&gt;&#xD;
&lt;BODY style="FONT-SIZE: 10pt; FONT-FAMILY: arial" bgColor=#f5f5f5&gt;Available page layout targets&lt;/BODY&gt;&lt;/HTML&gt;</description>
        <guid>guid:2c0432e46c6197e4:3014557c:14be4fff5ec:-7ffc</guid>
        <versionId>c73f7eb9-aa27-4ad5-b836-4ca411670a91</versionId>
        <definition>
            <validator>
                <className isNull="true" />
                <errorMessage isNull="true" />
                <webWidgetJavaClass isNull="true" />
                <externalType isNull="true" />
                <configData>
                    <schema>
                        <simpleType name="PageLayoutTarget">
                            <restriction base="Selection">
                                <option value="MTD" display="Mobile or Tablet or Desktop" />
                                <option value="MD" display="Mobile or Desktop" />
                            </restriction>
                        </simpleType>
                    </schema>
                </configData>
            </validator>
            <annotation type="com.lombardisoftware.core.xml.XMLTypeAnnotation" version="2.0">
                <exclude isNull="true" />
                <anonymous isNull="true" />
                <local isNull="true" />
                <name isNull="true" />
                <namespace isNull="true" />
                <elementName isNull="true" />
                <elementNamespace isNull="true" />
                <protoTypeName isNull="true" />
                <baseTypeName isNull="true" />
                <specialType isNull="true" />
                <contentTypeVariety isNull="true" />
                <xscRef isNull="true" />
            </annotation>
        </definition>
    </twClass>
</teamworks>

