<?xml version="1.0" encoding="UTF-8"?>
<teamworks>
    <twClass id="12.f6434ac0-e59e-4e72-9cb0-19030ef04761" name="SwitchLabelType">
        <lastModified>1466518560491</lastModified>
        <lastModifiedBy>John McDonald</lastModifiedBy>
        <classId>12.f6434ac0-e59e-4e72-9cb0-19030ef04761</classId>
        <type>0</type>
        <isSystem>false</isSystem>
        <shared>false</shared>
        <isShadow>false</isShadow>
        <globalLifetime>false</globalLifetime>
        <internalName isNull="true" />
        <extensionType isNull="true" />
        <saveServiceRef isNull="true" />
        <bpmn2Data isNull="true" />
        <externalId isNull="true" />
        <dependencySummary isNull="true" />
        <jsonData isNull="true" />
        <description>&lt;HTML&gt;&lt;HEAD&gt;&#xD;
&lt;STYLE type=text/css&gt; p{margin:0px;}&lt;/STYLE&gt;&#xD;
&lt;/HEAD&gt;&#xD;
&lt;BODY style="FONT-SIZE: 10pt; FONT-FAMILY: arial" bgColor=#f5f5f5&gt;&#xD;
&lt;P&gt;Available types of labels to use on the Switch control &lt;/P&gt;&lt;/BODY&gt;&lt;/HTML&gt;</description>
        <guid>guid:a44c6b34e2abf104:68713173:14a2f3ce048:-7ff2</guid>
        <versionId>f2e0c54a-30d0-4f24-afb8-ea08c9d7d8a2</versionId>
        <definition>
            <validator>
                <className isNull="true" />
                <errorMessage isNull="true" />
                <webWidgetJavaClass isNull="true" />
                <externalType isNull="true" />
                <configData>
                    <schema>
                        <simpleType name="SwitchLabelType">
                            <restriction base="Selection">
                                <option value="T" display="Text" />
                                <option value="I" display="Icon" />
                            </restriction>
                        </simpleType>
                    </schema>
                </configData>
            </validator>
            <annotation type="com.lombardisoftware.core.xml.XMLTypeAnnotation" version="2.0">
                <exclude isNull="true" />
                <anonymous isNull="true" />
                <local isNull="true" />
                <name isNull="true" />
                <namespace isNull="true" />
                <elementName isNull="true" />
                <elementNamespace isNull="true" />
                <protoTypeName isNull="true" />
                <baseTypeName isNull="true" />
                <specialType isNull="true" />
                <contentTypeVariety isNull="true" />
                <xscRef isNull="true" />
            </annotation>
        </definition>
    </twClass>
</teamworks>

