<?xml version="1.0" encoding="UTF-8"?>
<teamworks>
    <twClass id="12.f1edcf66-a292-453d-9057-10748964afa1" name="VideoSourceType">
        <lastModified>1466520168659</lastModified>
        <lastModifiedBy>John McDonald</lastModifiedBy>
        <classId>12.f1edcf66-a292-453d-9057-10748964afa1</classId>
        <type>0</type>
        <isSystem>false</isSystem>
        <shared>false</shared>
        <isShadow>false</isShadow>
        <globalLifetime>false</globalLifetime>
        <internalName isNull="true" />
        <extensionType isNull="true" />
        <saveServiceRef isNull="true" />
        <bpmn2Data isNull="true" />
        <externalId isNull="true" />
        <dependencySummary isNull="true" />
        <jsonData isNull="true" />
        <description>&lt;HTML&gt;&lt;HEAD&gt;&#xD;
&lt;STYLE type=text/css&gt; p{margin:0px;}&lt;/STYLE&gt;&#xD;
&lt;/HEAD&gt;&#xD;
&lt;BODY style="FONT-SIZE: 10pt; FONT-FAMILY: arial" bgColor=#f5f5f5&gt;Available video source types&lt;/BODY&gt;&lt;/HTML&gt;</description>
        <guid>guid:e793fe1fcea33c4d:14a5ecbd:14b92a2e11c:-7ff8</guid>
        <versionId>c240efa7-0d93-401c-9967-9ab28bea7f4f</versionId>
        <definition>
            <validator>
                <className isNull="true" />
                <errorMessage isNull="true" />
                <webWidgetJavaClass isNull="true" />
                <externalType isNull="true" />
                <configData>
                    <schema>
                        <simpleType name="VideoSourceType">
                            <restriction base="Selection">
                                <option value="video/mp4" display="MP4" />
                                <option value="video/webm" display="WEBM" />
                                <option value="video/flv" display="FLV" />
                                <option value="application/x-mpegURL" display="M3U8" />
                            </restriction>
                        </simpleType>
                    </schema>
                </configData>
            </validator>
            <annotation type="com.lombardisoftware.core.xml.XMLTypeAnnotation" version="2.0">
                <exclude isNull="true" />
                <anonymous isNull="true" />
                <local isNull="true" />
                <name isNull="true" />
                <namespace isNull="true" />
                <elementName isNull="true" />
                <elementNamespace isNull="true" />
                <protoTypeName isNull="true" />
                <baseTypeName isNull="true" />
                <specialType isNull="true" />
                <contentTypeVariety isNull="true" />
                <xscRef isNull="true" />
            </annotation>
        </definition>
    </twClass>
</teamworks>

