<?xml version="1.0" encoding="UTF-8"?>
<teamworks>
    <twClass id="12.fe107586-72c8-4536-8a77-f654176a2430" name="TableHFStyle">
        <lastModified>1582122667945</lastModified>
        <lastModifiedBy>admin</lastModifiedBy>
        <classId>12.fe107586-72c8-4536-8a77-f654176a2430</classId>
        <type>0</type>
        <isSystem>false</isSystem>
        <shared>false</shared>
        <isShadow>false</isShadow>
        <globalLifetime>false</globalLifetime>
        <internalName isNull="true" />
        <extensionType isNull="true" />
        <saveServiceRef isNull="true" />
        <bpmn2Data isNull="true" />
        <externalId>itm.12.fe107586-72c8-4536-8a77-f654176a2430</externalId>
        <dependencySummary isNull="true" />
        <jsonData>{"simpleType":[{"annotation":{"documentation":[{}],"appinfo":[{"advancedProperties":[{}]}]},"name":"TableHFStyle","restriction":{"annotation":{"appinfo":[{"simpleBaseType":["Selection"]}]},"enumeration":[{"annotation":{"appinfo":[{"displayName":["Default"]}]},"value":"Default"},{"annotation":{"appinfo":[{"displayName":["Modern"]}]},"value":"Modern"}],"base":"{http:\/\/www.w3.org\/2001\/XMLSchema}string"}}],"attributeFormDefault":"unqualified","elementFormDefault":"unqualified","targetNamespace":"http:\/\/SYSBPMUI","id":"_12.fe107586-72c8-4536-8a77-f654176a2430"}</jsonData>
        <description>&lt;HTML&gt;&lt;HEAD&gt;&#xD;
&lt;STYLE type=text/css&gt; p{margin:0px;}&lt;/STYLE&gt;&#xD;
&lt;/HEAD&gt;&#xD;
&lt;BODY style="FONT-SIZE: 10pt; FONT-FAMILY: arial" bgColor=#f5f5f5&gt;Apply a different header and footer style&lt;/BODY&gt;&lt;/HTML&gt;</description>
        <guid>guid:faffc39ed3a6619f:4ba096f9:1705c03e3ce:-77f9</guid>
        <versionId>fb950809-7a47-4c8c-82e9-4d51426acbd6</versionId>
        <definition>
            <validator>
                <className isNull="true" />
                <errorMessage isNull="true" />
                <webWidgetJavaClass isNull="true" />
                <externalType isNull="true" />
                <configData>
                    <schema>
                        <simpleType name="TableHFStyle">
                            <restriction base="Selection">
                                <option value="Default" display="Default" />
                                <option value="Modern" display="Modern" />
                            </restriction>
                        </simpleType>
                    </schema>
                </configData>
            </validator>
            <annotation type="com.lombardisoftware.core.xml.XMLTypeAnnotation" version="2.0">
                <exclude isNull="true" />
                <anonymous isNull="true" />
                <local isNull="true" />
                <name isNull="true" />
                <namespace isNull="true" />
                <elementName isNull="true" />
                <elementNamespace isNull="true" />
                <protoTypeName isNull="true" />
                <baseTypeName isNull="true" />
                <specialType isNull="true" />
                <contentTypeVariety isNull="true" />
                <xscRef isNull="true" />
            </annotation>
        </definition>
    </twClass>
</teamworks>

