<?xml version="1.0" encoding="UTF-8"?>
<teamworks>
    <managedAsset id="61.063ccd6c-0486-49ee-8f40-882a13eccc24" name="BPMExt-Control-Badge-Preview.png">
        <lastModified>1429667217015</lastModified>
        <lastModifiedBy>admin</lastModifiedBy>
        <managedAssetId>61.063ccd6c-0486-49ee-8f40-882a13eccc24</managedAssetId>
        <assetUuid>2483fe98-641a-4171-b84b-2d8c94ea774e</assetUuid>
        <mimeType>image/png</mimeType>
        <charEncoding isNull="true" />
        <assetTypeCode>W</assetTypeCode>
        <length>881</length>
        <localLastModification>1423584346226</localLastModification>
        <description isNull="true" />
        <isDocumentationFile>false</isDocumentationFile>
        <guid>eae40b4e-1766-4f8b-a5bb-902c1f1f59aa</guid>
        <versionId>83afc287-e946-46cb-8125-d03829968fa8</versionId>
    </managedAsset>
</teamworks>

