<?xml version="1.0" encoding="UTF-8"?>
<teamworks>
    <managedAsset id="61.0ef729f9-0489-4031-9ea9-269d2df68426" name="BPMExt-Control-InputGroup-Preview.html">
        <lastModified>1429645845614</lastModified>
        <lastModifiedBy>admin</lastModifiedBy>
        <managedAssetId>61.0ef729f9-0489-4031-9ea9-269d2df68426</managedAssetId>
        <assetUuid>87936307-59b1-424c-b1ee-501837f891d6</assetUuid>
        <mimeType>text/html</mimeType>
        <charEncoding isNull="true" />
        <assetTypeCode>W</assetTypeCode>
        <length>982</length>
        <localLastModification>1429645625970</localLastModification>
        <description isNull="true" />
        <isDocumentationFile>false</isDocumentationFile>
        <guid>a1e8f198-e388-49f4-93d1-8c8cacb3396a</guid>
        <versionId>a8d3b629-ccea-4edb-8f43-a537213e522b</versionId>
    </managedAsset>
</teamworks>

