<?xml version="1.0" encoding="UTF-8"?>
<teamworks>
    <managedAsset id="61.00691e21-1a3f-43e7-8907-f074aa5f5ce9" name="BPMExt-Control-Data-Preview.png">
        <lastModified>1429667103965</lastModified>
        <lastModifiedBy>admin</lastModifiedBy>
        <managedAssetId>61.00691e21-1a3f-43e7-8907-f074aa5f5ce9</managedAssetId>
        <assetUuid>a19012c0-5894-4e4c-b050-f58da3fac2d0</assetUuid>
        <mimeType>image/png</mimeType>
        <charEncoding isNull="true" />
        <assetTypeCode>W</assetTypeCode>
        <length>961</length>
        <localLastModification>1423603619455</localLastModification>
        <description isNull="true" />
        <isDocumentationFile>false</isDocumentationFile>
        <guid>5246f901-0ef6-412a-97e6-60b8c8d03de4</guid>
        <versionId>632792c9-27f9-42a2-be55-4b4ec4a17335</versionId>
    </managedAsset>
</teamworks>

