<?xml version="1.0" encoding="UTF-8"?>
<teamworks>
    <managedAsset id="61.06120b41-53b7-40e5-91e1-67f06777d293" name="BPMExt-Control-Icon-Preview.js">
        <lastModified>1483706156499</lastModified>
        <lastModifiedBy>Kirankumar Rana</lastModifiedBy>
        <managedAssetId>61.06120b41-53b7-40e5-91e1-67f06777d293</managedAssetId>
        <assetUuid>d192403a-8a89-43ba-8104-18e234862ec5</assetUuid>
        <mimeType>application/javascript</mimeType>
        <charEncoding isNull="true" />
        <assetTypeCode>W</assetTypeCode>
        <length>8705</length>
        <localLastModification>1483703207873</localLastModification>
        <description isNull="true" />
        <isDocumentationFile>false</isDocumentationFile>
        <guid>90f3dfb1-0d8c-4e1d-8b20-9007dcf59ba3</guid>
        <versionId>25989c35-ea8f-433d-8b1d-31f609aea40c</versionId>
    </managedAsset>
</teamworks>

