<?xml version="1.0" encoding="UTF-8"?>
<teamworks>
    <managedAsset id="61.0d79838b-e0e3-4600-8a07-1ac36ba96f3c" name="BPMExt-Control-Badge-Preview.js">
        <lastModified>1493812349360</lastModified>
        <lastModifiedBy>Kirankumar Rana</lastModifiedBy>
        <managedAssetId>61.0d79838b-e0e3-4600-8a07-1ac36ba96f3c</managedAssetId>
        <assetUuid>8b7ccbb5-6ac9-4d5e-9ce8-c87443d994ba</assetUuid>
        <mimeType>application/javascript</mimeType>
        <charEncoding isNull="true" />
        <assetTypeCode>W</assetTypeCode>
        <length>5811</length>
        <localLastModification>1493811841011</localLastModification>
        <description isNull="true" />
        <isDocumentationFile>false</isDocumentationFile>
        <guid>73f65944-1bc0-4a5b-9932-5ec654057d81</guid>
        <versionId>ae7e25e5-f2a2-48a4-8fe4-6c893431a342</versionId>
    </managedAsset>
</teamworks>

