<?xml version="1.0" encoding="UTF-8"?>
<teamworks>
    <managedAsset id="61.01167d13-fa9e-4073-9046-235c71743f2b" name="BPMExt-Control-PopupMenu.js">
        <lastModified>1495104683772</lastModified>
        <lastModifiedBy>Kirankumar Rana</lastModifiedBy>
        <managedAssetId>61.01167d13-fa9e-4073-9046-235c71743f2b</managedAssetId>
        <assetUuid>de4cfff8-2543-43e3-946e-db1b3c6da126</assetUuid>
        <mimeType>application/javascript</mimeType>
        <charEncoding isNull="true" />
        <assetTypeCode>W</assetTypeCode>
        <length>50596</length>
        <localLastModification>1495104234230</localLastModification>
        <description isNull="true" />
        <isDocumentationFile>false</isDocumentationFile>
        <guid>455cc1d6-dc9e-4623-84d4-8d157f3e33c9</guid>
        <versionId>25930b6c-8606-470f-83a8-4bcdbe3d260a</versionId>
    </managedAsset>
</teamworks>

