<?xml version="1.0" encoding="UTF-8"?>
<teamworks>
    <managedAsset id="61.0fb648cf-c51d-4495-bc0d-50b2d82a5056" name="BPMExt-Lib-Video.zip">
        <lastModified>1493805207579</lastModified>
        <lastModifiedBy>Kirankumar Rana</lastModifiedBy>
        <managedAssetId>61.0fb648cf-c51d-4495-bc0d-50b2d82a5056</managedAssetId>
        <assetUuid>69a1ff19-eb21-46c0-b3d9-4127618d8df6</assetUuid>
        <mimeType>application/zip</mimeType>
        <charEncoding isNull="true" />
        <assetTypeCode>W</assetTypeCode>
        <length>318205</length>
        <localLastModification>1493804870163</localLastModification>
        <description isNull="true" />
        <isDocumentationFile>false</isDocumentationFile>
        <guid>0348f70d-6c0f-42a8-be2a-ef51815152c9</guid>
        <versionId>b53bce13-0d53-4572-9034-2f5b8b0ccbd4</versionId>
    </managedAsset>
</teamworks>

