<?xml version="1.0" encoding="UTF-8"?>
<teamworks>
    <managedAsset id="61.0edf946d-1e43-450c-8a31-7bf8417fd253" name="BPMExt-Control-ModalAlert-Palette.png">
        <lastModified>1429666555222</lastModified>
        <lastModifiedBy>admin</lastModifiedBy>
        <managedAssetId>61.0edf946d-1e43-450c-8a31-7bf8417fd253</managedAssetId>
        <assetUuid>3bf21cdc-a66f-4bb7-b1dc-1b60ceafdd4c</assetUuid>
        <mimeType>image/png</mimeType>
        <charEncoding isNull="true" />
        <assetTypeCode>W</assetTypeCode>
        <length>631</length>
        <localLastModification>1423508392599</localLastModification>
        <description isNull="true" />
        <isDocumentationFile>false</isDocumentationFile>
        <guid>c3d3ec8b-041e-4a24-92f4-62691f26dfda</guid>
        <versionId>21a28e29-68c7-414e-9608-73b5fd66ff5e</versionId>
    </managedAsset>
</teamworks>

