<?xml version="1.0" encoding="UTF-8"?>
<teamworks>
    <managedAsset id="61.0bb8eb16-18e8-422d-ba23-8f6d775f10c1" name="BPMExt-Control-StreetView-Palette.png">
        <lastModified>1429666758151</lastModified>
        <lastModifiedBy>admin</lastModifiedBy>
        <managedAssetId>61.0bb8eb16-18e8-422d-ba23-8f6d775f10c1</managedAssetId>
        <assetUuid>d0fa0b87-8349-4d77-aa45-9be1dae6e6fd</assetUuid>
        <mimeType>image/png</mimeType>
        <charEncoding isNull="true" />
        <assetTypeCode>W</assetTypeCode>
        <length>595</length>
        <localLastModification>1423500780489</localLastModification>
        <description isNull="true" />
        <isDocumentationFile>false</isDocumentationFile>
        <guid>c53ab530-22cb-4a21-918d-e5557c561b76</guid>
        <versionId>517397ae-5e9d-42cc-8e67-9acecc46f395</versionId>
    </managedAsset>
</teamworks>

