<?xml version="1.0" encoding="UTF-8"?>
<teamworks>
    <managedAsset id="61.07a8858f-0656-4b23-acf2-28ade96d4fba" name="BPMExt-Control-Checkbox-Preview.js">
        <lastModified>1483706068048</lastModified>
        <lastModifiedBy>Kirankumar Rana</lastModifiedBy>
        <managedAssetId>61.07a8858f-0656-4b23-acf2-28ade96d4fba</managedAssetId>
        <assetUuid>f061d2e1-dc2d-45ba-ab28-49fb6f6f917c</assetUuid>
        <mimeType>application/javascript</mimeType>
        <charEncoding isNull="true" />
        <assetTypeCode>W</assetTypeCode>
        <length>4882</length>
        <localLastModification>1483694813971</localLastModification>
        <description isNull="true" />
        <isDocumentationFile>false</isDocumentationFile>
        <guid>fa3ac420-8752-41ff-a162-fa172db47e6a</guid>
        <versionId>46f48adc-76bd-4703-8017-acd5f2f1ff0e</versionId>
    </managedAsset>
</teamworks>

