<?xml version="1.0" encoding="UTF-8"?>
<teamworks>
    <managedAsset id="61.17af8eeb-c201-4994-8ab7-80edd62d3d4d" name="BPMExt-Control-ServiceCall.js">
        <lastModified>1495102250546</lastModified>
        <lastModifiedBy>Kirankumar Rana</lastModifiedBy>
        <managedAssetId>61.17af8eeb-c201-4994-8ab7-80edd62d3d4d</managedAssetId>
        <assetUuid>cbd9c653-05f9-4230-a17f-13a0be475287</assetUuid>
        <mimeType>application/javascript</mimeType>
        <charEncoding isNull="true" />
        <assetTypeCode>W</assetTypeCode>
        <length>17887</length>
        <localLastModification>1495101782164</localLastModification>
        <description isNull="true" />
        <isDocumentationFile>false</isDocumentationFile>
        <guid>b41d0608-27fe-43de-b74f-0b944e240837</guid>
        <versionId>d845bdd4-9761-471a-aa5f-d00a064e65d0</versionId>
    </managedAsset>
</teamworks>

