<?xml version="1.0" encoding="UTF-8"?>
<teamworks>
    <managedAsset id="61.13b8abda-7c7f-4a74-b786-25379c025b0e" name="BPMExt-Control-InputGroup-Preview.js">
        <lastModified>1480493795113</lastModified>
        <lastModifiedBy>Kirankumar Rana</lastModifiedBy>
        <managedAssetId>61.13b8abda-7c7f-4a74-b786-25379c025b0e</managedAssetId>
        <assetUuid>0e8ca55a-02fb-44cb-9cb0-ec1bd46b9b1d</assetUuid>
        <mimeType>application/javascript</mimeType>
        <charEncoding isNull="true" />
        <assetTypeCode>W</assetTypeCode>
        <length>12103</length>
        <localLastModification>1480493746234</localLastModification>
        <description isNull="true" />
        <isDocumentationFile>false</isDocumentationFile>
        <guid>8a7ed733-ffcf-43c1-a860-c1713bf6f63a</guid>
        <versionId>80efb197-c437-4b73-9825-f13d501ef4b8</versionId>
    </managedAsset>
</teamworks>

