<?xml version="1.0" encoding="UTF-8"?>
<teamworks>
    <managedAsset id="61.1f1b59b8-5bbd-44c0-a63c-339d3c11c2eb" name="BPMExt-Control-ResponsiveSensor.js">
        <lastModified>1495110307528</lastModified>
        <lastModifiedBy>Kirankumar Rana</lastModifiedBy>
        <managedAssetId>61.1f1b59b8-5bbd-44c0-a63c-339d3c11c2eb</managedAssetId>
        <assetUuid>ca7e377c-c6b8-4e26-93b5-09168d87196a</assetUuid>
        <mimeType>application/javascript</mimeType>
        <charEncoding isNull="true" />
        <assetTypeCode>W</assetTypeCode>
        <length>15399</length>
        <localLastModification>1495109954144</localLastModification>
        <description isNull="true" />
        <isDocumentationFile>false</isDocumentationFile>
        <guid>30b25133-c05b-4d2b-89c9-9fdb9ddc8bf3</guid>
        <versionId>541cc073-82e8-4b33-89d0-d9974f2caab1</versionId>
    </managedAsset>
</teamworks>

