<?xml version="1.0" encoding="UTF-8"?>
<teamworks>
    <managedAsset id="61.18c38b90-7aa4-4cfc-b96c-1ec99ef1586b" name="BPMExt-Lib-OpenLayers.zip">
        <lastModified>1465318263822</lastModified>
        <lastModifiedBy>Erick Quintanilla</lastModifiedBy>
        <managedAssetId>61.18c38b90-7aa4-4cfc-b96c-1ec99ef1586b</managedAssetId>
        <assetUuid>ead61d39-8344-41b3-b1ad-696c0be37ad6</assetUuid>
        <mimeType>application/zip</mimeType>
        <charEncoding isNull="true" />
        <assetTypeCode>W</assetTypeCode>
        <length>289284</length>
        <localLastModification>1465316103815</localLastModification>
        <description isNull="true" />
        <isDocumentationFile>false</isDocumentationFile>
        <guid>19fd1a8a-8433-4ea4-8416-60aa28df4539</guid>
        <versionId>5dddbe8e-067d-4f0f-8760-0f37131d930b</versionId>
    </managedAsset>
</teamworks>

