<?xml version="1.0" encoding="UTF-8"?>
<teamworks>
    <managedAsset id="61.1101199b-2c0e-4375-91d4-2be581409a21" name="BPMExt-Control-Integer-Palette.png">
        <lastModified>1429666341641</lastModified>
        <lastModifiedBy>admin</lastModifiedBy>
        <managedAssetId>61.1101199b-2c0e-4375-91d4-2be581409a21</managedAssetId>
        <assetUuid>e8047283-f593-4a27-b876-7a915f16cc31</assetUuid>
        <mimeType>image/png</mimeType>
        <charEncoding isNull="true" />
        <assetTypeCode>W</assetTypeCode>
        <length>621</length>
        <localLastModification>1423174188795</localLastModification>
        <description isNull="true" />
        <isDocumentationFile>false</isDocumentationFile>
        <guid>6e4be8a9-b838-40d1-8aca-8a832f6a4db3</guid>
        <versionId>1515be1a-6b44-4004-b55d-57f82ddeb3ea</versionId>
    </managedAsset>
</teamworks>

