<?xml version="1.0" encoding="UTF-8"?>
<teamworks>
    <managedAsset id="61.1719dfac-2898-4317-9cb9-6fc650643c5c" name="BPMExt-Control-TimePicker-Palette.png">
        <lastModified>1429666994179</lastModified>
        <lastModifiedBy>admin</lastModifiedBy>
        <managedAssetId>61.1719dfac-2898-4317-9cb9-6fc650643c5c</managedAssetId>
        <assetUuid>8d17cde9-a139-4758-bcf3-a95634c6cacd</assetUuid>
        <mimeType>image/png</mimeType>
        <charEncoding isNull="true" />
        <assetTypeCode>W</assetTypeCode>
        <length>781</length>
        <localLastModification>1423506098910</localLastModification>
        <description isNull="true" />
        <isDocumentationFile>false</isDocumentationFile>
        <guid>22d37f97-a039-467b-bd39-1a0233120e3a</guid>
        <versionId>df57568f-2c3f-40b1-acd9-f6a86b7d959f</versionId>
    </managedAsset>
</teamworks>

