<?xml version="1.0" encoding="UTF-8"?>
<teamworks>
    <managedAsset id="61.13cd8e50-a6f0-47c6-8ccb-cf25ef8789cd" name="BPMExt-Control-Configuration.js">
        <lastModified>1495188527841</lastModified>
        <lastModifiedBy>Kirankumar Rana</lastModifiedBy>
        <managedAssetId>61.13cd8e50-a6f0-47c6-8ccb-cf25ef8789cd</managedAssetId>
        <assetUuid>39662808-379c-4e00-a635-8cf650344a8c</assetUuid>
        <mimeType>application/javascript</mimeType>
        <charEncoding isNull="true" />
        <assetTypeCode>W</assetTypeCode>
        <length>19019</length>
        <localLastModification>1495186692935</localLastModification>
        <description isNull="true" />
        <isDocumentationFile>false</isDocumentationFile>
        <guid>46a263cb-6e73-4645-8cf0-c5b1b1a4ac16</guid>
        <versionId>d8d6bab3-1138-4783-b207-8ff3b302591f</versionId>
    </managedAsset>
</teamworks>

