<?xml version="1.0" encoding="UTF-8"?>
<teamworks>
    <managedAsset id="61.1c7ac542-36fe-40c0-bb5d-e007b7742fdb" name="BPMExt-Control-Data-Palette.png">
        <lastModified>1429666173111</lastModified>
        <lastModifiedBy>admin</lastModifiedBy>
        <managedAssetId>61.1c7ac542-36fe-40c0-bb5d-e007b7742fdb</managedAssetId>
        <assetUuid>48f39256-a0ad-4a94-85cf-e2b2320a8f91</assetUuid>
        <mimeType>image/png</mimeType>
        <charEncoding isNull="true" />
        <assetTypeCode>W</assetTypeCode>
        <length>746</length>
        <localLastModification>1423174316022</localLastModification>
        <description isNull="true" />
        <isDocumentationFile>false</isDocumentationFile>
        <guid>af1cfb43-8f51-4713-b8a5-ede28c880e38</guid>
        <versionId>76fe26a9-12e3-448d-ba96-d150e9c32091</versionId>
    </managedAsset>
</teamworks>

