<?xml version="1.0" encoding="UTF-8"?>
<teamworks>
    <managedAsset id="61.15750a78-eed1-40a0-a8e9-c78a945ed817" name="BPMExt-Control-DataExport-Preview.png">
        <lastModified>1457740605455</lastModified>
        <lastModifiedBy>Eric Ducos</lastModifiedBy>
        <managedAssetId>61.15750a78-eed1-40a0-a8e9-c78a945ed817</managedAssetId>
        <assetUuid>28563cb1-89c3-4d47-b8be-4a53c287f359</assetUuid>
        <mimeType>image/png</mimeType>
        <charEncoding isNull="true" />
        <assetTypeCode>W</assetTypeCode>
        <length>1663</length>
        <localLastModification>1457740565792</localLastModification>
        <description isNull="true" />
        <isDocumentationFile>false</isDocumentationFile>
        <guid>4e21e8ab-76fb-4400-924e-073128e63bfb</guid>
        <versionId>dd660af3-f221-4457-8f9c-511bea4c4d62</versionId>
    </managedAsset>
</teamworks>

