<?xml version="1.0" encoding="UTF-8"?>
<teamworks>
    <managedAsset id="61.12a7c1ae-e071-40bf-b69d-82398b9ea62e" name="BPMExt-Control-Well-Preview.js">
        <lastModified>1484988582144</lastModified>
        <lastModifiedBy>Kirankumar Rana</lastModifiedBy>
        <managedAssetId>61.12a7c1ae-e071-40bf-b69d-82398b9ea62e</managedAssetId>
        <assetUuid>7c934285-7966-4853-84f6-1a74f03b6d75</assetUuid>
        <mimeType>application/javascript</mimeType>
        <charEncoding isNull="true" />
        <assetTypeCode>W</assetTypeCode>
        <length>12004</length>
        <localLastModification>1484988370299</localLastModification>
        <description isNull="true" />
        <isDocumentationFile>false</isDocumentationFile>
        <guid>5e733b0d-a51e-430f-bed9-7f7ed3c2fbc7</guid>
        <versionId>dd075dbe-90f3-444e-b0d7-36670b0783f7</versionId>
    </managedAsset>
</teamworks>

