<?xml version="1.0" encoding="UTF-8"?>
<teamworks>
    <managedAsset id="61.1256495b-958d-4c5f-b096-11279fd33d5e" name="BPMExt-Control-Layout.js">
        <lastModified>1495101050587</lastModified>
        <lastModifiedBy>Kirankumar Rana</lastModifiedBy>
        <managedAssetId>61.1256495b-958d-4c5f-b096-11279fd33d5e</managedAssetId>
        <assetUuid>86826bf8-6087-4718-93db-a3b4f880ad56</assetUuid>
        <mimeType>application/javascript</mimeType>
        <charEncoding isNull="true" />
        <assetTypeCode>W</assetTypeCode>
        <length>42550</length>
        <localLastModification>1495100941086</localLastModification>
        <description isNull="true" />
        <isDocumentationFile>false</isDocumentationFile>
        <guid>e8dbfb26-0f78-4ce9-93b6-e3dda3792731</guid>
        <versionId>b7a71a5f-7cde-491b-aa33-8020aadd2a62</versionId>
    </managedAsset>
</teamworks>

