<?xml version="1.0" encoding="UTF-8"?>
<teamworks>
    <managedAsset id="61.153c2c13-f0b9-46a3-878b-844e6f1cb99d" name="BPMExt-Control-DatePicker.js">
        <lastModified>1495101018318</lastModified>
        <lastModifiedBy>Kirankumar Rana</lastModifiedBy>
        <managedAssetId>61.153c2c13-f0b9-46a3-878b-844e6f1cb99d</managedAssetId>
        <assetUuid>7b30dfd4-00d8-4f99-8e30-430e1e7c25b6</assetUuid>
        <mimeType>application/javascript</mimeType>
        <charEncoding isNull="true" />
        <assetTypeCode>W</assetTypeCode>
        <length>70768</length>
        <localLastModification>1495100702019</localLastModification>
        <description isNull="true" />
        <isDocumentationFile>false</isDocumentationFile>
        <guid>18972d22-d24a-4221-a708-3a043a51508e</guid>
        <versionId>f715bc10-a3ab-4cf2-b049-816c11dbaef7</versionId>
    </managedAsset>
</teamworks>

