<?xml version="1.0" encoding="UTF-8"?>
<teamworks>
    <managedAsset id="61.110e8bf5-fd9f-429d-8b8b-55999b6a16de" name="BPMExt-Control-ServiceCall-Preview.png">
        <lastModified>1429667500893</lastModified>
        <lastModifiedBy>admin</lastModifiedBy>
        <managedAssetId>61.110e8bf5-fd9f-429d-8b8b-55999b6a16de</managedAssetId>
        <assetUuid>8a68f68c-ebf0-4e54-90e8-8f051878b94e</assetUuid>
        <mimeType>image/png</mimeType>
        <charEncoding isNull="true" />
        <assetTypeCode>W</assetTypeCode>
        <length>2002</length>
        <localLastModification>1423605358176</localLastModification>
        <description isNull="true" />
        <isDocumentationFile>false</isDocumentationFile>
        <guid>12a0b8fc-ecfb-477c-b0dd-4637fa13dd27</guid>
        <versionId>45d1a15e-e446-496a-a91a-3a103895b2ac</versionId>
    </managedAsset>
</teamworks>

