<?xml version="1.0" encoding="UTF-8"?>
<teamworks>
    <managedAsset id="61.11836a42-6049-4e3f-a26b-bf8cf2ee0e67" name="BPMExt-Control-DeviceSensor-Palette.png">
        <lastModified>1429666209176</lastModified>
        <lastModifiedBy>admin</lastModifiedBy>
        <managedAssetId>61.11836a42-6049-4e3f-a26b-bf8cf2ee0e67</managedAssetId>
        <assetUuid>de5e7537-9a66-417a-b913-771abd77cbe8</assetUuid>
        <mimeType>image/png</mimeType>
        <charEncoding isNull="true" />
        <assetTypeCode>W</assetTypeCode>
        <length>1320</length>
        <localLastModification>1423505156099</localLastModification>
        <description isNull="true" />
        <isDocumentationFile>false</isDocumentationFile>
        <guid>82a5b237-b388-4453-9a5c-848f3c89e6ff</guid>
        <versionId>5621ef28-759b-4951-82cd-39fdf94aff36</versionId>
    </managedAsset>
</teamworks>

