<?xml version="1.0" encoding="UTF-8"?>
<teamworks>
    <managedAsset id="61.1a49146e-59ec-489f-9272-fae5edf129e0" name="BPMExt-Control-Video-Preview.html">
        <lastModified>1480752903196</lastModified>
        <lastModifiedBy>Kirankumar Rana</lastModifiedBy>
        <managedAssetId>61.1a49146e-59ec-489f-9272-fae5edf129e0</managedAssetId>
        <assetUuid>b24bd1da-6f9c-4865-ad0a-db929fc491cf</assetUuid>
        <mimeType>text/html</mimeType>
        <charEncoding isNull="true" />
        <assetTypeCode>W</assetTypeCode>
        <length>409</length>
        <localLastModification>1480752588139</localLastModification>
        <description isNull="true" />
        <isDocumentationFile>false</isDocumentationFile>
        <guid>c97bc66d-8b9c-4627-9fec-58433e0b7502</guid>
        <versionId>49e41462-60a2-4195-9547-d1f66e3cdb94</versionId>
    </managedAsset>
</teamworks>

