<?xml version="1.0" encoding="UTF-8"?>
<teamworks>
    <managedAsset id="61.1264a237-56ac-4fcf-97ca-65c5b797abba" name="BPMExt-Control-CheckboxGroup-Preview.js">
        <lastModified>1483706030908</lastModified>
        <lastModifiedBy>Kirankumar Rana</lastModifiedBy>
        <managedAssetId>61.1264a237-56ac-4fcf-97ca-65c5b797abba</managedAssetId>
        <assetUuid>ef604d0b-e68b-4607-bbaf-bdbea2a868f6</assetUuid>
        <mimeType>application/javascript</mimeType>
        <charEncoding isNull="true" />
        <assetTypeCode>W</assetTypeCode>
        <length>9216</length>
        <localLastModification>1483694519016</localLastModification>
        <description isNull="true" />
        <isDocumentationFile>false</isDocumentationFile>
        <guid>b0f963df-7fc4-48ee-bcaa-1a784b2f7ba7</guid>
        <versionId>45394e13-49a0-4fe8-91c5-92fa956a651d</versionId>
    </managedAsset>
</teamworks>

