<?xml version="1.0" encoding="UTF-8"?>
<teamworks>
    <managedAsset id="61.1fe61e40-e9d9-4fe4-9df6-8d42addbe347" name="BPMExt-Control-Tooltip-Palette.png">
        <lastModified>1429667035277</lastModified>
        <lastModifiedBy>admin</lastModifiedBy>
        <managedAssetId>61.1fe61e40-e9d9-4fe4-9df6-8d42addbe347</managedAssetId>
        <assetUuid>7836e50f-494a-4e5b-a21a-2920214a276d</assetUuid>
        <mimeType>image/png</mimeType>
        <charEncoding isNull="true" />
        <assetTypeCode>W</assetTypeCode>
        <length>371</length>
        <localLastModification>1423174243788</localLastModification>
        <description isNull="true" />
        <isDocumentationFile>false</isDocumentationFile>
        <guid>f85a9051-ce29-44b1-933f-f8bda8db54d4</guid>
        <versionId>43b7cee5-cd95-445e-aae7-2c87608fe997</versionId>
    </managedAsset>
</teamworks>

