<?xml version="1.0" encoding="UTF-8"?>
<teamworks>
    <managedAsset id="61.12330b23-8a8a-4e00-9e0d-5c79bee7834c" name="BPMExt-Control-ProgressBar-Preview.png">
        <lastModified>1429667427781</lastModified>
        <lastModifiedBy>admin</lastModifiedBy>
        <managedAssetId>61.12330b23-8a8a-4e00-9e0d-5c79bee7834c</managedAssetId>
        <assetUuid>7fc4ec03-d47a-405f-baed-c0d89c5ad67b</assetUuid>
        <mimeType>image/png</mimeType>
        <charEncoding isNull="true" />
        <assetTypeCode>W</assetTypeCode>
        <length>1958</length>
        <localLastModification>1423592465383</localLastModification>
        <description isNull="true" />
        <isDocumentationFile>false</isDocumentationFile>
        <guid>254c585a-f5aa-4ea7-9c05-d4c112f7f5a9</guid>
        <versionId>baf28b69-2acc-4b66-9289-27961d42b0af</versionId>
    </managedAsset>
</teamworks>

