<?xml version="1.0" encoding="UTF-8"?>
<teamworks>
    <managedAsset id="61.1b482056-60fc-43ea-860b-d7597c04e1b6" name="BPMExt-Control-DateTimePicker.js">
        <lastModified>1494947142698</lastModified>
        <lastModifiedBy>Varun Sangwan</lastModifiedBy>
        <managedAssetId>61.1b482056-60fc-43ea-860b-d7597c04e1b6</managedAssetId>
        <assetUuid>90ef721b-f672-4180-8bf2-88206289fa9b</assetUuid>
        <mimeType>application/javascript</mimeType>
        <charEncoding isNull="true" />
        <assetTypeCode>W</assetTypeCode>
        <length>112250</length>
        <localLastModification>1494609292185</localLastModification>
        <description isNull="true" />
        <isDocumentationFile>false</isDocumentationFile>
        <guid>0056943a-daca-440f-8632-9f7f8d80c1dc</guid>
        <versionId>033dc84b-067a-4d26-b575-391718d2bfa5</versionId>
    </managedAsset>
</teamworks>

