<?xml version="1.0" encoding="UTF-8"?>
<teamworks>
    <managedAsset id="61.1917f8f6-3b27-4059-8436-a60daaf3752e" name="BPMExt-Control-RadioButton.js">
        <lastModified>1495110828986</lastModified>
        <lastModifiedBy>Kirankumar Rana</lastModifiedBy>
        <managedAssetId>61.1917f8f6-3b27-4059-8436-a60daaf3752e</managedAssetId>
        <assetUuid>43ba9521-0e53-44cd-9757-d671e09bb9eb</assetUuid>
        <mimeType>application/javascript</mimeType>
        <charEncoding isNull="true" />
        <assetTypeCode>W</assetTypeCode>
        <length>16339</length>
        <localLastModification>1495110243295</localLastModification>
        <description isNull="true" />
        <isDocumentationFile>false</isDocumentationFile>
        <guid>7a657d03-01ff-43f4-8a49-c0f01a02724f</guid>
        <versionId>cbfadf70-da18-4bae-8e18-4eca983a20ac</versionId>
    </managedAsset>
</teamworks>

