<?xml version="1.0" encoding="UTF-8"?>
<teamworks>
    <managedAsset id="61.1c4320d0-b7ce-4553-8efb-9fa99e14d4cd" name="BPMExt-Control-RadioButtonGroup-Preview.png">
        <lastModified>1472497187385</lastModified>
        <lastModifiedBy>Eric Ducos</lastModifiedBy>
        <managedAssetId>61.1c4320d0-b7ce-4553-8efb-9fa99e14d4cd</managedAssetId>
        <assetUuid>09f3f58e-6440-426d-a2e0-22983c620881</assetUuid>
        <mimeType>image/png</mimeType>
        <charEncoding isNull="true" />
        <assetTypeCode>W</assetTypeCode>
        <length>3680</length>
        <localLastModification>1472497147215</localLastModification>
        <description isNull="true" />
        <isDocumentationFile>false</isDocumentationFile>
        <guid>255bb324-32e2-4ea7-8dae-2ad0e060da59</guid>
        <versionId>775a01b8-fcdd-45c9-8996-ccde39602fc1</versionId>
    </managedAsset>
</teamworks>

