<?xml version="1.0" encoding="UTF-8"?>
<teamworks>
    <managedAsset id="61.19ca438f-7f0e-4033-8914-b00d89f1de76" name="BPMExt-Control-SingleSelect-Palette.png">
        <lastModified>1429666703365</lastModified>
        <lastModifiedBy>admin</lastModifiedBy>
        <managedAssetId>61.19ca438f-7f0e-4033-8914-b00d89f1de76</managedAssetId>
        <assetUuid>6e307008-0e21-4f66-b40f-8441d5093906</assetUuid>
        <mimeType>image/png</mimeType>
        <charEncoding isNull="true" />
        <assetTypeCode>W</assetTypeCode>
        <length>281</length>
        <localLastModification>1423173999988</localLastModification>
        <description isNull="true" />
        <isDocumentationFile>false</isDocumentationFile>
        <guid>c5b49a07-5d76-4c94-b6c2-f6ee6dd4a94c</guid>
        <versionId>88bf23ad-8676-4381-a2bd-0f80f221a770</versionId>
    </managedAsset>
</teamworks>

