<?xml version="1.0" encoding="UTF-8"?>
<teamworks>
    <managedAsset id="61.219c5302-d112-4af3-8c41-6f27d59cff36" name="BPMExt-Control-Checkbox-Palette.png">
        <lastModified>1429654600747</lastModified>
        <lastModifiedBy>admin</lastModifiedBy>
        <managedAssetId>61.219c5302-d112-4af3-8c41-6f27d59cff36</managedAssetId>
        <assetUuid>11291499-4539-45eb-a84f-d08ba1eebdf3</assetUuid>
        <mimeType>image/png</mimeType>
        <charEncoding isNull="true" />
        <assetTypeCode>W</assetTypeCode>
        <length>673</length>
        <localLastModification>1423174230192</localLastModification>
        <description isNull="true" />
        <isDocumentationFile>false</isDocumentationFile>
        <guid>3a887c4c-287d-4aeb-bc30-9c89cdef0ba8</guid>
        <versionId>b861d200-98ed-4e60-b94f-22a6596a6e8e</versionId>
    </managedAsset>
</teamworks>

