<?xml version="1.0" encoding="UTF-8"?>
<teamworks>
    <managedAsset id="61.20daadd7-4290-45c8-a4c2-06af9074c09f" name="BPMExt-Control-Text-Preview.js">
        <lastModified>1495618093634</lastModified>
        <lastModifiedBy>Kirankumar Rana</lastModifiedBy>
        <managedAssetId>61.20daadd7-4290-45c8-a4c2-06af9074c09f</managedAssetId>
        <assetUuid>247a22e2-2c9a-4abc-8360-6bedbed26f00</assetUuid>
        <mimeType>application/javascript</mimeType>
        <charEncoding isNull="true" />
        <assetTypeCode>W</assetTypeCode>
        <length>6159</length>
        <localLastModification>1495617947093</localLastModification>
        <description isNull="true" />
        <isDocumentationFile>false</isDocumentationFile>
        <guid>977d4cac-4289-4f93-a9b3-c60e663983d4</guid>
        <versionId>ac87c58d-9d85-4735-a138-3ce26b771cfe</versionId>
    </managedAsset>
</teamworks>

