<?xml version="1.0" encoding="UTF-8"?>
<teamworks>
    <managedAsset id="61.21bc18bc-2254-49a0-a2c5-189a9be82a4f" name="BPMExt-Control-Spacer-Preview.js">
        <lastModified>1485530675556</lastModified>
        <lastModifiedBy>Kirankumar Rana</lastModifiedBy>
        <managedAssetId>61.21bc18bc-2254-49a0-a2c5-189a9be82a4f</managedAssetId>
        <assetUuid>836d4086-65b0-49ea-8074-20ed0b74ace4</assetUuid>
        <mimeType>application/javascript</mimeType>
        <charEncoding isNull="true" />
        <assetTypeCode>W</assetTypeCode>
        <length>3548</length>
        <localLastModification>1485530459911</localLastModification>
        <description isNull="true" />
        <isDocumentationFile>false</isDocumentationFile>
        <guid>283dbf57-f362-4463-a54b-a6fc46c3d8e8</guid>
        <versionId>8ef309d1-faaf-4d5a-b426-78a151511de4</versionId>
    </managedAsset>
</teamworks>

