<?xml version="1.0" encoding="UTF-8"?>
<teamworks>
    <managedAsset id="61.2bd124a7-2fe0-4181-99f1-32ac1a0b38b9" name="BPMExt-Control-Table-Palette.png">
        <lastModified>1429666866521</lastModified>
        <lastModifiedBy>admin</lastModifiedBy>
        <managedAssetId>61.2bd124a7-2fe0-4181-99f1-32ac1a0b38b9</managedAssetId>
        <assetUuid>e9c469ca-c4eb-4d1e-9922-0157012f99b1</assetUuid>
        <mimeType>image/png</mimeType>
        <charEncoding isNull="true" />
        <assetTypeCode>W</assetTypeCode>
        <length>279</length>
        <localLastModification>1423181067447</localLastModification>
        <description isNull="true" />
        <isDocumentationFile>false</isDocumentationFile>
        <guid>82db65a2-abfe-4495-8a69-8019669d5f2f</guid>
        <versionId>e190134f-989f-484a-8b25-61f34b50f9d2</versionId>
    </managedAsset>
</teamworks>

