<?xml version="1.0" encoding="UTF-8"?>
<teamworks>
    <managedAsset id="61.2771b5b5-2aa7-4740-b645-133e2a9ad872" name="BPMExt-Control-GeoLocation-Palette.png">
        <lastModified>1429666389458</lastModified>
        <lastModifiedBy>admin</lastModifiedBy>
        <managedAssetId>61.2771b5b5-2aa7-4740-b645-133e2a9ad872</managedAssetId>
        <assetUuid>7f7d03dc-7b8e-47bb-b50e-4ec7dfdc1c48</assetUuid>
        <mimeType>image/png</mimeType>
        <charEncoding isNull="true" />
        <assetTypeCode>W</assetTypeCode>
        <length>1147</length>
        <localLastModification>1423242973272</localLastModification>
        <description isNull="true" />
        <isDocumentationFile>false</isDocumentationFile>
        <guid>97529492-954b-42d4-bc61-6e3f5292b1a4</guid>
        <versionId>5a66496c-6299-4c08-b4da-ef1e37ba5d90</versionId>
    </managedAsset>
</teamworks>

