<?xml version="1.0" encoding="UTF-8"?>
<teamworks>
    <managedAsset id="61.23b72dcc-d3a6-4b3b-ae68-39f4461e7ded" name="BPMExt-Lib-DateTimePicker.zip">
        <lastModified>1490395333891</lastModified>
        <lastModifiedBy>Varun Sangwan</lastModifiedBy>
        <managedAssetId>61.23b72dcc-d3a6-4b3b-ae68-39f4461e7ded</managedAssetId>
        <assetUuid>b3bd743b-1475-4e54-909d-f7bb08d0cff8</assetUuid>
        <mimeType>application/zip</mimeType>
        <charEncoding isNull="true" />
        <assetTypeCode>W</assetTypeCode>
        <length>25952</length>
        <localLastModification>1490395308527</localLastModification>
        <description isNull="true" />
        <isDocumentationFile>false</isDocumentationFile>
        <guid>7b3386b8-2bc3-4d42-a800-b86f14f47b83</guid>
        <versionId>4f5902fe-af53-47ea-ac9b-a10514465ef0</versionId>
    </managedAsset>
</teamworks>

