<?xml version="1.0" encoding="UTF-8"?>
<teamworks>
    <managedAsset id="61.25821fdd-f400-4e37-bec3-7729f8633237" name="BPMExt-Control-MaskedText-Preview.js">
        <lastModified>1483706267468</lastModified>
        <lastModifiedBy>Kirankumar Rana</lastModifiedBy>
        <managedAssetId>61.25821fdd-f400-4e37-bec3-7729f8633237</managedAssetId>
        <assetUuid>91f05dad-ac12-4bfe-b5c4-65a71cbc0c12</assetUuid>
        <mimeType>application/javascript</mimeType>
        <charEncoding isNull="true" />
        <assetTypeCode>W</assetTypeCode>
        <length>6408</length>
        <localLastModification>1483703426153</localLastModification>
        <description isNull="true" />
        <isDocumentationFile>false</isDocumentationFile>
        <guid>1388c142-edcd-42bd-a99a-cca1a24a378d</guid>
        <versionId>d01cdc80-80de-4adf-a190-a5feff628969</versionId>
    </managedAsset>
</teamworks>

