<?xml version="1.0" encoding="UTF-8"?>
<teamworks>
    <managedAsset id="61.2741360d-a05e-4e77-8f33-6baeb999db7e" name="BPMExt-Control-Note.js">
        <lastModified>1495182368104</lastModified>
        <lastModifiedBy>Kirankumar Rana</lastModifiedBy>
        <managedAssetId>61.2741360d-a05e-4e77-8f33-6baeb999db7e</managedAssetId>
        <assetUuid>1c876bc6-0d87-439d-9ea8-96e18c149067</assetUuid>
        <mimeType>application/javascript</mimeType>
        <charEncoding isNull="true" />
        <assetTypeCode>W</assetTypeCode>
        <length>17312</length>
        <localLastModification>1495180968744</localLastModification>
        <description isNull="true" />
        <isDocumentationFile>false</isDocumentationFile>
        <guid>da6e2f23-8cb1-445b-a228-834e7682b3f2</guid>
        <versionId>0eca09eb-8ceb-447f-a1b0-bc72ea2a925b</versionId>
    </managedAsset>
</teamworks>

