<?xml version="1.0" encoding="UTF-8"?>
<teamworks>
    <managedAsset id="61.2232a9ea-74ab-48a9-aeab-0c9186c6af72" name="BPMExt-Control-GeoLocation-Preview.png">
        <lastModified>1429667242173</lastModified>
        <lastModifiedBy>admin</lastModifiedBy>
        <managedAssetId>61.2232a9ea-74ab-48a9-aeab-0c9186c6af72</managedAssetId>
        <assetUuid>f66dfaac-3515-400d-9b2e-75caec53da8f</assetUuid>
        <mimeType>image/png</mimeType>
        <charEncoding isNull="true" />
        <assetTypeCode>W</assetTypeCode>
        <length>4055</length>
        <localLastModification>1423598390179</localLastModification>
        <description isNull="true" />
        <isDocumentationFile>false</isDocumentationFile>
        <guid>6aa27034-0c87-4155-b7a4-a93be2e77091</guid>
        <versionId>1dbb3307-8808-43a0-b8f7-9c94ecb76da8</versionId>
    </managedAsset>
</teamworks>

