<?xml version="1.0" encoding="UTF-8"?>
<teamworks>
    <managedAsset id="61.214f93fb-a74c-436b-a67b-cbb6bb7d5033" name="BPMExt-Lib-MaskedText.zip">
        <lastModified>1460677354969</lastModified>
        <lastModifiedBy>Eric Ducos</lastModifiedBy>
        <managedAssetId>61.214f93fb-a74c-436b-a67b-cbb6bb7d5033</managedAssetId>
        <assetUuid>7bbeb8a8-59d4-4c8b-b1fc-8eaf7c69ab96</assetUuid>
        <mimeType>application/zip</mimeType>
        <charEncoding isNull="true" />
        <assetTypeCode>W</assetTypeCode>
        <length>6185</length>
        <localLastModification>1460677334099</localLastModification>
        <description isNull="true" />
        <isDocumentationFile>false</isDocumentationFile>
        <guid>ffc49068-fb55-4fcd-bb4d-7aa3b80d7ca1</guid>
        <versionId>243f099b-1a1f-49df-aa02-3b6fbb92c5c6</versionId>
    </managedAsset>
</teamworks>

