<?xml version="1.0" encoding="UTF-8"?>
<teamworks>
    <managedAsset id="61.2355d178-c46a-4f1d-b425-0030648d1d4b" name="BPMExt-Control-ProgressBar-Palette.png">
        <lastModified>1429666794623</lastModified>
        <lastModifiedBy>admin</lastModifiedBy>
        <managedAssetId>61.2355d178-c46a-4f1d-b425-0030648d1d4b</managedAssetId>
        <assetUuid>e0b99cdb-d8a0-4930-8ef2-69c7b4a12b45</assetUuid>
        <mimeType>image/png</mimeType>
        <charEncoding isNull="true" />
        <assetTypeCode>W</assetTypeCode>
        <length>542</length>
        <localLastModification>1423183879531</localLastModification>
        <description isNull="true" />
        <isDocumentationFile>false</isDocumentationFile>
        <guid>641487c5-b512-448e-884c-d24a5f9e69e7</guid>
        <versionId>bd086e26-0048-40fe-96e6-6bbf77d6da6d</versionId>
    </managedAsset>
</teamworks>

