<?xml version="1.0" encoding="UTF-8"?>
<teamworks>
    <managedAsset id="61.20deb7a9-b8e4-4d3f-9ea3-18d72dc1a379" name="BPMExt-Control-Spinner.js">
        <lastModified>1594339437641</lastModified>
        <lastModifiedBy>tw_admin</lastModifiedBy>
        <managedAssetId>61.20deb7a9-b8e4-4d3f-9ea3-18d72dc1a379</managedAssetId>
        <assetUuid>c31bfb9b-49a9-44a9-9376-5d3a621aa30a</assetUuid>
        <mimeType>application/javascript</mimeType>
        <charEncoding isNull="true" />
        <assetTypeCode>W</assetTypeCode>
        <length>17079</length>
        <localLastModification>1594336976070</localLastModification>
        <description isNull="true" />
        <isDocumentationFile>false</isDocumentationFile>
        <guid>4316dead-2eae-47a7-8973-1947ad9fe462</guid>
        <versionId>3bb12d72-a411-4767-803b-2a3e31d2467a</versionId>
    </managedAsset>
</teamworks>

