<?xml version="1.0" encoding="UTF-8"?>
<teamworks>
    <managedAsset id="61.2eb3cb9f-a1da-4f76-abf7-aa66fbc7309e" name="BPMExt-Lib-Typeahead.zip">
        <lastModified>1474880006361</lastModified>
        <lastModifiedBy>Kirankumar Rana</lastModifiedBy>
        <managedAssetId>61.2eb3cb9f-a1da-4f76-abf7-aa66fbc7309e</managedAssetId>
        <assetUuid>3d8ce567-9472-41e9-b802-02b076dfa0bb</assetUuid>
        <mimeType>application/zip</mimeType>
        <charEncoding isNull="true" />
        <assetTypeCode>W</assetTypeCode>
        <length>10210</length>
        <localLastModification>1474877606617</localLastModification>
        <description isNull="true" />
        <isDocumentationFile>false</isDocumentationFile>
        <guid>9aab6bb9-2bbf-4bef-a693-80e9f540e507</guid>
        <versionId>96e65ba0-a488-4c83-882d-0ac3d3984877</versionId>
    </managedAsset>
</teamworks>

