<?xml version="1.0" encoding="UTF-8"?>
<teamworks>
    <managedAsset id="61.2cb494b0-fa35-4c43-99e7-e56d3f64f4fe" name="BPMExt-Control-Tooltip.js">
        <lastModified>1495562407625</lastModified>
        <lastModifiedBy>Stephen Perez</lastModifiedBy>
        <managedAssetId>61.2cb494b0-fa35-4c43-99e7-e56d3f64f4fe</managedAssetId>
        <assetUuid>95b1451e-6545-45bd-9bc1-b24509dff782</assetUuid>
        <mimeType>application/javascript</mimeType>
        <charEncoding isNull="true" />
        <assetTypeCode>W</assetTypeCode>
        <length>22354</length>
        <localLastModification>1495562383604</localLastModification>
        <description isNull="true" />
        <isDocumentationFile>false</isDocumentationFile>
        <guid>a614034f-7165-42bb-96b6-bee6ac8ff1f6</guid>
        <versionId>e756fffb-d278-4b90-9314-220e82634694</versionId>
    </managedAsset>
</teamworks>

