<?xml version="1.0" encoding="UTF-8"?>
<teamworks>
    <managedAsset id="61.22dc2e36-11ce-4cd6-a6e8-24201237f10d" name="BPMExt-Core.zip">
        <lastModified>1495453662608</lastModified>
        <lastModifiedBy>Kirankumar Rana</lastModifiedBy>
        <managedAssetId>61.22dc2e36-11ce-4cd6-a6e8-24201237f10d</managedAssetId>
        <assetUuid>36daa579-d186-4716-a8d7-1278be7ea001</assetUuid>
        <mimeType>application/zip</mimeType>
        <charEncoding isNull="true" />
        <assetTypeCode>W</assetTypeCode>
        <length>343877</length>
        <localLastModification>1495453581571</localLastModification>
        <description isNull="true" />
        <isDocumentationFile>false</isDocumentationFile>
        <guid>2006e727-47ec-4af2-bac0-3ec98eda11d9</guid>
        <versionId>5163fe6b-2b45-48df-8f2e-2bfdc240244f</versionId>
    </managedAsset>
</teamworks>

