<?xml version="1.0" encoding="UTF-8"?>
<teamworks>
    <managedAsset id="61.26865295-8511-4538-b8f1-4cb99c203a92" name="BPMExt-Style.zip">
        <lastModified>1494882563137</lastModified>
        <lastModifiedBy>tw_admin</lastModifiedBy>
        <managedAssetId>61.26865295-8511-4538-b8f1-4cb99c203a92</managedAssetId>
        <assetUuid>714207b0-b6d8-413e-aa31-6b6cb6424662</assetUuid>
        <mimeType>application/zip</mimeType>
        <charEncoding isNull="true" />
        <assetTypeCode>W</assetTypeCode>
        <length>2043111</length>
        <localLastModification>1494881893497</localLastModification>
        <description isNull="true" />
        <isDocumentationFile>false</isDocumentationFile>
        <guid>655333a6-0415-4f19-9828-812157c245ad</guid>
        <versionId>0c1e93a7-a30a-453a-97fa-e940b5e37c2f</versionId>
    </managedAsset>
</teamworks>

