<?xml version="1.0" encoding="UTF-8"?>
<teamworks>
    <managedAsset id="61.2b7ce5c1-f259-4250-96e9-694e2e78f0a6" name="BPMExt-Control-Notification-Palette.png">
        <lastModified>1429666649339</lastModified>
        <lastModifiedBy>admin</lastModifiedBy>
        <managedAssetId>61.2b7ce5c1-f259-4250-96e9-694e2e78f0a6</managedAssetId>
        <assetUuid>394b216c-ff79-4232-bb82-a7f4a95ecc6c</assetUuid>
        <mimeType>image/png</mimeType>
        <charEncoding isNull="true" />
        <assetTypeCode>W</assetTypeCode>
        <length>436</length>
        <localLastModification>1423180154075</localLastModification>
        <description isNull="true" />
        <isDocumentationFile>false</isDocumentationFile>
        <guid>c0b44956-19cc-47b4-ae27-e1ed37c481be</guid>
        <versionId>7deee36b-c201-476c-82ee-7419399f729f</versionId>
    </managedAsset>
</teamworks>

