<?xml version="1.0" encoding="UTF-8"?>
<teamworks>
    <managedAsset id="61.224a9c2a-d911-4edf-85a6-28917bedc8c6" name="BPMExt-Control-RadioButtonGroup.js">
        <lastModified>1495560987035</lastModified>
        <lastModifiedBy>Stephen Perez</lastModifiedBy>
        <managedAssetId>61.224a9c2a-d911-4edf-85a6-28917bedc8c6</managedAssetId>
        <assetUuid>8366bfd2-9940-4a72-8145-33f7cb2cfa0f</assetUuid>
        <mimeType>application/javascript</mimeType>
        <charEncoding isNull="true" />
        <assetTypeCode>W</assetTypeCode>
        <length>61994</length>
        <localLastModification>1495560943788</localLastModification>
        <description isNull="true" />
        <isDocumentationFile>false</isDocumentationFile>
        <guid>b56733de-806e-4343-bb26-cd7fa96d080e</guid>
        <versionId>43f67f83-9337-4852-8902-1c34b110f4cb</versionId>
    </managedAsset>
</teamworks>

