<?xml version="1.0" encoding="UTF-8"?>
<teamworks>
    <managedAsset id="61.2bbc9340-0715-4ae5-9827-0462430bc1c4" name="BPMExt-Control-StatusBox-Preview.js">
        <lastModified>1487145893623</lastModified>
        <lastModifiedBy>Kirankumar Rana</lastModifiedBy>
        <managedAssetId>61.2bbc9340-0715-4ae5-9827-0462430bc1c4</managedAssetId>
        <assetUuid>00dad840-2242-4246-aa4d-29b6e351a5b3</assetUuid>
        <mimeType>application/javascript</mimeType>
        <charEncoding isNull="true" />
        <assetTypeCode>W</assetTypeCode>
        <length>11376</length>
        <localLastModification>1487145706890</localLastModification>
        <description isNull="true" />
        <isDocumentationFile>false</isDocumentationFile>
        <guid>2cb5b5c9-89ec-4710-b13c-1aa9a691b8ea</guid>
        <versionId>985a29b7-b480-4857-9996-125890997f08</versionId>
    </managedAsset>
</teamworks>

