<?xml version="1.0" encoding="UTF-8"?>
<teamworks>
    <managedAsset id="61.2fb26529-da11-4edb-99a1-774645c584d6" name="BPMExt-Control-CaptionBox.js">
        <lastModified>1495188640018</lastModified>
        <lastModifiedBy>Kirankumar Rana</lastModifiedBy>
        <managedAssetId>61.2fb26529-da11-4edb-99a1-774645c584d6</managedAssetId>
        <assetUuid>8bef9e4c-29a1-4a68-bc9d-d0e429c751e0</assetUuid>
        <mimeType>application/javascript</mimeType>
        <charEncoding isNull="true" />
        <assetTypeCode>W</assetTypeCode>
        <length>29213</length>
        <localLastModification>1495187146995</localLastModification>
        <description isNull="true" />
        <isDocumentationFile>false</isDocumentationFile>
        <guid>9dc45a3d-4c35-4a62-8e34-3d4664d3b2ef</guid>
        <versionId>cfe5cd55-f666-4d08-8ac0-c6e94dd0ebee</versionId>
    </managedAsset>
</teamworks>

