<?xml version="1.0" encoding="UTF-8"?>
<teamworks>
    <managedAsset id="61.28fde9f6-1574-410a-a321-8418769930e2" name="BPMExt-Control-Map.js">
        <lastModified>1495188856195</lastModified>
        <lastModifiedBy>Kirankumar Rana</lastModifiedBy>
        <managedAssetId>61.28fde9f6-1574-410a-a321-8418769930e2</managedAssetId>
        <assetUuid>37d28c36-929d-4f7e-9ba3-87575c7bf3b0</assetUuid>
        <mimeType>application/javascript</mimeType>
        <charEncoding isNull="true" />
        <assetTypeCode>W</assetTypeCode>
        <length>19266</length>
        <localLastModification>1495187885861</localLastModification>
        <description isNull="true" />
        <isDocumentationFile>false</isDocumentationFile>
        <guid>0bc4d5ad-f16b-41bd-a29b-51477186f40b</guid>
        <versionId>95188406-9077-4aa7-b43c-1fedcaae6409</versionId>
    </managedAsset>
</teamworks>

