<?xml version="1.0" encoding="UTF-8"?>
<teamworks>
    <managedAsset id="61.24167d5a-05be-4f34-8a25-bb6f5f0e30a4" name="BPMExt-Control-MultiPurposeChart-Preview.png">
        <lastModified>1493728169898</lastModified>
        <lastModifiedBy>Kirankumar Rana</lastModifiedBy>
        <managedAssetId>61.24167d5a-05be-4f34-8a25-bb6f5f0e30a4</managedAssetId>
        <assetUuid>dedddce0-c549-46ef-83ca-6c16f4fd9124</assetUuid>
        <mimeType>image/png</mimeType>
        <charEncoding isNull="true" />
        <assetTypeCode>W</assetTypeCode>
        <length>11261</length>
        <localLastModification>1493718919649</localLastModification>
        <description isNull="true" />
        <isDocumentationFile>false</isDocumentationFile>
        <guid>d1e63401-3a45-4880-8829-828f22a687de</guid>
        <versionId>11cd7be8-8fd8-4086-9492-0ea03770ba37</versionId>
    </managedAsset>
</teamworks>

