<?xml version="1.0" encoding="UTF-8"?>
<teamworks>
    <managedAsset id="61.3458a943-8ba5-42a9-ba96-8ff1f2ca5e9f" name="BPMExt-Control-Image-Preview.js">
        <lastModified>1480500777848</lastModified>
        <lastModifiedBy>Kirankumar Rana</lastModifiedBy>
        <managedAssetId>61.3458a943-8ba5-42a9-ba96-8ff1f2ca5e9f</managedAssetId>
        <assetUuid>8954a004-368f-441a-9f1e-5d29153e8e0b</assetUuid>
        <mimeType>application/javascript</mimeType>
        <charEncoding isNull="true" />
        <assetTypeCode>W</assetTypeCode>
        <length>6208</length>
        <localLastModification>1480500696648</localLastModification>
        <description isNull="true" />
        <isDocumentationFile>false</isDocumentationFile>
        <guid>bec082b9-6abc-4ea8-bd51-7ea25dc98f87</guid>
        <versionId>688cc174-18e7-4ddd-a8e6-b24ebbfebd89</versionId>
    </managedAsset>
</teamworks>

