<?xml version="1.0" encoding="UTF-8"?>
<teamworks>
    <managedAsset id="61.3a001ce4-a8d0-4033-bc07-db03657e7a58" name="BPMExt-Control-OpenLayersAPI.js">
        <lastModified>1495194660390</lastModified>
        <lastModifiedBy>Kirankumar Rana</lastModifiedBy>
        <managedAssetId>61.3a001ce4-a8d0-4033-bc07-db03657e7a58</managedAssetId>
        <assetUuid>1f9f691b-9575-469d-8ffd-aefbbadc7cf9</assetUuid>
        <mimeType>application/javascript</mimeType>
        <charEncoding isNull="true" />
        <assetTypeCode>W</assetTypeCode>
        <length>3216</length>
        <localLastModification>1495193806019</localLastModification>
        <description isNull="true" />
        <isDocumentationFile>false</isDocumentationFile>
        <guid>ffbe7dfc-bd26-4db4-8c00-5bfb3624bda9</guid>
        <versionId>58865807-ad31-4041-8b15-b92e5e6d80be</versionId>
    </managedAsset>
</teamworks>

