<?xml version="1.0" encoding="UTF-8"?>
<teamworks>
    <managedAsset id="61.3e6bea3b-d7da-4382-968c-4cb60c18d314" name="BPMExt-Control-DeferredSection.js">
        <lastModified>1495110762794</lastModified>
        <lastModifiedBy>Kirankumar Rana</lastModifiedBy>
        <managedAssetId>61.3e6bea3b-d7da-4382-968c-4cb60c18d314</managedAssetId>
        <assetUuid>240c580b-ebb5-4807-b610-469db37fee18</assetUuid>
        <mimeType>application/javascript</mimeType>
        <charEncoding isNull="true" />
        <assetTypeCode>W</assetTypeCode>
        <length>7675</length>
        <localLastModification>1495110177485</localLastModification>
        <description isNull="true" />
        <isDocumentationFile>false</isDocumentationFile>
        <guid>a4ad9d33-b8cd-4e60-8505-f4d0abba7cee</guid>
        <versionId>24e34d20-0b3c-4c6f-a374-9092c57dacc1</versionId>
    </managedAsset>
</teamworks>

