<?xml version="1.0" encoding="UTF-8"?>
<teamworks>
    <managedAsset id="61.3d96d730-56b4-49d4-b995-dc4d5dffc1d9" name="BPMExt-Control-ExitSafeguard-Palette.png">
        <lastModified>1429666197644</lastModified>
        <lastModifiedBy>admin</lastModifiedBy>
        <managedAssetId>61.3d96d730-56b4-49d4-b995-dc4d5dffc1d9</managedAssetId>
        <assetUuid>1dffb6af-fe61-4df3-b4ae-9ba06626d146</assetUuid>
        <mimeType>image/png</mimeType>
        <charEncoding isNull="true" />
        <assetTypeCode>W</assetTypeCode>
        <length>594</length>
        <localLastModification>1423173930410</localLastModification>
        <description isNull="true" />
        <isDocumentationFile>false</isDocumentationFile>
        <guid>3cbe0385-0275-4784-8c3d-56ecb6891687</guid>
        <versionId>85d9ff1b-073e-4897-b184-fa99077e49b2</versionId>
    </managedAsset>
</teamworks>

