<?xml version="1.0" encoding="UTF-8"?>
<teamworks>
    <managedAsset id="61.3faa9615-b6f4-408c-b7ab-c0b24a9ae1de" name="BPMExt-Control-TextArea-Palette.png">
        <lastModified>1430421944697</lastModified>
        <lastModifiedBy>admin</lastModifiedBy>
        <managedAssetId>61.3faa9615-b6f4-408c-b7ab-c0b24a9ae1de</managedAssetId>
        <assetUuid>3125ebf6-8766-4f11-9e04-0d9b8de612b0</assetUuid>
        <mimeType>image/png</mimeType>
        <charEncoding isNull="true" />
        <assetTypeCode>W</assetTypeCode>
        <length>560</length>
        <localLastModification>1423501218011</localLastModification>
        <description isNull="true" />
        <isDocumentationFile>false</isDocumentationFile>
        <guid>d3ac1ad9-2f1b-48d6-ab7a-824d072d7095</guid>
        <versionId>270efd81-36d0-4284-b6fe-51a2fbdc5e06</versionId>
    </managedAsset>
</teamworks>

