<?xml version="1.0" encoding="UTF-8"?>
<teamworks>
    <managedAsset id="61.3488e3f5-6386-46a5-9495-231949ef68e0" name="spacer.png">
        <lastModified>1426800013093</lastModified>
        <lastModifiedBy>admin</lastModifiedBy>
        <managedAssetId>61.3488e3f5-6386-46a5-9495-231949ef68e0</managedAssetId>
        <assetUuid>393a98f7-ad47-46ba-8ab3-e570d60a831b</assetUuid>
        <mimeType>image/png</mimeType>
        <charEncoding isNull="true" />
        <assetTypeCode>W</assetTypeCode>
        <length>170</length>
        <localLastModification>1351096730313</localLastModification>
        <description isNull="true" />
        <isDocumentationFile>false</isDocumentationFile>
        <guid>b5f14585-0bbe-4080-8020-2ad892ea6f8d</guid>
        <versionId>abccef1f-c506-4089-8b17-109ff4ac5cd8</versionId>
    </managedAsset>
</teamworks>

