<?xml version="1.0" encoding="UTF-8"?>
<teamworks>
    <managedAsset id="61.312f8dae-70bb-4ef9-8efa-a1faf916fe42" name="BPMExt-Core-Designer.js">
        <lastModified>1431989773207</lastModified>
        <lastModifiedBy>Eric Ducos</lastModifiedBy>
        <managedAssetId>61.312f8dae-70bb-4ef9-8efa-a1faf916fe42</managedAssetId>
        <assetUuid>ae26594f-b54e-48f5-aa84-2d8c583f2416</assetUuid>
        <mimeType>application/javascript</mimeType>
        <charEncoding isNull="true" />
        <assetTypeCode>W</assetTypeCode>
        <length>16426</length>
        <localLastModification>1431989754551</localLastModification>
        <description isNull="true" />
        <isDocumentationFile>false</isDocumentationFile>
        <guid>1deb93dd-f51f-4461-bb73-c95c5a7fded7</guid>
        <versionId>039670cd-6a95-4a81-bc35-2db7484ab07b</versionId>
    </managedAsset>
</teamworks>

