<?xml version="1.0" encoding="UTF-8"?>
<teamworks>
    <managedAsset id="61.3bd755fa-a51b-4064-8642-9033f2457370" name="BPMExt-Control-Decimal-Preview.js">
        <lastModified>1495618109926</lastModified>
        <lastModifiedBy>Kirankumar Rana</lastModifiedBy>
        <managedAssetId>61.3bd755fa-a51b-4064-8642-9033f2457370</managedAssetId>
        <assetUuid>27f3871e-193e-4de2-8a52-bc891db9183b</assetUuid>
        <mimeType>application/javascript</mimeType>
        <charEncoding isNull="true" />
        <assetTypeCode>W</assetTypeCode>
        <length>6736</length>
        <localLastModification>1495617978047</localLastModification>
        <description isNull="true" />
        <isDocumentationFile>false</isDocumentationFile>
        <guid>810db918-ed37-4e5f-8d66-1cce298ed639</guid>
        <versionId>28aa4dd2-92ab-4ea4-8821-6d3c44a44ce7</versionId>
    </managedAsset>
</teamworks>

