<?xml version="1.0" encoding="UTF-8"?>
<teamworks>
    <managedAsset id="61.328f567f-d39c-422c-8ce0-af219e2b8017" name="BPMExt-Control-Variant.js">
        <lastModified>1495184574583</lastModified>
        <lastModifiedBy>Kirankumar Rana</lastModifiedBy>
        <managedAssetId>61.328f567f-d39c-422c-8ce0-af219e2b8017</managedAssetId>
        <assetUuid>8daf5fa9-31eb-43a3-80bc-1115f6f4974d</assetUuid>
        <mimeType>application/javascript</mimeType>
        <charEncoding isNull="true" />
        <assetTypeCode>W</assetTypeCode>
        <length>17719</length>
        <localLastModification>1495184205097</localLastModification>
        <description isNull="true" />
        <isDocumentationFile>false</isDocumentationFile>
        <guid>5585edec-59ea-4dde-be9d-ffb5bb8e9544</guid>
        <versionId>d2fedc72-d404-4d0e-8552-ff62152c869b</versionId>
    </managedAsset>
</teamworks>

