<?xml version="1.0" encoding="UTF-8"?>
<teamworks>
    <managedAsset id="61.3956428b-d003-4b76-925b-d788fad2f041" name="BPMExt-Control-MaskedText.js">
        <lastModified>1495184530690</lastModified>
        <lastModifiedBy>Kirankumar Rana</lastModifiedBy>
        <managedAssetId>61.3956428b-d003-4b76-925b-d788fad2f041</managedAssetId>
        <assetUuid>5741bb05-3d49-4818-a1a0-4a3d4ba263cb</assetUuid>
        <mimeType>application/javascript</mimeType>
        <charEncoding isNull="true" />
        <assetTypeCode>W</assetTypeCode>
        <length>39388</length>
        <localLastModification>1495183179865</localLastModification>
        <description isNull="true" />
        <isDocumentationFile>false</isDocumentationFile>
        <guid>b9801295-b7f9-4da3-b322-d1c27d5be6f7</guid>
        <versionId>e24958d0-45b7-4a05-8474-ec93cf086730</versionId>
    </managedAsset>
</teamworks>

