<?xml version="1.0" encoding="UTF-8"?>
<teamworks>
    <managedAsset id="61.3cc11819-b852-4b0b-a166-abd393a73b7f" name="BPMExt-Control-GeoCoder-Palette.png">
        <lastModified>1429666323328</lastModified>
        <lastModifiedBy>admin</lastModifiedBy>
        <managedAssetId>61.3cc11819-b852-4b0b-a166-abd393a73b7f</managedAssetId>
        <assetUuid>f0c1d887-59d7-41c6-9fb9-be77b8e2e441</assetUuid>
        <mimeType>image/png</mimeType>
        <charEncoding isNull="true" />
        <assetTypeCode>W</assetTypeCode>
        <length>1096</length>
        <localLastModification>1425524148441</localLastModification>
        <description isNull="true" />
        <isDocumentationFile>false</isDocumentationFile>
        <guid>897006a1-13ef-4cba-a6a6-4b2e5f9c45ad</guid>
        <versionId>c823b2ee-91ef-4d70-9000-0b5b0668a5b5</versionId>
    </managedAsset>
</teamworks>

