<?xml version="1.0" encoding="UTF-8"?>
<teamworks>
    <managedAsset id="61.3c9ac887-d292-4736-87ee-3b8e8dedb8a6" name="BPMExt-Control-Spacer.js">
        <lastModified>1495188678054</lastModified>
        <lastModifiedBy>Kirankumar Rana</lastModifiedBy>
        <managedAssetId>61.3c9ac887-d292-4736-87ee-3b8e8dedb8a6</managedAssetId>
        <assetUuid>b49897e9-dfb1-4303-8e42-66cbafb491c0</assetUuid>
        <mimeType>application/javascript</mimeType>
        <charEncoding isNull="true" />
        <assetTypeCode>W</assetTypeCode>
        <length>7387</length>
        <localLastModification>1495187248114</localLastModification>
        <description isNull="true" />
        <isDocumentationFile>false</isDocumentationFile>
        <guid>5958b64e-4c1b-4827-a075-f2e4383ec3ba</guid>
        <versionId>7a297d15-6a81-4b7d-9d63-48b4946ae2fa</versionId>
    </managedAsset>
</teamworks>

