<?xml version="1.0" encoding="UTF-8"?>
<teamworks>
    <managedAsset id="61.3a7a84fb-2b4e-4db0-b67b-869645c5d58c" name="BPMExt-Control-ResponsiveSensor.css">
        <lastModified>1462285936112</lastModified>
        <lastModifiedBy>Eric Ducos</lastModifiedBy>
        <managedAssetId>61.3a7a84fb-2b4e-4db0-b67b-869645c5d58c</managedAssetId>
        <assetUuid>f465be5d-bd85-46d0-afa0-79f93754d946</assetUuid>
        <mimeType>text/css</mimeType>
        <charEncoding isNull="true" />
        <assetTypeCode>W</assetTypeCode>
        <length>34</length>
        <localLastModification>1462285930283</localLastModification>
        <description isNull="true" />
        <isDocumentationFile>false</isDocumentationFile>
        <guid>d7a56cde-328d-41db-9350-5c3f3c061d23</guid>
        <versionId>1abcfecd-f429-4177-931c-e93a5e280088</versionId>
    </managedAsset>
</teamworks>

