<?xml version="1.0" encoding="UTF-8"?>
<teamworks>
    <managedAsset id="61.303daf83-0ebf-4406-8c89-c53fbeb1d451" name="BPMExt-Control-TextReader-Preview.html">
        <lastModified>1488381711502</lastModified>
        <lastModifiedBy>Kirankumar Rana</lastModifiedBy>
        <managedAssetId>61.303daf83-0ebf-4406-8c89-c53fbeb1d451</managedAssetId>
        <assetUuid>6986f863-12bd-401a-9ed6-7dad6d4c9ecf</assetUuid>
        <mimeType>text/html</mimeType>
        <charEncoding isNull="true" />
        <assetTypeCode>W</assetTypeCode>
        <length>461</length>
        <localLastModification>1488358987937</localLastModification>
        <description isNull="true" />
        <isDocumentationFile>false</isDocumentationFile>
        <guid>acb42472-08df-41c0-b736-d5ce09916f78</guid>
        <versionId>f5d3d34c-4170-42bd-912b-f833e1c79c5e</versionId>
    </managedAsset>
</teamworks>

