<?xml version="1.0" encoding="UTF-8"?>
<teamworks>
    <managedAsset id="61.33d8d7aa-791c-4ca8-a4ab-d8a9c08a2ea9" name="BPMExt-Control-OpenLayersAPI-Preview.png">
        <lastModified>1463613060271</lastModified>
        <lastModifiedBy>Erick Quintanilla</lastModifiedBy>
        <managedAssetId>61.33d8d7aa-791c-4ca8-a4ab-d8a9c08a2ea9</managedAssetId>
        <assetUuid>57cb74e0-1e54-4416-b5cb-9edf049e9448</assetUuid>
        <mimeType>image/png</mimeType>
        <charEncoding isNull="true" />
        <assetTypeCode>W</assetTypeCode>
        <length>4031</length>
        <localLastModification>1463523085615</localLastModification>
        <description isNull="true" />
        <isDocumentationFile>false</isDocumentationFile>
        <guid>9e405d22-70b5-4025-9ae8-1c6989e6649c</guid>
        <versionId>64fc3da6-0507-437e-ae5c-f3e97b976fa6</versionId>
    </managedAsset>
</teamworks>

