<?xml version="1.0" encoding="UTF-8"?>
<teamworks>
    <managedAsset id="61.3973013b-ad84-4fef-8e7c-53944ed6888b" name="BPMExt-Control-Chart.js">
        <lastModified>1495453915700</lastModified>
        <lastModifiedBy>Kirankumar Rana</lastModifiedBy>
        <managedAssetId>61.3973013b-ad84-4fef-8e7c-53944ed6888b</managedAssetId>
        <assetUuid>c02e6730-c3b9-485c-ad41-e62168d896d4</assetUuid>
        <mimeType>application/javascript</mimeType>
        <charEncoding isNull="true" />
        <assetTypeCode>W</assetTypeCode>
        <length>88422</length>
        <localLastModification>1495453849353</localLastModification>
        <description isNull="true" />
        <isDocumentationFile>false</isDocumentationFile>
        <guid>a48f4410-741a-4b3a-845b-f409ff0a29e1</guid>
        <versionId>69d69f12-5724-410d-bc5d-fc73120c6474</versionId>
    </managedAsset>
</teamworks>

