<?xml version="1.0" encoding="UTF-8"?>
<teamworks>
    <managedAsset id="61.3a28a089-0f01-45fc-a239-a6bb4f461d71" name="BPMExt-Control-PanelHeader-Preview.html">
        <lastModified>1490789403570</lastModified>
        <lastModifiedBy>Kirankumar Rana</lastModifiedBy>
        <managedAssetId>61.3a28a089-0f01-45fc-a239-a6bb4f461d71</managedAssetId>
        <assetUuid>9a5733e7-1fb2-498f-b536-851e73f5801f</assetUuid>
        <mimeType>text/html</mimeType>
        <charEncoding isNull="true" />
        <assetTypeCode>W</assetTypeCode>
        <length>2716</length>
        <localLastModification>1490786567465</localLastModification>
        <description isNull="true" />
        <isDocumentationFile>false</isDocumentationFile>
        <guid>48040650-5754-4a84-9d41-68ec44d3537f</guid>
        <versionId>58e47ec4-b572-44cf-b6f1-0d26e1e27932</versionId>
    </managedAsset>
</teamworks>

