<?xml version="1.0" encoding="UTF-8"?>
<teamworks>
    <managedAsset id="61.393baed9-448c-410b-a421-21b96c44aa96" name="BPMExt-Control-HorizontalLayout-Palette.png">
        <lastModified>1429641820678</lastModified>
        <lastModifiedBy>admin</lastModifiedBy>
        <managedAssetId>61.393baed9-448c-410b-a421-21b96c44aa96</managedAssetId>
        <assetUuid>f022a263-9767-4bf4-a4cb-6855ef8b2ce8</assetUuid>
        <mimeType>image/png</mimeType>
        <charEncoding isNull="true" />
        <assetTypeCode>W</assetTypeCode>
        <length>240</length>
        <localLastModification>1423250455060</localLastModification>
        <description isNull="true" />
        <isDocumentationFile>false</isDocumentationFile>
        <guid>f9dd9138-4b88-4555-aa44-036929d4ac7d</guid>
        <versionId>622c8302-c19d-411c-9a8d-98d2aed77a67</versionId>
    </managedAsset>
</teamworks>

