<?xml version="1.0" encoding="UTF-8"?>
<teamworks>
    <managedAsset id="61.3a28a089-8f44-4590-b00f-3b39e7ee3d1e" name="BPMExt-Control-PanelHeader-Preview.js">
        <lastModified>1490789403570</lastModified>
        <lastModifiedBy>Varun Sangwan</lastModifiedBy>
        <managedAssetId>61.3a28a089-8f44-4590-b00f-3b39e7ee3d1e</managedAssetId>
        <assetUuid>48dc1a5e-8dd7-4b30-90c3-e019fb617f6b</assetUuid>
        <mimeType>text/html</mimeType>
        <charEncoding isNull="true" />
        <assetTypeCode>W</assetTypeCode>
        <length>2007</length>
        <localLastModification>1490786567465</localLastModification>
        <description isNull="true" />
        <isDocumentationFile>false</isDocumentationFile>
        <guid>48040650-5754-4a84-9d41-68ec44d3537f</guid>
        <versionId>07d7f0a9-2556-4ec5-b988-239b09eddf10</versionId>
    </managedAsset>
</teamworks>

