<?xml version="1.0" encoding="UTF-8"?>
<teamworks>
    <managedAsset id="61.35371fbc-541f-4b09-8632-f8bc8ce6c109" name="BPMExt-Control-HorizontalLayout-Preview.js">
        <lastModified>1482345758936</lastModified>
        <lastModifiedBy>Varun Sangwan</lastModifiedBy>
        <managedAssetId>61.35371fbc-541f-4b09-8632-f8bc8ce6c109</managedAssetId>
        <assetUuid>40e7cf11-d7a3-4b15-8f6b-9328f5b838da</assetUuid>
        <mimeType>application/javascript</mimeType>
        <charEncoding isNull="true" />
        <assetTypeCode>W</assetTypeCode>
        <length>9265</length>
        <localLastModification>1482345715236</localLastModification>
        <description isNull="true" />
        <isDocumentationFile>false</isDocumentationFile>
        <guid>123baf61-bccf-43f3-8f6d-b057e0e21e0b</guid>
        <versionId>e36d3a27-714e-4755-9a03-ff7568ea660a</versionId>
    </managedAsset>
</teamworks>

