<?xml version="1.0" encoding="UTF-8"?>
<teamworks>
    <managedAsset id="61.49caaaa9-7c27-4c5d-b770-358976f4359e" name="BPMExt-Control-Spinner-Preview.png">
        <lastModified>1594339418078</lastModified>
        <lastModifiedBy>tw_admin</lastModifiedBy>
        <managedAssetId>61.49caaaa9-7c27-4c5d-b770-358976f4359e</managedAssetId>
        <assetUuid>59da283a-a77e-477f-9ab3-4847fa48d5d9</assetUuid>
        <mimeType>image/png</mimeType>
        <charEncoding isNull="true" />
        <assetTypeCode>W</assetTypeCode>
        <length>5677</length>
        <localLastModification>1594326539302</localLastModification>
        <description isNull="true" />
        <isDocumentationFile>false</isDocumentationFile>
        <guid>af2bbcd6-efd2-40c7-8941-19a364820441</guid>
        <versionId>17c599e8-f6be-46bd-afa6-1aad43854eb1</versionId>
    </managedAsset>
</teamworks>

