<?xml version="1.0" encoding="UTF-8"?>
<teamworks>
    <managedAsset id="61.4bf13792-006e-42ec-857f-10f1efde0fa6" name="BPMExt-Control-OpenLayersAPI-Palette.png">
        <lastModified>1465945169463</lastModified>
        <lastModifiedBy>Erick Quintanilla</lastModifiedBy>
        <managedAssetId>61.4bf13792-006e-42ec-857f-10f1efde0fa6</managedAssetId>
        <assetUuid>ea0fee6a-07a4-4d2e-ad54-77fe4a1d394b</assetUuid>
        <mimeType>image/png</mimeType>
        <charEncoding isNull="true" />
        <assetTypeCode>W</assetTypeCode>
        <length>1182</length>
        <localLastModification>1465945152703</localLastModification>
        <description isNull="true" />
        <isDocumentationFile>false</isDocumentationFile>
        <guid>642bf96b-0ac8-46f6-b4f9-91714f0be3eb</guid>
        <versionId>4b5e72d6-fb28-485d-8d54-49dbb3c35f12</versionId>
    </managedAsset>
</teamworks>

