<?xml version="1.0" encoding="UTF-8"?>
<teamworks>
    <managedAsset id="61.43d6ced5-2c72-4988-841d-67c016e6770c" name="BPMExt-Control-TableLayoutRow-Palette.png">
        <lastModified>1429666974240</lastModified>
        <lastModifiedBy>admin</lastModifiedBy>
        <managedAssetId>61.43d6ced5-2c72-4988-841d-67c016e6770c</managedAssetId>
        <assetUuid>a42f94d5-2b56-4d6d-8c7e-306c42e2142a</assetUuid>
        <mimeType>image/png</mimeType>
        <charEncoding isNull="true" />
        <assetTypeCode>W</assetTypeCode>
        <length>611</length>
        <localLastModification>1423175522861</localLastModification>
        <description isNull="true" />
        <isDocumentationFile>false</isDocumentationFile>
        <guid>83100e60-ee9e-45f8-bfb3-5587c8c5e3ac</guid>
        <versionId>6cd36347-adcc-40f1-ae0f-a110207b1fc8</versionId>
    </managedAsset>
</teamworks>

