<?xml version="1.0" encoding="UTF-8"?>
<teamworks>
    <managedAsset id="61.440a68cf-0e97-491b-b627-695edfa97620" name="BPMExt-Control-ExitSafeguard.js">
        <lastModified>1495194947413</lastModified>
        <lastModifiedBy>Kirankumar Rana</lastModifiedBy>
        <managedAssetId>61.440a68cf-0e97-491b-b627-695edfa97620</managedAssetId>
        <assetUuid>cd8eb413-4d04-4c7e-bc90-977699f6a8f3</assetUuid>
        <mimeType>application/javascript</mimeType>
        <charEncoding isNull="true" />
        <assetTypeCode>W</assetTypeCode>
        <length>5361</length>
        <localLastModification>1495194409251</localLastModification>
        <description isNull="true" />
        <isDocumentationFile>false</isDocumentationFile>
        <guid>c736c8f6-9cbb-4921-9a07-95c7686c5a25</guid>
        <versionId>f7beaf7a-2abf-4604-a73c-907b92e85d91</versionId>
    </managedAsset>
</teamworks>

