<?xml version="1.0" encoding="UTF-8"?>
<teamworks>
    <managedAsset id="61.4c0a7238-e85a-4cfd-a77a-3dfb487d16d4" name="BPMExt-Control-CaptionBox-Preview.png">
        <lastModified>1455295522111</lastModified>
        <lastModifiedBy>Eric Ducos</lastModifiedBy>
        <managedAssetId>61.4c0a7238-e85a-4cfd-a77a-3dfb487d16d4</managedAssetId>
        <assetUuid>14c3ca64-3d8b-4d96-9a68-8929475ca989</assetUuid>
        <mimeType>image/png</mimeType>
        <charEncoding isNull="true" />
        <assetTypeCode>W</assetTypeCode>
        <length>193</length>
        <localLastModification>1455295493474</localLastModification>
        <description isNull="true" />
        <isDocumentationFile>false</isDocumentationFile>
        <guid>b79b5758-6851-4a84-ac57-bb1563f0b55c</guid>
        <versionId>c7a70659-00b5-4c0b-82d3-21e76ebeb5be</versionId>
    </managedAsset>
</teamworks>

