<?xml version="1.0" encoding="UTF-8"?>
<teamworks>
    <managedAsset id="61.44b272e0-59d5-4b48-b969-32a5b68877b8" name="BPMExt-Control-TextReader.js">
        <lastModified>1495188719994</lastModified>
        <lastModifiedBy>Kirankumar Rana</lastModifiedBy>
        <managedAssetId>61.44b272e0-59d5-4b48-b969-32a5b68877b8</managedAssetId>
        <assetUuid>36c76471-1295-4b67-be27-177e87c23db1</assetUuid>
        <mimeType>application/javascript</mimeType>
        <charEncoding isNull="true" />
        <assetTypeCode>W</assetTypeCode>
        <length>29845</length>
        <localLastModification>1495187566417</localLastModification>
        <description isNull="true" />
        <isDocumentationFile>false</isDocumentationFile>
        <guid>e0f65d6f-a9b5-487d-aa32-275d101dfce2</guid>
        <versionId>2540ad81-a585-407f-b4d2-c4a8dbc9945f</versionId>
    </managedAsset>
</teamworks>

