<?xml version="1.0" encoding="UTF-8"?>
<teamworks>
    <managedAsset id="61.49d1a348-39c8-45ac-ae66-c0a1ed3b9f55" name="BPMExt-Control-Signature-Palette.png">
        <lastModified>1429666691036</lastModified>
        <lastModifiedBy>admin</lastModifiedBy>
        <managedAssetId>61.49d1a348-39c8-45ac-ae66-c0a1ed3b9f55</managedAssetId>
        <assetUuid>7cd09981-0018-4db0-b2db-f250c3e68bea</assetUuid>
        <mimeType>image/png</mimeType>
        <charEncoding isNull="true" />
        <assetTypeCode>W</assetTypeCode>
        <length>1017</length>
        <localLastModification>1423242662280</localLastModification>
        <description isNull="true" />
        <isDocumentationFile>false</isDocumentationFile>
        <guid>efac0215-ded3-42cd-ad47-a77b5b39bf93</guid>
        <versionId>54a3498b-f9d6-4a6f-830f-786e3cf1fcb5</versionId>
    </managedAsset>
</teamworks>

