<?xml version="1.0" encoding="UTF-8"?>
<teamworks>
    <managedAsset id="61.458220b9-f298-4054-a76a-4d153914d389" name="BPMExt-Control-Note-Palette.png">
        <lastModified>1429666544190</lastModified>
        <lastModifiedBy>admin</lastModifiedBy>
        <managedAssetId>61.458220b9-f298-4054-a76a-4d153914d389</managedAssetId>
        <assetUuid>a075ee2f-3d9a-433f-8e5c-9cfade19f815</assetUuid>
        <mimeType>image/png</mimeType>
        <charEncoding isNull="true" />
        <assetTypeCode>W</assetTypeCode>
        <length>975</length>
        <localLastModification>1423252784604</localLastModification>
        <description isNull="true" />
        <isDocumentationFile>false</isDocumentationFile>
        <guid>77d8a5f8-c2e0-4cb9-a99b-73ecca0d49c3</guid>
        <versionId>bfd5234c-d4d2-42d3-826e-c3619f3ec89b</versionId>
    </managedAsset>
</teamworks>

