<?xml version="1.0" encoding="UTF-8"?>
<teamworks>
    <managedAsset id="61.4a05cd75-ba5d-42b5-b0ad-d7b9853bb4c1" name="BPMExt-Control-Text.js">
        <lastModified>1495097130472</lastModified>
        <lastModifiedBy>Kirankumar Rana</lastModifiedBy>
        <managedAssetId>61.4a05cd75-ba5d-42b5-b0ad-d7b9853bb4c1</managedAssetId>
        <assetUuid>a5d77ac2-9368-4ec9-b60e-3059c744c8db</assetUuid>
        <mimeType>application/javascript</mimeType>
        <charEncoding isNull="true" />
        <assetTypeCode>W</assetTypeCode>
        <length>36569</length>
        <localLastModification>1495096140026</localLastModification>
        <description isNull="true" />
        <isDocumentationFile>false</isDocumentationFile>
        <guid>ee63274b-a9c0-42e3-8663-b95c8332218c</guid>
        <versionId>3d7601f3-9ee6-4e45-bd65-eaaf27d064b9</versionId>
    </managedAsset>
</teamworks>

