<?xml version="1.0" encoding="UTF-8"?>
<teamworks>
    <managedAsset id="61.41360f7d-ebb1-4a8a-bc4e-561eaab5804c" name="BPMExt-Control-Decimal-Palette.png">
        <lastModified>1429666107083</lastModified>
        <lastModifiedBy>admin</lastModifiedBy>
        <managedAssetId>61.41360f7d-ebb1-4a8a-bc4e-561eaab5804c</managedAssetId>
        <assetUuid>f36a5dcd-e0e5-4638-a94d-0d198dea6986</assetUuid>
        <mimeType>image/png</mimeType>
        <charEncoding isNull="true" />
        <assetTypeCode>W</assetTypeCode>
        <length>690</length>
        <localLastModification>1423174201752</localLastModification>
        <description isNull="true" />
        <isDocumentationFile>false</isDocumentationFile>
        <guid>40ca7da9-be27-4e07-8557-8b072cd028b6</guid>
        <versionId>f9be2d8f-0eb6-4bae-b893-72b366828575</versionId>
    </managedAsset>
</teamworks>

