<?xml version="1.0" encoding="UTF-8"?>
<teamworks>
    <managedAsset id="61.4cfb9d37-4dea-4237-9b77-e52a25b9835c" name="BPMExt-Control-ModalAlert-Preview.js">
        <lastModified>1483706443983</lastModified>
        <lastModifiedBy>Kirankumar Rana</lastModifiedBy>
        <managedAssetId>61.4cfb9d37-4dea-4237-9b77-e52a25b9835c</managedAssetId>
        <assetUuid>66d8d3da-3835-448e-b4be-51e2fff091aa</assetUuid>
        <mimeType>application/javascript</mimeType>
        <charEncoding isNull="true" />
        <assetTypeCode>W</assetTypeCode>
        <length>9184</length>
        <localLastModification>1483703454856</localLastModification>
        <description isNull="true" />
        <isDocumentationFile>false</isDocumentationFile>
        <guid>c7b3293b-074e-4b54-a72f-0ae1df4eb0dd</guid>
        <versionId>231cf081-4707-409b-8e67-4b45e5db26a3</versionId>
    </managedAsset>
</teamworks>

