<?xml version="1.0" encoding="UTF-8"?>
<teamworks>
    <managedAsset id="61.400ceecb-c072-4ddb-8dd9-647ed816bb5e" name="BPMExt-Control-DonutChart-Palette.png">
        <lastModified>1429666251492</lastModified>
        <lastModifiedBy>admin</lastModifiedBy>
        <managedAssetId>61.400ceecb-c072-4ddb-8dd9-647ed816bb5e</managedAssetId>
        <assetUuid>a3d68657-f48a-4c71-8b2e-9a703ba8452a</assetUuid>
        <mimeType>image/png</mimeType>
        <charEncoding isNull="true" />
        <assetTypeCode>W</assetTypeCode>
        <length>1266</length>
        <localLastModification>1423258742992</localLastModification>
        <description isNull="true" />
        <isDocumentationFile>false</isDocumentationFile>
        <guid>bf994d15-24c4-4f59-8d78-a808633abe0c</guid>
        <versionId>43380ff7-b825-498a-8b8b-dd29d315ee72</versionId>
    </managedAsset>
</teamworks>

