<?xml version="1.0" encoding="UTF-8"?>
<teamworks>
    <managedAsset id="61.441d08f1-b089-4830-9eef-7858774cc80a" name="BPMExt-Control-Bookmark-Preview.png">
        <lastModified>1429667073041</lastModified>
        <lastModifiedBy>admin</lastModifiedBy>
        <managedAssetId>61.441d08f1-b089-4830-9eef-7858774cc80a</managedAssetId>
        <assetUuid>f8847ccb-9a5a-4139-9c8d-f47a0b1f6821</assetUuid>
        <mimeType>image/png</mimeType>
        <charEncoding isNull="true" />
        <assetTypeCode>W</assetTypeCode>
        <length>822</length>
        <localLastModification>1423590744660</localLastModification>
        <description isNull="true" />
        <isDocumentationFile>false</isDocumentationFile>
        <guid>734a6f2c-6929-4bba-bf83-88c2c3e07199</guid>
        <versionId>81b32f4c-765a-4b8f-beb6-32f4ef5f46b3</versionId>
    </managedAsset>
</teamworks>

