<?xml version="1.0" encoding="UTF-8"?>
<teamworks>
    <managedAsset id="61.422bfc1f-3184-4254-9773-00898e8adaa4" name="BPMExt-Control-CheckboxGroup-Preview.png">
        <lastModified>1472497458942</lastModified>
        <lastModifiedBy>Eric Ducos</lastModifiedBy>
        <managedAssetId>61.422bfc1f-3184-4254-9773-00898e8adaa4</managedAssetId>
        <assetUuid>85fe3f17-4c30-42bb-b179-75a2ad85329d</assetUuid>
        <mimeType>image/png</mimeType>
        <charEncoding isNull="true" />
        <assetTypeCode>W</assetTypeCode>
        <length>3115</length>
        <localLastModification>1472497447112</localLastModification>
        <description isNull="true" />
        <isDocumentationFile>false</isDocumentationFile>
        <guid>07b95ea8-34b7-4235-80dd-7ede4bc78a09</guid>
        <versionId>44f995ff-16c0-4b19-b7ae-1a7f6c99477a</versionId>
    </managedAsset>
</teamworks>

