<?xml version="1.0" encoding="UTF-8"?>
<teamworks>
    <managedAsset id="61.4581eaf8-b806-4134-bc3f-abc2314a0dcf" name="BPMExt-Control-TypeAheadText-Palette.png">
        <lastModified>1429666943370</lastModified>
        <lastModifiedBy>admin</lastModifiedBy>
        <managedAssetId>61.4581eaf8-b806-4134-bc3f-abc2314a0dcf</managedAssetId>
        <assetUuid>cd563210-418f-4f90-a8f9-569c94de2576</assetUuid>
        <mimeType>image/png</mimeType>
        <charEncoding isNull="true" />
        <assetTypeCode>W</assetTypeCode>
        <length>593</length>
        <localLastModification>1423507409150</localLastModification>
        <description isNull="true" />
        <isDocumentationFile>false</isDocumentationFile>
        <guid>77985925-3890-4492-81e4-33014c53298d</guid>
        <versionId>ba1810cf-7073-4c0c-82a5-e9590265fe1e</versionId>
    </managedAsset>
</teamworks>

