<?xml version="1.0" encoding="UTF-8"?>
<teamworks>
    <managedAsset id="61.46c550e2-2e38-4e36-b111-4905dc4919cf" name="BPMExt-Lib-Signature.zip">
        <lastModified>1460678053733</lastModified>
        <lastModifiedBy>Eric Ducos</lastModifiedBy>
        <managedAssetId>61.46c550e2-2e38-4e36-b111-4905dc4919cf</managedAssetId>
        <assetUuid>ceea474b-4a77-4d0b-851c-9179deab4d96</assetUuid>
        <mimeType>application/zip</mimeType>
        <charEncoding isNull="true" />
        <assetTypeCode>W</assetTypeCode>
        <length>5743</length>
        <localLastModification>1460678025951</localLastModification>
        <description isNull="true" />
        <isDocumentationFile>false</isDocumentationFile>
        <guid>cbb940b9-37a8-4940-a138-8cb41f098b54</guid>
        <versionId>0064f15e-07e6-4459-a83e-6da1feb03e4f</versionId>
    </managedAsset>
</teamworks>

