<?xml version="1.0" encoding="UTF-8"?>
<teamworks>
    <managedAsset id="61.403963dd-7f8c-424c-9d68-9fbd00b26e42" name="BPMExt-Control-CollapsiblePanel.js">
        <lastModified>1495102215594</lastModified>
        <lastModifiedBy>Kirankumar Rana</lastModifiedBy>
        <managedAssetId>61.403963dd-7f8c-424c-9d68-9fbd00b26e42</managedAssetId>
        <assetUuid>eb5a89d8-7b5a-465f-a021-89fe9ba5c4ce</assetUuid>
        <mimeType>application/javascript</mimeType>
        <charEncoding isNull="true" />
        <assetTypeCode>W</assetTypeCode>
        <length>22446</length>
        <localLastModification>1495101712198</localLastModification>
        <description isNull="true" />
        <isDocumentationFile>false</isDocumentationFile>
        <guid>f7f5b6a1-5a8e-4ccf-8f42-4a71d49a0bb8</guid>
        <versionId>d2430e3d-2e20-4d19-8d3f-5a6600cf1a72</versionId>
    </managedAsset>
</teamworks>

