<?xml version="1.0" encoding="UTF-8"?>
<teamworks>
    <managedAsset id="61.46b61758-31e2-479a-ba4b-8c79d7869f17" name="BPMExt-Control-Integer-Preview.js">
        <lastModified>1495618142236</lastModified>
        <lastModifiedBy>Kirankumar Rana</lastModifiedBy>
        <managedAssetId>61.46b61758-31e2-479a-ba4b-8c79d7869f17</managedAssetId>
        <assetUuid>69da6614-9f4e-40b2-8af0-6dc40be8390f</assetUuid>
        <mimeType>application/javascript</mimeType>
        <charEncoding isNull="true" />
        <assetTypeCode>W</assetTypeCode>
        <length>6379</length>
        <localLastModification>1495618014069</localLastModification>
        <description isNull="true" />
        <isDocumentationFile>false</isDocumentationFile>
        <guid>a79238bc-3196-4f03-af7c-41cd89841ce5</guid>
        <versionId>1fe6376a-91ed-4fb8-9f2b-3904acdd176a</versionId>
    </managedAsset>
</teamworks>

