<?xml version="1.0" encoding="UTF-8"?>
<teamworks>
    <managedAsset id="61.451e0667-a711-4f58-a89c-e6fcd448304d" name="BPMExt-Control-PopupMenu-Palette.png">
        <lastModified>1429666851442</lastModified>
        <lastModifiedBy>admin</lastModifiedBy>
        <managedAssetId>61.451e0667-a711-4f58-a89c-e6fcd448304d</managedAssetId>
        <assetUuid>b263f4c3-cc5a-4140-aa98-cad49c6b09d5</assetUuid>
        <mimeType>image/png</mimeType>
        <charEncoding isNull="true" />
        <assetTypeCode>W</assetTypeCode>
        <length>245</length>
        <localLastModification>1423248275972</localLastModification>
        <description isNull="true" />
        <isDocumentationFile>false</isDocumentationFile>
        <guid>6d9b20d7-ec23-4b3b-abc7-e7e7927d21a8</guid>
        <versionId>fb59edb0-5415-493b-a0a9-578e457d759c</versionId>
    </managedAsset>
</teamworks>

