<?xml version="1.0" encoding="UTF-8"?>
<teamworks>
    <managedAsset id="61.45763c4b-f246-45ba-ad2a-b158de203047" name="BPMExt-Control-PopupMenu-Preview.js">
        <lastModified>1493028823609</lastModified>
        <lastModifiedBy>Kirankumar Rana</lastModifiedBy>
        <managedAssetId>61.45763c4b-f246-45ba-ad2a-b158de203047</managedAssetId>
        <assetUuid>00018298-1419-4986-9dc6-79c0826aa6da</assetUuid>
        <mimeType>application/javascript</mimeType>
        <charEncoding isNull="true" />
        <assetTypeCode>W</assetTypeCode>
        <length>15001</length>
        <localLastModification>1493022978255</localLastModification>
        <description isNull="true" />
        <isDocumentationFile>false</isDocumentationFile>
        <guid>57df7d7d-b8ac-44b0-8858-d6416f90f279</guid>
        <versionId>f0ff68b9-a606-4857-bdcc-be18df25a102</versionId>
    </managedAsset>
</teamworks>

