<?xml version="1.0" encoding="UTF-8"?>
<teamworks>
    <managedAsset id="61.49620abe-58c5-4804-9a36-f28ad38677ec" name="BPMExt-Control-TextEditor-Palette.png">
        <lastModified>1429667014697</lastModified>
        <lastModifiedBy>admin</lastModifiedBy>
        <managedAssetId>61.49620abe-58c5-4804-9a36-f28ad38677ec</managedAssetId>
        <assetUuid>b3f0bc43-e1db-478a-8b15-530d50ece3b1</assetUuid>
        <mimeType>image/png</mimeType>
        <charEncoding isNull="true" />
        <assetTypeCode>W</assetTypeCode>
        <length>1057</length>
        <localLastModification>1423504930506</localLastModification>
        <description isNull="true" />
        <isDocumentationFile>false</isDocumentationFile>
        <guid>36a32f5a-00db-473f-b0da-e436d25cc76f</guid>
        <versionId>285c5c11-d5ea-409a-996d-162bc7c37359</versionId>
    </managedAsset>
</teamworks>

