<?xml version="1.0" encoding="UTF-8"?>
<teamworks>
    <managedAsset id="61.4f142e82-93a7-467f-9903-0bd6d78bcab9" name="BPMExt-Control-StreetView-Preview.png">
        <lastModified>1429667529647</lastModified>
        <lastModifiedBy>admin</lastModifiedBy>
        <managedAssetId>61.4f142e82-93a7-467f-9903-0bd6d78bcab9</managedAssetId>
        <assetUuid>d19dae89-174c-430e-86f1-b2b961b0d2a9</assetUuid>
        <mimeType>image/png</mimeType>
        <charEncoding isNull="true" />
        <assetTypeCode>W</assetTypeCode>
        <length>2620</length>
        <localLastModification>1423601463625</localLastModification>
        <description isNull="true" />
        <isDocumentationFile>false</isDocumentationFile>
        <guid>27c42c57-366d-4277-a45a-4079b23ee223</guid>
        <versionId>2eb64cf9-54f4-4127-896b-050cd75bb13c</versionId>
    </managedAsset>
</teamworks>

