<?xml version="1.0" encoding="UTF-8"?>
<teamworks>
    <managedAsset id="61.485bec78-1d55-4b3c-9098-e6e58401f874" name="BPMExt-Control-TextReader-Preview.js">
        <lastModified>1488381738083</lastModified>
        <lastModifiedBy>Kirankumar Rana</lastModifiedBy>
        <managedAssetId>61.485bec78-1d55-4b3c-9098-e6e58401f874</managedAssetId>
        <assetUuid>a8683fcd-860f-4e10-ba21-e1f0b18df994</assetUuid>
        <mimeType>application/javascript</mimeType>
        <charEncoding isNull="true" />
        <assetTypeCode>W</assetTypeCode>
        <length>11319</length>
        <localLastModification>1488358249596</localLastModification>
        <description isNull="true" />
        <isDocumentationFile>false</isDocumentationFile>
        <guid>e50df046-2e4b-4304-9529-7a1a4ae078e6</guid>
        <versionId>319d4c5d-1d0d-4c26-bd84-173ec0f21bb3</versionId>
    </managedAsset>
</teamworks>

