<?xml version="1.0" encoding="UTF-8"?>
<teamworks>
    <managedAsset id="61.523fc502-93cd-49be-a2e4-f778b1ea2317" name="BPMExt-Control-TextArea.js">
        <lastModified>1495102179231</lastModified>
        <lastModifiedBy>Kirankumar Rana</lastModifiedBy>
        <managedAssetId>61.523fc502-93cd-49be-a2e4-f778b1ea2317</managedAssetId>
        <assetUuid>d9120614-bdfe-4006-9f83-2022fb812048</assetUuid>
        <mimeType>application/javascript</mimeType>
        <charEncoding isNull="true" />
        <assetTypeCode>W</assetTypeCode>
        <length>35408</length>
        <localLastModification>1495101578968</localLastModification>
        <description isNull="true" />
        <isDocumentationFile>false</isDocumentationFile>
        <guid>c95ce9df-a534-48ff-a11d-7235b4d7a66c</guid>
        <versionId>4dd9c923-48c3-4b69-9356-714d8ff27efc</versionId>
    </managedAsset>
</teamworks>

