<?xml version="1.0" encoding="UTF-8"?>
<teamworks>
    <managedAsset id="61.5e7db62e-75ce-445a-b1ba-9f47bb1cd995" name="BPMExt-Lib-JSZip.zip">
        <lastModified>1460683409323</lastModified>
        <lastModifiedBy>Eric Ducos</lastModifiedBy>
        <managedAssetId>61.5e7db62e-75ce-445a-b1ba-9f47bb1cd995</managedAssetId>
        <assetUuid>b39e347c-a8ac-4de9-b5e7-bd96f455ffd4</assetUuid>
        <mimeType>application/zip</mimeType>
        <charEncoding isNull="true" />
        <assetTypeCode>W</assetTypeCode>
        <length>96854</length>
        <localLastModification>1460683401887</localLastModification>
        <description isNull="true" />
        <isDocumentationFile>false</isDocumentationFile>
        <guid>1539d7db-e02a-4d75-9a50-305561c59913</guid>
        <versionId>6c6b1a25-d6fe-48ac-a61c-01567f1c4457</versionId>
    </managedAsset>
</teamworks>

