<?xml version="1.0" encoding="UTF-8"?>
<teamworks>
    <managedAsset id="61.55f45a03-90ef-4410-946a-7c88ea3c5d9a" name="BPMExt-Control-OpenLayersPlaces.js">
        <lastModified>1495443169130</lastModified>
        <lastModifiedBy>Kirankumar Rana</lastModifiedBy>
        <managedAssetId>61.55f45a03-90ef-4410-946a-7c88ea3c5d9a</managedAssetId>
        <assetUuid>70ec16b5-be7c-4b0e-b805-154684ca951c</assetUuid>
        <mimeType>application/javascript</mimeType>
        <charEncoding isNull="true" />
        <assetTypeCode>W</assetTypeCode>
        <length>14599</length>
        <localLastModification>1495442492141</localLastModification>
        <description isNull="true" />
        <isDocumentationFile>false</isDocumentationFile>
        <guid>8800d9db-5095-4eac-a734-00db302531f7</guid>
        <versionId>2d17b125-a539-4c6f-8a46-142b08c9ec43</versionId>
    </managedAsset>
</teamworks>

