<?xml version="1.0" encoding="UTF-8"?>
<teamworks>
    <managedAsset id="61.57502048-397a-47c7-8a4c-36acaff3bff2" name="BPMExt-Control-Spacer-Palette.png">
        <lastModified>1433944462564</lastModified>
        <lastModifiedBy>Eric Ducos</lastModifiedBy>
        <managedAssetId>61.57502048-397a-47c7-8a4c-36acaff3bff2</managedAssetId>
        <assetUuid>15cba6d2-cd8d-4d67-a147-a04ac9a93210</assetUuid>
        <mimeType>image/png</mimeType>
        <charEncoding isNull="true" />
        <assetTypeCode>W</assetTypeCode>
        <length>232</length>
        <localLastModification>1433944412354</localLastModification>
        <description isNull="true" />
        <isDocumentationFile>false</isDocumentationFile>
        <guid>a4d9b2bd-9e35-4e92-bd3a-9d90fca424a5</guid>
        <versionId>d98145cc-090b-4a7a-bc50-21f94523cdb4</versionId>
    </managedAsset>
</teamworks>

