<?xml version="1.0" encoding="UTF-8"?>
<teamworks>
    <managedAsset id="61.556eb816-10ba-4925-98f1-159c4c45c01a" name="BPMExt-Control-StatusBox.js">
        <lastModified>1495194905416</lastModified>
        <lastModifiedBy>Kirankumar Rana</lastModifiedBy>
        <managedAssetId>61.556eb816-10ba-4925-98f1-159c4c45c01a</managedAssetId>
        <assetUuid>f05d67e4-4a3e-4489-9f47-449759a52f0a</assetUuid>
        <mimeType>application/javascript</mimeType>
        <charEncoding isNull="true" />
        <assetTypeCode>W</assetTypeCode>
        <length>24624</length>
        <localLastModification>1495194253087</localLastModification>
        <description isNull="true" />
        <isDocumentationFile>false</isDocumentationFile>
        <guid>f7a77720-f111-43c8-a626-9fce8d72b9c0</guid>
        <versionId>bbe1be59-d40e-429d-b406-e26d8620d750</versionId>
    </managedAsset>
</teamworks>

