<?xml version="1.0" encoding="UTF-8"?>
<teamworks>
    <managedAsset id="61.5c5e8e98-a0f8-4b40-a78e-2b325357e911" name="BPMExt-Control-TypeAheadText-Preview.png">
        <lastModified>1429667591497</lastModified>
        <lastModifiedBy>admin</lastModifiedBy>
        <managedAssetId>61.5c5e8e98-a0f8-4b40-a78e-2b325357e911</managedAssetId>
        <assetUuid>628d4ac4-4802-412a-8cd3-1d6064604e93</assetUuid>
        <mimeType>image/png</mimeType>
        <charEncoding isNull="true" />
        <assetTypeCode>W</assetTypeCode>
        <length>2254</length>
        <localLastModification>1425503917876</localLastModification>
        <description isNull="true" />
        <isDocumentationFile>false</isDocumentationFile>
        <guid>3f9e0ebb-1340-4ad3-82d3-cda3b68196fe</guid>
        <versionId>e2cbe1fd-0dd1-42da-819b-c9bb8534c0ab</versionId>
    </managedAsset>
</teamworks>

