<?xml version="1.0" encoding="UTF-8"?>
<teamworks>
    <managedAsset id="61.563c2b47-a2b7-4029-b5f2-8ff804992b39" name="BPMExt-Lib-Fastclick.zip">
        <lastModified>1460679446526</lastModified>
        <lastModifiedBy>Eric Ducos</lastModifiedBy>
        <managedAssetId>61.563c2b47-a2b7-4029-b5f2-8ff804992b39</managedAssetId>
        <assetUuid>44c35c70-f391-4e26-90ff-ee2acbb1ebcb</assetUuid>
        <mimeType>application/zip</mimeType>
        <charEncoding isNull="true" />
        <assetTypeCode>W</assetTypeCode>
        <length>10800</length>
        <localLastModification>1460679433426</localLastModification>
        <description isNull="true" />
        <isDocumentationFile>false</isDocumentationFile>
        <guid>6d4ed199-3bbf-4976-8fb0-003f91ddb95f</guid>
        <versionId>e0a80123-29d2-4720-957e-d30fa748f85f</versionId>
    </managedAsset>
</teamworks>

