<?xml version="1.0" encoding="UTF-8"?>
<teamworks>
    <managedAsset id="61.5d87b58a-0823-4314-bfea-9088f41880d6" name="BPMExt-Control-Chart.css">
        <lastModified>1471993911362</lastModified>
        <lastModifiedBy>Eric Ducos</lastModifiedBy>
        <managedAssetId>61.5d87b58a-0823-4314-bfea-9088f41880d6</managedAssetId>
        <assetUuid>bfd1694c-6bbd-4d4b-8f2f-5e1493299747</assetUuid>
        <mimeType>text/css</mimeType>
        <charEncoding isNull="true" />
        <assetTypeCode>W</assetTypeCode>
        <length>34</length>
        <localLastModification>1471993911134</localLastModification>
        <description isNull="true" />
        <isDocumentationFile>false</isDocumentationFile>
        <guid>16b512a0-34a9-47df-a3be-3a79f93cbe04</guid>
        <versionId>6f0f036d-b9ae-41f4-b19d-28e55f4a6a08</versionId>
    </managedAsset>
</teamworks>

