<?xml version="1.0" encoding="UTF-8"?>
<teamworks>
    <managedAsset id="61.5451bda9-b9a8-4323-b47b-5815cda20519" name="BPMExt-Control-MultiSelect-Palette.png">
        <lastModified>1429666506281</lastModified>
        <lastModifiedBy>admin</lastModifiedBy>
        <managedAssetId>61.5451bda9-b9a8-4323-b47b-5815cda20519</managedAssetId>
        <assetUuid>9b03b302-7ccd-4ab4-8bea-44915f9c3772</assetUuid>
        <mimeType>image/png</mimeType>
        <charEncoding isNull="true" />
        <assetTypeCode>W</assetTypeCode>
        <length>491</length>
        <localLastModification>1423255070624</localLastModification>
        <description isNull="true" />
        <isDocumentationFile>false</isDocumentationFile>
        <guid>70625d29-26cc-46c6-acc6-ce0e017f5968</guid>
        <versionId>08cf3df5-3ba2-420d-8795-347c5bf3b572</versionId>
    </managedAsset>
</teamworks>

