<?xml version="1.0" encoding="UTF-8"?>
<teamworks>
    <managedAsset id="61.5438dcf1-4fb5-4a47-96a4-0b4aad12ac4c" name="BPMExt-Control-Places.js">
        <lastModified>1457979679816</lastModified>
        <lastModifiedBy>Andrew Casey-Clyde</lastModifiedBy>
        <managedAssetId>61.5438dcf1-4fb5-4a47-96a4-0b4aad12ac4c</managedAssetId>
        <assetUuid>6855c673-eeb5-4afb-bd02-f0a900ea24f5</assetUuid>
        <mimeType>application/javascript</mimeType>
        <charEncoding isNull="true" />
        <assetTypeCode>W</assetTypeCode>
        <length>13614</length>
        <localLastModification>1457979670179</localLastModification>
        <description isNull="true" />
        <isDocumentationFile>false</isDocumentationFile>
        <guid>05c5e386-6a42-4c2c-ae6b-537dcdab2a13</guid>
        <versionId>18eb19d9-6918-44f5-89b5-40886e8b362d</versionId>
    </managedAsset>
</teamworks>

