<?xml version="1.0" encoding="UTF-8"?>
<teamworks>
    <managedAsset id="61.55452ac3-2ba5-42fe-850b-e3f5d16fe298" name="BPMExt-Control-Table.js">
        <lastModified>1495561533884</lastModified>
        <lastModifiedBy>Stephen Perez</lastModifiedBy>
        <managedAssetId>61.55452ac3-2ba5-42fe-850b-e3f5d16fe298</managedAssetId>
        <assetUuid>97c565c8-0880-436f-a39a-fee02ce291c6</assetUuid>
        <mimeType>application/javascript</mimeType>
        <charEncoding isNull="true" />
        <assetTypeCode>W</assetTypeCode>
        <length>261450</length>
        <localLastModification>1495561512068</localLastModification>
        <description isNull="true" />
        <isDocumentationFile>false</isDocumentationFile>
        <guid>56eece7b-dfda-4e2f-ac17-568df9b4fd05</guid>
        <versionId>babf0324-e3ff-4fef-93eb-dfc93ab43ac4</versionId>
    </managedAsset>
</teamworks>

