<?xml version="1.0" encoding="UTF-8"?>
<teamworks>
    <managedAsset id="61.5591fc63-6eac-488b-b50e-37e0ad55c197" name="BPMExt-Control-Spacer.css">
        <lastModified>1433370617669</lastModified>
        <lastModifiedBy>Eric Ducos</lastModifiedBy>
        <managedAssetId>61.5591fc63-6eac-488b-b50e-37e0ad55c197</managedAssetId>
        <assetUuid>0490dae2-aa98-4c53-a512-9607c494ca66</assetUuid>
        <mimeType>text/css</mimeType>
        <charEncoding isNull="true" />
        <assetTypeCode>W</assetTypeCode>
        <length>34</length>
        <localLastModification>1433370611817</localLastModification>
        <description isNull="true" />
        <isDocumentationFile>false</isDocumentationFile>
        <guid>27ae1c79-9e51-4238-9f3f-e5b1a768178d</guid>
        <versionId>c11e8921-572f-44ac-be62-4e5d1fb13f19</versionId>
    </managedAsset>
</teamworks>

