<?xml version="1.0" encoding="UTF-8"?>
<teamworks>
    <managedAsset id="61.5d66d225-3c20-4d67-ba85-5dafdc8d430f" name="BPMExt-Control-SingleSelect-Preview.png">
        <lastModified>1429667551087</lastModified>
        <lastModifiedBy>admin</lastModifiedBy>
        <managedAssetId>61.5d66d225-3c20-4d67-ba85-5dafdc8d430f</managedAssetId>
        <assetUuid>0ca3b232-6f6b-4aa3-804c-57ee5ea772ef</assetUuid>
        <mimeType>image/png</mimeType>
        <charEncoding isNull="true" />
        <assetTypeCode>W</assetTypeCode>
        <length>3313</length>
        <localLastModification>1423582310080</localLastModification>
        <description isNull="true" />
        <isDocumentationFile>false</isDocumentationFile>
        <guid>06db4ded-3107-4060-bf35-e61ceaaadf80</guid>
        <versionId>7812ed3e-5c58-4988-96bb-7ac3f8287a58</versionId>
    </managedAsset>
</teamworks>

