<?xml version="1.0" encoding="UTF-8"?>
<teamworks>
    <managedAsset id="61.55d2cd30-be15-4863-b25e-72c265c032ea" name="BPMExt-Control-Tooltip-Preview.js">
        <lastModified>1488555485790</lastModified>
        <lastModifiedBy>Kirankumar Rana</lastModifiedBy>
        <managedAssetId>61.55d2cd30-be15-4863-b25e-72c265c032ea</managedAssetId>
        <assetUuid>1c2028b2-7b6c-4b5e-a368-5900d4a40f74</assetUuid>
        <mimeType>application/javascript</mimeType>
        <charEncoding isNull="true" />
        <assetTypeCode>W</assetTypeCode>
        <length>12313</length>
        <localLastModification>1488542018640</localLastModification>
        <description isNull="true" />
        <isDocumentationFile>false</isDocumentationFile>
        <guid>e219e7dc-37ac-4521-89c0-45589c45ea7e</guid>
        <versionId>6f93e102-d538-42fc-a039-7a3cc26a27b3</versionId>
    </managedAsset>
</teamworks>

