<?xml version="1.0" encoding="UTF-8"?>
<teamworks>
    <managedAsset id="61.50add448-f0ef-41e8-baa6-2b7e33c4e628" name="BPMExt-Control-Integer.js">
        <lastModified>1495097257712</lastModified>
        <lastModifiedBy>Kirankumar Rana</lastModifiedBy>
        <managedAssetId>61.50add448-f0ef-41e8-baa6-2b7e33c4e628</managedAssetId>
        <assetUuid>e6db324c-91a9-4ce6-9d6b-782127c602d2</assetUuid>
        <mimeType>application/javascript</mimeType>
        <charEncoding isNull="true" />
        <assetTypeCode>W</assetTypeCode>
        <length>12322</length>
        <localLastModification>1495095127577</localLastModification>
        <description isNull="true" />
        <isDocumentationFile>false</isDocumentationFile>
        <guid>5a07afcf-ba64-4125-bd80-4639e35dc6e3</guid>
        <versionId>c5a177b7-4289-427c-ba31-23c5e64ad754</versionId>
    </managedAsset>
</teamworks>

