<?xml version="1.0" encoding="UTF-8"?>
<teamworks>
    <managedAsset id="61.5377e873-d595-4264-8839-5c2e463f9b60" name="BPMExt-Control-Style-Palette.png">
        <lastModified>1429666807811</lastModified>
        <lastModifiedBy>admin</lastModifiedBy>
        <managedAssetId>61.5377e873-d595-4264-8839-5c2e463f9b60</managedAssetId>
        <assetUuid>4644fbb3-20d0-4fe6-b86d-946ebf583355</assetUuid>
        <mimeType>image/png</mimeType>
        <charEncoding isNull="true" />
        <assetTypeCode>W</assetTypeCode>
        <length>656</length>
        <localLastModification>1423179099709</localLastModification>
        <description isNull="true" />
        <isDocumentationFile>false</isDocumentationFile>
        <guid>97d205bb-14d6-4ef6-8dd6-248027524f06</guid>
        <versionId>aa3beca2-db54-4675-80b2-cdd8c24aaa80</versionId>
    </managedAsset>
</teamworks>

