<?xml version="1.0" encoding="UTF-8"?>
<teamworks>
    <managedAsset id="61.5343e655-79ef-4f9c-bd3c-1e7bcede7cfb" name="BPMExt-Control-RadioButton-Palette.png">
        <lastModified>1429666772652</lastModified>
        <lastModifiedBy>admin</lastModifiedBy>
        <managedAssetId>61.5343e655-79ef-4f9c-bd3c-1e7bcede7cfb</managedAssetId>
        <assetUuid>52220273-51ae-43e4-bedc-a9874ec07241</assetUuid>
        <mimeType>image/png</mimeType>
        <charEncoding isNull="true" />
        <assetTypeCode>W</assetTypeCode>
        <length>741</length>
        <localLastModification>1423177382480</localLastModification>
        <description isNull="true" />
        <isDocumentationFile>false</isDocumentationFile>
        <guid>3aeebe6b-2167-4c39-aa82-00eafc83a5c4</guid>
        <versionId>3d9c866a-76dd-470b-b4a4-1c9c04e2bddf</versionId>
    </managedAsset>
</teamworks>

