<?xml version="1.0" encoding="UTF-8"?>
<teamworks>
    <managedAsset id="61.5be37883-4c14-4ce6-83af-7f8c66249837" name="BPMExt-Control-TabSection-Preview.html">
        <lastModified>1503603825761</lastModified>
        <lastModifiedBy>grant</lastModifiedBy>
        <managedAssetId>61.5be37883-4c14-4ce6-83af-7f8c66249837</managedAssetId>
        <assetUuid>6d3f8741-5c68-4fa9-919e-be846985d5d8</assetUuid>
        <mimeType>text/html</mimeType>
        <charEncoding isNull="true" />
        <assetTypeCode>W</assetTypeCode>
        <length>356</length>
        <localLastModification>1503603300715</localLastModification>
        <description isNull="true" />
        <isDocumentationFile>false</isDocumentationFile>
        <guid>f7ccba6f-34c9-4aa7-8a99-994c5467aa08</guid>
        <versionId>0542f2ed-f6f7-4cec-800b-21416713c88f</versionId>
    </managedAsset>
</teamworks>

