<?xml version="1.0" encoding="UTF-8"?>
<teamworks>
    <managedAsset id="61.5cdbdb28-dc8d-45ca-a9f9-f84e0e949bb2" name="BPMExt-Control-Places-Palette.png">
        <lastModified>1430927120853</lastModified>
        <lastModifiedBy>admin</lastModifiedBy>
        <managedAssetId>61.5cdbdb28-dc8d-45ca-a9f9-f84e0e949bb2</managedAssetId>
        <assetUuid>cd63d662-e5a5-488d-9829-973faff67df1</assetUuid>
        <mimeType>image/png</mimeType>
        <charEncoding isNull="true" />
        <assetTypeCode>W</assetTypeCode>
        <length>577</length>
        <localLastModification>1426527648393</localLastModification>
        <description isNull="true" />
        <isDocumentationFile>false</isDocumentationFile>
        <guid>489ec4d9-deac-4308-a6d6-e44ce97ebd7b</guid>
        <versionId>a7a738e3-fee0-49a1-a9bc-33f91842b336</versionId>
    </managedAsset>
</teamworks>

