<?xml version="1.0" encoding="UTF-8"?>
<teamworks>
    <managedAsset id="61.5831666b-daaf-4d52-9a85-4a7d5c6a99fd" name="BPMExt-Control-CaptionBox-Preview.js">
        <lastModified>1483158411438</lastModified>
        <lastModifiedBy>Kirankumar Rana</lastModifiedBy>
        <managedAssetId>61.5831666b-daaf-4d52-9a85-4a7d5c6a99fd</managedAssetId>
        <assetUuid>49b0eaa3-dafb-4b40-b8be-a70ec212325c</assetUuid>
        <mimeType>application/javascript</mimeType>
        <charEncoding isNull="true" />
        <assetTypeCode>W</assetTypeCode>
        <length>8902</length>
        <localLastModification>1483157419589</localLastModification>
        <description isNull="true" />
        <isDocumentationFile>false</isDocumentationFile>
        <guid>ed84f66d-afcb-41cc-adea-8ad097c544a2</guid>
        <versionId>801eed11-d1ff-4137-ab33-bcbcc33280bf</versionId>
    </managedAsset>
</teamworks>

