<?xml version="1.0" encoding="UTF-8"?>
<teamworks>
    <managedAsset id="61.50e1004f-0f6e-4b14-b1a0-3ac31529e909" name="BPMExt-Control-Alerts-Preview.js">
        <lastModified>1483705798020</lastModified>
        <lastModifiedBy>Kirankumar Rana</lastModifiedBy>
        <managedAssetId>61.50e1004f-0f6e-4b14-b1a0-3ac31529e909</managedAssetId>
        <assetUuid>8a14abda-fb95-4d47-904a-23eaedbc365e</assetUuid>
        <mimeType>application/javascript</mimeType>
        <charEncoding isNull="true" />
        <assetTypeCode>W</assetTypeCode>
        <length>7101</length>
        <localLastModification>1483695103137</localLastModification>
        <description isNull="true" />
        <isDocumentationFile>false</isDocumentationFile>
        <guid>0018142c-d77d-4a2b-87e7-4534ad0414c2</guid>
        <versionId>a7b8bbc4-0dc1-4708-96e2-f62d40d102ed</versionId>
    </managedAsset>
</teamworks>

