<?xml version="1.0" encoding="UTF-8"?>
<teamworks>
    <managedAsset id="61.5342b74c-f6b7-4be6-9cb5-af406f148605" name="BPMExt-Control-NavigationEvent-Palette.png">
        <lastModified>1429666614087</lastModified>
        <lastModifiedBy>admin</lastModifiedBy>
        <managedAssetId>61.5342b74c-f6b7-4be6-9cb5-af406f148605</managedAssetId>
        <assetUuid>d811ed1f-2866-47a4-aec6-4aa8b7998f03</assetUuid>
        <mimeType>image/png</mimeType>
        <charEncoding isNull="true" />
        <assetTypeCode>W</assetTypeCode>
        <length>695</length>
        <localLastModification>1423183244682</localLastModification>
        <description isNull="true" />
        <isDocumentationFile>false</isDocumentationFile>
        <guid>723b795f-fa5e-44cd-b842-274611bed8c3</guid>
        <versionId>f88ed52d-4d39-49d3-8813-f676c2453297</versionId>
    </managedAsset>
</teamworks>

