<?xml version="1.0" encoding="UTF-8"?>
<teamworks>
    <managedAsset id="61.5eab6d5b-4570-4bf5-a921-4c5dcb4e2ba2" name="BPMExt-Control-Well.js">
        <lastModified>1495108244778</lastModified>
        <lastModifiedBy>Kirankumar Rana</lastModifiedBy>
        <managedAssetId>61.5eab6d5b-4570-4bf5-a921-4c5dcb4e2ba2</managedAssetId>
        <assetUuid>e4ea5c13-81ad-4533-a6d0-15b7e33711e7</assetUuid>
        <mimeType>application/javascript</mimeType>
        <charEncoding isNull="true" />
        <assetTypeCode>W</assetTypeCode>
        <length>30741</length>
        <localLastModification>1495106378827</localLastModification>
        <description isNull="true" />
        <isDocumentationFile>false</isDocumentationFile>
        <guid>6dfc9b8a-71e0-4415-a317-51bf389d48ca</guid>
        <versionId>c0f3e736-1d69-418a-8420-b7fe3c3ee5ee</versionId>
    </managedAsset>
</teamworks>

