<?xml version="1.0" encoding="UTF-8"?>
<teamworks>
    <managedAsset id="61.5b523afe-2b24-44ab-ae17-fb57c421a2a1" name="BPMExt-Control-ModalAlert.js">
        <lastModified>1495105222140</lastModified>
        <lastModifiedBy>Kirankumar Rana</lastModifiedBy>
        <managedAssetId>61.5b523afe-2b24-44ab-ae17-fb57c421a2a1</managedAssetId>
        <assetUuid>3f2899e9-31b3-48e6-990e-1b898919b2ef</assetUuid>
        <mimeType>application/javascript</mimeType>
        <charEncoding isNull="true" />
        <assetTypeCode>W</assetTypeCode>
        <length>18260</length>
        <localLastModification>1495104572016</localLastModification>
        <description isNull="true" />
        <isDocumentationFile>false</isDocumentationFile>
        <guid>eb44e7e7-12bd-4a0b-90d4-8ae837698961</guid>
        <versionId>a6fb97b5-43a1-4100-8810-f2bbd06073e5</versionId>
    </managedAsset>
</teamworks>

