<?xml version="1.0" encoding="UTF-8"?>
<teamworks>
    <managedAsset id="61.68c4f62e-c8d1-4cd2-a5f4-a8dc3ec047ac" name="BPMExt-Control-Variant-Palette.png">
        <lastModified>1429666933119</lastModified>
        <lastModifiedBy>admin</lastModifiedBy>
        <managedAssetId>61.68c4f62e-c8d1-4cd2-a5f4-a8dc3ec047ac</managedAssetId>
        <assetUuid>f6acf47e-6acc-4251-810f-52d86f060700</assetUuid>
        <mimeType>image/png</mimeType>
        <charEncoding isNull="true" />
        <assetTypeCode>W</assetTypeCode>
        <length>963</length>
        <localLastModification>1423247548712</localLastModification>
        <description isNull="true" />
        <isDocumentationFile>false</isDocumentationFile>
        <guid>277f0dfb-1208-47b5-8b0d-5083999556e0</guid>
        <versionId>73567732-b7a6-4016-8edd-89ea7c8f5f27</versionId>
    </managedAsset>
</teamworks>

