<?xml version="1.0" encoding="UTF-8"?>
<teamworks>
    <managedAsset id="61.6fc85165-9694-46b4-bca3-9071322a87c6" name="BPMExt-Control-DonutChartSDS-Preview.js">
        <lastModified>1493728901816</lastModified>
        <lastModifiedBy>Kirankumar Rana</lastModifiedBy>
        <managedAssetId>61.6fc85165-9694-46b4-bca3-9071322a87c6</managedAssetId>
        <assetUuid>18f2fee3-9ca7-40f2-b144-846c81c5ad66</assetUuid>
        <mimeType>application/javascript</mimeType>
        <charEncoding isNull="true" />
        <assetTypeCode>W</assetTypeCode>
        <length>5905</length>
        <localLastModification>1493720587832</localLastModification>
        <description isNull="true" />
        <isDocumentationFile>false</isDocumentationFile>
        <guid>749167c7-d2cc-4bb8-8c45-2bd16927b22f</guid>
        <versionId>85646a56-339d-4a36-8705-ea549ff9b7cf</versionId>
    </managedAsset>
</teamworks>

