<?xml version="1.0" encoding="UTF-8"?>
<teamworks>
    <managedAsset id="61.627225f4-1680-43d9-8214-8b67b0c39d4c" name="BPMExt-Control-CaptionBox-Preview.html">
        <lastModified>1483158386172</lastModified>
        <lastModifiedBy>Kirankumar Rana</lastModifiedBy>
        <managedAssetId>61.627225f4-1680-43d9-8214-8b67b0c39d4c</managedAssetId>
        <assetUuid>fd399dfb-87a8-43e9-a3c5-6e88ed567533</assetUuid>
        <mimeType>text/html</mimeType>
        <charEncoding isNull="true" />
        <assetTypeCode>W</assetTypeCode>
        <length>441</length>
        <localLastModification>1483157468491</localLastModification>
        <description isNull="true" />
        <isDocumentationFile>false</isDocumentationFile>
        <guid>6ecd4d4d-e966-498b-b196-3e5dbecc8806</guid>
        <versionId>369b8b57-e2d8-49fd-96e7-f0274c649fbb</versionId>
    </managedAsset>
</teamworks>

