<?xml version="1.0" encoding="UTF-8"?>
<teamworks>
    <managedAsset id="61.6bbb5f22-a36a-4402-9cd6-964798c31e83" name="BPMExt-Control-Integer-Preview.png">
        <lastModified>1429667417530</lastModified>
        <lastModifiedBy>admin</lastModifiedBy>
        <managedAssetId>61.6bbb5f22-a36a-4402-9cd6-964798c31e83</managedAssetId>
        <assetUuid>5eeac7df-e8d7-4fdb-a13d-d135120c4531</assetUuid>
        <mimeType>image/png</mimeType>
        <charEncoding isNull="true" />
        <assetTypeCode>W</assetTypeCode>
        <length>2226</length>
        <localLastModification>1423582292046</localLastModification>
        <description isNull="true" />
        <isDocumentationFile>false</isDocumentationFile>
        <guid>f236347e-9690-40e2-ab67-4a08e46a3c21</guid>
        <versionId>33d660b8-427f-4f79-9e01-167a5f864e85</versionId>
    </managedAsset>
</teamworks>

