<?xml version="1.0" encoding="UTF-8"?>
<teamworks>
    <managedAsset id="61.6ea52e03-4c2b-4170-bd6f-f6c23f905b67" name="BPMExt-Control-SingleSelect.js">
        <lastModified>1495102139043</lastModified>
        <lastModifiedBy>Kirankumar Rana</lastModifiedBy>
        <managedAssetId>61.6ea52e03-4c2b-4170-bd6f-f6c23f905b67</managedAssetId>
        <assetUuid>0a6b8151-8145-4a94-8015-4fe927746052</assetUuid>
        <mimeType>application/javascript</mimeType>
        <charEncoding isNull="true" />
        <assetTypeCode>W</assetTypeCode>
        <length>60091</length>
        <localLastModification>1495101403557</localLastModification>
        <description isNull="true" />
        <isDocumentationFile>false</isDocumentationFile>
        <guid>90cea445-dca0-4fd7-9fb6-ca7718b2772c</guid>
        <versionId>b0774d49-9b1a-461a-a3b6-797e48455cb8</versionId>
    </managedAsset>
</teamworks>

