<?xml version="1.0" encoding="UTF-8"?>
<teamworks>
    <managedAsset id="61.600a0405-6e01-495d-9d7e-969a30b43c84" name="BPMExt-Control-HorizontalLayout-Preview.html">
        <lastModified>1429642106059</lastModified>
        <lastModifiedBy>admin</lastModifiedBy>
        <managedAssetId>61.600a0405-6e01-495d-9d7e-969a30b43c84</managedAssetId>
        <assetUuid>c749eeeb-6b0d-4341-ba3c-195bcdc27b80</assetUuid>
        <mimeType>text/html</mimeType>
        <charEncoding isNull="true" />
        <assetTypeCode>W</assetTypeCode>
        <length>6684</length>
        <localLastModification>1429642028825</localLastModification>
        <description isNull="true" />
        <isDocumentationFile>false</isDocumentationFile>
        <guid>c3857a56-4f09-40b3-9279-6b17a3331ea6</guid>
        <versionId>8920f3f9-f729-4c31-9ed6-2e54da488a48</versionId>
    </managedAsset>
</teamworks>

