<?xml version="1.0" encoding="UTF-8"?>
<teamworks>
    <managedAsset id="61.6a0325ba-651b-43e6-ab80-d5bcb51b4ed5" name="BPMExt-Control-Image-Preview.png">
        <lastModified>1429667323585</lastModified>
        <lastModifiedBy>admin</lastModifiedBy>
        <managedAssetId>61.6a0325ba-651b-43e6-ab80-d5bcb51b4ed5</managedAssetId>
        <assetUuid>bf69673d-051e-4af3-b473-d17bb40f6d9a</assetUuid>
        <mimeType>image/png</mimeType>
        <charEncoding isNull="true" />
        <assetTypeCode>W</assetTypeCode>
        <length>2050</length>
        <localLastModification>1423585284369</localLastModification>
        <description isNull="true" />
        <isDocumentationFile>false</isDocumentationFile>
        <guid>f21db2bc-4914-449d-bd8f-eea7eb4c4764</guid>
        <versionId>c7221ec4-32b2-4492-8891-ec2415e007a6</versionId>
    </managedAsset>
</teamworks>

