<?xml version="1.0" encoding="UTF-8"?>
<teamworks>
    <managedAsset id="61.6f6cbf4e-7131-4dfd-976c-fdc0ecfc9a9a" name="BPMExt-Control-Signature.js">
        <lastModified>1495443130123</lastModified>
        <lastModifiedBy>Kirankumar Rana</lastModifiedBy>
        <managedAssetId>61.6f6cbf4e-7131-4dfd-976c-fdc0ecfc9a9a</managedAssetId>
        <assetUuid>11f04541-5ae5-4f19-9a83-920db36da718</assetUuid>
        <mimeType>application/javascript</mimeType>
        <charEncoding isNull="true" />
        <assetTypeCode>W</assetTypeCode>
        <length>16746</length>
        <localLastModification>1495442124970</localLastModification>
        <description isNull="true" />
        <isDocumentationFile>false</isDocumentationFile>
        <guid>103ceb43-f351-4abd-a8bd-3e3800780ee7</guid>
        <versionId>de05dd1e-9bfe-43b7-8704-62c0a4b30f72</versionId>
    </managedAsset>
</teamworks>

