<?xml version="1.0" encoding="UTF-8"?>
<teamworks>
    <managedAsset id="61.61118184-9a3c-4ff2-a285-a2103e37c9b1" name="BPMExt-Control-DateTimePicker-Palette.png">
        <lastModified>1495102288143</lastModified>
        <lastModifiedBy isNull="true" />
        <managedAssetId>61.61118184-9a3c-4ff2-a285-a2103e37c9b1</managedAssetId>
        <assetUuid>fa8d91ef-6eea-49c0-8a30-51f2f0dba4e9</assetUuid>
        <mimeType>image/png</mimeType>
        <charEncoding isNull="true" />
        <assetTypeCode>W</assetTypeCode>
        <length>1101</length>
        <localLastModification>1495101827612</localLastModification>
        <description isNull="true" />
        <isDocumentationFile>false</isDocumentationFile>
        <guid>20671b5d-79c1-4798-8be6-21b846ece8c1</guid>
        <versionId>20671b5d-79c1-4798-8be6-21b846ece8c1</versionId>
    </managedAsset>
</teamworks>

