<?xml version="1.0" encoding="UTF-8"?>
<teamworks>
    <managedAsset id="61.6ca85386-77e3-4d00-b854-774fce028d92" name="BPMExt-Control-Link.js">
        <lastModified>1495182165539</lastModified>
        <lastModifiedBy>Kirankumar Rana</lastModifiedBy>
        <managedAssetId>61.6ca85386-77e3-4d00-b854-774fce028d92</managedAssetId>
        <assetUuid>84e360fd-1853-4186-9c40-53533b94a9c1</assetUuid>
        <mimeType>application/javascript</mimeType>
        <charEncoding isNull="true" />
        <assetTypeCode>W</assetTypeCode>
        <length>32039</length>
        <localLastModification>1495180211584</localLastModification>
        <description isNull="true" />
        <isDocumentationFile>false</isDocumentationFile>
        <guid>4fd31d7a-45be-4d8c-96bd-248c9b5051d7</guid>
        <versionId>f97535de-d026-4b75-b645-5219a498f4c8</versionId>
    </managedAsset>
</teamworks>

