<?xml version="1.0" encoding="UTF-8"?>
<teamworks>
    <managedAsset id="61.6ce8b7e0-8d37-4987-89f5-a51c6c91cbb9" name="BPMExt-Control-BarChartSDS-Preview.js">
        <lastModified>1493727573692</lastModified>
        <lastModifiedBy>Kirankumar Rana</lastModifiedBy>
        <managedAssetId>61.6ce8b7e0-8d37-4987-89f5-a51c6c91cbb9</managedAssetId>
        <assetUuid>3f052847-4d79-4d4c-9927-b3b111786b9d</assetUuid>
        <mimeType>application/javascript</mimeType>
        <charEncoding isNull="true" />
        <assetTypeCode>W</assetTypeCode>
        <length>5922</length>
        <localLastModification>1493717399217</localLastModification>
        <description isNull="true" />
        <isDocumentationFile>false</isDocumentationFile>
        <guid>05e1d37e-dc43-4689-a672-37cc80896f5b</guid>
        <versionId>ff62a568-e79b-4a9a-9870-29e0e92deab6</versionId>
    </managedAsset>
</teamworks>

