<?xml version="1.0" encoding="UTF-8"?>
<teamworks>
    <managedAsset id="61.672c97b4-cdcd-4e7d-8958-fce1e23e9958" name="BPMExt-Control-HorizontalLayout.js">
        <lastModified>1460667263519</lastModified>
        <lastModifiedBy>Eric Ducos</lastModifiedBy>
        <managedAssetId>61.672c97b4-cdcd-4e7d-8958-fce1e23e9958</managedAssetId>
        <assetUuid>b5c950e1-39b0-450a-8811-68f83c996ced</assetUuid>
        <mimeType>application/javascript</mimeType>
        <charEncoding isNull="true" />
        <assetTypeCode>W</assetTypeCode>
        <length>7034</length>
        <localLastModification>1460667129066</localLastModification>
        <description isNull="true" />
        <isDocumentationFile>false</isDocumentationFile>
        <guid>be3915c0-662c-4548-93c9-0ea6c206762d</guid>
        <versionId>50f52e23-7fb1-4f09-b0b8-6f9732b634f5</versionId>
    </managedAsset>
</teamworks>

