<?xml version="1.0" encoding="UTF-8"?>
<teamworks>
    <managedAsset id="61.62d032eb-a39c-4b13-958f-78982c3d74e3" name="BPMExt-Control-Configuration-Palette.png">
        <lastModified>1429666091519</lastModified>
        <lastModifiedBy>admin</lastModifiedBy>
        <managedAssetId>61.62d032eb-a39c-4b13-958f-78982c3d74e3</managedAssetId>
        <assetUuid>981359cf-ad25-4ea6-9321-6b390f3f45ea</assetUuid>
        <mimeType>image/png</mimeType>
        <charEncoding isNull="true" />
        <assetTypeCode>W</assetTypeCode>
        <length>852</length>
        <localLastModification>1423180493954</localLastModification>
        <description isNull="true" />
        <isDocumentationFile>false</isDocumentationFile>
        <guid>61620cd2-5e05-45ff-99ca-e8cf5275fe61</guid>
        <versionId>d6c7d877-99be-4bdd-9ad8-2229e4b78b20</versionId>
    </managedAsset>
</teamworks>

