<?xml version="1.0" encoding="UTF-8"?>
<teamworks>
    <managedAsset id="61.69a04361-9a4b-45b7-a0cf-c50b32fe34f1" name="BPMExt-Control-Spinner-Palette.png">
        <lastModified>1594406544721</lastModified>
        <lastModifiedBy>tw_admin</lastModifiedBy>
        <managedAssetId>61.69a04361-9a4b-45b7-a0cf-c50b32fe34f1</managedAssetId>
        <assetUuid>269b7987-e916-460c-a692-b8170c8cd391</assetUuid>
        <mimeType>image/png</mimeType>
        <charEncoding isNull="true" />
        <assetTypeCode>W</assetTypeCode>
        <length>5862</length>
        <localLastModification>1594406173480</localLastModification>
        <description isNull="true" />
        <isDocumentationFile>false</isDocumentationFile>
        <guid>882f0884-d7d0-4510-9ad8-b27b71ffeb0f</guid>
        <versionId>09c0c43b-7f72-4cc0-b279-0e6e0a76ec25</versionId>
    </managedAsset>
</teamworks>

