<?xml version="1.0" encoding="UTF-8"?>
<teamworks>
    <managedAsset id="61.6f38ac91-31cc-46bb-92ef-212a67956f98" name="BPMExt-Control-CollapsiblePanel-Palette.png">
        <lastModified>1429666184878</lastModified>
        <lastModifiedBy>admin</lastModifiedBy>
        <managedAssetId>61.6f38ac91-31cc-46bb-92ef-212a67956f98</managedAssetId>
        <assetUuid>25150051-5515-4dc9-a166-529c7c904d4d</assetUuid>
        <mimeType>image/png</mimeType>
        <charEncoding isNull="true" />
        <assetTypeCode>W</assetTypeCode>
        <length>307</length>
        <localLastModification>1423258973491</localLastModification>
        <description isNull="true" />
        <isDocumentationFile>false</isDocumentationFile>
        <guid>55c73343-6283-4167-b006-400a4d2abe78</guid>
        <versionId>674da818-4c92-4fc3-9b43-c03d43f5f623</versionId>
    </managedAsset>
</teamworks>

