<?xml version="1.0" encoding="UTF-8"?>
<teamworks>
    <managedAsset id="61.693bf950-aa89-4957-a12a-8e1f448bdab3" name="BPMExt-Control-AreaChartSDS-Preview.js">
        <lastModified>1493727095805</lastModified>
        <lastModifiedBy>Kirankumar Rana</lastModifiedBy>
        <managedAssetId>61.693bf950-aa89-4957-a12a-8e1f448bdab3</managedAssetId>
        <assetUuid>1b83ff6d-c205-47e9-83ff-98ee09994e23</assetUuid>
        <mimeType>application/javascript</mimeType>
        <charEncoding isNull="true" />
        <assetTypeCode>W</assetTypeCode>
        <length>5979</length>
        <localLastModification>1493716591371</localLastModification>
        <description isNull="true" />
        <isDocumentationFile>false</isDocumentationFile>
        <guid>055531eb-f651-4a6c-9dfe-6c62999b1c42</guid>
        <versionId>8af60714-8813-457a-97b9-44a78b97bef1</versionId>
    </managedAsset>
</teamworks>

