<?xml version="1.0" encoding="UTF-8"?>
<teamworks>
    <managedAsset id="61.7157a5b5-8f6b-4b7d-bf50-54a9334d04ec" name="BPMExt-Control-TypeAheadText-Preview.js">
        <lastModified>1483707297095</lastModified>
        <lastModifiedBy>Kirankumar Rana</lastModifiedBy>
        <managedAssetId>61.7157a5b5-8f6b-4b7d-bf50-54a9334d04ec</managedAssetId>
        <assetUuid>51312811-84ca-489f-8aa5-fb7be0e2c08f</assetUuid>
        <mimeType>application/javascript</mimeType>
        <charEncoding isNull="true" />
        <assetTypeCode>W</assetTypeCode>
        <length>8059</length>
        <localLastModification>1483704465952</localLastModification>
        <description isNull="true" />
        <isDocumentationFile>false</isDocumentationFile>
        <guid>e376331e-e5a5-4abb-8ab8-04e9d275008d</guid>
        <versionId>59fa0078-ddd5-439e-8528-dbe47892fb77</versionId>
    </managedAsset>
</teamworks>

