<?xml version="1.0" encoding="UTF-8"?>
<teamworks>
    <managedAsset id="61.707df18d-147d-4cb1-9de6-1de6e018a922" name="BPMExt-Control-Places-Preview.png">
        <lastModified>1430927110415</lastModified>
        <lastModifiedBy>admin</lastModifiedBy>
        <managedAssetId>61.707df18d-147d-4cb1-9de6-1de6e018a922</managedAssetId>
        <assetUuid>91563de0-11e0-43ed-9211-132a967a2b37</assetUuid>
        <mimeType>image/png</mimeType>
        <charEncoding isNull="true" />
        <assetTypeCode>W</assetTypeCode>
        <length>2327</length>
        <localLastModification>1426527506710</localLastModification>
        <description isNull="true" />
        <isDocumentationFile>false</isDocumentationFile>
        <guid>49f93fb8-c29f-4e86-a22a-ce1513f2a44f</guid>
        <versionId>4150ae9a-d00d-4d3f-9fa1-294c7bcba8b3</versionId>
    </managedAsset>
</teamworks>

