<?xml version="1.0" encoding="UTF-8"?>
<teamworks>
    <managedAsset id="61.7cec3e48-dc4a-4ec2-b613-c83388df3104" name="BPMExt-Control-Alerts.js">
        <lastModified>1495188484669</lastModified>
        <lastModifiedBy>Kirankumar Rana</lastModifiedBy>
        <managedAssetId>61.7cec3e48-dc4a-4ec2-b613-c83388df3104</managedAssetId>
        <assetUuid>1ebbd2f5-8498-4048-abd0-3bd73fda60f8</assetUuid>
        <mimeType>application/javascript</mimeType>
        <charEncoding isNull="true" />
        <assetTypeCode>W</assetTypeCode>
        <length>24556</length>
        <localLastModification>1495186495998</localLastModification>
        <description isNull="true" />
        <isDocumentationFile>false</isDocumentationFile>
        <guid>ca9ecc4c-e8fd-4a0a-8409-fc1f18f10398</guid>
        <versionId>d43a9288-871f-4d8c-8e51-e977860e31c1</versionId>
    </managedAsset>
</teamworks>

