<?xml version="1.0" encoding="UTF-8"?>
<teamworks>
    <managedAsset id="61.77742331-b3aa-4801-954e-955e7daa690d" name="BPMExt-Control-Link-Palette.png">
        <lastModified>1432076686612</lastModified>
        <lastModifiedBy>Eric Ducos</lastModifiedBy>
        <managedAssetId>61.77742331-b3aa-4801-954e-955e7daa690d</managedAssetId>
        <assetUuid>c4a1bfe8-6d4e-4efa-b9d5-ae5abedf4f2b</assetUuid>
        <mimeType>image/png</mimeType>
        <charEncoding isNull="true" />
        <assetTypeCode>W</assetTypeCode>
        <length>567</length>
        <localLastModification>1432076291900</localLastModification>
        <description isNull="true" />
        <isDocumentationFile>false</isDocumentationFile>
        <guid>b87c5f4b-cd56-4fd3-9b9c-f84a0e5db606</guid>
        <versionId>e1003fed-7927-4079-9db8-73b0401353dd</versionId>
    </managedAsset>
</teamworks>

