<?xml version="1.0" encoding="UTF-8"?>
<teamworks>
    <managedAsset id="61.77559656-98db-4b38-81c8-39957ca81fed" name="BPMExt-Control-RadioButton-Preview.js">
        <lastModified>1483707031070</lastModified>
        <lastModifiedBy>Kirankumar Rana</lastModifiedBy>
        <managedAssetId>61.77559656-98db-4b38-81c8-39957ca81fed</managedAssetId>
        <assetUuid>b4caf2c9-fc01-4dd2-a1f4-593a1da5657a</assetUuid>
        <mimeType>application/javascript</mimeType>
        <charEncoding isNull="true" />
        <assetTypeCode>W</assetTypeCode>
        <length>4279</length>
        <localLastModification>1483704056652</localLastModification>
        <description isNull="true" />
        <isDocumentationFile>false</isDocumentationFile>
        <guid>5ee340af-4106-460e-bba1-4cd93f043679</guid>
        <versionId>e445cd30-5194-4989-9708-627962bebe36</versionId>
    </managedAsset>
</teamworks>

