<?xml version="1.0" encoding="UTF-8"?>
<teamworks>
    <managedAsset id="61.74324955-d60a-4bc1-8288-7fd5433d788d" name="BPMExt-Control-RangeSlider-Preview.png">
        <lastModified>1447100124494</lastModified>
        <lastModifiedBy>Eric Ducos</lastModifiedBy>
        <managedAssetId>61.74324955-d60a-4bc1-8288-7fd5433d788d</managedAssetId>
        <assetUuid>95c13e24-5663-481f-b556-2e5038b63761</assetUuid>
        <mimeType>image/png</mimeType>
        <charEncoding isNull="true" />
        <assetTypeCode>W</assetTypeCode>
        <length>1446</length>
        <localLastModification>1447100080825</localLastModification>
        <description isNull="true" />
        <isDocumentationFile>false</isDocumentationFile>
        <guid>c471af61-76d9-4f53-b24b-5dfd2c011879</guid>
        <versionId>5ac7dd86-14a7-40d0-8f15-c47af62b1ccf</versionId>
    </managedAsset>
</teamworks>

