<?xml version="1.0" encoding="UTF-8"?>
<teamworks>
    <managedAsset id="61.7a7d4e25-8d54-4497-814f-978b31340f55" name="BPMExt-Control-Icon-Preview.png">
        <lastModified>1429667456384</lastModified>
        <lastModifiedBy>admin</lastModifiedBy>
        <managedAssetId>61.7a7d4e25-8d54-4497-814f-978b31340f55</managedAssetId>
        <assetUuid>0cbac8e6-e5f5-41df-b1ad-102bbeaf974a</assetUuid>
        <mimeType>image/png</mimeType>
        <charEncoding isNull="true" />
        <assetTypeCode>W</assetTypeCode>
        <length>1237</length>
        <localLastModification>1423584711988</localLastModification>
        <description isNull="true" />
        <isDocumentationFile>false</isDocumentationFile>
        <guid>64e94ffd-c3de-42fb-ae51-f697358c8f89</guid>
        <versionId>2a35c4d8-1389-4d4a-a471-763c30297f73</versionId>
    </managedAsset>
</teamworks>

