<?xml version="1.0" encoding="UTF-8"?>
<teamworks>
    <managedAsset id="61.71caa42f-9f7f-49b4-b5a5-8ea789a106f5" name="BPMExt-Control-GeoCoder-Preview.png">
        <lastModified>1429667126280</lastModified>
        <lastModifiedBy>admin</lastModifiedBy>
        <managedAssetId>61.71caa42f-9f7f-49b4-b5a5-8ea789a106f5</managedAssetId>
        <assetUuid>21a8865e-a626-4546-a457-f287ee91a4b0</assetUuid>
        <mimeType>image/png</mimeType>
        <charEncoding isNull="true" />
        <assetTypeCode>W</assetTypeCode>
        <length>3158</length>
        <localLastModification>1425523556103</localLastModification>
        <description isNull="true" />
        <isDocumentationFile>false</isDocumentationFile>
        <guid>0e1b0951-c381-49ae-83d3-8368f775d021</guid>
        <versionId>5752b247-bf02-4e51-b365-8e58d3f0160e</versionId>
    </managedAsset>
</teamworks>

