<?xml version="1.0" encoding="UTF-8"?>
<teamworks>
    <managedAsset id="61.74460c64-2df8-41fb-bbee-97d393052645" name="BPMExt-Control-PanelHeader.js">
        <lastModified>1495182454010</lastModified>
        <lastModifiedBy>Kirankumar Rana</lastModifiedBy>
        <managedAssetId>61.74460c64-2df8-41fb-bbee-97d393052645</managedAssetId>
        <assetUuid>299952e5-2f8f-4275-833b-2bbf612b0bb9</assetUuid>
        <mimeType>application/javascript</mimeType>
        <charEncoding isNull="true" />
        <assetTypeCode>W</assetTypeCode>
        <length>5017</length>
        <localLastModification>1495181060263</localLastModification>
        <description isNull="true" />
        <isDocumentationFile>false</isDocumentationFile>
        <guid>b9295b78-2ccd-40e4-a0dc-fefa1f27cd73</guid>
        <versionId>4dc20446-e3fa-4631-8d63-5c147d4d881d</versionId>
    </managedAsset>
</teamworks>

