<?xml version="1.0" encoding="UTF-8"?>
<teamworks>
    <managedAsset id="61.7b2fca96-6b01-4c5a-b243-f60192c8d3f9" name="BPMExt-Control-OutputText-Preview.js">
        <lastModified>1484573302277</lastModified>
        <lastModifiedBy>Kirankumar Rana</lastModifiedBy>
        <managedAssetId>61.7b2fca96-6b01-4c5a-b243-f60192c8d3f9</managedAssetId>
        <assetUuid>2ce726dd-9b0c-4b90-b167-ec4fef57d302</assetUuid>
        <mimeType>application/javascript</mimeType>
        <charEncoding isNull="true" />
        <assetTypeCode>W</assetTypeCode>
        <length>11055</length>
        <localLastModification>1484573059749</localLastModification>
        <description isNull="true" />
        <isDocumentationFile>false</isDocumentationFile>
        <guid>fb4a1581-bec6-4303-8516-50f028cfc873</guid>
        <versionId>4e11666d-7591-4ece-8e3c-028bb84d41b5</versionId>
    </managedAsset>
</teamworks>

