<?xml version="1.0" encoding="UTF-8"?>
<teamworks>
    <managedAsset id="61.71da8275-e204-4349-b1e4-5376ce9d7d0c" name="BPMExt-Control-Button-Preview.html">
        <lastModified>1493912566832</lastModified>
        <lastModifiedBy>Eric Ducos</lastModifiedBy>
        <managedAssetId>61.71da8275-e204-4349-b1e4-5376ce9d7d0c</managedAssetId>
        <assetUuid>ef07a1cb-01fe-4cda-a114-eba108bfbc19</assetUuid>
        <mimeType>text/html</mimeType>
        <charEncoding isNull="true" />
        <assetTypeCode>W</assetTypeCode>
        <length>128</length>
        <localLastModification>1493912362577</localLastModification>
        <description isNull="true" />
        <isDocumentationFile>false</isDocumentationFile>
        <guid>9d11f472-9f70-41d7-9695-ae8f7865b46e</guid>
        <versionId>e5bf5a86-84e9-4393-9910-063c6365151c</versionId>
    </managedAsset>
</teamworks>

