<?xml version="1.0" encoding="UTF-8"?>
<teamworks>
    <managedAsset id="61.7aa15bc0-8660-4116-a6a1-525f95d06544" name="BPMExt-Control-Breadcrumbs-Preview.js">
        <lastModified>1492773780288</lastModified>
        <lastModifiedBy>Kirankumar Rana</lastModifiedBy>
        <managedAssetId>61.7aa15bc0-8660-4116-a6a1-525f95d06544</managedAssetId>
        <assetUuid>c3e49044-e36c-454f-8a87-b71ca691b624</assetUuid>
        <mimeType>application/javascript</mimeType>
        <charEncoding isNull="true" />
        <assetTypeCode>W</assetTypeCode>
        <length>3960</length>
        <localLastModification>1492773695403</localLastModification>
        <description isNull="true" />
        <isDocumentationFile>false</isDocumentationFile>
        <guid>912735ce-16fa-41f6-93b8-cf2d3cee0ebc</guid>
        <versionId>9fc99449-7225-40c7-b377-3b147cb0be20</versionId>
    </managedAsset>
</teamworks>

