<?xml version="1.0" encoding="UTF-8"?>
<teamworks>
    <managedAsset id="61.7b7eac02-6ad9-43a8-909f-6087629a43ee" name="BPMExt-Control-AreaChart-Palette.png">
        <lastModified>1429665903738</lastModified>
        <lastModifiedBy>admin</lastModifiedBy>
        <managedAssetId>61.7b7eac02-6ad9-43a8-909f-6087629a43ee</managedAssetId>
        <assetUuid>df77590e-ee89-4fa4-bfb1-90fd429038ae</assetUuid>
        <mimeType>image/png</mimeType>
        <charEncoding isNull="true" />
        <assetTypeCode>W</assetTypeCode>
        <length>1060</length>
        <localLastModification>1423257982412</localLastModification>
        <description isNull="true" />
        <isDocumentationFile>false</isDocumentationFile>
        <guid>85afc3a9-fb97-4303-9ef4-fa8bb4ca6cb3</guid>
        <versionId>f905bf4a-8e7e-4a5c-b059-25dbcacb002c</versionId>
    </managedAsset>
</teamworks>

