<?xml version="1.0" encoding="UTF-8"?>
<teamworks>
    <managedAsset id="61.8377af14-e480-4080-ae54-c809f8eb03c0" name="BPMExt-Control-GeoCoder.js">
        <lastModified>1458144527934</lastModified>
        <lastModifiedBy>Andrew Casey-Clyde</lastModifiedBy>
        <managedAssetId>61.8377af14-e480-4080-ae54-c809f8eb03c0</managedAssetId>
        <assetUuid>2340011c-50f5-459d-8a97-7dacf6901727</assetUuid>
        <mimeType>application/javascript</mimeType>
        <charEncoding isNull="true" />
        <assetTypeCode>W</assetTypeCode>
        <length>14737</length>
        <localLastModification>1458144492484</localLastModification>
        <description isNull="true" />
        <isDocumentationFile>false</isDocumentationFile>
        <guid>08579404-e6e0-4c1b-b75f-40b51d32dbc2</guid>
        <versionId>7c94b337-cfa6-43ed-9b3e-d8d1f16fdc5a</versionId>
    </managedAsset>
</teamworks>

