<?xml version="1.0" encoding="UTF-8"?>
<teamworks>
    <managedAsset id="61.8e98f4cb-1a95-4a51-abbd-d7983e627227" name="BPMExt-Control-QRCode-Preview.js">
        <lastModified>1490628898375</lastModified>
        <lastModifiedBy>Kirankumar Rana</lastModifiedBy>
        <managedAssetId>61.8e98f4cb-1a95-4a51-abbd-d7983e627227</managedAssetId>
        <assetUuid>740953af-9711-409f-ac8a-802474702e23</assetUuid>
        <mimeType>application/javascript</mimeType>
        <charEncoding isNull="true" />
        <assetTypeCode>W</assetTypeCode>
        <length>7195</length>
        <localLastModification>1490621809038</localLastModification>
        <description isNull="true" />
        <isDocumentationFile>false</isDocumentationFile>
        <guid>4fec102e-e976-432d-9264-8520e98b15cc</guid>
        <versionId>8a05a1e6-2f49-4554-9629-1ac3a23e7c0f</versionId>
    </managedAsset>
</teamworks>

