<?xml version="1.0" encoding="UTF-8"?>
<teamworks>
    <managedAsset id="61.81716e18-2710-46d4-b5cb-f88471fa0a52" name="BPMExt-Server-PrepareQuery.js">
        <lastModified>1460725758205</lastModified>
        <lastModifiedBy>Eric Ducos</lastModifiedBy>
        <managedAssetId>61.81716e18-2710-46d4-b5cb-f88471fa0a52</managedAssetId>
        <assetUuid>3789ae9e-1f4c-4a1f-b203-47fbb83e76cc</assetUuid>
        <mimeType>application/javascript</mimeType>
        <charEncoding isNull="true" />
        <assetTypeCode>J</assetTypeCode>
        <length>8974</length>
        <localLastModification>1460725741430</localLastModification>
        <description isNull="true" />
        <isDocumentationFile>false</isDocumentationFile>
        <guid>c86e3c7a-ea24-4d02-bd6b-3247f7680d32</guid>
        <versionId>31ae297f-d33c-4a77-ad54-a04778995336</versionId>
    </managedAsset>
</teamworks>

