<?xml version="1.0" encoding="UTF-8"?>
<teamworks>
    <managedAsset id="61.8fe998ba-e3b4-4d94-baf4-6ab739016cdf" name="BPMExt-Control-DeferredSection-Palette.png">
        <lastModified>1429666144053</lastModified>
        <lastModifiedBy>admin</lastModifiedBy>
        <managedAssetId>61.8fe998ba-e3b4-4d94-baf4-6ab739016cdf</managedAssetId>
        <assetUuid>b3b05d99-caeb-4286-8e29-bd31436390a5</assetUuid>
        <mimeType>image/png</mimeType>
        <charEncoding isNull="true" />
        <assetTypeCode>W</assetTypeCode>
        <length>411</length>
        <localLastModification>1423506684154</localLastModification>
        <description isNull="true" />
        <isDocumentationFile>false</isDocumentationFile>
        <guid>9e18288b-faf8-45c6-902f-45aefeb34188</guid>
        <versionId>47c6660e-14e7-4ad1-90cd-d0783ebad963</versionId>
    </managedAsset>
</teamworks>

