<?xml version="1.0" encoding="UTF-8"?>
<teamworks>
    <managedAsset id="61.8e08bcc9-257e-40ef-8ead-012dd8be289d" name="BPMExt-Control-BarChartSDS-Preview.png">
        <lastModified>1493727563533</lastModified>
        <lastModifiedBy>Kirankumar Rana</lastModifiedBy>
        <managedAssetId>61.8e08bcc9-257e-40ef-8ead-012dd8be289d</managedAssetId>
        <assetUuid>97a4afb0-0fdf-4766-ba91-968fc5eda348</assetUuid>
        <mimeType>image/png</mimeType>
        <charEncoding isNull="true" />
        <assetTypeCode>W</assetTypeCode>
        <length>7289</length>
        <localLastModification>1493717323610</localLastModification>
        <description isNull="true" />
        <isDocumentationFile>false</isDocumentationFile>
        <guid>e73e18cb-c95c-4773-aafc-7008ef35b292</guid>
        <versionId>adf892cc-8deb-47b5-a1a8-182b0849cdc5</versionId>
    </managedAsset>
</teamworks>

