<?xml version="1.0" encoding="UTF-8"?>
<teamworks>
    <managedAsset id="61.895adae9-cac8-4a4e-b302-ed1bfc8422f4" name="BPMExt-Control-Alerts-Preview.png">
        <lastModified>1443031775168</lastModified>
        <lastModifiedBy>Eric Ducos</lastModifiedBy>
        <managedAssetId>61.895adae9-cac8-4a4e-b302-ed1bfc8422f4</managedAssetId>
        <assetUuid>932dac6b-9a1e-48d5-aecc-f9afaf7f682c</assetUuid>
        <mimeType>image/png</mimeType>
        <charEncoding isNull="true" />
        <assetTypeCode>W</assetTypeCode>
        <length>2727</length>
        <localLastModification>1443031322716</localLastModification>
        <description isNull="true" />
        <isDocumentationFile>false</isDocumentationFile>
        <guid>27e1554d-427a-4d57-b39a-131af04e4378</guid>
        <versionId>61b1b144-1710-4e18-a28f-ac94bf2872da</versionId>
    </managedAsset>
</teamworks>

