<?xml version="1.0" encoding="UTF-8"?>
<teamworks>
    <managedAsset id="61.84468fff-408a-43d8-a780-aff14ae14288" name="BPMExt-Control-Notification-Preview.js">
        <lastModified>1483706711433</lastModified>
        <lastModifiedBy>Kirankumar Rana</lastModifiedBy>
        <managedAssetId>61.84468fff-408a-43d8-a780-aff14ae14288</managedAssetId>
        <assetUuid>75d27190-1a2d-410e-8bb2-cafc867180f7</assetUuid>
        <mimeType>application/javascript</mimeType>
        <charEncoding isNull="true" />
        <assetTypeCode>W</assetTypeCode>
        <length>6108</length>
        <localLastModification>1483703672078</localLastModification>
        <description isNull="true" />
        <isDocumentationFile>false</isDocumentationFile>
        <guid>0c66b690-c555-4663-b8b7-d5a70ac29d87</guid>
        <versionId>a805ebb7-bcc9-4673-b767-8f42ff00e8ba</versionId>
    </managedAsset>
</teamworks>

