<?xml version="1.0" encoding="UTF-8"?>
<teamworks>
    <managedAsset id="61.89ee615e-0227-4980-b4bc-6f2c0c1cd8ea" name="BPMExt-Control-TableLayout-Palette.png">
        <lastModified>1429667046005</lastModified>
        <lastModifiedBy>admin</lastModifiedBy>
        <managedAssetId>61.89ee615e-0227-4980-b4bc-6f2c0c1cd8ea</managedAssetId>
        <assetUuid>9233cd38-f59b-4ba1-992c-da29e2aa8cbb</assetUuid>
        <mimeType>image/png</mimeType>
        <charEncoding isNull="true" />
        <assetTypeCode>W</assetTypeCode>
        <length>286</length>
        <localLastModification>1423175498235</localLastModification>
        <description isNull="true" />
        <isDocumentationFile>false</isDocumentationFile>
        <guid>17557cea-57c1-464a-a012-96cc6b007359</guid>
        <versionId>451bef71-2bb1-4082-b44d-9da9b4938cfb</versionId>
    </managedAsset>
</teamworks>

