<?xml version="1.0" encoding="UTF-8"?>
<teamworks>
    <managedAsset id="61.81ba34bc-e821-41ad-970a-c1c3cdba5991" name="BPMExt-Lib-TinyMCE.zip">
        <lastModified>1460681986430</lastModified>
        <lastModifiedBy>Eric Ducos</lastModifiedBy>
        <managedAssetId>61.81ba34bc-e821-41ad-970a-c1c3cdba5991</managedAssetId>
        <assetUuid>fb622bf7-d340-4cdf-b9ba-e7e1ae40e6f2</assetUuid>
        <mimeType>application/zip</mimeType>
        <charEncoding isNull="true" />
        <assetTypeCode>W</assetTypeCode>
        <length>1850752</length>
        <localLastModification>1460681978357</localLastModification>
        <description isNull="true" />
        <isDocumentationFile>false</isDocumentationFile>
        <guid>6a940635-0cf2-478b-bb04-a1121b45c575</guid>
        <versionId>e829e18e-5427-497c-a7cd-ae0cb4f1c008</versionId>
    </managedAsset>
</teamworks>

