<?xml version="1.0" encoding="UTF-8"?>
<teamworks>
    <managedAsset id="61.872b3206-6710-4b28-a23d-1ae6728b2a14" name="BPMExt-Control-MaskedText-Palette.png">
        <lastModified>1430258084182</lastModified>
        <lastModifiedBy>admin</lastModifiedBy>
        <managedAssetId>61.872b3206-6710-4b28-a23d-1ae6728b2a14</managedAssetId>
        <assetUuid>658aa85a-2805-4e91-a935-d8e3d3c17dda</assetUuid>
        <mimeType>image/png</mimeType>
        <charEncoding isNull="true" />
        <assetTypeCode>W</assetTypeCode>
        <length>478</length>
        <localLastModification>1430257984468</localLastModification>
        <description isNull="true" />
        <isDocumentationFile>false</isDocumentationFile>
        <guid>8a4c9292-5541-497a-9f82-beeb48dc1366</guid>
        <versionId>4d7e2cdb-b7de-42d7-a3c8-bbb5496645e4</versionId>
    </managedAsset>
</teamworks>

