<?xml version="1.0" encoding="UTF-8"?>
<teamworks>
    <managedAsset id="61.838d2a7a-6a1f-4114-9f96-5ae1ab10fa00" name="BPMExt-Lib-RangeSlider.zip">
        <lastModified>1461960197287</lastModified>
        <lastModifiedBy>Andrew Casey-Clyde</lastModifiedBy>
        <managedAssetId>61.838d2a7a-6a1f-4114-9f96-5ae1ab10fa00</managedAssetId>
        <assetUuid>58adbd35-9ad5-4107-8a00-13fd81e4a89b</assetUuid>
        <mimeType>application/zip</mimeType>
        <charEncoding isNull="true" />
        <assetTypeCode>W</assetTypeCode>
        <length>23147</length>
        <localLastModification>1461960149534</localLastModification>
        <description isNull="true" />
        <isDocumentationFile>false</isDocumentationFile>
        <guid>1c9c7706-29ee-499f-849e-9c9547ed8e2e</guid>
        <versionId>3aac8a5e-a654-46e5-8820-6bed0da53a04</versionId>
    </managedAsset>
</teamworks>

