<?xml version="1.0" encoding="UTF-8"?>
<teamworks>
    <managedAsset id="61.8e655870-2de8-4065-b80d-aca5d660e525" name="BPMExt-Control-Button.js">
        <lastModified>1495097020062</lastModified>
        <lastModifiedBy>Kirankumar Rana</lastModifiedBy>
        <managedAssetId>61.8e655870-2de8-4065-b80d-aca5d660e525</managedAssetId>
        <assetUuid>8cc645fd-e079-47d5-a014-8f371a84e398</assetUuid>
        <mimeType>application/javascript</mimeType>
        <charEncoding isNull="true" />
        <assetTypeCode>W</assetTypeCode>
        <length>30971</length>
        <localLastModification>1495095716349</localLastModification>
        <description isNull="true" />
        <isDocumentationFile>false</isDocumentationFile>
        <guid>ad3b29ba-4fc3-43a0-a4b0-16c125e369e7</guid>
        <versionId>a9219a44-c33d-4ad1-b004-0b4a42885bd3</versionId>
    </managedAsset>
</teamworks>

