<?xml version="1.0" encoding="UTF-8"?>
<teamworks>
    <managedAsset id="61.8ebb9cde-6e09-4fff-b245-e82cf1ea8ed0" name="coach_ng_utilities.zip">
        <lastModified>1450731761393</lastModified>
        <lastModifiedBy>Administrative User</lastModifiedBy>
        <managedAssetId>61.8ebb9cde-6e09-4fff-b245-e82cf1ea8ed0</managedAssetId>
        <assetUuid>b09f7b25-751e-4abf-a56f-175520b85588</assetUuid>
        <mimeType>application/zip</mimeType>
        <charEncoding isNull="true" />
        <assetTypeCode>W</assetTypeCode>
        <length>8800</length>
        <localLastModification>1450731720159</localLastModification>
        <description isNull="true" />
        <isDocumentationFile>false</isDocumentationFile>
        <guid>15edc91b-974c-40ff-bf32-4bb7dc3afdde</guid>
        <versionId>cbdc0b6c-9c3c-46c8-8efc-2fab73323f6b</versionId>
    </managedAsset>
</teamworks>

