<?xml version="1.0" encoding="UTF-8"?>
<teamworks>
    <managedAsset id="61.86affb3f-5c6e-4733-90c6-3d006e3a96f2" name="BPMExt-Control-OutputText.js">
        <lastModified>1495097065680</lastModified>
        <lastModifiedBy>Kirankumar Rana</lastModifiedBy>
        <managedAssetId>61.86affb3f-5c6e-4733-90c6-3d006e3a96f2</managedAssetId>
        <assetUuid>5a56c85b-4da4-4dc3-bd5f-90514d0f374f</assetUuid>
        <mimeType>application/javascript</mimeType>
        <charEncoding isNull="true" />
        <assetTypeCode>W</assetTypeCode>
        <length>28667</length>
        <localLastModification>1495095871966</localLastModification>
        <description isNull="true" />
        <isDocumentationFile>false</isDocumentationFile>
        <guid>a70bb316-1c33-4d16-a277-8456f772e52c</guid>
        <versionId>5b0deeb5-462e-4122-b694-ce15d7a44cf9</versionId>
    </managedAsset>
</teamworks>

