<?xml version="1.0" encoding="UTF-8"?>
<teamworks>
    <managedAsset id="61.8c1607fd-b334-4fc6-a3e5-db6ed0ec768e" name="BPMExt-Control-Decimal-Preview.png">
        <lastModified>1429667229985</lastModified>
        <lastModifiedBy>admin</lastModifiedBy>
        <managedAssetId>61.8c1607fd-b334-4fc6-a3e5-db6ed0ec768e</managedAssetId>
        <assetUuid>912e7fdc-e7e7-4539-97fe-1ef5bf1b900b</assetUuid>
        <mimeType>image/png</mimeType>
        <charEncoding isNull="true" />
        <assetTypeCode>W</assetTypeCode>
        <length>3180</length>
        <localLastModification>1423582480418</localLastModification>
        <description isNull="true" />
        <isDocumentationFile>false</isDocumentationFile>
        <guid>9b7260e9-04aa-4803-b21b-208081d191c2</guid>
        <versionId>d4e9ade0-7363-484e-ad93-40a42bb17b93</versionId>
    </managedAsset>
</teamworks>

