<?xml version="1.0" encoding="UTF-8"?>
<teamworks>
    <managedAsset id="61.8404c084-4f0b-4b86-8c44-90fa30dcbc33" name="BPMExt-Control-StepChartSDS-Preview.png">
        <lastModified>1493728866008</lastModified>
        <lastModifiedBy>Kirankumar Rana</lastModifiedBy>
        <managedAssetId>61.8404c084-4f0b-4b86-8c44-90fa30dcbc33</managedAssetId>
        <assetUuid>2c3e3214-71bf-4ff5-be1c-f163d5ba4b24</assetUuid>
        <mimeType>image/png</mimeType>
        <charEncoding isNull="true" />
        <assetTypeCode>W</assetTypeCode>
        <length>5204</length>
        <localLastModification>1493720970244</localLastModification>
        <description isNull="true" />
        <isDocumentationFile>false</isDocumentationFile>
        <guid>7f375b40-4a22-4ace-b41e-dc8aaf1f5ffa</guid>
        <versionId>2a2b284e-0c9b-4eb4-9e5d-a18a4fe697bb</versionId>
    </managedAsset>
</teamworks>

