<?xml version="1.0" encoding="UTF-8"?>
<teamworks>
    <managedAsset id="61.8e7f7828-9407-49bd-956a-f0379677fca9" name="BPMExt-Sort.js">
        <lastModified>1399953275190</lastModified>
        <lastModifiedBy>admin</lastModifiedBy>
        <managedAssetId>61.8e7f7828-9407-49bd-956a-f0379677fca9</managedAssetId>
        <assetUuid>e5865ec7-0938-4591-96ba-193e3f79384e</assetUuid>
        <mimeType>application/javascript</mimeType>
        <charEncoding isNull="true" />
        <assetTypeCode>W</assetTypeCode>
        <length>1037</length>
        <localLastModification>1373393847230</localLastModification>
        <description isNull="true" />
        <isDocumentationFile>false</isDocumentationFile>
        <guid>044b82d0-d93c-403e-a939-46ff605f9b7b</guid>
        <versionId>279d3b47-d1be-456d-b980-0e6d47d8189b</versionId>
    </managedAsset>
</teamworks>

