<?xml version="1.0" encoding="UTF-8"?>
<teamworks>
    <managedAsset id="61.8ace7035-f618-4f8d-8c6f-9bc046b21ff8" name="BPMExt-Control-OutputText-Preview.png">
        <lastModified>1454458193711</lastModified>
        <lastModifiedBy>Eric Ducos</lastModifiedBy>
        <managedAssetId>61.8ace7035-f618-4f8d-8c6f-9bc046b21ff8</managedAssetId>
        <assetUuid>d9fd66fd-b3be-4a28-8990-4f2bd1b59bd4</assetUuid>
        <mimeType>image/png</mimeType>
        <charEncoding isNull="true" />
        <assetTypeCode>W</assetTypeCode>
        <length>450</length>
        <localLastModification>1454458171824</localLastModification>
        <description isNull="true" />
        <isDocumentationFile>false</isDocumentationFile>
        <guid>be533b90-196c-454b-922c-994d8fadd9a6</guid>
        <versionId>d5f21ba1-3d82-4cbb-be85-74756f35b6fc</versionId>
    </managedAsset>
</teamworks>

