<?xml version="1.0" encoding="UTF-8"?>
<teamworks>
    <managedAsset id="61.84cd0377-cc8c-46e7-8a6f-0ef0ca8dde50" name="BPMExt-Control-Password-Preview.png">
        <lastModified>1429640755068</lastModified>
        <lastModifiedBy>admin</lastModifiedBy>
        <managedAssetId>61.84cd0377-cc8c-46e7-8a6f-0ef0ca8dde50</managedAssetId>
        <assetUuid>e86ae936-757b-41e8-b977-f548f335a07b</assetUuid>
        <mimeType>image/png</mimeType>
        <charEncoding isNull="true" />
        <assetTypeCode>W</assetTypeCode>
        <length>2216</length>
        <localLastModification>1423582950660</localLastModification>
        <description isNull="true" />
        <isDocumentationFile>false</isDocumentationFile>
        <guid>38b23108-7a51-4e28-a049-c80e204a8112</guid>
        <versionId>9cd3bd79-1b87-49cb-86e5-0673105fb0ec</versionId>
    </managedAsset>
</teamworks>

