<?xml version="1.0" encoding="UTF-8"?>
<teamworks>
    <managedAsset id="61.9cf0e768-61d9-448f-8871-c244cd09da2d" name="BPMExt-Control-BarChart-Palette.png">
        <lastModified>1429665992011</lastModified>
        <lastModifiedBy>admin</lastModifiedBy>
        <managedAssetId>61.9cf0e768-61d9-448f-8871-c244cd09da2d</managedAssetId>
        <assetUuid>4f08da54-2ca7-412b-bff0-bc1c4a5850e5</assetUuid>
        <mimeType>image/png</mimeType>
        <charEncoding isNull="true" />
        <assetTypeCode>W</assetTypeCode>
        <length>337</length>
        <localLastModification>1423257064663</localLastModification>
        <description isNull="true" />
        <isDocumentationFile>false</isDocumentationFile>
        <guid>07dc32c0-fe64-4bc3-9d7b-d2f13a841b2e</guid>
        <versionId>28d3bf1d-7343-47fd-987b-e09e81e79e7d</versionId>
    </managedAsset>
</teamworks>

