<?xml version="1.0" encoding="UTF-8"?>
<teamworks>
    <managedAsset id="61.9e2a76c6-d320-4bc8-be27-1fd0f80c0ee9" name="BPMExt-Control-PanelHeader-Palette.png">
        <lastModified>1429666518329</lastModified>
        <lastModifiedBy>admin</lastModifiedBy>
        <managedAssetId>61.9e2a76c6-d320-4bc8-be27-1fd0f80c0ee9</managedAssetId>
        <assetUuid>ffde800c-5c7a-4069-b032-88d1a6640c18</assetUuid>
        <mimeType>image/png</mimeType>
        <charEncoding isNull="true" />
        <assetTypeCode>W</assetTypeCode>
        <length>378</length>
        <localLastModification>1423259556752</localLastModification>
        <description isNull="true" />
        <isDocumentationFile>false</isDocumentationFile>
        <guid>135fa578-5538-475b-a3d9-6c4b0eed5848</guid>
        <versionId>36a2b61f-ffc2-4c7a-b3ec-981c88da9c2c</versionId>
    </managedAsset>
</teamworks>

