<?xml version="1.0" encoding="UTF-8"?>
<teamworks>
    <managedAsset id="61.9cebf60a-4823-4122-a229-68062d8a8a62" name="BPMExt-FormulaFns.js">
        <lastModified>1490970224387</lastModified>
        <lastModifiedBy>John McDonald</lastModifiedBy>
        <managedAssetId>61.9cebf60a-4823-4122-a229-68062d8a8a62</managedAssetId>
        <assetUuid>26a5c0a2-6f30-410c-8704-0b0d10182185</assetUuid>
        <mimeType>application/javascript</mimeType>
        <charEncoding isNull="true" />
        <assetTypeCode>W</assetTypeCode>
        <length>6701</length>
        <localLastModification>1490970208930</localLastModification>
        <description isNull="true" />
        <isDocumentationFile>false</isDocumentationFile>
        <guid>9f26c21d-8426-48fb-88ef-6a3a7f829793</guid>
        <versionId>faea85b1-31d0-4213-b229-d1fdc774b11b</versionId>
    </managedAsset>
</teamworks>

