<?xml version="1.0" encoding="UTF-8"?>
<teamworks>
    <managedAsset id="61.94d62933-6595-4506-8808-fa895727ef2c" name="BPMExt-Core-ConfigHelper.js">
        <lastModified>1450904441973</lastModified>
        <lastModifiedBy>Eric Ducos</lastModifiedBy>
        <managedAssetId>61.94d62933-6595-4506-8808-fa895727ef2c</managedAssetId>
        <assetUuid>28fc0f51-61ff-4a67-91e8-691b7e203c45</assetUuid>
        <mimeType>application/javascript</mimeType>
        <charEncoding isNull="true" />
        <assetTypeCode>W</assetTypeCode>
        <length>3180</length>
        <localLastModification>1419002553000</localLastModification>
        <description isNull="true" />
        <isDocumentationFile>false</isDocumentationFile>
        <guid>fe9c903e-8d11-4965-81ff-54f5853068db</guid>
        <versionId>63c90158-206d-4312-99b4-6f68c0e872e2</versionId>
    </managedAsset>
</teamworks>

