<?xml version="1.0" encoding="UTF-8"?>
<teamworks>
    <managedAsset id="61.94e2f965-6973-4981-80cd-9896611e9357" name="BPMExt-Control-RangeSlider.js">
        <lastModified>1470263028856</lastModified>
        <lastModifiedBy>Andrew Casey-Clyde</lastModifiedBy>
        <managedAssetId>61.94e2f965-6973-4981-80cd-9896611e9357</managedAssetId>
        <assetUuid>ef95c31c-b270-4888-b410-ab6f18c83779</assetUuid>
        <mimeType>application/javascript</mimeType>
        <charEncoding isNull="true" />
        <assetTypeCode>W</assetTypeCode>
        <length>30401</length>
        <localLastModification>1470263023754</localLastModification>
        <description isNull="true" />
        <isDocumentationFile>false</isDocumentationFile>
        <guid>d9870ff2-27a0-44aa-904d-386e4ffffb91</guid>
        <versionId>0c05563a-7200-48ed-b671-d14d19f62ff2</versionId>
    </managedAsset>
</teamworks>

