<?xml version="1.0" encoding="UTF-8"?>
<teamworks>
    <managedAsset id="61.94235964-8607-4059-829e-dc14e264e79c" name="BPMExt-Control-BPMFileUploader-Preview.png">
        <lastModified>1432735418300</lastModified>
        <lastModifiedBy>Eric Ducos</lastModifiedBy>
        <managedAssetId>61.94235964-8607-4059-829e-dc14e264e79c</managedAssetId>
        <assetUuid>cfecdb74-f0e5-4ab6-981c-6c04500b95a2</assetUuid>
        <mimeType>image/png</mimeType>
        <charEncoding isNull="true" />
        <assetTypeCode>W</assetTypeCode>
        <length>1021</length>
        <localLastModification>1425572892724</localLastModification>
        <description isNull="true" />
        <isDocumentationFile>false</isDocumentationFile>
        <guid>090b46f7-2b46-40c5-8050-cd7d21cdbfe2</guid>
        <versionId>bb14f547-a982-439a-a414-4e21f4a0916c</versionId>
    </managedAsset>
</teamworks>

