<?xml version="1.0" encoding="UTF-8"?>
<teamworks>
    <managedAsset id="61.90edd668-64ce-46b1-944e-6e07d37dd98c" name="e77f2a7e-10b4-45ee-90eb-e5b1546cc743.zip">
        <lastModified>1489090390620</lastModified>
        <lastModifiedBy>tw_admin</lastModifiedBy>
        <managedAssetId>61.90edd668-64ce-46b1-944e-6e07d37dd98c</managedAssetId>
        <assetUuid>fb504dcd-ae90-40ea-9f67-dcb7be243feb</assetUuid>
        <mimeType>application/zip</mimeType>
        <charEncoding isNull="true" />
        <assetTypeCode>T</assetTypeCode>
        <length>67240</length>
        <localLastModification>1470756622146</localLastModification>
        <description isNull="true" />
        <isDocumentationFile>false</isDocumentationFile>
        <guid>601b01dd-d800-4670-9420-9cf66a0f26bc</guid>
        <versionId>ae147fe1-6e2c-497a-aba8-7b69ba55d175</versionId>
    </managedAsset>
</teamworks>

