<?xml version="1.0" encoding="UTF-8"?>
<teamworks>
    <managedAsset id="61.9f9ab997-a3a7-4fda-88ed-a23db2365654" name="BPMExt-Control-Table-Preview.js">
        <lastModified>1495633377127</lastModified>
        <lastModifiedBy>Kirankumar Rana</lastModifiedBy>
        <managedAssetId>61.9f9ab997-a3a7-4fda-88ed-a23db2365654</managedAssetId>
        <assetUuid>f7bd4313-0ff6-4a70-98b7-9d918209a258</assetUuid>
        <mimeType>application/javascript</mimeType>
        <charEncoding isNull="true" />
        <assetTypeCode>W</assetTypeCode>
        <length>8449</length>
        <localLastModification>1495632507183</localLastModification>
        <description isNull="true" />
        <isDocumentationFile>false</isDocumentationFile>
        <guid>ab5633d1-ca13-43c9-8c90-b45aeec917b3</guid>
        <versionId>2830aa76-8f27-4757-a969-88aee35b4a65</versionId>
    </managedAsset>
</teamworks>

