<?xml version="1.0" encoding="UTF-8"?>
<teamworks>
    <managedAsset id="61.98c0721c-1882-45ad-a36a-a394656b8d89" name="BPMExt-Control-OpenLayersMap.js">
        <lastModified>1495193204896</lastModified>
        <lastModifiedBy>Kirankumar Rana</lastModifiedBy>
        <managedAssetId>61.98c0721c-1882-45ad-a36a-a394656b8d89</managedAssetId>
        <assetUuid>3f108bbd-3931-422c-a7d0-44e44187f298</assetUuid>
        <mimeType>application/javascript</mimeType>
        <charEncoding isNull="true" />
        <assetTypeCode>W</assetTypeCode>
        <length>29486</length>
        <localLastModification>1495188229797</localLastModification>
        <description isNull="true" />
        <isDocumentationFile>false</isDocumentationFile>
        <guid>df0367cd-af05-48b2-b0df-20391fb19651</guid>
        <versionId>520c35c1-dbf9-409d-9831-91d24578cd32</versionId>
    </managedAsset>
</teamworks>

