<?xml version="1.0" encoding="UTF-8"?>
<teamworks>
    <managedAsset id="61.9919752b-50bb-49ef-b972-a49595e6b94e" name="BPMExt-Control-StatusBox-Preview.html">
        <lastModified>1487145850043</lastModified>
        <lastModifiedBy>Kirankumar Rana</lastModifiedBy>
        <managedAssetId>61.9919752b-50bb-49ef-b972-a49595e6b94e</managedAssetId>
        <assetUuid>3f8f5217-068c-4644-9374-1a8c29e49c99</assetUuid>
        <mimeType>text/html</mimeType>
        <charEncoding isNull="true" />
        <assetTypeCode>W</assetTypeCode>
        <length>1257</length>
        <localLastModification>1487145667348</localLastModification>
        <description isNull="true" />
        <isDocumentationFile>false</isDocumentationFile>
        <guid>20dfca11-ec71-448d-b3bf-511a5beccf1a</guid>
        <versionId>11f5b39c-0984-4bd3-a9e1-a19ac72a1f34</versionId>
    </managedAsset>
</teamworks>

