<?xml version="1.0" encoding="UTF-8"?>
<teamworks>
    <managedAsset id="61.98dd317d-8e3c-4b60-bd7a-ea84885c25f1" name="BPMExt-Control-RadioButton-Preview.png">
        <lastModified>1429667445391</lastModified>
        <lastModifiedBy>admin</lastModifiedBy>
        <managedAssetId>61.98dd317d-8e3c-4b60-bd7a-ea84885c25f1</managedAssetId>
        <assetUuid>2634d900-a344-48f1-a1b6-5157f55aed0c</assetUuid>
        <mimeType>image/png</mimeType>
        <charEncoding isNull="true" />
        <assetTypeCode>W</assetTypeCode>
        <length>594</length>
        <localLastModification>1423584195611</localLastModification>
        <description isNull="true" />
        <isDocumentationFile>false</isDocumentationFile>
        <guid>58d3f4c7-3503-4b77-afa5-e594f4325f58</guid>
        <versionId>151cd86d-fb08-4423-afe8-d91d966d2295</versionId>
    </managedAsset>
</teamworks>

