<?xml version="1.0" encoding="UTF-8"?>
<teamworks>
    <managedAsset id="61.9d8415fc-d2d1-41b2-98bb-a8558fd6aa07" name="BPMExt-Control-Chart-Palette.png">
        <lastModified>1429666156907</lastModified>
        <lastModifiedBy>admin</lastModifiedBy>
        <managedAssetId>61.9d8415fc-d2d1-41b2-98bb-a8558fd6aa07</managedAssetId>
        <assetUuid>6fff6a92-447b-4f16-8710-f76fdc77fcea</assetUuid>
        <mimeType>image/png</mimeType>
        <charEncoding isNull="true" />
        <assetTypeCode>W</assetTypeCode>
        <length>733</length>
        <localLastModification>1423256884329</localLastModification>
        <description isNull="true" />
        <isDocumentationFile>false</isDocumentationFile>
        <guid>8d0aa1f0-5c71-4e10-bcb1-28529c82ba45</guid>
        <versionId>e1f4a9c3-d932-4c56-aba8-d8c5a21e1ed9</versionId>
    </managedAsset>
</teamworks>

