<?xml version="1.0" encoding="UTF-8"?>
<teamworks>
    <managedAsset id="61.9bffc12d-8da5-44da-add4-bb5686d34a6d" name="BPMExt-Control-Line-Palette.png">
        <lastModified>1429666282419</lastModified>
        <lastModifiedBy>admin</lastModifiedBy>
        <managedAssetId>61.9bffc12d-8da5-44da-add4-bb5686d34a6d</managedAssetId>
        <assetUuid>cabc623e-cc75-450a-be70-e79b69fae02d</assetUuid>
        <mimeType>image/png</mimeType>
        <charEncoding isNull="true" />
        <assetTypeCode>W</assetTypeCode>
        <length>155</length>
        <localLastModification>1423590893025</localLastModification>
        <description isNull="true" />
        <isDocumentationFile>false</isDocumentationFile>
        <guid>0845b6af-b08c-4f56-aaf9-6b340a173b1f</guid>
        <versionId>62a23a99-ff2c-471e-9078-3f738ecbcbea</versionId>
    </managedAsset>
</teamworks>

