<?xml version="1.0" encoding="UTF-8"?>
<teamworks>
    <managedAsset id="61.9fe5ebd3-c1c4-45fd-99fd-b5f5f538d152" name="BPMExt-Control-BarCode-Preview.png">
        <lastModified>1429667167799</lastModified>
        <lastModifiedBy>admin</lastModifiedBy>
        <managedAssetId>61.9fe5ebd3-c1c4-45fd-99fd-b5f5f538d152</managedAssetId>
        <assetUuid>b08b2a13-9c5e-4ac9-9f2d-b475bc124cd0</assetUuid>
        <mimeType>image/png</mimeType>
        <charEncoding isNull="true" />
        <assetTypeCode>W</assetTypeCode>
        <length>712</length>
        <localLastModification>1423591208538</localLastModification>
        <description isNull="true" />
        <isDocumentationFile>false</isDocumentationFile>
        <guid>a96d463a-4c93-44fc-8ecb-6eaaf697d27f</guid>
        <versionId>b52a45f9-d992-408b-a45b-b520ba5cf1fd</versionId>
    </managedAsset>
</teamworks>

