<?xml version="1.0" encoding="UTF-8"?>
<teamworks>
    <managedAsset id="61.9f21bc64-de97-4afa-a29a-b917b1b2dba8" name="BPMExt-Control-PanelFooter-Palette.png">
        <lastModified>1429666661703</lastModified>
        <lastModifiedBy>admin</lastModifiedBy>
        <managedAssetId>61.9f21bc64-de97-4afa-a29a-b917b1b2dba8</managedAssetId>
        <assetUuid>5efa769e-2072-4d09-83b7-9455e5c35b08</assetUuid>
        <mimeType>image/png</mimeType>
        <charEncoding isNull="true" />
        <assetTypeCode>W</assetTypeCode>
        <length>329</length>
        <localLastModification>1423259621005</localLastModification>
        <description isNull="true" />
        <isDocumentationFile>false</isDocumentationFile>
        <guid>d72dfd2a-b4e4-41b8-8ca8-26f4d2f1c1fa</guid>
        <versionId>9177ee04-1d0d-472f-a604-8bdebcf46584</versionId>
    </managedAsset>
</teamworks>

