<?xml version="1.0" encoding="UTF-8"?>
<teamworks>
    <managedAsset id="61.9d6a9650-da5c-4924-99f2-12b7219bd192" name="BPMExt-Control-CaptionBox-Palette.png">
        <lastModified>1455294687835</lastModified>
        <lastModifiedBy>Eric Ducos</lastModifiedBy>
        <managedAssetId>61.9d6a9650-da5c-4924-99f2-12b7219bd192</managedAssetId>
        <assetUuid>4fdac85b-2e60-472d-bf2e-5387bcfc4ca1</assetUuid>
        <mimeType>image/png</mimeType>
        <charEncoding isNull="true" />
        <assetTypeCode>W</assetTypeCode>
        <length>237</length>
        <localLastModification>1455294653884</localLastModification>
        <description isNull="true" />
        <isDocumentationFile>false</isDocumentationFile>
        <guid>dcc30fcb-7c49-4091-bc9c-c87377700f12</guid>
        <versionId>ab32aed0-75ec-4584-93ad-58bb8b4e76b6</versionId>
    </managedAsset>
</teamworks>

