<?xml version="1.0" encoding="UTF-8"?>
<teamworks>
    <managedAsset id="61.92a3d466-bd47-4424-8b35-fd9f8386588d" name="BPMExt-Control-Panel-Palette.png">
        <lastModified>1429666494436</lastModified>
        <lastModifiedBy>admin</lastModifiedBy>
        <managedAssetId>61.92a3d466-bd47-4424-8b35-fd9f8386588d</managedAssetId>
        <assetUuid>f1563f3f-ca26-4f9c-8c02-97017a6fdc86</assetUuid>
        <mimeType>image/png</mimeType>
        <charEncoding isNull="true" />
        <assetTypeCode>W</assetTypeCode>
        <length>437</length>
        <localLastModification>1423258796400</localLastModification>
        <description isNull="true" />
        <isDocumentationFile>false</isDocumentationFile>
        <guid>5e9ca2fb-6363-4aa3-a896-1037f594134b</guid>
        <versionId>dfabdced-168a-427d-a331-ea8c011cc4cf</versionId>
    </managedAsset>
</teamworks>

