<?xml version="1.0" encoding="UTF-8"?>
<teamworks>
    <managedAsset id="61.96b24343-cfac-4d4c-a472-4ebc03d2bcd7" name="BPMExt-Control-Tooltip-Preview.png">
        <lastModified>1429667572120</lastModified>
        <lastModifiedBy>admin</lastModifiedBy>
        <managedAssetId>61.96b24343-cfac-4d4c-a472-4ebc03d2bcd7</managedAssetId>
        <assetUuid>d8f64036-9940-455d-9699-332f5705ac21</assetUuid>
        <mimeType>image/png</mimeType>
        <charEncoding isNull="true" />
        <assetTypeCode>W</assetTypeCode>
        <length>1366</length>
        <localLastModification>1423592993517</localLastModification>
        <description isNull="true" />
        <isDocumentationFile>false</isDocumentationFile>
        <guid>983a2895-ed60-4c64-a4f3-c7c518405196</guid>
        <versionId>b57d0cb3-3303-400b-8621-a2c8595f5948</versionId>
    </managedAsset>
</teamworks>

