<?xml version="1.0" encoding="UTF-8"?>
<teamworks>
    <managedAsset id="61.94fbf5ec-df05-42bc-966b-d6ae4269b841" name="BPMExt-Control-TabSection.js">
        <lastModified>1495108286550</lastModified>
        <lastModifiedBy>Kirankumar Rana</lastModifiedBy>
        <managedAssetId>61.94fbf5ec-df05-42bc-966b-d6ae4269b841</managedAssetId>
        <assetUuid>c6e64dad-cf5d-4d37-bbef-ffe68967b4cd</assetUuid>
        <mimeType>application/javascript</mimeType>
        <charEncoding isNull="true" />
        <assetTypeCode>W</assetTypeCode>
        <length>29668</length>
        <localLastModification>1495107855442</localLastModification>
        <description isNull="true" />
        <isDocumentationFile>false</isDocumentationFile>
        <guid>812db0e8-9b3e-4e05-a5ee-45c7929cb69e</guid>
        <versionId>b844b5c0-819c-47cb-a359-59ffb8ee4889</versionId>
    </managedAsset>
</teamworks>

