<?xml version="1.0" encoding="UTF-8"?>
<teamworks>
    <managedAsset id="61.9c062858-95bd-42ca-aefb-d59725ac6175" name="BPMExt-Control-VideoPlayer.js">
        <lastModified>1495194827236</lastModified>
        <lastModifiedBy>Kirankumar Rana</lastModifiedBy>
        <managedAssetId>61.9c062858-95bd-42ca-aefb-d59725ac6175</managedAssetId>
        <assetUuid>5b3220ea-816e-43d6-b7b6-e298fbf363a0</assetUuid>
        <mimeType>application/javascript</mimeType>
        <charEncoding isNull="true" />
        <assetTypeCode>W</assetTypeCode>
        <length>21609</length>
        <localLastModification>1495194039631</localLastModification>
        <description isNull="true" />
        <isDocumentationFile>false</isDocumentationFile>
        <guid>2da21b5f-db37-4f38-96d8-4950e90fc075</guid>
        <versionId>ae3d5bfd-da35-4ebb-a511-34a1ba4dfbd9</versionId>
    </managedAsset>
</teamworks>

