<?xml version="1.0" encoding="UTF-8"?>
<teamworks>
    <managedAsset id="61.932989e8-8b52-46f8-b1a7-0d1477f18302" name="BPMExt-Control-Timer-Preview.png">
        <lastModified>1429667509675</lastModified>
        <lastModifiedBy>admin</lastModifiedBy>
        <managedAssetId>61.932989e8-8b52-46f8-b1a7-0d1477f18302</managedAssetId>
        <assetUuid>2868151f-b2f2-451d-8d58-c81faa08fb41</assetUuid>
        <mimeType>image/png</mimeType>
        <charEncoding isNull="true" />
        <assetTypeCode>W</assetTypeCode>
        <length>1248</length>
        <localLastModification>1423605073593</localLastModification>
        <description isNull="true" />
        <isDocumentationFile>false</isDocumentationFile>
        <guid>e60ee2e3-1d22-42f9-9ca9-91592eebd32e</guid>
        <versionId>3ca5921f-ee1e-4883-a618-0173974e69be</versionId>
    </managedAsset>
</teamworks>

