<?xml version="1.0" encoding="UTF-8"?>
<teamworks>
    <managedAsset id="61.94ceb591-1b21-456f-88a5-d8086fa290b9" name="BPMExt-Control-StepChartSDS-Preview.js">
        <lastModified>1493728919860</lastModified>
        <lastModifiedBy>Kirankumar Rana</lastModifiedBy>
        <managedAssetId>61.94ceb591-1b21-456f-88a5-d8086fa290b9</managedAssetId>
        <assetUuid>1609feb1-d32c-4538-86d1-22b84db9684a</assetUuid>
        <mimeType>application/javascript</mimeType>
        <charEncoding isNull="true" />
        <assetTypeCode>W</assetTypeCode>
        <length>5935</length>
        <localLastModification>1493721254797</localLastModification>
        <description isNull="true" />
        <isDocumentationFile>false</isDocumentationFile>
        <guid>7a96d513-79ab-4b19-bbf6-b6dd50539b03</guid>
        <versionId>3adcdb43-1131-44f1-b1fd-5526929e4ff5</versionId>
    </managedAsset>
</teamworks>

