<?xml version="1.0" encoding="UTF-8"?>
<teamworks>
    <managedAsset id="61.ab64a9b4-0e52-4339-93a2-3098a50d41fb" name="BPMExt-Control-PieChartSDS-Preview.js">
        <lastModified>1493728700591</lastModified>
        <lastModifiedBy>Kirankumar Rana</lastModifiedBy>
        <managedAssetId>61.ab64a9b4-0e52-4339-93a2-3098a50d41fb</managedAssetId>
        <assetUuid>79b60b24-7e1e-4179-a32a-e299520a346f</assetUuid>
        <mimeType>application/javascript</mimeType>
        <charEncoding isNull="true" />
        <assetTypeCode>W</assetTypeCode>
        <length>5880</length>
        <localLastModification>1493719798245</localLastModification>
        <description isNull="true" />
        <isDocumentationFile>false</isDocumentationFile>
        <guid>a179bd03-a650-43ea-b297-0586888efc63</guid>
        <versionId>3d18f60b-56a9-4522-a51c-477b43f04fbd</versionId>
    </managedAsset>
</teamworks>

