<?xml version="1.0" encoding="UTF-8"?>
<teamworks>
    <managedAsset id="61.aefe6373-a273-4e72-a65c-5f7907c86dc8" name="BPMExt-Control-Table-Preview.html">
        <lastModified>1495633358301</lastModified>
        <lastModifiedBy>Kirankumar Rana</lastModifiedBy>
        <managedAssetId>61.aefe6373-a273-4e72-a65c-5f7907c86dc8</managedAssetId>
        <assetUuid>de7e708e-a9d2-4569-ba55-00447f172093</assetUuid>
        <mimeType>text/html</mimeType>
        <charEncoding isNull="true" />
        <assetTypeCode>W</assetTypeCode>
        <length>1960</length>
        <localLastModification>1495632282279</localLastModification>
        <description isNull="true" />
        <isDocumentationFile>false</isDocumentationFile>
        <guid>c8ebca23-ed11-470c-9ba7-ac0ea476756c</guid>
        <versionId>c8d3c88b-867c-40c7-bfa8-b4ee7b2d3982</versionId>
    </managedAsset>
</teamworks>

