<?xml version="1.0" encoding="UTF-8"?>
<teamworks>
    <managedAsset id="61.a33b956e-9cc0-4157-9566-61deedbd15f4" name="BPMExt-Control-RadioButtonGroup-Preview.js">
        <lastModified>1483706982057</lastModified>
        <lastModifiedBy>Kirankumar Rana</lastModifiedBy>
        <managedAssetId>61.a33b956e-9cc0-4157-9566-61deedbd15f4</managedAssetId>
        <assetUuid>f9e65a7e-071d-4043-acd6-6a5b55199279</assetUuid>
        <mimeType>application/javascript</mimeType>
        <charEncoding isNull="true" />
        <assetTypeCode>W</assetTypeCode>
        <length>9424</length>
        <localLastModification>1483703987771</localLastModification>
        <description isNull="true" />
        <isDocumentationFile>false</isDocumentationFile>
        <guid>e2feca67-aa45-464c-aac1-ec25d5e41f58</guid>
        <versionId>58286049-9f74-4f9f-9882-266777c06547</versionId>
    </managedAsset>
</teamworks>

