<?xml version="1.0" encoding="UTF-8"?>
<teamworks>
    <managedAsset id="61.a1eecc31-ce59-48e6-b39a-362b8cc88b14" name="BPMExt-Control-DatePicker-Preview.png">
        <lastModified>1429667179410</lastModified>
        <lastModifiedBy>admin</lastModifiedBy>
        <managedAssetId>61.a1eecc31-ce59-48e6-b39a-362b8cc88b14</managedAssetId>
        <assetUuid>867c26b6-23d9-4639-b555-03ee6bf57048</assetUuid>
        <mimeType>image/png</mimeType>
        <charEncoding isNull="true" />
        <assetTypeCode>W</assetTypeCode>
        <length>3503</length>
        <localLastModification>1423583759561</localLastModification>
        <description isNull="true" />
        <isDocumentationFile>false</isDocumentationFile>
        <guid>a23c188f-688a-40d7-b015-4e746fecc4ad</guid>
        <versionId>b07d9c75-4f4a-4ee6-80d1-63f0b92fe56d</versionId>
    </managedAsset>
</teamworks>

