<?xml version="1.0" encoding="UTF-8"?>
<teamworks>
    <managedAsset id="61.a9571bd2-deee-44c3-befb-1f4d4d8c06aa" name="BPMExt-Control-Switch.js">
        <lastModified>1495108149710</lastModified>
        <lastModifiedBy>Kirankumar Rana</lastModifiedBy>
        <managedAssetId>61.a9571bd2-deee-44c3-befb-1f4d4d8c06aa</managedAssetId>
        <assetUuid>42abb34a-181f-46a9-86ce-e70e186fd61f</assetUuid>
        <mimeType>application/javascript</mimeType>
        <charEncoding isNull="true" />
        <assetTypeCode>W</assetTypeCode>
        <length>20974</length>
        <localLastModification>1495105385667</localLastModification>
        <description isNull="true" />
        <isDocumentationFile>false</isDocumentationFile>
        <guid>388b7f52-20a5-4620-886f-34c2d6143520</guid>
        <versionId>ee431077-da2a-4429-b660-8452bcd431b5</versionId>
    </managedAsset>
</teamworks>

