<?xml version="1.0" encoding="UTF-8"?>
<teamworks>
    <managedAsset id="61.a6368da7-92f4-4550-8790-a3d3011e4ec3" name="BPMExt-Control-ImageEditor-Palette.png">
        <lastModified>1429666294513</lastModified>
        <lastModifiedBy>admin</lastModifiedBy>
        <managedAssetId>61.a6368da7-92f4-4550-8790-a3d3011e4ec3</managedAssetId>
        <assetUuid>f6f0bbf7-5323-4511-beb5-2f80e6646215</assetUuid>
        <mimeType>image/png</mimeType>
        <charEncoding isNull="true" />
        <assetTypeCode>W</assetTypeCode>
        <length>752</length>
        <localLastModification>1423499491650</localLastModification>
        <description isNull="true" />
        <isDocumentationFile>false</isDocumentationFile>
        <guid>aff9d813-05cd-4331-8652-4b867e0e0871</guid>
        <versionId>24abf7a0-f854-43fc-a718-e22292611428</versionId>
    </managedAsset>
</teamworks>

