<?xml version="1.0" encoding="UTF-8"?>
<teamworks>
    <managedAsset id="61.a7b3a897-3ddd-43ac-a295-d7d98e4b0038" name="BPMExt-Control-Breadcrumbs-Preivew.png">
        <lastModified>1465944015652</lastModified>
        <lastModifiedBy>Erick Quintanilla</lastModifiedBy>
        <managedAssetId>61.a7b3a897-3ddd-43ac-a295-d7d98e4b0038</managedAssetId>
        <assetUuid>9e5ec22b-31d1-4eeb-b16b-6eead55b5c25</assetUuid>
        <mimeType>image/png</mimeType>
        <charEncoding isNull="true" />
        <assetTypeCode>W</assetTypeCode>
        <length>1750</length>
        <localLastModification>1465943869032</localLastModification>
        <description isNull="true" />
        <isDocumentationFile>false</isDocumentationFile>
        <guid>fe94f861-0fed-46d2-81ec-c2b76c02d74d</guid>
        <versionId>79162ecf-344a-473f-a3af-52db094de3f4</versionId>
    </managedAsset>
</teamworks>

