<?xml version="1.0" encoding="UTF-8"?>
<teamworks>
    <managedAsset id="61.afb480bf-07b1-451c-a283-3f80a102afe6" name="BPMExt-Control-Checkbox-Preview.html">
        <lastModified>1462200824145</lastModified>
        <lastModifiedBy>Eric Ducos</lastModifiedBy>
        <managedAssetId>61.afb480bf-07b1-451c-a283-3f80a102afe6</managedAssetId>
        <assetUuid>ea7108c9-eac2-4990-a9ff-924223b91fef</assetUuid>
        <mimeType>text/html</mimeType>
        <charEncoding isNull="true" />
        <assetTypeCode>W</assetTypeCode>
        <length>433</length>
        <localLastModification>1462200817154</localLastModification>
        <description isNull="true" />
        <isDocumentationFile>false</isDocumentationFile>
        <guid>9d4d621f-49a2-4df8-95a9-5a1db7e39314</guid>
        <versionId>35c69a7a-bdb3-493e-8d9f-64bff6b47341</versionId>
    </managedAsset>
</teamworks>

