<?xml version="1.0" encoding="UTF-8"?>
<teamworks>
    <managedAsset id="61.aa683c4a-7bc6-4c2c-9179-a7904695d1fc" name="BPMExt-Control-OutputText-Palette.png">
        <lastModified>1429666531611</lastModified>
        <lastModifiedBy>admin</lastModifiedBy>
        <managedAssetId>61.aa683c4a-7bc6-4c2c-9179-a7904695d1fc</managedAssetId>
        <assetUuid>6808742b-d77b-4dde-bd66-176c1dbf7c3c</assetUuid>
        <mimeType>image/png</mimeType>
        <charEncoding isNull="true" />
        <assetTypeCode>W</assetTypeCode>
        <length>517</length>
        <localLastModification>1423183705496</localLastModification>
        <description isNull="true" />
        <isDocumentationFile>false</isDocumentationFile>
        <guid>4075a5a0-6729-4821-a79a-071cddcae229</guid>
        <versionId>6de2081f-b568-4867-92ae-2b3daf486cba</versionId>
    </managedAsset>
</teamworks>

