<?xml version="1.0" encoding="UTF-8"?>
<teamworks>
    <managedAsset id="61.ae960b88-06f6-452d-8e10-3c4895151997" name="BPMExt-Control-Button-Palette.png">
        <lastModified>1429049412821</lastModified>
        <lastModifiedBy>admin</lastModifiedBy>
        <managedAssetId>61.ae960b88-06f6-452d-8e10-3c4895151997</managedAssetId>
        <assetUuid>c4309d7f-d926-4e6e-898c-9acbf054b2e1</assetUuid>
        <mimeType>image/png</mimeType>
        <charEncoding isNull="true" />
        <assetTypeCode>W</assetTypeCode>
        <length>542</length>
        <localLastModification>1423178527796</localLastModification>
        <description isNull="true" />
        <isDocumentationFile>false</isDocumentationFile>
        <guid>37f0cd11-6166-4223-8c19-0f42e5af32ea</guid>
        <versionId>78d3ca52-8bf6-4284-b09a-75c624ba5ad8</versionId>
    </managedAsset>
</teamworks>

