<?xml version="1.0" encoding="UTF-8"?>
<teamworks>
    <managedAsset id="61.afec83ba-4035-4ae5-949a-208f724a1b9f" name="BPMExt-Control-BarCode-Palette.png">
        <lastModified>1429666011325</lastModified>
        <lastModifiedBy>admin</lastModifiedBy>
        <managedAssetId>61.afec83ba-4035-4ae5-949a-208f724a1b9f</managedAssetId>
        <assetUuid>23bd6e3a-1efa-40cd-a9d0-0216a83b5aac</assetUuid>
        <mimeType>image/png</mimeType>
        <charEncoding isNull="true" />
        <assetTypeCode>W</assetTypeCode>
        <length>320</length>
        <localLastModification>1423243584891</localLastModification>
        <description isNull="true" />
        <isDocumentationFile>false</isDocumentationFile>
        <guid>53ea0f81-dc30-4722-8c34-deb0fad9dc96</guid>
        <versionId>e456149c-9313-4c4c-8074-d4e86a3a62c0</versionId>
    </managedAsset>
</teamworks>

