<?xml version="1.0" encoding="UTF-8"?>
<teamworks>
    <managedAsset id="61.abcd6f7a-670c-41dd-bd74-3865ad9e9b10" name="BPMExt-Control-Button-Preview.js">
        <lastModified>1483705913410</lastModified>
        <lastModifiedBy>Kirankumar Rana</lastModifiedBy>
        <managedAssetId>61.abcd6f7a-670c-41dd-bd74-3865ad9e9b10</managedAssetId>
        <assetUuid>b6685f49-127f-41a7-9df0-ba1c8d08a65a</assetUuid>
        <mimeType>application/javascript</mimeType>
        <charEncoding isNull="true" />
        <assetTypeCode>W</assetTypeCode>
        <length>9585</length>
        <localLastModification>1483695362583</localLastModification>
        <description isNull="true" />
        <isDocumentationFile>false</isDocumentationFile>
        <guid>cbbad67c-d36b-4967-9951-819586cf5f57</guid>
        <versionId>d69c5dd5-b3d9-4c0c-96c7-51bb845c409e</versionId>
    </managedAsset>
</teamworks>

