<?xml version="1.0" encoding="UTF-8"?>
<teamworks>
    <managedAsset id="61.acfc2771-42b5-491e-abb9-367920abe8d7" name="BPMExt-Control-Note-Preview.png">
        <lastModified>1429667286050</lastModified>
        <lastModifiedBy>admin</lastModifiedBy>
        <managedAssetId>61.acfc2771-42b5-491e-abb9-367920abe8d7</managedAssetId>
        <assetUuid>b259cc0d-8891-40af-adec-12e4fd9847e7</assetUuid>
        <mimeType>image/png</mimeType>
        <charEncoding isNull="true" />
        <assetTypeCode>W</assetTypeCode>
        <length>5722</length>
        <localLastModification>1423599319266</localLastModification>
        <description isNull="true" />
        <isDocumentationFile>false</isDocumentationFile>
        <guid>6655f7b8-44d3-4e88-a385-6542cdd4d31e</guid>
        <versionId>7b89f4f1-eafb-4e3f-9dc8-1a2df7f1aaec</versionId>
    </managedAsset>
</teamworks>

