<?xml version="1.0" encoding="UTF-8"?>
<teamworks>
    <managedAsset id="61.a76110fa-b613-41de-99a1-7092360e970b" name="BPMExt-Control-DateTimePicker-Preview.js">
        <lastModified>1487978236674</lastModified>
        <lastModifiedBy>Varun Sangwan</lastModifiedBy>
        <managedAssetId>61.a76110fa-b613-41de-99a1-7092360e970b</managedAssetId>
        <assetUuid>9356bb67-b373-4f07-ab46-de8181b48d9d</assetUuid>
        <mimeType>application/javascript</mimeType>
        <charEncoding isNull="true" />
        <assetTypeCode>W</assetTypeCode>
        <length>12434</length>
        <localLastModification>1487978210777</localLastModification>
        <description isNull="true" />
        <isDocumentationFile>false</isDocumentationFile>
        <guid>623812a2-8fbf-42a0-9591-b477524b41c7</guid>
        <versionId>6ecb4290-3224-479b-a862-4d9d8f371030</versionId>
    </managedAsset>
</teamworks>

