<?xml version="1.0" encoding="UTF-8"?>
<teamworks>
    <managedAsset id="61.adab4d4d-7f80-467e-9247-adaa7e6fae79" name="BPMExt-Control-ModalAlert-Preview.png">
        <lastModified>1429667312287</lastModified>
        <lastModifiedBy>admin</lastModifiedBy>
        <managedAssetId>61.adab4d4d-7f80-467e-9247-adaa7e6fae79</managedAssetId>
        <assetUuid>20ddab23-853e-4c9e-a40b-27faedeca516</assetUuid>
        <mimeType>image/png</mimeType>
        <charEncoding isNull="true" />
        <assetTypeCode>W</assetTypeCode>
        <length>6413</length>
        <localLastModification>1423591974108</localLastModification>
        <description isNull="true" />
        <isDocumentationFile>false</isDocumentationFile>
        <guid>b0b4c9ef-087b-48b4-b488-080dfb6f935c</guid>
        <versionId>487b6ddc-6c69-4f6b-b0d2-4b5524564425</versionId>
    </managedAsset>
</teamworks>

