<?xml version="1.0" encoding="UTF-8"?>
<teamworks>
    <managedAsset id="61.a6e63f45-49fb-48c4-9554-bd3540477854" name="BPMExt-Control-VerticalLayout-Preview.html">
        <lastModified>1429643038475</lastModified>
        <lastModifiedBy>admin</lastModifiedBy>
        <managedAssetId>61.a6e63f45-49fb-48c4-9554-bd3540477854</managedAssetId>
        <assetUuid>edecc1bb-24d7-4d5c-a7ca-d4bc989a7250</assetUuid>
        <mimeType>text/html</mimeType>
        <charEncoding isNull="true" />
        <assetTypeCode>W</assetTypeCode>
        <length>7269</length>
        <localLastModification>1429642996007</localLastModification>
        <description isNull="true" />
        <isDocumentationFile>false</isDocumentationFile>
        <guid>393687b7-912b-451d-a90d-8c33a9361ac8</guid>
        <versionId>964ffcc9-3fdb-428e-a7a7-5652796a722c</versionId>
    </managedAsset>
</teamworks>

