<?xml version="1.0" encoding="UTF-8"?>
<teamworks>
    <managedAsset id="61.a33808d2-e83e-4ee2-b5e1-99798c1695bd" name="993e03e9-2574-40fc-807c-65b06be378fd.zip">
        <lastModified>1489090390620</lastModified>
        <lastModifiedBy>tw_admin</lastModifiedBy>
        <managedAssetId>61.a33808d2-e83e-4ee2-b5e1-99798c1695bd</managedAssetId>
        <assetUuid>c7705471-410a-416f-af23-c59113df0f01</assetUuid>
        <mimeType>application/zip</mimeType>
        <charEncoding isNull="true" />
        <assetTypeCode>T</assetTypeCode>
        <length>67260</length>
        <localLastModification>1470756622146</localLastModification>
        <description isNull="true" />
        <isDocumentationFile>false</isDocumentationFile>
        <guid>f1e8fa81-720a-4e39-84be-f780985af062</guid>
        <versionId>cd1b1093-4231-41c5-a66e-77b4f89ec516</versionId>
    </managedAsset>
</teamworks>

