<?xml version="1.0" encoding="UTF-8"?>
<teamworks>
    <managedAsset id="61.b4408b0f-200e-4b35-8591-b7d290968ec0" name="BPMExt-Control-Stack-Palette.png">
        <lastModified>1429666726711</lastModified>
        <lastModifiedBy>admin</lastModifiedBy>
        <managedAssetId>61.b4408b0f-200e-4b35-8591-b7d290968ec0</managedAssetId>
        <assetUuid>444caca1-1e7f-442a-86b2-ab66df77d59e</assetUuid>
        <mimeType>image/png</mimeType>
        <charEncoding isNull="true" />
        <assetTypeCode>W</assetTypeCode>
        <length>228</length>
        <localLastModification>1423250750218</localLastModification>
        <description isNull="true" />
        <isDocumentationFile>false</isDocumentationFile>
        <guid>29d00e7e-6b9f-4693-8d4c-d09ea29df259</guid>
        <versionId>d7bbc8cf-35b0-4668-8e7b-7175960bdf77</versionId>
    </managedAsset>
</teamworks>

