<?xml version="1.0" encoding="UTF-8"?>
<teamworks>
    <managedAsset id="61.b6c0ffc2-9fa8-4cec-9f33-5b55762139c2" name="BPMExt-Control-Image.js">
        <lastModified>1495182205435</lastModified>
        <lastModifiedBy>Kirankumar Rana</lastModifiedBy>
        <managedAssetId>61.b6c0ffc2-9fa8-4cec-9f33-5b55762139c2</managedAssetId>
        <assetUuid>148a4a17-2dd7-4511-933d-735fe6f4ab94</assetUuid>
        <mimeType>application/javascript</mimeType>
        <charEncoding isNull="true" />
        <assetTypeCode>W</assetTypeCode>
        <length>16755</length>
        <localLastModification>1495180355908</localLastModification>
        <description isNull="true" />
        <isDocumentationFile>false</isDocumentationFile>
        <guid>cd3ed624-8380-46f4-9cbd-72bda964b48b</guid>
        <versionId>4d10fa92-358a-468f-86f5-ffbb379c306e</versionId>
    </managedAsset>
</teamworks>

