<?xml version="1.0" encoding="UTF-8"?>
<teamworks>
    <managedAsset id="61.bde7286c-1859-4f7f-b81e-1890ef7deb9f" name="BPMExt-Lib-C3.zip">
        <lastModified>1460679023937</lastModified>
        <lastModifiedBy>Eric Ducos</lastModifiedBy>
        <managedAssetId>61.bde7286c-1859-4f7f-b81e-1890ef7deb9f</managedAssetId>
        <assetUuid>d63eff1b-f1b1-4927-9b06-8aa37bc84629</assetUuid>
        <mimeType>application/zip</mimeType>
        <charEncoding isNull="true" />
        <assetTypeCode>W</assetTypeCode>
        <length>104473</length>
        <localLastModification>1460679012089</localLastModification>
        <description isNull="true" />
        <isDocumentationFile>false</isDocumentationFile>
        <guid>acda998d-6659-43f5-ac41-1898e4848c17</guid>
        <versionId>25524c21-607c-4d31-aced-b12fc5a3954d</versionId>
    </managedAsset>
</teamworks>

