<?xml version="1.0" encoding="UTF-8"?>
<teamworks>
    <managedAsset id="61.bb961e4e-5142-4365-bf1a-9493bdabe4e1" name="BPMExt-Control-MultiSelect-Preview.png">
        <lastModified>1434390326932</lastModified>
        <lastModifiedBy>Eric Ducos</lastModifiedBy>
        <managedAssetId>61.bb961e4e-5142-4365-bf1a-9493bdabe4e1</managedAssetId>
        <assetUuid>5bc633ba-d4a2-443e-90d6-c53da4d6f088</assetUuid>
        <mimeType>image/png</mimeType>
        <charEncoding isNull="true" />
        <assetTypeCode>W</assetTypeCode>
        <length>4102</length>
        <localLastModification>1434390301058</localLastModification>
        <description isNull="true" />
        <isDocumentationFile>false</isDocumentationFile>
        <guid>588560de-3958-4ed0-88f8-17a9a6372802</guid>
        <versionId>e67e219d-168e-4ef8-a35b-ebd8e10eeb3b</versionId>
    </managedAsset>
</teamworks>

