<?xml version="1.0" encoding="UTF-8"?>
<teamworks>
    <managedAsset id="61.b099ca60-7635-4cd0-8c15-05e0aca3be3b" name="BPMExt-Control-EventSubscription-Palette.png">
        <lastModified>1429666077487</lastModified>
        <lastModifiedBy>admin</lastModifiedBy>
        <managedAssetId>61.b099ca60-7635-4cd0-8c15-05e0aca3be3b</managedAssetId>
        <assetUuid>5f014397-a328-4d13-881f-87b895bedd8a</assetUuid>
        <mimeType>image/png</mimeType>
        <charEncoding isNull="true" />
        <assetTypeCode>W</assetTypeCode>
        <length>1011</length>
        <localLastModification>1423174271562</localLastModification>
        <description isNull="true" />
        <isDocumentationFile>false</isDocumentationFile>
        <guid>b67d12f2-195a-4022-97a8-c281a85a454f</guid>
        <versionId>412ffc81-0573-4d95-a4bb-1e6cf39c57e0</versionId>
    </managedAsset>
</teamworks>

