<?xml version="1.0" encoding="UTF-8"?>
<teamworks>
    <managedAsset id="61.bde7eb67-c8f4-4a33-af4c-85e5be5a7381" name="BPMExt-Control-Timer.js">
        <lastModified>1495184632648</lastModified>
        <lastModifiedBy>Kirankumar Rana</lastModifiedBy>
        <managedAssetId>61.bde7eb67-c8f4-4a33-af4c-85e5be5a7381</managedAssetId>
        <assetUuid>b8392151-e890-414f-b81a-d38e5c7c900b</assetUuid>
        <mimeType>application/javascript</mimeType>
        <charEncoding isNull="true" />
        <assetTypeCode>W</assetTypeCode>
        <length>9560</length>
        <localLastModification>1495184254201</localLastModification>
        <description isNull="true" />
        <isDocumentationFile>false</isDocumentationFile>
        <guid>fa3dd0fc-9625-49b6-99ff-99407e859fdf</guid>
        <versionId>a39c8121-f73b-41f8-9018-85103920531c</versionId>
    </managedAsset>
</teamworks>

