<?xml version="1.0" encoding="UTF-8"?>
<teamworks>
    <managedAsset id="61.bfde9f96-40ae-4b65-9a2e-7887c8486cbd" name="BPMExt-Control-QRCode.js">
        <lastModified>1495442966199</lastModified>
        <lastModifiedBy>Kirankumar Rana</lastModifiedBy>
        <managedAssetId>61.bfde9f96-40ae-4b65-9a2e-7887c8486cbd</managedAssetId>
        <assetUuid>84bcfbc6-683f-4aba-8f86-a1cd21095320</assetUuid>
        <mimeType>application/javascript</mimeType>
        <charEncoding isNull="true" />
        <assetTypeCode>W</assetTypeCode>
        <length>26247</length>
        <localLastModification>1495441395543</localLastModification>
        <description isNull="true" />
        <isDocumentationFile>false</isDocumentationFile>
        <guid>a7c655dc-d469-4f6c-a502-844b33af6de5</guid>
        <versionId>09ba1e5b-8cb9-4ed5-b9b9-067b099b3ec5</versionId>
    </managedAsset>
</teamworks>

