<?xml version="1.0" encoding="UTF-8"?>
<teamworks>
    <managedAsset id="61.b1d2e05f-5dc0-40b5-98e5-fe76e3f1a01e" name="BPMExt-Control-RadioButtonGroup-Palette.png">
        <lastModified>1472496753706</lastModified>
        <lastModifiedBy>Eric Ducos</lastModifiedBy>
        <managedAssetId>61.b1d2e05f-5dc0-40b5-98e5-fe76e3f1a01e</managedAssetId>
        <assetUuid>88da41af-adb6-4775-bede-37f91f4504c5</assetUuid>
        <mimeType>image/png</mimeType>
        <charEncoding isNull="true" />
        <assetTypeCode>W</assetTypeCode>
        <length>651</length>
        <localLastModification>1472496745557</localLastModification>
        <description isNull="true" />
        <isDocumentationFile>false</isDocumentationFile>
        <guid>db0e6146-f928-4f04-bb24-ba79234e9efb</guid>
        <versionId>d2f321cd-3559-4332-94a9-39d50775c580</versionId>
    </managedAsset>
</teamworks>

