<?xml version="1.0" encoding="UTF-8"?>
<teamworks>
    <managedAsset id="61.be165c3b-aff7-4672-9b37-782af42fdb8e" name="BPMExt-Control-HorizontalSplit-Palette.png">
        <lastModified>1434249373253</lastModified>
        <lastModifiedBy>Eric Ducos</lastModifiedBy>
        <managedAssetId>61.be165c3b-aff7-4672-9b37-782af42fdb8e</managedAssetId>
        <assetUuid>09f1b47b-6df4-4920-855b-2be740f46d1f</assetUuid>
        <mimeType>image/png</mimeType>
        <charEncoding isNull="true" />
        <assetTypeCode>W</assetTypeCode>
        <length>282</length>
        <localLastModification>1434249326848</localLastModification>
        <description isNull="true" />
        <isDocumentationFile>false</isDocumentationFile>
        <guid>a9ea63bb-93fc-4072-a9a7-300cc22f1682</guid>
        <versionId>5046c3db-96f0-4149-ab92-1739fadb3a19</versionId>
    </managedAsset>
</teamworks>

