<?xml version="1.0" encoding="UTF-8"?>
<teamworks>
    <managedAsset id="61.b44afd8f-98b2-498f-8fbb-be5ab7f18476" name="BPMExt-Control-EventSubscription-Preview.png">
        <lastModified>1429908891316</lastModified>
        <lastModifiedBy>admin</lastModifiedBy>
        <managedAssetId>61.b44afd8f-98b2-498f-8fbb-be5ab7f18476</managedAssetId>
        <assetUuid>9185d214-c501-45a1-a068-ab9dd4bdaf97</assetUuid>
        <mimeType>image/png</mimeType>
        <charEncoding isNull="true" />
        <assetTypeCode>W</assetTypeCode>
        <length>1717</length>
        <localLastModification>1429908771627</localLastModification>
        <description isNull="true" />
        <isDocumentationFile>false</isDocumentationFile>
        <guid>4afd683e-2b83-4552-9132-9dd4f7cd3ac3</guid>
        <versionId>e0803e75-ff5a-4652-96e1-0e5e1b04e7c2</versionId>
    </managedAsset>
</teamworks>

