<?xml version="1.0" encoding="UTF-8"?>
<teamworks>
    <managedAsset id="61.b2365fa6-3627-4c5c-84ec-428ed46da811" name="BPMExt-Control-Note-Preview.js">
        <lastModified>1480494676541</lastModified>
        <lastModifiedBy>Kirankumar Rana</lastModifiedBy>
        <managedAssetId>61.b2365fa6-3627-4c5c-84ec-428ed46da811</managedAssetId>
        <assetUuid>115e14de-be05-4579-85f6-4059c47a9bd8</assetUuid>
        <mimeType>application/javascript</mimeType>
        <charEncoding isNull="true" />
        <assetTypeCode>W</assetTypeCode>
        <length>5778</length>
        <localLastModification>1480494614732</localLastModification>
        <description isNull="true" />
        <isDocumentationFile>false</isDocumentationFile>
        <guid>f0a179ff-7b92-4855-9441-791aed692597</guid>
        <versionId>83d2093e-8217-4eb2-ab63-000a0f3038fe</versionId>
    </managedAsset>
</teamworks>

