<?xml version="1.0" encoding="UTF-8"?>
<teamworks>
    <managedAsset id="61.beae7a59-ea60-4a59-b4a9-ffd82bff2ab0" name="BPMExt-Control-ResponsiveSensor-Palette.png">
        <lastModified>1432240415347</lastModified>
        <lastModifiedBy>Eric Ducos</lastModifiedBy>
        <managedAssetId>61.beae7a59-ea60-4a59-b4a9-ffd82bff2ab0</managedAssetId>
        <assetUuid>60d77c0a-95bf-48a8-812f-1bdfb9ff822a</assetUuid>
        <mimeType>image/png</mimeType>
        <charEncoding isNull="true" />
        <assetTypeCode>W</assetTypeCode>
        <length>541</length>
        <localLastModification>1423239966529</localLastModification>
        <description isNull="true" />
        <isDocumentationFile>false</isDocumentationFile>
        <guid>c7b44606-5d26-41be-838f-1d3d7dafec32</guid>
        <versionId>d8151281-699d-43de-a13f-b0b610426359</versionId>
    </managedAsset>
</teamworks>

