<?xml version="1.0" encoding="UTF-8"?>
<teamworks>
    <managedAsset id="61.b6de8c4d-ff33-400e-b655-5a9fef181715" name="BPMExt-Control-Signature-Preview.js">
        <lastModified>1488182065158</lastModified>
        <lastModifiedBy>Kirankumar Rana</lastModifiedBy>
        <managedAssetId>61.b6de8c4d-ff33-400e-b655-5a9fef181715</managedAssetId>
        <assetUuid>625c3a28-a366-4433-88d3-9f8017170e9e</assetUuid>
        <mimeType>application/javascript</mimeType>
        <charEncoding isNull="true" />
        <assetTypeCode>W</assetTypeCode>
        <length>6311</length>
        <localLastModification>1488181933461</localLastModification>
        <description isNull="true" />
        <isDocumentationFile>false</isDocumentationFile>
        <guid>b364a80d-793a-406a-95d9-3cfdcdcb2295</guid>
        <versionId>83a23356-e532-4d2a-ad0e-4f115efe9fd4</versionId>
    </managedAsset>
</teamworks>

