<?xml version="1.0" encoding="UTF-8"?>
<teamworks>
    <managedAsset id="61.bb3530b6-1f82-4539-9338-3de29a756191" name="BPMExt-Control-Icon.js">
        <lastModified>1495110714177</lastModified>
        <lastModifiedBy>Kirankumar Rana</lastModifiedBy>
        <managedAssetId>61.bb3530b6-1f82-4539-9338-3de29a756191</managedAssetId>
        <assetUuid>7cf92676-d69f-46a4-84c1-8d630d97c0b7</assetUuid>
        <mimeType>application/javascript</mimeType>
        <charEncoding isNull="true" />
        <assetTypeCode>W</assetTypeCode>
        <length>37415</length>
        <localLastModification>1495110127192</localLastModification>
        <description isNull="true" />
        <isDocumentationFile>false</isDocumentationFile>
        <guid>213d2cff-6772-46da-9c8d-cf78ebf8bd09</guid>
        <versionId>3c4ce0da-2b71-4389-aa2e-6443a5b6923a</versionId>
    </managedAsset>
</teamworks>

