<?xml version="1.0" encoding="UTF-8"?>
<teamworks>
    <managedAsset id="61.b7c51afd-3cb4-457f-ab8c-5935a417ef42" name="BPMExt-Control-DatePicker-Preview.js">
        <lastModified>1481717467601</lastModified>
        <lastModifiedBy>Kirankumar Rana</lastModifiedBy>
        <managedAssetId>61.b7c51afd-3cb4-457f-ab8c-5935a417ef42</managedAssetId>
        <assetUuid>f7a5ff3f-1d3e-4323-be5d-3d0a4a44380c</assetUuid>
        <mimeType>application/javascript</mimeType>
        <charEncoding isNull="true" />
        <assetTypeCode>W</assetTypeCode>
        <length>10061</length>
        <localLastModification>1481717399152</localLastModification>
        <description isNull="true" />
        <isDocumentationFile>false</isDocumentationFile>
        <guid>dc7b4d2c-e801-4448-b205-01a1245a936b</guid>
        <versionId>49c46c60-24aa-4918-bc6e-5cab26148fd1</versionId>
    </managedAsset>
</teamworks>

