<?xml version="1.0" encoding="UTF-8"?>
<teamworks>
    <managedAsset id="61.bd20db7e-47a8-4935-ab57-c9d2541d9d98" name="BPMExt-Control-Breadcrumbs-Palette.png">
        <lastModified>1465944613289</lastModified>
        <lastModifiedBy>Erick Quintanilla</lastModifiedBy>
        <managedAssetId>61.bd20db7e-47a8-4935-ab57-c9d2541d9d98</managedAssetId>
        <assetUuid>02cde689-48e0-4cab-a129-0bf3f21fe44c</assetUuid>
        <mimeType>image/png</mimeType>
        <charEncoding isNull="true" />
        <assetTypeCode>W</assetTypeCode>
        <length>840</length>
        <localLastModification>1465944599514</localLastModification>
        <description isNull="true" />
        <isDocumentationFile>false</isDocumentationFile>
        <guid>965d60cc-bc09-4c78-9fa8-ffb33cd7c100</guid>
        <versionId>784691db-b44b-4653-984e-03834b071360</versionId>
    </managedAsset>
</teamworks>

