<?xml version="1.0" encoding="UTF-8"?>
<teamworks>
    <managedAsset id="61.b7d67eb1-807d-43b9-b527-5af128f3dd07" name="BPMExt-Control-Video-Preview.js">
        <lastModified>1484570316496</lastModified>
        <lastModifiedBy>Kirankumar Rana</lastModifiedBy>
        <managedAssetId>61.b7d67eb1-807d-43b9-b527-5af128f3dd07</managedAssetId>
        <assetUuid>e95df8bd-72ba-4674-9bbc-49d9d7a8bc59</assetUuid>
        <mimeType>application/javascript</mimeType>
        <charEncoding isNull="true" />
        <assetTypeCode>W</assetTypeCode>
        <length>7687</length>
        <localLastModification>1484570175454</localLastModification>
        <description isNull="true" />
        <isDocumentationFile>false</isDocumentationFile>
        <guid>92451ff3-f696-47eb-aeec-b0f825f8f4c4</guid>
        <versionId>5842a96c-9176-4818-b84f-1906999e5650</versionId>
    </managedAsset>
</teamworks>

