<?xml version="1.0" encoding="UTF-8"?>
<teamworks>
    <managedAsset id="61.b134f9c5-31e4-4869-91da-823c1bb2eaec" name="BPMExt-Control-EventSubscription.js">
        <lastModified>1495188776255</lastModified>
        <lastModifiedBy>Kirankumar Rana</lastModifiedBy>
        <managedAssetId>61.b134f9c5-31e4-4869-91da-823c1bb2eaec</managedAssetId>
        <assetUuid>9e2fb772-1031-4fc2-a0eb-d5fd26b5fe95</assetUuid>
        <mimeType>application/javascript</mimeType>
        <charEncoding isNull="true" />
        <assetTypeCode>W</assetTypeCode>
        <length>7662</length>
        <localLastModification>1495187649582</localLastModification>
        <description isNull="true" />
        <isDocumentationFile>false</isDocumentationFile>
        <guid>67b11ca5-bb0c-4ac6-878b-07f773e1529b</guid>
        <versionId>34865629-0196-415b-b753-ac6200152709</versionId>
    </managedAsset>
</teamworks>

