<?xml version="1.0" encoding="UTF-8"?>
<teamworks>
    <managedAsset id="61.b85a0ed1-1dfc-4208-947e-6941cc44ff88" name="BPMExt-Lib-DatePicker.zip">
        <lastModified>1495577915046</lastModified>
        <lastModifiedBy>Stephen Perez</lastModifiedBy>
        <managedAssetId>61.b85a0ed1-1dfc-4208-947e-6941cc44ff88</managedAssetId>
        <assetUuid>34180d87-28a5-4707-916d-8931402d8ae4</assetUuid>
        <mimeType>application/zip</mimeType>
        <charEncoding isNull="true" />
        <assetTypeCode>W</assetTypeCode>
        <length>24449</length>
        <localLastModification>1495577880730</localLastModification>
        <description isNull="true" />
        <isDocumentationFile>false</isDocumentationFile>
        <guid>64f722a1-ff94-46ed-a44c-1d72185eb531</guid>
        <versionId>dd429f29-9857-4100-8197-a71e8e21e9e5</versionId>
    </managedAsset>
</teamworks>

