<?xml version="1.0" encoding="UTF-8"?>
<teamworks>
    <managedAsset id="61.c336f400-f4a8-441e-b946-dd17ae0b1e2b" name="BPMExt-Control-TableLayout.js">
        <lastModified>1495194709051</lastModified>
        <lastModifiedBy>Kirankumar Rana</lastModifiedBy>
        <managedAssetId>61.c336f400-f4a8-441e-b946-dd17ae0b1e2b</managedAssetId>
        <assetUuid>61e92f37-27fd-41c3-a443-b4d72761e3b3</assetUuid>
        <mimeType>application/javascript</mimeType>
        <charEncoding isNull="true" />
        <assetTypeCode>W</assetTypeCode>
        <length>6426</length>
        <localLastModification>1495193869935</localLastModification>
        <description isNull="true" />
        <isDocumentationFile>false</isDocumentationFile>
        <guid>33f690b3-d80c-4867-bfc3-9a3942d1e2d7</guid>
        <versionId>3dbb5944-32e1-46e0-9bd7-67a23946b837</versionId>
    </managedAsset>
</teamworks>

