<?xml version="1.0" encoding="UTF-8"?>
<teamworks>
    <managedAsset id="61.c45c3307-21e3-4caf-9cfe-b933a39079d1" name="BPMExt-Control-Password-Preview.js">
        <lastModified>1483706879424</lastModified>
        <lastModifiedBy>Kirankumar Rana</lastModifiedBy>
        <managedAssetId>61.c45c3307-21e3-4caf-9cfe-b933a39079d1</managedAssetId>
        <assetUuid>78d4c552-f79d-4b7e-8b85-c1215ff9a6ee</assetUuid>
        <mimeType>application/javascript</mimeType>
        <charEncoding isNull="true" />
        <assetTypeCode>W</assetTypeCode>
        <length>6403</length>
        <localLastModification>1483703828670</localLastModification>
        <description isNull="true" />
        <isDocumentationFile>false</isDocumentationFile>
        <guid>7d0aa446-4c80-4015-8cac-975ca58bc87a</guid>
        <versionId>62e0a63e-4eb3-451a-adb9-6c3b4ec9212a</versionId>
    </managedAsset>
</teamworks>

