<?xml version="1.0" encoding="UTF-8"?>
<teamworks>
    <managedAsset id="61.c3cffa5f-cf2b-4e2f-9fcb-cb5447097b01" name="BPMExt-Control-DatePicker-Palette.png">
        <lastModified>1429666222084</lastModified>
        <lastModifiedBy>admin</lastModifiedBy>
        <managedAssetId>61.c3cffa5f-cf2b-4e2f-9fcb-cb5447097b01</managedAssetId>
        <assetUuid>2829a225-64c3-4bec-bd69-8b09c4272003</assetUuid>
        <mimeType>image/png</mimeType>
        <charEncoding isNull="true" />
        <assetTypeCode>W</assetTypeCode>
        <length>677</length>
        <localLastModification>1423180741898</localLastModification>
        <description isNull="true" />
        <isDocumentationFile>false</isDocumentationFile>
        <guid>c2a56cb5-4be6-421a-8212-400e55445360</guid>
        <versionId>da3484d3-d034-4202-8577-aceb3dae7672</versionId>
    </managedAsset>
</teamworks>

