<?xml version="1.0" encoding="UTF-8"?>
<teamworks>
    <managedAsset id="61.c4cbf8c1-bcc8-421f-99a5-f8b865f1473c" name="BPMExt-Control-TextEditor-Preview.js">
        <lastModified>1490708855365</lastModified>
        <lastModifiedBy>Kirankumar Rana</lastModifiedBy>
        <managedAssetId>61.c4cbf8c1-bcc8-421f-99a5-f8b865f1473c</managedAssetId>
        <assetUuid>75fa696d-db99-4873-9237-367f21012259</assetUuid>
        <mimeType>application/javascript</mimeType>
        <charEncoding isNull="true" />
        <assetTypeCode>W</assetTypeCode>
        <length>6546</length>
        <localLastModification>1490703432203</localLastModification>
        <description isNull="true" />
        <isDocumentationFile>false</isDocumentationFile>
        <guid>5b9f3386-f81e-4c7a-a062-1c79452ec6d8</guid>
        <versionId>125cd8bf-359b-45f4-907f-3351e29dec83</versionId>
    </managedAsset>
</teamworks>

