<?xml version="1.0" encoding="UTF-8"?>
<teamworks>
    <managedAsset id="61.cb4bdf1d-11bf-4c74-b22a-ac79b4a76ae5" name="BPMExt-Control-Bookmark-Palette.png">
        <lastModified>1429666030377</lastModified>
        <lastModifiedBy>admin</lastModifiedBy>
        <managedAssetId>61.cb4bdf1d-11bf-4c74-b22a-ac79b4a76ae5</managedAssetId>
        <assetUuid>6da4f0ab-f351-4db9-8969-dee221a2b433</assetUuid>
        <mimeType>image/png</mimeType>
        <charEncoding isNull="true" />
        <assetTypeCode>W</assetTypeCode>
        <length>601</length>
        <localLastModification>1423506234121</localLastModification>
        <description isNull="true" />
        <isDocumentationFile>false</isDocumentationFile>
        <guid>7ec11c34-bf0f-45ab-86cc-c94fc69fb89d</guid>
        <versionId>70df3d6b-5280-4cb1-bd9d-90d80de31c1a</versionId>
    </managedAsset>
</teamworks>

