<?xml version="1.0" encoding="UTF-8"?>
<teamworks>
    <managedAsset id="61.cbd4a829-ae0b-462c-9dcf-06591a04a96f" name="BPMExt-Control-Notification-Preview.png">
        <lastModified>1429667361463</lastModified>
        <lastModifiedBy>admin</lastModifiedBy>
        <managedAssetId>61.cbd4a829-ae0b-462c-9dcf-06591a04a96f</managedAssetId>
        <assetUuid>0c527705-d2e8-47e0-bd0a-070d39c2840d</assetUuid>
        <mimeType>image/png</mimeType>
        <charEncoding isNull="true" />
        <assetTypeCode>W</assetTypeCode>
        <length>740</length>
        <localLastModification>1423584440141</localLastModification>
        <description isNull="true" />
        <isDocumentationFile>false</isDocumentationFile>
        <guid>b2c0d41c-ad7c-4d36-a1f1-76d874968624</guid>
        <versionId>66b37b94-1fd9-4096-b80d-c5915d93ea63</versionId>
    </managedAsset>
</teamworks>

