<?xml version="1.0" encoding="UTF-8"?>
<teamworks>
    <managedAsset id="61.cee558cd-f491-4a5d-ba2c-b3cfdc4f3870" name="BPMExt-Control-Breadcrumbs.js">
        <lastModified>1495188566670</lastModified>
        <lastModifiedBy>Kirankumar Rana</lastModifiedBy>
        <managedAssetId>61.cee558cd-f491-4a5d-ba2c-b3cfdc4f3870</managedAssetId>
        <assetUuid>ef0d571e-8c0b-4373-b63a-c107e13d0295</assetUuid>
        <mimeType>application/javascript</mimeType>
        <charEncoding isNull="true" />
        <assetTypeCode>W</assetTypeCode>
        <length>16948</length>
        <localLastModification>1495186775582</localLastModification>
        <description isNull="true" />
        <isDocumentationFile>false</isDocumentationFile>
        <guid>7ad29e25-9f10-424d-b11a-5d1db0fab520</guid>
        <versionId>c02da78b-eb6e-4db1-857d-19875abd07d3</versionId>
    </managedAsset>
</teamworks>

