<?xml version="1.0" encoding="UTF-8"?>
<teamworks>
    <managedAsset id="61.cbe2e584-bac1-4400-80da-f64daf3927f8" name="BPMExt-Control-PieChartSDS-Preview.png">
        <lastModified>1493728535186</lastModified>
        <lastModifiedBy>Kirankumar Rana</lastModifiedBy>
        <managedAssetId>61.cbe2e584-bac1-4400-80da-f64daf3927f8</managedAssetId>
        <assetUuid>5e4a99e3-541a-4fed-885c-a4556715efa1</assetUuid>
        <mimeType>image/png</mimeType>
        <charEncoding isNull="true" />
        <assetTypeCode>W</assetTypeCode>
        <length>9666</length>
        <localLastModification>1493719688146</localLastModification>
        <description isNull="true" />
        <isDocumentationFile>false</isDocumentationFile>
        <guid>1969670c-72fb-4b6c-a9b8-6d3d462a83d2</guid>
        <versionId>0cfa4371-ce1e-4bce-967e-5a71b51d0fab</versionId>
    </managedAsset>
</teamworks>

