<?xml version="1.0" encoding="UTF-8"?>
<teamworks>
    <managedAsset id="61.cc8f6a0a-3bfa-4687-8e65-7376a59c1a97" name="BPMExt-Control-OpenLayers.css">
        <lastModified>1493805240274</lastModified>
        <lastModifiedBy>Kirankumar Rana</lastModifiedBy>
        <managedAssetId>61.cc8f6a0a-3bfa-4687-8e65-7376a59c1a97</managedAssetId>
        <assetUuid>9b7c92b2-3128-48cf-8945-b085b8eb40b5</assetUuid>
        <mimeType>text/css</mimeType>
        <charEncoding isNull="true" />
        <assetTypeCode>W</assetTypeCode>
        <length>34</length>
        <localLastModification>1493801796466</localLastModification>
        <description isNull="true" />
        <isDocumentationFile>false</isDocumentationFile>
        <guid>4e53f427-da4c-4914-b6e3-c480587bbe7b</guid>
        <versionId>ce378175-f841-40c8-b83c-9fb46419f4ab</versionId>
    </managedAsset>
</teamworks>

