<?xml version="1.0" encoding="UTF-8"?>
<teamworks>
    <managedAsset id="61.c6af4ae3-1c0f-427d-bd3c-86217ec346d3" name="BPMExt-Control-Decimal.js">
        <lastModified>1495097184084</lastModified>
        <lastModifiedBy>Kirankumar Rana</lastModifiedBy>
        <managedAssetId>61.c6af4ae3-1c0f-427d-bd3c-86217ec346d3</managedAssetId>
        <assetUuid>71e180bf-a02d-49b1-943b-d548b567eedd</assetUuid>
        <mimeType>application/javascript</mimeType>
        <charEncoding isNull="true" />
        <assetTypeCode>W</assetTypeCode>
        <length>78174</length>
        <localLastModification>1495096614419</localLastModification>
        <description isNull="true" />
        <isDocumentationFile>false</isDocumentationFile>
        <guid>a3a9688d-4521-46c3-bc04-f3db119de94c</guid>
        <versionId>5663ce52-e15c-422b-8ccc-6d9df4890858</versionId>
    </managedAsset>
</teamworks>

