<?xml version="1.0" encoding="UTF-8"?>
<teamworks>
    <managedAsset id="61.ccc94a10-e616-4ef4-b5ff-67604d7cf388" name="BPMExt-Control-Icon-Palette.png">
        <lastModified>1429666364924</lastModified>
        <lastModifiedBy>admin</lastModifiedBy>
        <managedAssetId>61.ccc94a10-e616-4ef4-b5ff-67604d7cf388</managedAssetId>
        <assetUuid>1f52d47b-76b5-48ee-a665-4f77accf22e3</assetUuid>
        <mimeType>image/png</mimeType>
        <charEncoding isNull="true" />
        <assetTypeCode>W</assetTypeCode>
        <length>784</length>
        <localLastModification>1423498538217</localLastModification>
        <description isNull="true" />
        <isDocumentationFile>false</isDocumentationFile>
        <guid>b53c96db-4c94-45d1-829b-710d70d24469</guid>
        <versionId>954a96ed-185f-4407-ae96-5a94f3593c8b</versionId>
    </managedAsset>
</teamworks>

