<?xml version="1.0" encoding="UTF-8"?>
<teamworks>
    <managedAsset id="61.cdccf564-853f-4173-a638-daa902029a43" name="BPMExt-Control-Line.js">
        <lastModified>1495182335629</lastModified>
        <lastModifiedBy>Kirankumar Rana</lastModifiedBy>
        <managedAssetId>61.cdccf564-853f-4173-a638-daa902029a43</managedAssetId>
        <assetUuid>b4e79469-28e8-49ef-9741-35c1e84d79b2</assetUuid>
        <mimeType>application/javascript</mimeType>
        <charEncoding isNull="true" />
        <assetTypeCode>W</assetTypeCode>
        <length>4289</length>
        <localLastModification>1495180871648</localLastModification>
        <description isNull="true" />
        <isDocumentationFile>false</isDocumentationFile>
        <guid>cc20322f-e3b0-4907-a8f7-1bf76815af4e</guid>
        <versionId>ab25604a-5a65-40aa-99d3-39500482e764</versionId>
    </managedAsset>
</teamworks>

