<?xml version="1.0" encoding="UTF-8"?>
<teamworks>
    <managedAsset id="61.cffdd509-14dd-44fb-a6b7-0819904203a6" name="BPMExt-Control-MultiSelect.js">
        <lastModified>1495102333284</lastModified>
        <lastModifiedBy>Kirankumar Rana</lastModifiedBy>
        <managedAssetId>61.cffdd509-14dd-44fb-a6b7-0819904203a6</managedAssetId>
        <assetUuid>ebac41b9-8ecf-4cb0-83d3-f559a347b75c</assetUuid>
        <mimeType>application/javascript</mimeType>
        <charEncoding isNull="true" />
        <assetTypeCode>W</assetTypeCode>
        <length>53762</length>
        <localLastModification>1495101994439</localLastModification>
        <description isNull="true" />
        <isDocumentationFile>false</isDocumentationFile>
        <guid>424d5db9-b2c2-40ea-b320-eb8d135d9caa</guid>
        <versionId>3d764e26-c5f6-4494-9976-54cec339d63c</versionId>
    </managedAsset>
</teamworks>

