<?xml version="1.0" encoding="UTF-8"?>
<teamworks>
    <managedAsset id="61.d630706a-37f2-459a-83c7-bcf5b6c53b3b" name="BPMExt-Control-Audio-Palette.png">
        <lastModified>1429665973901</lastModified>
        <lastModifiedBy>admin</lastModifiedBy>
        <managedAssetId>61.d630706a-37f2-459a-83c7-bcf5b6c53b3b</managedAssetId>
        <assetUuid>4aadf44b-52dc-4d65-a217-1bb4796b3660</assetUuid>
        <mimeType>image/png</mimeType>
        <charEncoding isNull="true" />
        <assetTypeCode>W</assetTypeCode>
        <length>601</length>
        <localLastModification>1423238219406</localLastModification>
        <description isNull="true" />
        <isDocumentationFile>false</isDocumentationFile>
        <guid>9f5e0096-3ccd-409a-a835-18919e0fc237</guid>
        <versionId>87faef26-d2b2-46d4-a8ca-ba37403e8de2</versionId>
    </managedAsset>
</teamworks>

