<?xml version="1.0" encoding="UTF-8"?>
<teamworks>
    <managedAsset id="61.d2717250-0c7d-4a80-94b0-d208877f4762" name="BPMExt-Lib-VideoContribHLS.zip">
        <lastModified>1493805207579</lastModified>
        <lastModifiedBy>Varun Sangwan</lastModifiedBy>
        <managedAssetId>61.d2717250-0c7d-4a80-94b0-d208877f4762</managedAssetId>
        <assetUuid>592d945a-58fa-4726-a681-fecec40ea3af</assetUuid>
        <mimeType>application/zip</mimeType>
        <charEncoding isNull="true" />
        <assetTypeCode>W</assetTypeCode>
        <length>246319</length>
        <localLastModification>1493804870163</localLastModification>
        <description isNull="true" />
        <isDocumentationFile>false</isDocumentationFile>
        <guid>17b1660f-2ae3-4dc7-913d-13b7336be06a</guid>
        <versionId>9859e730-82a5-4de6-977a-d53694ae6cdf</versionId>
    </managedAsset>
</teamworks>

