<?xml version="1.0" encoding="UTF-8"?>
<teamworks>
    <managedAsset id="61.df8a6afb-5edb-4799-b4a3-50a75e70fa4d" name="BPMExt-Control-TableLayoutRow.js">
        <lastModified>1495194785197</lastModified>
        <lastModifiedBy>Kirankumar Rana</lastModifiedBy>
        <managedAssetId>61.df8a6afb-5edb-4799-b4a3-50a75e70fa4d</managedAssetId>
        <assetUuid>e7d917cc-b2be-4347-a40e-b60951f0697b</assetUuid>
        <mimeType>application/javascript</mimeType>
        <charEncoding isNull="true" />
        <assetTypeCode>W</assetTypeCode>
        <length>4936</length>
        <localLastModification>1495193947127</localLastModification>
        <description isNull="true" />
        <isDocumentationFile>false</isDocumentationFile>
        <guid>53abfe7d-f10e-4a6d-bfd4-b748523300a6</guid>
        <versionId>09108a85-1077-4e52-91a2-db64b19a3312</versionId>
    </managedAsset>
</teamworks>

