<?xml version="1.0" encoding="UTF-8"?>
<teamworks>
    <managedAsset id="61.d1e71513-d56e-4153-bf8e-5f6e44a1d0e8" name="BPMExt-Control-Style-Preview.png">
        <lastModified>1429667491042</lastModified>
        <lastModifiedBy>admin</lastModifiedBy>
        <managedAssetId>61.d1e71513-d56e-4153-bf8e-5f6e44a1d0e8</managedAssetId>
        <assetUuid>105844ba-c33e-49a0-a241-3157eed782b6</assetUuid>
        <mimeType>image/png</mimeType>
        <charEncoding isNull="true" />
        <assetTypeCode>W</assetTypeCode>
        <length>2103</length>
        <localLastModification>1423610519133</localLastModification>
        <description isNull="true" />
        <isDocumentationFile>false</isDocumentationFile>
        <guid>955ede35-238e-4055-809f-abe2e96a8a02</guid>
        <versionId>910a5619-067e-4256-b767-cc68c848e729</versionId>
    </managedAsset>
</teamworks>

