<?xml version="1.0" encoding="UTF-8"?>
<teamworks>
    <managedAsset id="61.d6921fdb-801d-430d-b391-a603ead1d01e" name="BPMExt-Control-VerticalLayout.js">
        <lastModified>1460667264204</lastModified>
        <lastModifiedBy>Eric Ducos</lastModifiedBy>
        <managedAssetId>61.d6921fdb-801d-430d-b391-a603ead1d01e</managedAssetId>
        <assetUuid>ad55111f-7f24-48ea-910e-81ef0b669aad</assetUuid>
        <mimeType>application/javascript</mimeType>
        <charEncoding isNull="true" />
        <assetTypeCode>W</assetTypeCode>
        <length>7106</length>
        <localLastModification>1460667227690</localLastModification>
        <description isNull="true" />
        <isDocumentationFile>false</isDocumentationFile>
        <guid>5e631441-205a-400d-b4db-c5f8709c7e6b</guid>
        <versionId>faff6a36-42bc-44f7-9aff-6d61cea23cc7</versionId>
    </managedAsset>
</teamworks>

