<?xml version="1.0" encoding="UTF-8"?>
<teamworks>
    <managedAsset id="61.d2ff3647-0748-4780-9d5a-2b2532f9ab48" name="BPMExt-Control-TypeAheadText.js">
        <lastModified>1495184700612</lastModified>
        <lastModifiedBy>Kirankumar Rana</lastModifiedBy>
        <managedAssetId>61.d2ff3647-0748-4780-9d5a-2b2532f9ab48</managedAssetId>
        <assetUuid>ff22a45e-f365-40cb-b9a4-1aa8b3dd1bce</assetUuid>
        <mimeType>application/javascript</mimeType>
        <charEncoding isNull="true" />
        <assetTypeCode>W</assetTypeCode>
        <length>32953</length>
        <localLastModification>1495184405251</localLastModification>
        <description isNull="true" />
        <isDocumentationFile>false</isDocumentationFile>
        <guid>e77a4b0f-d705-43e1-bdd0-bc7e1650320a</guid>
        <versionId>38bb10db-4f7c-4b47-ac84-96be2ee3a4eb</versionId>
    </managedAsset>
</teamworks>

