<?xml version="1.0" encoding="UTF-8"?>
<teamworks>
    <managedAsset id="61.d1c016a9-db62-4c8f-8055-802ad2d333ff" name="BPMExt-Control-Checkbox-Preview.png">
        <lastModified>1429654571211</lastModified>
        <lastModifiedBy>admin</lastModifiedBy>
        <managedAssetId>61.d1c016a9-db62-4c8f-8055-802ad2d333ff</managedAssetId>
        <assetUuid>eeb81219-1112-4bf4-ba50-f0eee682a97e</assetUuid>
        <mimeType>image/png</mimeType>
        <charEncoding isNull="true" />
        <assetTypeCode>W</assetTypeCode>
        <length>495</length>
        <localLastModification>1423584060183</localLastModification>
        <description isNull="true" />
        <isDocumentationFile>false</isDocumentationFile>
        <guid>6fb3a817-2c3e-4f63-8d99-301f16ade74c</guid>
        <versionId>891e7e02-c188-44fd-b135-dec59163fb84</versionId>
    </managedAsset>
</teamworks>

