<?xml version="1.0" encoding="UTF-8"?>
<teamworks>
    <managedAsset id="61.dcbec2d0-bd90-49be-8cf6-1a63c5205a76" name="BPMExt-Control-DonutChartSDS-Preview.png">
        <lastModified>1493728816491</lastModified>
        <lastModifiedBy>Kirankumar Rana</lastModifiedBy>
        <managedAssetId>61.dcbec2d0-bd90-49be-8cf6-1a63c5205a76</managedAssetId>
        <assetUuid>46ac06f5-b652-428b-882b-7726d19021a6</assetUuid>
        <mimeType>image/png</mimeType>
        <charEncoding isNull="true" />
        <assetTypeCode>W</assetTypeCode>
        <length>10020</length>
        <localLastModification>1493720478212</localLastModification>
        <description isNull="true" />
        <isDocumentationFile>false</isDocumentationFile>
        <guid>fb0bc6aa-6bbc-48d2-8220-7ba85d6de008</guid>
        <versionId>a68fe857-7259-4d31-a2f4-c154f80eae71</versionId>
    </managedAsset>
</teamworks>

