<?xml version="1.0" encoding="UTF-8"?>
<teamworks>
    <managedAsset id="61.d8792723-0e0e-4f6f-9e0c-93202c0ca5e1" name="BPMExt-Control-TableLayoutCell-Palette.png">
        <lastModified>1429666984725</lastModified>
        <lastModifiedBy>admin</lastModifiedBy>
        <managedAssetId>61.d8792723-0e0e-4f6f-9e0c-93202c0ca5e1</managedAssetId>
        <assetUuid>0af63615-3452-435a-83c6-5f68bad25873</assetUuid>
        <mimeType>image/png</mimeType>
        <charEncoding isNull="true" />
        <assetTypeCode>W</assetTypeCode>
        <length>686</length>
        <localLastModification>1423175512452</localLastModification>
        <description isNull="true" />
        <isDocumentationFile>false</isDocumentationFile>
        <guid>89444fff-645e-4c6b-af8b-4d8b7eda21c8</guid>
        <versionId>f15ff6a6-7088-411c-a810-7d10693b5a82</versionId>
    </managedAsset>
</teamworks>

