<?xml version="1.0" encoding="UTF-8"?>
<teamworks>
    <managedAsset id="61.d26f6baa-91bf-405a-892d-2dd9af2d1846" name="BPMExt-Control-Debugger-Palette.png">
        <lastModified>1429666233585</lastModified>
        <lastModifiedBy>admin</lastModifiedBy>
        <managedAssetId>61.d26f6baa-91bf-405a-892d-2dd9af2d1846</managedAssetId>
        <assetUuid>8031ba12-5bd1-4d92-bb96-23e5c3779e35</assetUuid>
        <mimeType>image/png</mimeType>
        <charEncoding isNull="true" />
        <assetTypeCode>W</assetTypeCode>
        <length>587</length>
        <localLastModification>1423508267915</localLastModification>
        <description isNull="true" />
        <isDocumentationFile>false</isDocumentationFile>
        <guid>1addf86c-93c8-4361-b91c-b1673a1afa02</guid>
        <versionId>0a2a919d-6ce4-40be-8fd1-ca0402c7db06</versionId>
    </managedAsset>
</teamworks>

