<?xml version="1.0" encoding="UTF-8"?>
<teamworks>
    <managedAsset id="61.d7a63bc8-5cdc-4fcb-bd22-73eb68885275" name="BPMExt-Control-DataExport-Palette.png">
        <lastModified>1457740726707</lastModified>
        <lastModifiedBy>Eric Ducos</lastModifiedBy>
        <managedAssetId>61.d7a63bc8-5cdc-4fcb-bd22-73eb68885275</managedAssetId>
        <assetUuid>4226f02c-8e74-499b-9a83-f1638bfbe453</assetUuid>
        <mimeType>image/png</mimeType>
        <charEncoding isNull="true" />
        <assetTypeCode>W</assetTypeCode>
        <length>875</length>
        <localLastModification>1457740708741</localLastModification>
        <description isNull="true" />
        <isDocumentationFile>false</isDocumentationFile>
        <guid>587cd3ca-470f-44df-b7a0-d0450b60de4b</guid>
        <versionId>c549d367-834f-44a7-a91b-718341540892</versionId>
    </managedAsset>
</teamworks>

