<?xml version="1.0" encoding="UTF-8"?>
<teamworks>
    <managedAsset id="61.d0fd4287-d3be-4cd9-9264-21fce8e057fe" name="BPMExt-Control-HorizontalSplit.js">
        <lastModified>1492762665783</lastModified>
        <lastModifiedBy>Kirankumar Rana</lastModifiedBy>
        <managedAssetId>61.d0fd4287-d3be-4cd9-9264-21fce8e057fe</managedAssetId>
        <assetUuid>c574734f-b6e0-4d3b-a334-e09f119e83c2</assetUuid>
        <mimeType>application/javascript</mimeType>
        <charEncoding isNull="true" />
        <assetTypeCode>W</assetTypeCode>
        <length>19545</length>
        <localLastModification>1492762327416</localLastModification>
        <description isNull="true" />
        <isDocumentationFile>false</isDocumentationFile>
        <guid>2dbb7a8b-5359-46aa-945e-2de4bd8522ae</guid>
        <versionId>02970d42-2955-408c-acdc-8c38ce5f0b9d</versionId>
    </managedAsset>
</teamworks>

