<?xml version="1.0" encoding="UTF-8"?>
<teamworks>
    <managedAsset id="61.d9ffff0f-daad-473f-8fed-98cb474184e0" name="BPMExt-Control-InputGroup.js">
        <lastModified>1495102092716</lastModified>
        <lastModifiedBy>Kirankumar Rana</lastModifiedBy>
        <managedAssetId>61.d9ffff0f-daad-473f-8fed-98cb474184e0</managedAssetId>
        <assetUuid>0d6775a1-994a-483e-88b8-b03d725335cb</assetUuid>
        <mimeType>application/javascript</mimeType>
        <charEncoding isNull="true" />
        <assetTypeCode>W</assetTypeCode>
        <length>30004</length>
        <localLastModification>1495101213764</localLastModification>
        <description isNull="true" />
        <isDocumentationFile>false</isDocumentationFile>
        <guid>9637c0bb-8ca6-4afa-bc87-9a674e5fffee</guid>
        <versionId>b7e6df51-39c0-4c56-ad91-42de140c2db7</versionId>
    </managedAsset>
</teamworks>

