<?xml version="1.0" encoding="UTF-8"?>
<teamworks>
    <managedAsset id="61.d1353a9f-aa98-4429-a6ce-4b581530bccf" name="BPMExt-Control-Switch-Palette.png">
        <lastModified>1429666737227</lastModified>
        <lastModifiedBy>admin</lastModifiedBy>
        <managedAssetId>61.d1353a9f-aa98-4429-a6ce-4b581530bccf</managedAssetId>
        <assetUuid>f6bb2054-11cf-4d52-ab1a-d8f1a0cee6be</assetUuid>
        <mimeType>image/png</mimeType>
        <charEncoding isNull="true" />
        <assetTypeCode>W</assetTypeCode>
        <length>593</length>
        <localLastModification>1423174286055</localLastModification>
        <description isNull="true" />
        <isDocumentationFile>false</isDocumentationFile>
        <guid>3f11f3b5-bdb2-4cc4-b434-7af010785fae</guid>
        <versionId>1ea9c424-66a4-4021-9b5c-fb27619d70f6</versionId>
    </managedAsset>
</teamworks>

