<?xml version="1.0" encoding="UTF-8"?>
<teamworks>
    <managedAsset id="61.d101c2fa-980e-4a39-90ae-dc5b01d5a7ad" name="BPMExt-Control-Map-Palette.png">
        <lastModified>1429666307327</lastModified>
        <lastModifiedBy>admin</lastModifiedBy>
        <managedAssetId>61.d101c2fa-980e-4a39-90ae-dc5b01d5a7ad</managedAssetId>
        <assetUuid>0a582cd7-76bf-4a30-bd3b-f84122759252</assetUuid>
        <mimeType>image/png</mimeType>
        <charEncoding isNull="true" />
        <assetTypeCode>W</assetTypeCode>
        <length>1034</length>
        <localLastModification>1423500145426</localLastModification>
        <description isNull="true" />
        <isDocumentationFile>false</isDocumentationFile>
        <guid>e401d0ed-42b9-493f-ab78-feaa4e8f88a2</guid>
        <versionId>8c931b30-a0c0-4f7e-a701-bbd8d96419ba</versionId>
    </managedAsset>
</teamworks>

