<?xml version="1.0" encoding="UTF-8"?>
<teamworks>
    <managedAsset id="61.d0b0cef2-81d9-4083-a260-8156e19abda6" name="BPMExt-Control-Alerts-Palette.png">
        <lastModified>1443034079608</lastModified>
        <lastModifiedBy>Eric Ducos</lastModifiedBy>
        <managedAssetId>61.d0b0cef2-81d9-4083-a260-8156e19abda6</managedAssetId>
        <assetUuid>42ef1528-3ae9-4004-8ac4-3951ee4e350a</assetUuid>
        <mimeType>image/png</mimeType>
        <charEncoding isNull="true" />
        <assetTypeCode>W</assetTypeCode>
        <length>1052</length>
        <localLastModification>1443034022050</localLastModification>
        <description isNull="true" />
        <isDocumentationFile>false</isDocumentationFile>
        <guid>10ff2c12-e8b2-43ed-a483-5066bfeb57c3</guid>
        <versionId>61c06d5c-7429-4f35-b38c-d7a6d9d7160e</versionId>
    </managedAsset>
</teamworks>

