<?xml version="1.0" encoding="UTF-8"?>
<teamworks>
    <managedAsset id="61.dcbd450e-21cd-423d-9543-bfd94fe523f4" name="BPMExt-Control-Button.css">
        <lastModified>1493908757583</lastModified>
        <lastModifiedBy>Eric Ducos</lastModifiedBy>
        <managedAssetId>61.dcbd450e-21cd-423d-9543-bfd94fe523f4</managedAssetId>
        <assetUuid>ec99ba39-5a48-4276-8c47-f3bbc5eca25a</assetUuid>
        <mimeType>text/css</mimeType>
        <charEncoding isNull="true" />
        <assetTypeCode>W</assetTypeCode>
        <length>34</length>
        <localLastModification>1493908740213</localLastModification>
        <description isNull="true" />
        <isDocumentationFile>false</isDocumentationFile>
        <guid>91b32daa-b01d-4bef-85d6-9dda9b4cdd54</guid>
        <versionId>f054bfac-ed83-418e-a68a-0b8a40a1a886</versionId>
    </managedAsset>
</teamworks>

