<?xml version="1.0" encoding="UTF-8"?>
<teamworks>
    <managedAsset id="61.decbef51-67b5-443e-8e64-74e7669bbd44" name="BPMExt-Control-VerticalLayout-Preview.js">
        <lastModified>1450904524066</lastModified>
        <lastModifiedBy>Eric Ducos</lastModifiedBy>
        <managedAssetId>61.decbef51-67b5-443e-8e64-74e7669bbd44</managedAssetId>
        <assetUuid>2d8b0cdf-4b9f-4f45-a7dc-ed2049487740</assetUuid>
        <mimeType>application/javascript</mimeType>
        <charEncoding isNull="true" />
        <assetTypeCode>W</assetTypeCode>
        <length>9270</length>
        <localLastModification>1450904484585</localLastModification>
        <description isNull="true" />
        <isDocumentationFile>false</isDocumentationFile>
        <guid>a28d8e41-efe2-496f-a7c8-8bcf878ca4a1</guid>
        <versionId>92360496-ccd0-41fb-b170-4d52ea15e086</versionId>
    </managedAsset>
</teamworks>

