<?xml version="1.0" encoding="UTF-8"?>
<teamworks>
    <managedAsset id="61.d42e5fbb-53ec-4677-94b9-dd02fef2647c" name="BPMExt-Control-CollapsiblePanel-Preview.js">
        <lastModified>1493889260356</lastModified>
        <lastModifiedBy>Kirankumar Rana</lastModifiedBy>
        <managedAssetId>61.d42e5fbb-53ec-4677-94b9-dd02fef2647c</managedAssetId>
        <assetUuid>688604c1-ebaa-4f13-a014-59db7afec8ca</assetUuid>
        <mimeType>application/javascript</mimeType>
        <charEncoding isNull="true" />
        <assetTypeCode>W</assetTypeCode>
        <length>7544</length>
        <localLastModification>1493886311592</localLastModification>
        <description isNull="true" />
        <isDocumentationFile>false</isDocumentationFile>
        <guid>a457ef2d-a3df-45df-903d-a7b064274971</guid>
        <versionId>1204ecf5-c227-4c72-a4d4-5b7f5aaf42c9</versionId>
    </managedAsset>
</teamworks>

