<?xml version="1.0" encoding="UTF-8"?>
<teamworks>
    <managedAsset id="61.ee2dbb5d-81cf-4909-a934-2e52df3a9576" name="BPMExt-Control-Link-Preview.js">
        <lastModified>1429637731907</lastModified>
        <lastModifiedBy>admin</lastModifiedBy>
        <managedAssetId>61.ee2dbb5d-81cf-4909-a934-2e52df3a9576</managedAssetId>
        <assetUuid>6b7c93bc-4a36-4fef-871f-a1af31e86082</assetUuid>
        <mimeType>application/javascript</mimeType>
        <charEncoding isNull="true" />
        <assetTypeCode>W</assetTypeCode>
        <length>8798</length>
        <localLastModification>1423582211782</localLastModification>
        <description isNull="true" />
        <isDocumentationFile>false</isDocumentationFile>
        <guid>154a241c-5eb0-401c-9641-626c659ab13f</guid>
        <versionId>f9ef0144-e98f-4f95-a8a2-01eb33c81f88</versionId>
    </managedAsset>
</teamworks>

