<?xml version="1.0" encoding="UTF-8"?>
<teamworks>
    <managedAsset id="61.ea9943d6-3bdd-44a1-83c3-260b2c6cb534" name="BPMExt-Control-MultiPurposeChart-Palette.png">
        <lastModified>1495102288143</lastModified>
        <lastModifiedBy isNull="true" />
        <managedAssetId>61.ea9943d6-3bdd-44a1-83c3-260b2c6cb534</managedAssetId>
        <assetUuid>e5bdfa4a-badc-4c5e-a9da-4da231f272e7</assetUuid>
        <mimeType>image/png</mimeType>
        <charEncoding isNull="true" />
        <assetTypeCode>W</assetTypeCode>
        <length>1118</length>
        <localLastModification>1495101827612</localLastModification>
        <description isNull="true" />
        <isDocumentationFile>false</isDocumentationFile>
        <guid>e2881f08-c28f-4d8d-b2e2-48e9a670ca42</guid>
        <versionId>e2881f08-c28f-4d8d-b2e2-48e9a670ca42</versionId>
    </managedAsset>
</teamworks>

