<?xml version="1.0" encoding="UTF-8"?>
<teamworks>
    <managedAsset id="61.ef1c1d73-491b-45af-abcb-5fdefe4f455b" name="BPMExt-Control-MultiSelect-Preview.js">
        <lastModified>1483706631392</lastModified>
        <lastModifiedBy>Kirankumar Rana</lastModifiedBy>
        <managedAssetId>61.ef1c1d73-491b-45af-abcb-5fdefe4f455b</managedAssetId>
        <assetUuid>5843d6ee-6849-4dc4-ac85-bc1dd58fa853</assetUuid>
        <mimeType>application/javascript</mimeType>
        <charEncoding isNull="true" />
        <assetTypeCode>W</assetTypeCode>
        <length>11784</length>
        <localLastModification>1483703546152</localLastModification>
        <description isNull="true" />
        <isDocumentationFile>false</isDocumentationFile>
        <guid>670744fe-1cc8-451f-9711-9c28f897c5b1</guid>
        <versionId>e1a1f216-14d1-4a6a-bb2c-417a7fad1f30</versionId>
    </managedAsset>
</teamworks>

