<?xml version="1.0" encoding="UTF-8"?>
<teamworks>
    <managedAsset id="61.e6843a65-d6a7-4aae-91e8-bee6d1345d5f" name="BPMExt-Control-Signature-Preview.png">
        <lastModified>1429667600591</lastModified>
        <lastModifiedBy>admin</lastModifiedBy>
        <managedAssetId>61.e6843a65-d6a7-4aae-91e8-bee6d1345d5f</managedAssetId>
        <assetUuid>50174cee-4f30-45c4-9e2c-72eb06331642</assetUuid>
        <mimeType>image/png</mimeType>
        <charEncoding isNull="true" />
        <assetTypeCode>W</assetTypeCode>
        <length>24282</length>
        <localLastModification>1423605452906</localLastModification>
        <description isNull="true" />
        <isDocumentationFile>false</isDocumentationFile>
        <guid>bc9520df-e716-4bd6-b693-274e7b1b5251</guid>
        <versionId>da77f43b-ca9c-40b4-bb71-5ffe74c3be89</versionId>
    </managedAsset>
</teamworks>

