<?xml version="1.0" encoding="UTF-8"?>
<teamworks>
    <managedAsset id="61.e6b4e322-3b00-4f1c-a9b8-7a8b1ad722d3" name="BPMExt-Control-Tooltip-Preview.html">
        <lastModified>1431982718443</lastModified>
        <lastModifiedBy>admin</lastModifiedBy>
        <managedAssetId>61.e6b4e322-3b00-4f1c-a9b8-7a8b1ad722d3</managedAssetId>
        <assetUuid>34cd218f-a040-4371-89a5-937a861be4b9</assetUuid>
        <mimeType>text/html</mimeType>
        <charEncoding isNull="true" />
        <assetTypeCode>W</assetTypeCode>
        <length>1137</length>
        <localLastModification>1431621720019</localLastModification>
        <description isNull="true" />
        <isDocumentationFile>false</isDocumentationFile>
        <guid>88fc6b62-75d0-4109-865e-e344af5b9be5</guid>
        <versionId>4e315928-cac2-4cae-92b9-ba6154eec008</versionId>
    </managedAsset>
</teamworks>

