<?xml version="1.0" encoding="UTF-8"?>
<teamworks>
    <managedAsset id="61.e7a0684e-d219-4cd4-8075-8dd08be46974" name="BPMExt-Control-TabSection-Palette.png">
        <lastModified>1429667005243</lastModified>
        <lastModifiedBy>admin</lastModifiedBy>
        <managedAssetId>61.e7a0684e-d219-4cd4-8075-8dd08be46974</managedAssetId>
        <assetUuid>4626188b-0167-42ea-a26e-35ceb7eec952</assetUuid>
        <mimeType>image/png</mimeType>
        <charEncoding isNull="true" />
        <assetTypeCode>W</assetTypeCode>
        <length>399</length>
        <localLastModification>1423260864045</localLastModification>
        <description isNull="true" />
        <isDocumentationFile>false</isDocumentationFile>
        <guid>6afdf5cd-b279-42ac-8d01-0c761350e5bb</guid>
        <versionId>cb2977b6-b25a-445f-a18f-0b7cc1958e7e</versionId>
    </managedAsset>
</teamworks>

