<?xml version="1.0" encoding="UTF-8"?>
<teamworks>
    <managedAsset id="61.ef7ad587-bb9a-4404-a98f-2e634dc85838" name="BPMExt-Control-ExitSafeguard-Preview.png">
        <lastModified>1429667158564</lastModified>
        <lastModifiedBy>admin</lastModifiedBy>
        <managedAssetId>61.ef7ad587-bb9a-4404-a98f-2e634dc85838</managedAssetId>
        <assetUuid>93c78c78-c584-44d2-8ad7-1c4549897a5f</assetUuid>
        <mimeType>image/png</mimeType>
        <charEncoding isNull="true" />
        <assetTypeCode>W</assetTypeCode>
        <length>1520</length>
        <localLastModification>1423604741120</localLastModification>
        <description isNull="true" />
        <isDocumentationFile>false</isDocumentationFile>
        <guid>60d38c10-7bfa-45c5-978b-33456c639455</guid>
        <versionId>eb7e71ae-98b7-42a0-964b-e17d0d39b83a</versionId>
    </managedAsset>
</teamworks>

