<?xml version="1.0" encoding="UTF-8"?>
<teamworks>
    <managedAsset id="61.e9537503-f569-4f4a-aaef-a72a4b96549f" name="BPMExt-Control-PanelFooter.js">
        <lastModified>1495182408717</lastModified>
        <lastModifiedBy>Kirankumar Rana</lastModifiedBy>
        <managedAssetId>61.e9537503-f569-4f4a-aaef-a72a4b96549f</managedAssetId>
        <assetUuid>4955e4f0-5354-4c18-890c-4b5f47c9edcf</assetUuid>
        <mimeType>application/javascript</mimeType>
        <charEncoding isNull="true" />
        <assetTypeCode>W</assetTypeCode>
        <length>5077</length>
        <localLastModification>1495181021847</localLastModification>
        <description isNull="true" />
        <isDocumentationFile>false</isDocumentationFile>
        <guid>328b775e-c145-47b7-90af-4d839d0c3e41</guid>
        <versionId>cc1bbbaa-aade-4f61-889b-dc5288daff88</versionId>
    </managedAsset>
</teamworks>

