<?xml version="1.0" encoding="UTF-8"?>
<teamworks>
    <managedAsset id="61.ee9aa2f5-5298-43e8-944d-5db9211d2c08" name="BPMExt-Control-Text-Preview.png">
        <lastModified>1429637731907</lastModified>
        <lastModifiedBy>admin</lastModifiedBy>
        <managedAssetId>61.ee9aa2f5-5298-43e8-944d-5db9211d2c08</managedAssetId>
        <assetUuid>d7d77c83-addc-4fad-b657-d8f5f6dac678</assetUuid>
        <mimeType>image/png</mimeType>
        <charEncoding isNull="true" />
        <assetTypeCode>W</assetTypeCode>
        <length>965</length>
        <localLastModification>1423582211782</localLastModification>
        <description isNull="true" />
        <isDocumentationFile>false</isDocumentationFile>
        <guid>70d8739a-c31c-439a-a209-5a3c568cf639</guid>
        <versionId>0369321e-84e3-4ab0-af60-386aff252699</versionId>
    </managedAsset>
</teamworks>

