<?xml version="1.0" encoding="UTF-8"?>
<teamworks>
    <managedAsset id="61.e2d90387-ef57-4691-b660-415d0f216d95" name="BPMExt-Control-RangeSlider-Preview.js">
        <lastModified>1493023112541</lastModified>
        <lastModifiedBy>Kirankumar Rana</lastModifiedBy>
        <managedAssetId>61.e2d90387-ef57-4691-b660-415d0f216d95</managedAssetId>
        <assetUuid>c24c458b-dab0-4c2d-bd4b-327f73733e53</assetUuid>
        <mimeType>application/javascript</mimeType>
        <charEncoding isNull="true" />
        <assetTypeCode>W</assetTypeCode>
        <length>13728</length>
        <localLastModification>1493022846970</localLastModification>
        <description isNull="true" />
        <isDocumentationFile>false</isDocumentationFile>
        <guid>e359e2ab-01f7-4584-9cf0-1833e39ae83b</guid>
        <versionId>115b8c37-67d1-4ac2-b75f-dd69ec072241</versionId>
    </managedAsset>
</teamworks>

