<?xml version="1.0" encoding="UTF-8"?>
<teamworks>
    <managedAsset id="61.e65eb178-d264-495d-a1d6-a8df35b23be5" name="BPMExt-Control-DeviceSensor.js">
        <lastModified>1495443027978</lastModified>
        <lastModifiedBy>Kirankumar Rana</lastModifiedBy>
        <managedAssetId>61.e65eb178-d264-495d-a1d6-a8df35b23be5</managedAssetId>
        <assetUuid>f0de5c40-5c05-476d-8792-a1be74073544</assetUuid>
        <mimeType>application/javascript</mimeType>
        <charEncoding isNull="true" />
        <assetTypeCode>W</assetTypeCode>
        <length>9048</length>
        <localLastModification>1495441669214</localLastModification>
        <description isNull="true" />
        <isDocumentationFile>false</isDocumentationFile>
        <guid>085c038d-3151-4e95-984a-e4486d26c80e</guid>
        <versionId>cbefd7e0-cf79-4c1f-bdc7-b9268303270f</versionId>
    </managedAsset>
</teamworks>

