<?xml version="1.0" encoding="UTF-8"?>
<teamworks>
    <managedAsset id="61.e23dbf38-0ce4-4370-a234-ae46d3b49801" name="BPMExt-Control-SingleSelect-Preview.js">
        <lastModified>1483707084009</lastModified>
        <lastModifiedBy>Kirankumar Rana</lastModifiedBy>
        <managedAssetId>61.e23dbf38-0ce4-4370-a234-ae46d3b49801</managedAssetId>
        <assetUuid>f82f0ff7-36ff-4cb8-8235-583abd9fa232</assetUuid>
        <mimeType>application/javascript</mimeType>
        <charEncoding isNull="true" />
        <assetTypeCode>W</assetTypeCode>
        <length>11762</length>
        <localLastModification>1483704182115</localLastModification>
        <description isNull="true" />
        <isDocumentationFile>false</isDocumentationFile>
        <guid>5857fb07-0bf0-4752-8e2f-283cf7a2e96d</guid>
        <versionId>8df723d3-3cd4-4b00-86f7-e9ba52c8355a</versionId>
    </managedAsset>
</teamworks>

