<?xml version="1.0" encoding="UTF-8"?>
<teamworks>
    <managedAsset id="61.e8d57eba-0894-4a2f-82f3-9657e589ad5d" name="LICENSES.zip">
        <lastModified>1463671747452</lastModified>
        <lastModifiedBy>Eric Ducos</lastModifiedBy>
        <managedAssetId>61.e8d57eba-0894-4a2f-82f3-9657e589ad5d</managedAssetId>
        <assetUuid>40736a15-d45b-496e-9c25-0a55d969bdb9</assetUuid>
        <mimeType>application/zip</mimeType>
        <charEncoding isNull="true" />
        <assetTypeCode>W</assetTypeCode>
        <length>37000</length>
        <localLastModification>1463671726323</localLastModification>
        <description isNull="true" />
        <isDocumentationFile>false</isDocumentationFile>
        <guid>f0c22b31-adde-4fe0-90e1-c424fcde9fb6</guid>
        <versionId>06e0eb9c-ed46-4cf6-bdfa-b3de111e6636</versionId>
    </managedAsset>
</teamworks>

