<?xml version="1.0" encoding="UTF-8"?>
<teamworks>
    <managedAsset id="61.e8aed35a-e9cc-4e97-bc62-0541321dfc14" name="BPMExt-Control-RadioButton-Preview.html">
        <lastModified>1462206387574</lastModified>
        <lastModifiedBy>Eric Ducos</lastModifiedBy>
        <managedAssetId>61.e8aed35a-e9cc-4e97-bc62-0541321dfc14</managedAssetId>
        <assetUuid>9b55130a-03de-4b2c-b9fc-5cfa3103b598</assetUuid>
        <mimeType>text/html</mimeType>
        <charEncoding isNull="true" />
        <assetTypeCode>W</assetTypeCode>
        <length>427</length>
        <localLastModification>1462206381295</localLastModification>
        <description isNull="true" />
        <isDocumentationFile>false</isDocumentationFile>
        <guid>92703225-cd19-473b-ab95-7390c9325e31</guid>
        <versionId>51ae2ece-771c-42e5-a884-374fd591abfc</versionId>
    </managedAsset>
</teamworks>

