<?xml version="1.0" encoding="UTF-8"?>
<teamworks>
    <managedAsset id="61.e326cc8b-bfc3-4874-95d3-cbc947045ff3" name="BPMExt-Control-PanelFooter-Preview.js">
        <lastModified>1490874799156</lastModified>
        <lastModifiedBy>Varun Sangwan</lastModifiedBy>
        <managedAssetId>61.e326cc8b-bfc3-4874-95d3-cbc947045ff3</managedAssetId>
        <assetUuid>efc4505c-fa30-4a36-bf25-a2a696ff198f</assetUuid>
        <mimeType>text/html</mimeType>
        <charEncoding isNull="true" />
        <assetTypeCode>W</assetTypeCode>
        <length>2017</length>
        <localLastModification>1490873785990</localLastModification>
        <description isNull="true" />
        <isDocumentationFile>false</isDocumentationFile>
        <guid>f01f1ed3-84ed-4fb1-ae98-c62c0b6726bb</guid>
        <versionId>b92ec798-1af5-4202-9c39-8ece3aed0ce8</versionId>
    </managedAsset>
</teamworks>

