<?xml version="1.0" encoding="UTF-8"?>
<teamworks>
    <managedAsset id="61.e427044b-04a8-469c-a727-9afccc1a1489" name="BPMExt-Control-ModalSection.js">
        <lastModified>1495102288143</lastModified>
        <lastModifiedBy>Kirankumar Rana</lastModifiedBy>
        <managedAssetId>61.e427044b-04a8-469c-a727-9afccc1a1489</managedAssetId>
        <assetUuid>1a2c2641-b8c4-4f7e-8880-d93cf51a9692</assetUuid>
        <mimeType>application/javascript</mimeType>
        <charEncoding isNull="true" />
        <assetTypeCode>W</assetTypeCode>
        <length>20581</length>
        <localLastModification>1495101827612</localLastModification>
        <description isNull="true" />
        <isDocumentationFile>false</isDocumentationFile>
        <guid>68479185-98ca-474c-b012-fc339c79e8a3</guid>
        <versionId>b5b23a36-f1ce-4834-9417-a8f39485e55a</versionId>
    </managedAsset>
</teamworks>

