<?xml version="1.0" encoding="UTF-8"?>
<teamworks>
    <managedAsset id="61.f0c8fcfb-ecf7-4c06-8747-3201a154765f" name="BPMExt-Control-Notification.js">
        <lastModified>1495194863637</lastModified>
        <lastModifiedBy>Kirankumar Rana</lastModifiedBy>
        <managedAssetId>61.f0c8fcfb-ecf7-4c06-8747-3201a154765f</managedAssetId>
        <assetUuid>f17e4c97-0187-4d50-a5fc-88e8877b9488</assetUuid>
        <mimeType>application/javascript</mimeType>
        <charEncoding isNull="true" />
        <assetTypeCode>W</assetTypeCode>
        <length>14588</length>
        <localLastModification>1495194092311</localLastModification>
        <description isNull="true" />
        <isDocumentationFile>false</isDocumentationFile>
        <guid>e36dea0f-e4cf-47be-afbc-827865800ed1</guid>
        <versionId>e6ed570d-da01-4e91-b3fd-2d2aec3be15b</versionId>
    </managedAsset>
</teamworks>

