<?xml version="1.0" encoding="UTF-8"?>
<teamworks>
    <managedAsset id="61.f39278b0-a844-4a8d-9e1e-4b1be8176894" name="BPMExt-Control-QRCode-Preview.png">
        <lastModified>1429667336945</lastModified>
        <lastModifiedBy>admin</lastModifiedBy>
        <managedAssetId>61.f39278b0-a844-4a8d-9e1e-4b1be8176894</managedAssetId>
        <assetUuid>d8e90a69-4d18-4528-b086-6e5de972a738</assetUuid>
        <mimeType>image/png</mimeType>
        <charEncoding isNull="true" />
        <assetTypeCode>W</assetTypeCode>
        <length>870</length>
        <localLastModification>1423591250945</localLastModification>
        <description isNull="true" />
        <isDocumentationFile>false</isDocumentationFile>
        <guid>e6b7d7d7-a26c-4b7c-bce8-3678a802a933</guid>
        <versionId>1d3a215d-8516-4735-ab8e-4054bdf5c2de</versionId>
    </managedAsset>
</teamworks>

