<?xml version="1.0" encoding="UTF-8"?>
<teamworks>
    <managedAsset id="61.fa99bc43-9bd5-419c-aa44-30fb304c86c4" name="BPMExt-Control-RangeSlider-Palette.png">
        <lastModified>1447100931053</lastModified>
        <lastModifiedBy>Eric Ducos</lastModifiedBy>
        <managedAssetId>61.fa99bc43-9bd5-419c-aa44-30fb304c86c4</managedAssetId>
        <assetUuid>8349cdfd-cf31-425c-bdde-281fdb9bbd0b</assetUuid>
        <mimeType>image/png</mimeType>
        <charEncoding isNull="true" />
        <assetTypeCode>W</assetTypeCode>
        <length>392</length>
        <localLastModification>1447100861014</localLastModification>
        <description isNull="true" />
        <isDocumentationFile>false</isDocumentationFile>
        <guid>15ee65c2-fd51-4b26-8b7b-f4e73ce81445</guid>
        <versionId>8af80c36-f15b-42ec-8bf7-81319df70687</versionId>
    </managedAsset>
</teamworks>

