<?xml version="1.0" encoding="UTF-8"?>
<teamworks>
    <managedAsset id="61.f2a2838e-f0cb-4be4-b2b5-d42368e66525" name="BPMExt-Control-DataExport.js">
        <lastModified>1495442913485</lastModified>
        <lastModifiedBy>Kirankumar Rana</lastModifiedBy>
        <managedAssetId>61.f2a2838e-f0cb-4be4-b2b5-d42368e66525</managedAssetId>
        <assetUuid>e2eef20c-2961-4602-8ea7-1dd39c7590e0</assetUuid>
        <mimeType>application/javascript</mimeType>
        <charEncoding isNull="true" />
        <assetTypeCode>W</assetTypeCode>
        <length>65088</length>
        <localLastModification>1495441074751</localLastModification>
        <description isNull="true" />
        <isDocumentationFile>false</isDocumentationFile>
        <guid>25d19b6d-a38d-420a-a8d4-c79bff116748</guid>
        <versionId>829a781a-6131-4608-af1b-f9186a2feb39</versionId>
    </managedAsset>
</teamworks>

