<?xml version="1.0" encoding="UTF-8"?>
<teamworks>
    <managedAsset id="61.ff29b030-9d85-49d3-b44c-a7d0515a1bf1" name="BPMExt-Control-InputGroup-Palette.png">
        <lastModified>1429645243888</lastModified>
        <lastModifiedBy>admin</lastModifiedBy>
        <managedAssetId>61.ff29b030-9d85-49d3-b44c-a7d0515a1bf1</managedAssetId>
        <assetUuid>f4f0a725-4270-4af5-864b-cdc9511df96f</assetUuid>
        <mimeType>image/png</mimeType>
        <charEncoding isNull="true" />
        <assetTypeCode>W</assetTypeCode>
        <length>680</length>
        <localLastModification>1423246530985</localLastModification>
        <description isNull="true" />
        <isDocumentationFile>false</isDocumentationFile>
        <guid>18fd3d4d-9279-40ee-8b17-d30f38dce926</guid>
        <versionId>233c5fe2-e747-4d83-a58d-90c0b4bdbac4</versionId>
    </managedAsset>
</teamworks>

