<?xml version="1.0" encoding="UTF-8"?>
<teamworks>
    <managedAsset id="61.fdc199ff-9e83-44b2-90a2-e3eda2d9ab09" name="BPMExt-Control-Password-Palette.png">
        <lastModified>1429640775608</lastModified>
        <lastModifiedBy>admin</lastModifiedBy>
        <managedAssetId>61.fdc199ff-9e83-44b2-90a2-e3eda2d9ab09</managedAssetId>
        <assetUuid>1582be6d-d726-4197-9363-9932d193a5cf</assetUuid>
        <mimeType>image/png</mimeType>
        <charEncoding isNull="true" />
        <assetTypeCode>W</assetTypeCode>
        <length>560</length>
        <localLastModification>1423507581581</localLastModification>
        <description isNull="true" />
        <isDocumentationFile>false</isDocumentationFile>
        <guid>97f11462-2a7c-4e65-bc62-49420c23e2fd</guid>
        <versionId>72ecc225-2d45-4d3d-9d41-835221731dbc</versionId>
    </managedAsset>
</teamworks>

