<?xml version="1.0" encoding="UTF-8"?>
<teamworks>
    <managedAsset id="61.fcf5ff35-8af9-4209-acd9-117b713b513a" name="BPMExt-Control-Switch-Preview.png">
        <lastModified>1429667581840</lastModified>
        <lastModifiedBy>admin</lastModifiedBy>
        <managedAssetId>61.fcf5ff35-8af9-4209-acd9-117b713b513a</managedAssetId>
        <assetUuid>02b161ab-497a-4644-9a5a-1f5d3967ce7f</assetUuid>
        <mimeType>image/png</mimeType>
        <charEncoding isNull="true" />
        <assetTypeCode>W</assetTypeCode>
        <length>1819</length>
        <localLastModification>1423593072104</localLastModification>
        <description isNull="true" />
        <isDocumentationFile>false</isDocumentationFile>
        <guid>9d88ecf2-4718-4937-a14e-8722808bd824</guid>
        <versionId>d3cf3dca-3885-4fca-bb3e-282ea9abc0d2</versionId>
    </managedAsset>
</teamworks>

