<?xml version="1.0" encoding="UTF-8"?>
<teamworks>
    <managedAsset id="61.f2905369-e6ec-44ed-ba01-2471092a35d5" name="BPMExt-Control-LineChartSDS-Preview.js">
        <lastModified>1493727938817</lastModified>
        <lastModifiedBy>Kirankumar Rana</lastModifiedBy>
        <managedAssetId>61.f2905369-e6ec-44ed-ba01-2471092a35d5</managedAssetId>
        <assetUuid>37b6150c-eddd-4d0d-943c-c1088af17742</assetUuid>
        <mimeType>application/javascript</mimeType>
        <charEncoding isNull="true" />
        <assetTypeCode>W</assetTypeCode>
        <length>5935</length>
        <localLastModification>1493718285394</localLastModification>
        <description isNull="true" />
        <isDocumentationFile>false</isDocumentationFile>
        <guid>57016622-f3fe-486d-afd3-1065af026ceb</guid>
        <versionId>d7421afd-d10d-4866-860f-f1850d3e7817</versionId>
    </managedAsset>
</teamworks>

