<?xml version="1.0" encoding="UTF-8"?>
<teamworks>
    <managedAsset id="61.f68b4df2-8ff1-4922-a7e8-c4eaa27d4068" name="BPMExt-Control-CheckboxGroup-Palette.png">
        <lastModified>1434249373118</lastModified>
        <lastModifiedBy>Eric Ducos</lastModifiedBy>
        <managedAssetId>61.f68b4df2-8ff1-4922-a7e8-c4eaa27d4068</managedAssetId>
        <assetUuid>c20a940b-951a-4018-b05c-3357b77bd4ae</assetUuid>
        <mimeType>image/png</mimeType>
        <charEncoding isNull="true" />
        <assetTypeCode>W</assetTypeCode>
        <length>532</length>
        <localLastModification>1434249301575</localLastModification>
        <description isNull="true" />
        <isDocumentationFile>false</isDocumentationFile>
        <guid>849c14f1-7a9e-4502-a857-ae3c3186dc91</guid>
        <versionId>60d7994a-52a2-4d73-9520-ec5f6f7fbe3e</versionId>
    </managedAsset>
</teamworks>

