<?xml version="1.0" encoding="UTF-8"?>
<teamworks>
    <managedAsset id="61.fc7874d2-0cc2-4933-81d7-b85fe7746919" name="BPMExt-Control-Configuration-Preview.png">
        <lastModified>1429667092043</lastModified>
        <lastModifiedBy>admin</lastModifiedBy>
        <managedAssetId>61.fc7874d2-0cc2-4933-81d7-b85fe7746919</managedAssetId>
        <assetUuid>3bf89707-ef64-4314-85b4-323c558c73fc</assetUuid>
        <mimeType>image/png</mimeType>
        <charEncoding isNull="true" />
        <assetTypeCode>W</assetTypeCode>
        <length>2406</length>
        <localLastModification>1424364593401</localLastModification>
        <description isNull="true" />
        <isDocumentationFile>false</isDocumentationFile>
        <guid>1be8918f-cdca-4a3b-b017-90e655d2f215</guid>
        <versionId>1b879501-8e1d-46c3-9908-25723ad429b8</versionId>
    </managedAsset>
</teamworks>

