<?xml version="1.0" encoding="UTF-8"?>
<teamworks>
    <managedAsset id="61.fa302d45-8a11-488c-913b-8213162e20c3" name="BPMExt-Lib-ResizeSensor.zip">
        <lastModified>1462485769122</lastModified>
        <lastModifiedBy>Eric Ducos</lastModifiedBy>
        <managedAssetId>61.fa302d45-8a11-488c-913b-8213162e20c3</managedAssetId>
        <assetUuid>6574dc55-cdcb-4e15-8585-5c72aa0ded0a</assetUuid>
        <mimeType>application/zip</mimeType>
        <charEncoding isNull="true" />
        <assetTypeCode>W</assetTypeCode>
        <length>3477</length>
        <localLastModification>1462485759997</localLastModification>
        <description isNull="true" />
        <isDocumentationFile>false</isDocumentationFile>
        <guid>bc97306c-5822-4015-a106-f6f670f0155a</guid>
        <versionId>a4243950-0f9e-48ae-bd89-235ea50e4537</versionId>
    </managedAsset>
</teamworks>

