<?xml version="1.0" encoding="UTF-8"?>
<teamworks>
    <managedAsset id="61.f9ec184f-6f40-410b-b0c5-3b51bd815234" name="BPMExt-Control-Badge-Palette.png">
        <lastModified>1429665888753</lastModified>
        <lastModifiedBy>admin</lastModifiedBy>
        <managedAssetId>61.f9ec184f-6f40-410b-b0c5-3b51bd815234</managedAssetId>
        <assetUuid>3fb95e72-7e68-4691-a4f6-4ade33b9af1d</assetUuid>
        <mimeType>image/png</mimeType>
        <charEncoding isNull="true" />
        <assetTypeCode>W</assetTypeCode>
        <length>905</length>
        <localLastModification>1423178884913</localLastModification>
        <description isNull="true" />
        <isDocumentationFile>false</isDocumentationFile>
        <guid>d4a7ff50-5bab-4fcf-9cc4-e80175b8d501</guid>
        <versionId>fb6048eb-b821-4ce7-979c-4d2fd093970d</versionId>
    </managedAsset>
</teamworks>

