<?xml version="1.0" encoding="UTF-8"?>
<teamworks>
    <managedAsset id="61.f161034f-fd26-4b34-9448-dcf6c3933b24" name="BPMExt-Control-AreaChartSDS-Preview.png">
        <lastModified>1493727018304</lastModified>
        <lastModifiedBy>Kirankumar Rana</lastModifiedBy>
        <managedAssetId>61.f161034f-fd26-4b34-9448-dcf6c3933b24</managedAssetId>
        <assetUuid>02571dc0-8ad6-494b-973c-76521dc2153c</assetUuid>
        <mimeType>image/png</mimeType>
        <charEncoding isNull="true" />
        <assetTypeCode>W</assetTypeCode>
        <length>8566</length>
        <localLastModification>1493716336478</localLastModification>
        <description isNull="true" />
        <isDocumentationFile>false</isDocumentationFile>
        <guid>8199d08c-ad1a-4065-8192-4a360e1ce0ea</guid>
        <versionId>f8e03fac-9aaf-4c76-b0ee-98bfeb9ffe84</versionId>
    </managedAsset>
</teamworks>

