<?xml version="1.0" encoding="UTF-8"?>
<teamworks>
    <managedAsset id="61.fa33e2e5-746e-4b8c-8743-71a0599f01e7" name="BPMExt-Control-BPMFileUploader-Palette.png">
        <lastModified>1432735395272</lastModified>
        <lastModifiedBy>Eric Ducos</lastModifiedBy>
        <managedAssetId>61.fa33e2e5-746e-4b8c-8743-71a0599f01e7</managedAssetId>
        <assetUuid>2cd17d76-92d7-4a8f-abb3-95d3c22b434e</assetUuid>
        <mimeType>image/png</mimeType>
        <charEncoding isNull="true" />
        <assetTypeCode>W</assetTypeCode>
        <length>548</length>
        <localLastModification>1423245913019</localLastModification>
        <description isNull="true" />
        <isDocumentationFile>false</isDocumentationFile>
        <guid>fde51460-5a67-4764-aeae-29204e9d3248</guid>
        <versionId>d893af45-7404-4242-a38e-4c256ec9432d</versionId>
    </managedAsset>
</teamworks>

