<?xml version="1.0" encoding="UTF-8"?>
<teamworks>
    <managedAsset id="61.f26c00c3-4201-4935-981e-f1f6d1c55380" name="BPMExt-Control-DefaultInlineUserTask-Palette.png">
        <lastModified>1495102288143</lastModified>
        <lastModifiedBy isNull="true" />
        <managedAssetId>61.f26c00c3-4201-4935-981e-f1f6d1c55380</managedAssetId>
        <assetUuid>46decdad-d622-40d7-bd7f-c6c6a5a3fbca</assetUuid>
        <mimeType>image/png</mimeType>
        <charEncoding isNull="true" />
        <assetTypeCode>W</assetTypeCode>
        <length>1160</length>
        <localLastModification>1495101827612</localLastModification>
        <description isNull="true" />
        <isDocumentationFile>false</isDocumentationFile>
        <guid>a1b2a86f-7c92-483a-a756-3f769c2fe73c</guid>
        <versionId>a1b2a86f-7c92-483a-a756-3f769c2fe73c</versionId>
    </managedAsset>
</teamworks>

