<?xml version="1.0" encoding="UTF-8"?>
<teamworks>
    <managedAsset id="61.f74a3e09-4446-4a97-a41a-6393c687116f" name="BPMExt-Control-GeoLocation.js">
        <lastModified>1495188819316</lastModified>
        <lastModifiedBy>Kirankumar Rana</lastModifiedBy>
        <managedAssetId>61.f74a3e09-4446-4a97-a41a-6393c687116f</managedAssetId>
        <assetUuid>d49ebe52-ced0-493e-b314-7187c6cefca4</assetUuid>
        <mimeType>application/javascript</mimeType>
        <charEncoding isNull="true" />
        <assetTypeCode>W</assetTypeCode>
        <length>15567</length>
        <localLastModification>1495187738447</localLastModification>
        <description isNull="true" />
        <isDocumentationFile>false</isDocumentationFile>
        <guid>5e03d299-095c-4478-91f2-56fbc0b582ca</guid>
        <versionId>b47c9959-33b0-4235-8f85-aada5e068fc5</versionId>
    </managedAsset>
</teamworks>

