<?xml version="1.0" encoding="UTF-8"?>
<teamworks>
    <managedAsset id="61.f6c83258-526f-4393-866b-af3662f8bf10" name="BPMExt-Control-Map-Preview.js">
        <lastModified>1491224927111</lastModified>
        <lastModifiedBy>Kirankumar Rana</lastModifiedBy>
        <managedAssetId>61.f6c83258-526f-4393-866b-af3662f8bf10</managedAssetId>
        <assetUuid>8bafea9e-1b25-4644-a9e9-7656e08c5483</assetUuid>
        <mimeType>application/javascript</mimeType>
        <charEncoding isNull="true" />
        <assetTypeCode>W</assetTypeCode>
        <length>3477</length>
        <localLastModification>1490966972476</localLastModification>
        <description isNull="true" />
        <isDocumentationFile>false</isDocumentationFile>
        <guid>e9f3bacb-052a-4f71-8dbe-25d129a16b8e</guid>
        <versionId>5fbd859c-d599-4af9-983e-60c68424bde5</versionId>
    </managedAsset>
</teamworks>

