<?xml version="1.0" encoding="UTF-8"?>
<teamworks>
    <managedAsset id="61.fa3ab93d-5e89-4102-abbd-678ccc86e0bb" name="BPMExt-Lib-FileSaver.zip">
        <lastModified>1460683222716</lastModified>
        <lastModifiedBy>Eric Ducos</lastModifiedBy>
        <managedAssetId>61.fa3ab93d-5e89-4102-abbd-678ccc86e0bb</managedAssetId>
        <assetUuid>4d8a8a8a-b907-4541-805c-dcbec3b69d19</assetUuid>
        <mimeType>application/zip</mimeType>
        <charEncoding isNull="true" />
        <assetTypeCode>W</assetTypeCode>
        <length>4070</length>
        <localLastModification>1460683216519</localLastModification>
        <description isNull="true" />
        <isDocumentationFile>false</isDocumentationFile>
        <guid>f9973292-344e-4eed-b8ae-e8950a8bdfe4</guid>
        <versionId>40d83e55-2418-4694-9be7-027028ad7082</versionId>
    </managedAsset>
</teamworks>

