<?xml version="1.0" encoding="UTF-8"?>
<teamworks>
    <managedAsset id="61.f544db53-6f21-4af8-8362-34064ee5adf9" name="BPMExt-Control-ModalSection-Preview.html">
        <lastModified>1488373679382</lastModified>
        <lastModifiedBy>Kirankumar Rana</lastModifiedBy>
        <managedAssetId>61.f544db53-6f21-4af8-8362-34064ee5adf9</managedAssetId>
        <assetUuid>5133fa8d-f6f3-4876-931e-ee89ef1d2992</assetUuid>
        <mimeType>text/html</mimeType>
        <charEncoding isNull="true" />
        <assetTypeCode>W</assetTypeCode>
        <length>507</length>
        <localLastModification>1488373396682</localLastModification>
        <description isNull="true" />
        <isDocumentationFile>false</isDocumentationFile>
        <guid>1c045af0-4ffa-4bda-90fd-312e6334342e</guid>
        <versionId>118a45fc-130d-4da9-ae1c-4c40ba2dcd77</versionId>
    </managedAsset>
</teamworks>

