<?xml version="1.0" encoding="UTF-8"?>
<teamworks>
    <managedAsset id="61.f84b3609-e6fc-4a12-afab-a0465bd7aaba" name="BPMExt-Control-Line-Preview.png">
        <lastModified>1429667395325</lastModified>
        <lastModifiedBy>admin</lastModifiedBy>
        <managedAssetId>61.f84b3609-e6fc-4a12-afab-a0465bd7aaba</managedAssetId>
        <assetUuid>040621e0-66ed-4cc3-9562-57aa0353c53a</assetUuid>
        <mimeType>image/png</mimeType>
        <charEncoding isNull="true" />
        <assetTypeCode>W</assetTypeCode>
        <length>291</length>
        <localLastModification>1423591165140</localLastModification>
        <description isNull="true" />
        <isDocumentationFile>false</isDocumentationFile>
        <guid>5e94882b-5665-4d83-afb9-970d7c361b1d</guid>
        <versionId>197cf96f-0786-495e-a9f3-0674a86c4f7f</versionId>
    </managedAsset>
</teamworks>

