<?xml version="1.0" encoding="UTF-8"?>
<teamworks>
    <managedAsset id="61.f9f619e5-a6ad-4c5a-9f48-370c357de8f5" name="BPMExt-Control-OpenLayersGeoCoder.js">
        <lastModified>1495443084124</lastModified>
        <lastModifiedBy>Kirankumar Rana</lastModifiedBy>
        <managedAssetId>61.f9f619e5-a6ad-4c5a-9f48-370c357de8f5</managedAssetId>
        <assetUuid>208c6d14-c481-47b8-ae5e-f2ff519855c4</assetUuid>
        <mimeType>application/javascript</mimeType>
        <charEncoding isNull="true" />
        <assetTypeCode>W</assetTypeCode>
        <length>14114</length>
        <localLastModification>1495441967711</localLastModification>
        <description isNull="true" />
        <isDocumentationFile>false</isDocumentationFile>
        <guid>32abff5b-d07d-4769-8565-ef830d469244</guid>
        <versionId>f542c372-25ba-4adb-8608-61fa2ceb247c</versionId>
    </managedAsset>
</teamworks>

