<?xml version="1.0" encoding="UTF-8"?>
<teamworks>
    <projectDefaults id="63.ea2f67f0-d5f6-4370-a142-82d6022016e8" name="Toolkit Settings">
        <lastModified>1493909276304</lastModified>
        <lastModifiedBy>Eric Ducos</lastModifiedBy>
        <projectDefaultsId>63.ea2f67f0-d5f6-4370-a142-82d6022016e8</projectDefaultsId>
        <description isNull="true" />
        <guid>7bfc8bba-9128-45a2-b99a-dc0e3e1f6e01</guid>
        <versionId>a3d9c453-74a1-47cf-8c44-f0781547a79b</versionId>
        <participantRef isNull="true" />
        <defaultXslRef isNull="true" />
        <defaultCssRef isNull="true" />
        <defaultTheme>556939fc-1d6d-4204-9546-c095a59cca29/72.993e03e9-2574-40fc-807c-65b06be378fd</defaultTheme>
        <themeVersion isNull="true" />
        <defaultJsRefs isNull="true" />
        <isWbmEnabled>false</isWbmEnabled>
        <namespace>http://SYSBPMUI</namespace>
        <isIidOptimized>true</isIidOptimized>
        <isQueueBypass>1</isQueueBypass>
        <templateAcronymReference isNull="true" />
        <templateSnapshotReference isNull="true" />
        <targetEnvironment>BAW</targetEnvironment>
    </projectDefaults>
</teamworks>

