<?xml version="1.0" encoding="UTF-8"?>
<teamworks>
    <coachView id="64.05d9d0b5-0423-4ab6-b16c-e3554dfaf4a6" name="Stack">
        <lastModified>1479831431626</lastModified>
        <lastModifiedBy>Eric Ducos</lastModifiedBy>
        <coachViewId>64.05d9d0b5-0423-4ab6-b16c-e3554dfaf4a6</coachViewId>
        <isTemplate>false</isTemplate>
        <layout>&lt;?xml version="1.0" encoding="UTF-8" standalone="yes"?&gt;&lt;ns2:layout xmlns:ns2="http://www.ibm.com/bpm/CoachDesignerNG" xmlns:ns3="http://www.ibm.com/bpm/coachview"&gt;&lt;ns2:layoutItem xsi:type="ns2:ContentBox" xmlns:xsi="http://www.w3.org/2001/XMLSchema-instance"&gt;&lt;ns2:id&gt;965af311-bbfa-40c2-8ad2-36e97c083429&lt;/ns2:id&gt;&lt;ns2:layoutItemId&gt;ContentBox1&lt;/ns2:layoutItemId&gt;&lt;ns2:configData&gt;&lt;ns2:id&gt;f28a8619-876b-4e28-bdda-73556d8d9e73&lt;/ns2:id&gt;&lt;ns2:optionName&gt;@contentBox.repeatingContentManagedByView&lt;/ns2:optionName&gt;&lt;ns2:value&gt;false&lt;/ns2:value&gt;&lt;/ns2:configData&gt;&lt;ns2:configData&gt;&lt;ns2:id&gt;c0cc58c2-bcb0-4067-9b8a-c51a2463238a&lt;/ns2:id&gt;&lt;ns2:optionName&gt;@contentBox.layoutPreview&lt;/ns2:optionName&gt;&lt;ns2:value&gt;ONE_AT_A_TIME&lt;/ns2:value&gt;&lt;/ns2:configData&gt;&lt;/ns2:layoutItem&gt;&lt;/ns2:layout&gt;</layout>
        <paletteIcon>/61.b4408b0f-200e-4b35-8591-b7d290968ec0</paletteIcon>
        <previewImage>/61.b4408b0f-200e-4b35-8591-b7d290968ec0</previewImage>
        <hasLabel>true</hasLabel>
        <labelPosition>0</labelPosition>
        <nineSliceX1Coord>0</nineSliceX1Coord>
        <nineSliceX2Coord>16</nineSliceX2Coord>
        <nineSliceY1Coord>0</nineSliceY1Coord>
        <nineSliceY2Coord>16</nineSliceY2Coord>
        <emitBoundary>false</emitBoundary>
        <isPrototypeFunc>true</isPrototypeFunc>
        <enableDevMode>false</enableDevMode>
        <isMobileReady>true</isMobileReady>
        <loadJsFunction isNull="true" />
        <unloadJsFunction isNull="true" />
        <viewJsFunction isNull="true" />
        <changeJsFunction isNull="true" />
        <collaborationJsFunction isNull="true" />
        <description isNull="true" />
        <validateJsFunction isNull="true" />
        <previewAdvHtml isNull="true" />
        <previewAdvJs isNull="true" />
        <useUrlBinding>false</useUrlBinding>
        <guid>guid:fc37d0f0b9b6d566:-29db03f9:14735331687:-7ffd</guid>
        <versionId>68bde1cc-fe17-4173-8cbf-a3bc718d778c</versionId>
        <field1 isNull="true" />
        <field2 isNull="true" />
        <field3>0</field3>
        <field4 isNull="true" />
        <field5>false</field5>
        <clobField1 isNull="true" />
        <bindingType name="paneIndex">
            <lastModified isNull="true" />
            <lastModifiedBy isNull="true" />
            <coachViewBindingTypeId>65.6bf166fa-b8c0-41d4-82be-e9337ff8f7cf</coachViewBindingTypeId>
            <coachViewId>64.05d9d0b5-0423-4ab6-b16c-e3554dfaf4a6</coachViewId>
            <isList>false</isList>
            <classId>556939fc-1d6d-4204-9546-c095a59cca29/12.3fa0d7a0-828a-4d60-99cc-db5ed143fc2d</classId>
            <seq>0</seq>
            <description isNull="true" />
            <guid>guid:fc37d0f0b9b6d566:-29db03f9:14735331687:-7ffc</guid>
            <versionId>1d30015f-941c-4520-ae81-9fac779eb224</versionId>
        </bindingType>
        <configOption name="defaultPaneIdx">
            <lastModified isNull="true" />
            <lastModifiedBy isNull="true" />
            <coachViewConfigOptionId>66.8c6d2217-cc1f-4868-99f5-babdcc22392e</coachViewConfigOptionId>
            <coachViewId>64.05d9d0b5-0423-4ab6-b16c-e3554dfaf4a6</coachViewId>
            <isList>false</isList>
            <propertyType>OBJECT</propertyType>
            <label>tw.resource.BPMUI.StackLBLdefaultPaneIdx</label>
            <classId>556939fc-1d6d-4204-9546-c095a59cca29/12.3fa0d7a0-828a-4d60-99cc-db5ed143fc2d</classId>
            <processId isNull="true" />
            <actionflowId isNull="true" />
            <isAdaptive>false</isAdaptive>
            <seq>0</seq>
            <description>tw.resource.BPMUI.StackDOCdefaultPaneIdx</description>
            <groupName isNull="true" />
            <guid>guid:fc37d0f0b9b6d566:-29db03f9:14735331687:-7ffb</guid>
            <versionId>0a547daa-fb13-4436-a668-89d401192438</versionId>
        </configOption>
        <dynamicStyle>
            <lastModified isNull="true" />
            <lastModifiedBy isNull="true" />
            <coachViewDynamicStyleId>73.97b92cee-6709-48f2-9a95-03d55b3b3770</coachViewDynamicStyleId>
            <coachViewId>64.05d9d0b5-0423-4ab6-b16c-e3554dfaf4a6</coachViewId>
            <filePath>bpmUI.less</filePath>
            <assetUuid>/61.26865295-8511-4538-b8f1-4cb99c203a92</assetUuid>
            <seq>0</seq>
            <guid>ee88c256-a3eb-4ad6-8537-67a1c1b3e689</guid>
            <versionId>5c812de1-4f34-42b0-a3ce-4cdbdecf310f</versionId>
        </dynamicStyle>
        <resource>
            <lastModified isNull="true" />
            <lastModifiedBy isNull="true" />
            <coachViewResourceId>67.6b70305e-8e22-4f6d-b6ff-b8ca5271b150</coachViewResourceId>
            <coachViewId>64.05d9d0b5-0423-4ab6-b16c-e3554dfaf4a6</coachViewId>
            <filePath>BPMExt-Core.js</filePath>
            <ieCondition isNull="true" />
            <mediaQuery isNull="true" />
            <scriptLoadStyle isNull="true" />
            <assetUuid>/61.22dc2e36-11ce-4cd6-a6e8-24201237f10d</assetUuid>
            <seq>1</seq>
            <guid>ceea1ef1-624a-401e-ac45-b5754b8c5dff</guid>
            <versionId>ab0318e1-80f0-4030-aeb4-66e0577c6aeb</versionId>
        </resource>
        <inlineScript name="Inline CSS">
            <lastModified isNull="true" />
            <lastModifiedBy isNull="true" />
            <coachViewInlineScriptId>68.8f841bcb-57a6-479d-8113-f3f8471c8d09</coachViewInlineScriptId>
            <coachViewId>64.05d9d0b5-0423-4ab6-b16c-e3554dfaf4a6</coachViewId>
            <scriptType>CSS</scriptType>
            <scriptBlock>.Stack &gt; .ContentBox &gt; *
{
    margin-top: 0;
    margin-bottom: 0;
}

.Stack &gt; .ContentBox &gt; .stack-hidden {
    display: none !important;
}</scriptBlock>
            <seq>0</seq>
            <description isNull="true" />
            <guid>4fda8aec-990f-4953-b1ed-df81828fee9c</guid>
            <versionId>2109bd65-d7f7-45a5-89b2-c718fc1faa24</versionId>
        </inlineScript>
        <inlineScript name="Inline Javascript">
            <lastModified isNull="true" />
            <lastModifiedBy isNull="true" />
            <coachViewInlineScriptId>68.8fb12d76-9c52-434a-8da4-cb19bbfefca9</coachViewInlineScriptId>
            <coachViewId>64.05d9d0b5-0423-4ab6-b16c-e3554dfaf4a6</coachViewId>
            <scriptType>JS</scriptType>
            <scriptBlock>var path = (dojoConfig.isDebug === true) ?
 	com_ibm_bpm_coach.getManagedAssetUrl('BPMExt-Control-Stack.js', com_ibm_bpm_coach.assetType_WEB, 'SYSBPMUI', false) :
 	com_ibm_bpm_coach.getManagedAssetUrl('BPMExt-Controls.min.js', com_ibm_bpm_coach.assetType_WEB, 'SYSBPMUI', false);
 	
 	path = (dojoConfig.isDeveloperMode === true) ? "UITK/files/BPMExt-Control-Stack.js" : path;

var _this = this;
require({async:false},[path], function() {
	bpmext_control_Stack.call(_this, bpmext, utilities, domClass, domAttr);
});</scriptBlock>
            <seq>1</seq>
            <description isNull="true" />
            <guid>db56a492-b294-4f74-8891-139e4aef5513</guid>
            <versionId>609ca6e4-be23-4b25-8f87-81b339b9fad4</versionId>
        </inlineScript>
        <inlineScript name="Header HTML">
            <lastModified isNull="true" />
            <lastModifiedBy isNull="true" />
            <coachViewInlineScriptId>68.b51322ea-67d6-400c-8225-2c5e7aeb4265</coachViewInlineScriptId>
            <coachViewId>64.05d9d0b5-0423-4ab6-b16c-e3554dfaf4a6</coachViewId>
            <scriptType>HTML</scriptType>
            <scriptBlock isNull="true" />
            <seq>2</seq>
            <description isNull="true" />
            <guid>4eda0538-b25d-4593-8c88-19da483b87b6</guid>
            <versionId>ebc097ca-86fe-4b6c-9bfd-e8377ab4db87</versionId>
        </inlineScript>
        <localization>
            <lastModified isNull="true" />
            <lastModifiedBy isNull="true" />
            <coachViewLocalResId>69.0414a01a-1706-41ae-9d9f-8c25424c3d50</coachViewLocalResId>
            <coachViewId>64.05d9d0b5-0423-4ab6-b16c-e3554dfaf4a6</coachViewId>
            <resourceBundleGroupId>/50.f9a573ef-523f-4f0e-80c8-39285c07ddd4</resourceBundleGroupId>
            <seq>0</seq>
            <guid>guid:98f84bb23323b046:1b32387e:1466c78e6ad:-7ffd</guid>
            <versionId>0c68b792-0459-482e-a5d0-a0e3d0f3ec75</versionId>
        </localization>
        <amdDependency>
            <lastModified isNull="true" />
            <lastModifiedBy isNull="true" />
            <coachViewAmdDepId>70.e5923598-8790-44a0-a87c-d72200c6cde4</coachViewAmdDepId>
            <coachViewId>64.05d9d0b5-0423-4ab6-b16c-e3554dfaf4a6</coachViewId>
            <moduleId>com.ibm.bpm.coach.utils/utilities</moduleId>
            <functionArgument>utilities</functionArgument>
            <seq>0</seq>
            <guid>0d405283-1c20-41a3-8358-0bcb14d71865</guid>
            <versionId>8f1b362b-050e-4409-b89b-b8d0c1bbd009</versionId>
        </amdDependency>
        <amdDependency>
            <lastModified isNull="true" />
            <lastModifiedBy isNull="true" />
            <coachViewAmdDepId>70.1b45c2e2-4aa5-412e-b588-e7bcf2caafcb</coachViewAmdDepId>
            <coachViewId>64.05d9d0b5-0423-4ab6-b16c-e3554dfaf4a6</coachViewId>
            <moduleId>dojo/dom-class</moduleId>
            <functionArgument>domClass</functionArgument>
            <seq>2</seq>
            <guid>af198fe5-c8ca-421a-bbe8-453676e25df6</guid>
            <versionId>e860194d-7f81-454a-9bca-e8c9f7f3f98f</versionId>
        </amdDependency>
        <amdDependency>
            <lastModified isNull="true" />
            <lastModifiedBy isNull="true" />
            <coachViewAmdDepId>70.41481347-c422-41b7-817f-8bae85f24c3c</coachViewAmdDepId>
            <coachViewId>64.05d9d0b5-0423-4ab6-b16c-e3554dfaf4a6</coachViewId>
            <moduleId>dojo/dom-attr</moduleId>
            <functionArgument>domAttr</functionArgument>
            <seq>3</seq>
            <guid>784b9bab-62a0-4a29-8f76-4c7c6ab0071b</guid>
            <versionId>0b7ea52e-efbe-4f74-a4e7-7f1a931e4353</versionId>
        </amdDependency>
    </coachView>
</teamworks>

